Fig. 12a. Zonal and ensemble 12 month running mean monthly MHT (PW) for the Atlantic-Arctic ocean (latitude 33.5S - 64.5N, 2000 - 2016, January - December, missing is MMM).  The columns are January to December, and the rows are every 0.5 degrees -33.5, -33.0, ... 64.5N.

year 2000
 0.49  0.52  0.53  0.52  0.51  0.55  0.59  0.57  0.56  0.53  0.48  0.44
 0.50  0.52  0.54  0.53  0.51  0.56  0.59  0.57  0.56  0.53  0.48  0.44
 0.51  0.53  0.55  0.53  0.52  0.56  0.59  0.57  0.56  0.53  0.48  0.45
 0.51  0.54  0.55  0.54  0.52  0.57  0.60  0.57  0.56  0.54  0.49  0.45
 0.51  0.54  0.55  0.54  0.53  0.57  0.60  0.57  0.56  0.54  0.49  0.46
 0.51  0.54  0.55  0.54  0.52  0.57  0.60  0.57  0.56  0.55  0.50  0.47
 0.51  0.54  0.56  0.54  0.53  0.57  0.60  0.58  0.57  0.56  0.52  0.48
 0.53  0.56  0.57  0.56  0.54  0.59  0.62  0.59  0.58  0.57  0.53  0.50
 0.54  0.57  0.58  0.57  0.56  0.60  0.63  0.60  0.59  0.58  0.54  0.51
 0.55  0.58  0.59  0.58  0.57  0.61  0.63  0.60  0.59  0.58  0.54  0.52
 0.56  0.59  0.60  0.59  0.57  0.61  0.64  0.60  0.60  0.59  0.55  0.52
 0.56  0.60  0.61  0.59  0.58  0.62  0.64  0.61  0.60  0.59  0.55  0.53
 0.58  0.61  0.62  0.60  0.59  0.63  0.65  0.62  0.61  0.60  0.56  0.53
 0.59  0.62  0.63  0.62  0.60  0.64  0.66  0.63  0.62  0.61  0.57  0.54
 0.60  0.63  0.64  0.63  0.61  0.65  0.67  0.64  0.63  0.61  0.57  0.55
 0.61  0.64  0.65  0.63  0.62  0.66  0.68  0.64  0.64  0.62  0.58  0.55
 0.62  0.65  0.66  0.64  0.63  0.66  0.69  0.65  0.64  0.63  0.59  0.56
 0.63  0.66  0.67  0.65  0.64  0.67  0.70  0.66  0.65  0.64  0.60  0.57
 0.64  0.67  0.68  0.66  0.65  0.68  0.70  0.67  0.66  0.65  0.60  0.57
 0.65  0.68  0.68  0.67  0.65  0.69  0.71  0.67  0.66  0.65  0.61  0.57
 0.66  0.69  0.69  0.68  0.66  0.69  0.71  0.68  0.66  0.65  0.61  0.58
 0.66  0.69  0.70  0.68  0.66  0.70  0.72  0.68  0.67  0.66  0.62  0.59
 0.65  0.69  0.70  0.68  0.67  0.70  0.72  0.69  0.68  0.66  0.62  0.60
 0.65  0.69  0.70  0.68  0.67  0.71  0.73  0.70  0.69  0.67  0.63  0.61
 0.65  0.68  0.70  0.69  0.67  0.71  0.73  0.70  0.69  0.68  0.64  0.61
 0.64  0.68  0.70  0.69  0.68  0.71  0.74  0.71  0.70  0.69  0.65  0.62
 0.64  0.69  0.70  0.70  0.69  0.73  0.76  0.73  0.72  0.71  0.67  0.64
 0.65  0.70  0.71  0.71  0.70  0.74  0.78  0.75  0.74  0.73  0.68  0.66
 0.66  0.71  0.73  0.73  0.72  0.77  0.80  0.77  0.76  0.75  0.70  0.67
 0.69  0.74  0.76  0.76  0.75  0.79  0.83  0.80  0.79  0.77  0.73  0.70
 0.72  0.77  0.79  0.79  0.79  0.83  0.86  0.83  0.82  0.80  0.76  0.73
 0.75  0.80  0.83  0.83  0.83  0.87  0.90  0.86  0.85  0.84  0.80  0.77
 0.79  0.84  0.87  0.87  0.87  0.91  0.94  0.90  0.89  0.88  0.84  0.82
 0.83  0.88  0.91  0.91  0.90  0.94  0.97  0.94  0.93  0.92  0.89  0.86
 0.87  0.92  0.95  0.95  0.95  0.98  1.01  0.98  0.97  0.96  0.93  0.91
 0.91  0.96  0.98  0.99  0.98  1.02  1.05  1.02  1.01  1.00  0.97  0.95
 0.95  1.00  1.02  1.02  1.02  1.05  1.08  1.04  1.04  1.03  1.00  0.98
 0.97  1.02  1.04  1.04  1.04  1.08  1.11  1.07  1.07  1.06  1.03  1.01
 1.00  1.05  1.07  1.07  1.07  1.11  1.13  1.10  1.09  1.09  1.06  1.04
 1.01  1.06  1.08  1.08  1.08  1.12  1.15  1.12  1.12  1.11  1.08  1.07
 1.03  1.07  1.09  1.09  1.09  1.13  1.16  1.13  1.13  1.13  1.10  1.08
 1.03  1.08  1.10  1.10  1.10  1.14  1.17  1.14  1.14  1.14  1.11  1.10
 1.03  1.08  1.10  1.11  1.12  1.16  1.18  1.15  1.16  1.16  1.13  1.11
 1.03  1.08  1.10  1.12  1.12  1.17  1.19  1.16  1.17  1.17  1.15  1.13
 1.02  1.08  1.10  1.12  1.13  1.17  1.20  1.18  1.19  1.19  1.17  1.15
 1.02  1.07  1.10  1.12  1.14  1.19  1.22  1.20  1.21  1.21  1.19  1.17
 1.02  1.07  1.10  1.13  1.15  1.20  1.23  1.21  1.22  1.23  1.21  1.19
 1.02  1.07  1.10  1.13  1.15  1.20  1.24  1.21  1.23  1.23  1.21  1.20
 1.01  1.06  1.09  1.12  1.14  1.19  1.22  1.20  1.22  1.23  1.21  1.20
 1.01  1.06  1.08  1.11  1.12  1.17  1.20  1.18  1.20  1.21  1.19  1.19
 1.01  1.05  1.07  1.09  1.10  1.14  1.17  1.15  1.17  1.19  1.18  1.18
 1.01  1.05  1.06  1.08  1.08  1.11  1.14  1.13  1.15  1.17  1.16  1.16
 1.01  1.04  1.06  1.07  1.06  1.09  1.12  1.11  1.13  1.15  1.15  1.15
 1.01  1.04  1.05  1.06  1.05  1.08  1.11  1.09  1.12  1.15  1.15  1.15
 1.02  1.04  1.05  1.05  1.04  1.06  1.09  1.08  1.11  1.13  1.14  1.15
 1.02  1.04  1.05  1.04  1.03  1.05  1.08  1.06  1.10  1.12  1.13  1.14
 1.03  1.05  1.05  1.04  1.02  1.04  1.07  1.06  1.09  1.12  1.12  1.14
 1.03  1.05  1.05  1.04  1.02  1.04  1.07  1.06  1.09  1.11  1.12  1.13
 1.03  1.05  1.04  1.03  1.01  1.03  1.06  1.05  1.07  1.10  1.10  1.12
 1.02  1.04  1.04  1.02  1.00  1.02  1.04  1.03  1.05  1.08  1.08  1.10
 1.02  1.03  1.03  1.01  0.99  1.00  1.02  1.01  1.03  1.05  1.05  1.07
 1.01  1.03  1.02  1.00  0.97  0.98  1.00  0.98  1.00  1.02  1.02  1.03
 1.00  1.02  1.00  0.98  0.95  0.96  0.98  0.96  0.97  0.99  0.99  1.01
 1.00  1.01  1.00  0.98  0.94  0.95  0.97  0.95  0.96  0.97  0.97  0.98
 1.00  1.01  1.00  0.98  0.94  0.94  0.96  0.94  0.95  0.96  0.96  0.97
 1.00  1.01  1.00  0.98  0.94  0.95  0.96  0.94  0.95  0.95  0.95  0.96
 1.00  1.01  1.00  0.98  0.94  0.94  0.96  0.94  0.94  0.95  0.95  0.96
 0.99  1.00  1.00  0.97  0.94  0.94  0.95  0.93  0.93  0.94  0.94  0.95
 0.98  0.99  0.99  0.97  0.93  0.93  0.94  0.92  0.92  0.92  0.92  0.93
 0.97  0.98  0.98  0.96  0.92  0.91  0.92  0.90  0.89  0.89  0.89  0.90
 0.96  0.97  0.96  0.94  0.90  0.90  0.90  0.88  0.87  0.87  0.86  0.87
 0.93  0.94  0.94  0.92  0.88  0.88  0.88  0.86  0.84  0.84  0.83  0.84
 0.89  0.90  0.90  0.89  0.85  0.85  0.85  0.83  0.82  0.81  0.81  0.83
 0.87  0.87  0.87  0.85  0.82  0.82  0.83  0.80  0.79  0.78  0.77  0.78
 0.83  0.83  0.82  0.81  0.79  0.79  0.79  0.77  0.75  0.74  0.73  0.74
 0.78  0.78  0.79  0.78  0.76  0.76  0.77  0.75  0.73  0.73  0.72  0.73
 0.75  0.76  0.76  0.76  0.75  0.74  0.75  0.74  0.73  0.73  0.72  0.72
 0.72  0.73  0.74  0.73  0.73  0.73  0.74  0.73  0.72  0.72  0.72  0.72
 0.71  0.71  0.72  0.72  0.71  0.71  0.73  0.72  0.72  0.72  0.72  0.73
 0.70  0.71  0.71  0.71  0.71  0.71  0.72  0.73  0.72  0.73  0.73  0.73
 0.69  0.70  0.70  0.70  0.70  0.70  0.72  0.73  0.72  0.73  0.73  0.73
 0.68  0.69  0.69  0.69  0.69  0.70  0.72  0.72  0.72  0.73  0.73  0.73
 0.67  0.68  0.68  0.68  0.68  0.68  0.70  0.71  0.71  0.72  0.72  0.72
 0.66  0.66  0.66  0.66  0.66  0.67  0.69  0.70  0.70  0.70  0.71  0.71
 0.64  0.64  0.65  0.65  0.65  0.66  0.68  0.69  0.69  0.70  0.70  0.70
 0.63  0.63  0.63  0.63  0.64  0.65  0.67  0.68  0.68  0.68  0.68  0.69
 0.61  0.62  0.62  0.62  0.63  0.64  0.66  0.67  0.67  0.67  0.67  0.67
 0.60  0.61  0.61  0.61  0.62  0.63  0.64  0.65  0.65  0.65  0.65  0.66
 0.59  0.59  0.60  0.60  0.60  0.61  0.63  0.64  0.64  0.63  0.64  0.64
 0.57  0.58  0.58  0.58  0.59  0.60  0.62  0.63  0.62  0.62  0.62  0.63
 0.56  0.56  0.57  0.57  0.57  0.59  0.60  0.61  0.61  0.60  0.61  0.61
 0.55  0.55  0.56  0.55  0.56  0.57  0.58  0.59  0.59  0.58  0.59  0.60
 0.53  0.53  0.54  0.53  0.54  0.55  0.56  0.57  0.56  0.56  0.56  0.57
 0.50  0.51  0.51  0.51  0.52  0.53  0.54  0.54  0.54  0.53  0.53  0.54
 0.48  0.48  0.49  0.48  0.49  0.50  0.51  0.51  0.50  0.49  0.50  0.50
 0.45  0.45  0.46  0.46  0.46  0.47  0.48  0.48  0.47  0.46  0.46  0.47
 0.42  0.42  0.43  0.43  0.43  0.45  0.45  0.45  0.44  0.44  0.44  0.44
 0.39  0.40  0.40  0.40  0.41  0.42  0.43  0.43  0.42  0.41  0.41  0.42
 0.37  0.37  0.38  0.38  0.39  0.40  0.41  0.40  0.39  0.39  0.39  0.39
year 2001
 0.42  0.43  0.40  0.39  0.43  0.41  0.36  0.40  0.43  0.43  0.42  0.43
 0.42  0.43  0.40  0.39  0.43  0.41  0.36  0.40  0.44  0.43  0.42  0.43
 0.42  0.43  0.40  0.39  0.44  0.41  0.37  0.40  0.44  0.43  0.41  0.42
 0.43  0.43  0.41  0.39  0.44  0.41  0.37  0.41  0.44  0.43  0.41  0.41
 0.43  0.44  0.41  0.40  0.45  0.42  0.37  0.41  0.44  0.43  0.41  0.41
 0.45  0.45  0.43  0.42  0.46  0.44  0.39  0.42  0.45  0.44  0.41  0.42
 0.47  0.47  0.44  0.43  0.48  0.46  0.41  0.44  0.47  0.45  0.43  0.43
 0.48  0.48  0.46  0.45  0.49  0.48  0.43  0.46  0.49  0.47  0.45  0.45
 0.49  0.49  0.47  0.46  0.51  0.49  0.44  0.47  0.50  0.49  0.46  0.46
 0.50  0.50  0.48  0.47  0.52  0.50  0.45  0.49  0.51  0.49  0.47  0.47
 0.51  0.51  0.49  0.48  0.53  0.51  0.46  0.50  0.53  0.50  0.48  0.48
 0.51  0.52  0.50  0.49  0.54  0.52  0.47  0.51  0.54  0.51  0.49  0.49
 0.52  0.53  0.51  0.50  0.55  0.53  0.48  0.52  0.54  0.52  0.49  0.49
 0.53  0.53  0.52  0.51  0.56  0.54  0.49  0.52  0.55  0.53  0.50  0.50
 0.53  0.54  0.52  0.52  0.57  0.55  0.50  0.53  0.56  0.53  0.51  0.51
 0.54  0.55  0.53  0.53  0.58  0.56  0.50  0.53  0.56  0.54  0.52  0.52
 0.55  0.55  0.54  0.53  0.58  0.56  0.51  0.54  0.56  0.54  0.52  0.52
 0.55  0.56  0.54  0.54  0.59  0.57  0.51  0.54  0.57  0.55  0.53  0.53
 0.56  0.56  0.55  0.55  0.60  0.58  0.52  0.55  0.57  0.56  0.54  0.54
 0.56  0.56  0.55  0.55  0.60  0.58  0.53  0.56  0.58  0.56  0.54  0.55
 0.57  0.57  0.56  0.56  0.61  0.59  0.53  0.56  0.59  0.57  0.55  0.55
 0.57  0.57  0.56  0.56  0.61  0.59  0.53  0.56  0.59  0.57  0.55  0.55
 0.58  0.58  0.57  0.57  0.62  0.59  0.53  0.56  0.59  0.57  0.55  0.55
 0.59  0.59  0.58  0.57  0.62  0.60  0.54  0.56  0.59  0.57  0.55  0.55
 0.60  0.59  0.58  0.58  0.63  0.60  0.54  0.57  0.59  0.57  0.55  0.55
 0.61  0.60  0.59  0.59  0.64  0.61  0.55  0.57  0.59  0.57  0.55  0.55
 0.62  0.62  0.60  0.60  0.64  0.62  0.55  0.57  0.60  0.58  0.56  0.55
 0.64  0.63  0.62  0.61  0.65  0.63  0.56  0.58  0.60  0.59  0.57  0.56
 0.65  0.65  0.63  0.63  0.67  0.64  0.58  0.60  0.62  0.61  0.59  0.58
 0.68  0.67  0.66  0.65  0.69  0.66  0.60  0.62  0.65  0.63  0.61  0.61
 0.71  0.71  0.69  0.68  0.72  0.69  0.63  0.65  0.68  0.66  0.64  0.64
 0.75  0.75  0.73  0.72  0.76  0.73  0.67  0.69  0.72  0.70  0.68  0.67
 0.80  0.80  0.78  0.77  0.80  0.78  0.71  0.74  0.76  0.74  0.71  0.70
 0.85  0.84  0.83  0.81  0.85  0.83  0.76  0.78  0.80  0.78  0.76  0.75
 0.89  0.89  0.87  0.86  0.90  0.87  0.81  0.83  0.85  0.83  0.81  0.80
 0.93  0.93  0.91  0.90  0.94  0.92  0.85  0.87  0.89  0.87  0.85  0.84
 0.96  0.96  0.94  0.93  0.98  0.95  0.88  0.90  0.92  0.91  0.89  0.88
 0.99  0.98  0.97  0.96  1.00  0.98  0.91  0.93  0.95  0.94  0.92  0.91
 1.02  1.01  0.99  0.99  1.03  1.00  0.94  0.96  0.99  0.97  0.95  0.95
 1.05  1.03  1.02  1.01  1.06  1.03  0.96  0.98  1.01  1.00  0.99  0.98
 1.06  1.05  1.04  1.04  1.08  1.05  0.98  1.00  1.03  1.02  1.01  1.01
 1.07  1.06  1.06  1.05  1.10  1.07  1.00  1.02  1.05  1.04  1.03  1.03
 1.09  1.08  1.07  1.07  1.11  1.08  1.01  1.04  1.07  1.06  1.05  1.05
 1.11  1.10  1.09  1.09  1.13  1.09  1.03  1.05  1.08  1.08  1.06  1.07
 1.13  1.12  1.11  1.11  1.14  1.11  1.04  1.06  1.09  1.09  1.08  1.08
 1.15  1.15  1.13  1.12  1.15  1.12  1.05  1.07  1.10  1.09  1.08  1.09
 1.17  1.17  1.16  1.14  1.17  1.13  1.05  1.07  1.11  1.10  1.09  1.10
 1.19  1.18  1.17  1.16  1.18  1.14  1.07  1.09  1.12  1.11  1.11  1.12
 1.19  1.19  1.18  1.16  1.19  1.15  1.08  1.10  1.13  1.13  1.12  1.13
 1.18  1.18  1.17  1.16  1.19  1.15  1.09  1.11  1.15  1.14  1.14  1.15
 1.17  1.17  1.16  1.15  1.18  1.16  1.09  1.12  1.16  1.15  1.15  1.16
 1.16  1.16  1.16  1.15  1.18  1.16  1.10  1.13  1.17  1.17  1.16  1.18
 1.15  1.16  1.16  1.15  1.18  1.16  1.11  1.14  1.18  1.18  1.18  1.19
 1.15  1.16  1.16  1.15  1.19  1.17  1.12  1.15  1.19  1.19  1.19  1.20
 1.15  1.16  1.16  1.15  1.20  1.18  1.13  1.16  1.20  1.20  1.20  1.21
 1.15  1.16  1.16  1.16  1.20  1.19  1.13  1.16  1.21  1.21  1.21  1.22
 1.14  1.16  1.16  1.16  1.20  1.19  1.13  1.16  1.21  1.22  1.21  1.22
 1.14  1.15  1.16  1.15  1.20  1.18  1.13  1.16  1.21  1.22  1.21  1.22
 1.13  1.14  1.15  1.15  1.19  1.18  1.13  1.16  1.21  1.21  1.21  1.22
 1.11  1.12  1.13  1.13  1.18  1.17  1.12  1.16  1.20  1.21  1.21  1.21
 1.07  1.09  1.10  1.10  1.15  1.15  1.11  1.15  1.20  1.20  1.20  1.20
 1.04  1.05  1.06  1.07  1.13  1.13  1.09  1.14  1.19  1.20  1.19  1.20
 1.01  1.03  1.04  1.05  1.11  1.11  1.08  1.13  1.18  1.19  1.19  1.19
 0.99  1.01  1.02  1.03  1.09  1.10  1.07  1.12  1.17  1.19  1.19  1.19
 0.98  0.99  1.00  1.02  1.08  1.09  1.06  1.11  1.17  1.18  1.18  1.19
 0.97  0.98  1.00  1.01  1.07  1.08  1.06  1.11  1.17  1.18  1.18  1.19
 0.96  0.98  0.99  1.00  1.07  1.07  1.05  1.11  1.16  1.17  1.18  1.18
 0.95  0.96  0.98  0.99  1.05  1.07  1.05  1.10  1.15  1.16  1.16  1.17
 0.93  0.94  0.95  0.97  1.03  1.05  1.03  1.08  1.13  1.15  1.15  1.15
 0.90  0.91  0.93  0.94  1.01  1.02  1.01  1.07  1.12  1.13  1.13  1.13
 0.87  0.88  0.90  0.92  0.98  1.00  0.99  1.05  1.10  1.11  1.11  1.11
 0.85  0.86  0.87  0.89  0.95  0.97  0.96  1.01  1.06  1.07  1.07  1.06
 0.83  0.84  0.84  0.86  0.91  0.93  0.92  0.97  1.02  1.02  1.02  1.00
 0.78  0.80  0.81  0.82  0.88  0.89  0.88  0.93  0.97  0.98  0.97  0.96
 0.75  0.76  0.77  0.78  0.84  0.85  0.84  0.88  0.92  0.93  0.93  0.92
 0.74  0.75  0.75  0.76  0.81  0.83  0.82  0.85  0.89  0.89  0.88  0.87
 0.73  0.74  0.74  0.74  0.79  0.80  0.79  0.82  0.85  0.84  0.83  0.82
 0.73  0.74  0.74  0.74  0.78  0.79  0.77  0.80  0.82  0.82  0.81  0.79
 0.73  0.74  0.74  0.74  0.78  0.79  0.77  0.79  0.81  0.81  0.79  0.78
 0.73  0.74  0.74  0.74  0.77  0.78  0.76  0.78  0.80  0.80  0.78  0.76
 0.74  0.75  0.74  0.74  0.77  0.78  0.76  0.78  0.80  0.79  0.77  0.75
 0.73  0.74  0.74  0.73  0.76  0.77  0.74  0.76  0.78  0.77  0.76  0.74
 0.72  0.73  0.73  0.72  0.75  0.75  0.73  0.75  0.76  0.76  0.74  0.72
 0.71  0.72  0.72  0.71  0.73  0.73  0.72  0.73  0.75  0.74  0.73  0.71
 0.70  0.71  0.71  0.70  0.72  0.72  0.70  0.72  0.73  0.73  0.71  0.69
 0.69  0.70  0.70  0.68  0.70  0.71  0.69  0.70  0.72  0.71  0.70  0.68
 0.68  0.69  0.68  0.67  0.69  0.69  0.67  0.68  0.70  0.70  0.68  0.66
 0.66  0.67  0.67  0.66  0.67  0.68  0.66  0.67  0.69  0.68  0.67  0.65
 0.65  0.66  0.66  0.64  0.66  0.67  0.65  0.66  0.68  0.67  0.66  0.64
 0.64  0.64  0.64  0.63  0.65  0.65  0.63  0.64  0.66  0.66  0.65  0.63
 0.62  0.63  0.62  0.61  0.63  0.63  0.61  0.62  0.64  0.64  0.63  0.61
 0.60  0.60  0.60  0.59  0.61  0.61  0.59  0.60  0.62  0.62  0.61  0.59
 0.57  0.58  0.57  0.56  0.58  0.58  0.56  0.57  0.59  0.59  0.58  0.56
 0.54  0.54  0.54  0.53  0.55  0.54  0.53  0.54  0.56  0.56  0.55  0.54
 0.51  0.51  0.51  0.50  0.51  0.51  0.50  0.51  0.52  0.53  0.52  0.50
 0.47  0.48  0.47  0.47  0.48  0.48  0.47  0.48  0.49  0.49  0.49  0.47
 0.45  0.45  0.44  0.44  0.45  0.44  0.43  0.45  0.46  0.46  0.46  0.44
 0.42  0.42  0.42  0.41  0.42  0.41  0.40  0.42  0.43  0.43  0.43  0.41
 0.40  0.40  0.40  0.39  0.40  0.39  0.38  0.39  0.40  0.40  0.40  0.39
year 2002
 0.41  0.37  0.38  0.37  0.32  0.30  0.31  0.29  0.27  0.29  0.30  0.29
 0.40  0.37  0.38  0.36  0.32  0.29  0.30  0.28  0.26  0.28  0.29  0.28
 0.39  0.36  0.37  0.36  0.31  0.28  0.29  0.28  0.25  0.28  0.30  0.29
 0.38  0.35  0.36  0.35  0.30  0.28  0.29  0.28  0.26  0.29  0.31  0.31
 0.38  0.35  0.36  0.36  0.31  0.29  0.30  0.29  0.27  0.30  0.33  0.32
 0.39  0.36  0.37  0.37  0.33  0.30  0.32  0.31  0.28  0.31  0.34  0.33
 0.41  0.38  0.39  0.39  0.35  0.33  0.34  0.33  0.30  0.33  0.35  0.34
 0.42  0.40  0.41  0.41  0.37  0.34  0.35  0.34  0.31  0.33  0.36  0.35
 0.44  0.42  0.43  0.43  0.39  0.36  0.37  0.35  0.32  0.34  0.37  0.36
 0.45  0.42  0.44  0.44  0.40  0.37  0.38  0.37  0.34  0.36  0.39  0.38
 0.46  0.43  0.45  0.45  0.41  0.38  0.39  0.38  0.35  0.37  0.40  0.40
 0.46  0.44  0.45  0.45  0.41  0.39  0.40  0.39  0.36  0.39  0.42  0.42
 0.47  0.45  0.46  0.46  0.42  0.39  0.40  0.39  0.37  0.39  0.43  0.43
 0.48  0.45  0.46  0.46  0.42  0.40  0.41  0.40  0.38  0.40  0.44  0.45
 0.48  0.46  0.47  0.47  0.43  0.40  0.42  0.41  0.39  0.42  0.46  0.47
 0.49  0.47  0.48  0.48  0.44  0.41  0.43  0.43  0.41  0.44  0.48  0.49
 0.50  0.48  0.49  0.49  0.45  0.42  0.44  0.44  0.42  0.45  0.49  0.51
 0.51  0.49  0.50  0.50  0.46  0.44  0.46  0.46  0.44  0.47  0.51  0.53
 0.52  0.50  0.51  0.51  0.47  0.45  0.47  0.47  0.45  0.48  0.52  0.54
 0.53  0.51  0.52  0.52  0.48  0.46  0.48  0.48  0.46  0.49  0.53  0.54
 0.53  0.52  0.53  0.53  0.48  0.46  0.49  0.49  0.47  0.50  0.53  0.55
 0.53  0.52  0.53  0.53  0.48  0.46  0.49  0.50  0.48  0.50  0.54  0.55
 0.53  0.52  0.52  0.52  0.48  0.46  0.49  0.50  0.48  0.50  0.53  0.55
 0.53  0.51  0.52  0.52  0.48  0.46  0.49  0.50  0.48  0.50  0.53  0.54
 0.53  0.51  0.52  0.52  0.47  0.46  0.49  0.50  0.48  0.50  0.53  0.54
 0.53  0.51  0.52  0.52  0.47  0.46  0.49  0.50  0.48  0.50  0.52  0.54
 0.54  0.52  0.52  0.52  0.48  0.46  0.50  0.51  0.49  0.50  0.53  0.54
 0.55  0.53  0.53  0.53  0.49  0.48  0.51  0.52  0.50  0.51  0.53  0.54
 0.57  0.55  0.55  0.55  0.51  0.50  0.53  0.54  0.51  0.52  0.54  0.55
 0.59  0.57  0.57  0.57  0.54  0.52  0.55  0.56  0.53  0.53  0.55  0.57
 0.62  0.60  0.60  0.60  0.57  0.55  0.57  0.58  0.55  0.55  0.57  0.59
 0.65  0.63  0.63  0.63  0.60  0.58  0.60  0.61  0.58  0.59  0.61  0.62
 0.68  0.66  0.67  0.67  0.63  0.61  0.64  0.65  0.62  0.63  0.65  0.67
 0.73  0.71  0.71  0.71  0.67  0.66  0.69  0.70  0.67  0.68  0.70  0.72
 0.78  0.76  0.76  0.76  0.72  0.70  0.74  0.75  0.72  0.73  0.75  0.76
 0.82  0.80  0.81  0.80  0.76  0.75  0.78  0.80  0.77  0.77  0.79  0.80
 0.86  0.84  0.84  0.84  0.80  0.79  0.83  0.84  0.81  0.81  0.83  0.83
 0.89  0.87  0.88  0.87  0.84  0.82  0.86  0.88  0.85  0.85  0.86  0.86
 0.93  0.91  0.92  0.91  0.87  0.86  0.90  0.92  0.88  0.88  0.88  0.88
 0.97  0.95  0.95  0.95  0.92  0.91  0.95  0.96  0.92  0.91  0.91  0.90
 1.00  0.98  0.99  0.98  0.95  0.94  0.98  0.99  0.95  0.93  0.93  0.91
 1.03  1.01  1.01  1.01  0.98  0.98  1.02  1.02  0.97  0.96  0.95  0.93
 1.05  1.04  1.04  1.04  1.01  1.01  1.05  1.05  1.00  0.98  0.97  0.95
 1.07  1.06  1.07  1.07  1.04  1.04  1.07  1.07  1.02  1.00  0.99  0.96
 1.09  1.08  1.09  1.09  1.06  1.06  1.09  1.09  1.04  1.02  1.01  0.98
 1.10  1.10  1.10  1.11  1.09  1.08  1.11  1.11  1.06  1.04  1.03  1.00
 1.11  1.11  1.12  1.13  1.11  1.10  1.13  1.13  1.08  1.06  1.05  1.02
 1.12  1.12  1.13  1.14  1.12  1.12  1.15  1.15  1.10  1.08  1.06  1.04
 1.14  1.13  1.14  1.15  1.13  1.12  1.16  1.16  1.10  1.08  1.07  1.05
 1.15  1.14  1.15  1.16  1.13  1.12  1.16  1.16  1.10  1.08  1.07  1.05
 1.16  1.15  1.15  1.16  1.13  1.12  1.16  1.15  1.10  1.08  1.07  1.05
 1.17  1.16  1.16  1.16  1.13  1.12  1.15  1.15  1.10  1.08  1.07  1.05
 1.19  1.17  1.17  1.17  1.14  1.12  1.15  1.15  1.09  1.08  1.07  1.04
 1.20  1.18  1.17  1.17  1.14  1.12  1.16  1.15  1.09  1.07  1.06  1.04
 1.21  1.19  1.18  1.18  1.14  1.12  1.15  1.15  1.09  1.07  1.06  1.03
 1.21  1.19  1.18  1.18  1.14  1.11  1.15  1.14  1.08  1.06  1.04  1.02
 1.21  1.19  1.18  1.17  1.13  1.10  1.13  1.12  1.06  1.04  1.02  1.00
 1.21  1.19  1.17  1.17  1.12  1.10  1.13  1.11  1.05  1.03  1.01  0.99
 1.21  1.18  1.17  1.16  1.12  1.09  1.12  1.10  1.04  1.01  1.00  0.97
 1.20  1.18  1.16  1.16  1.12  1.09  1.11  1.09  1.03  1.01  0.99  0.97
 1.19  1.17  1.16  1.15  1.11  1.08  1.10  1.09  1.03  1.01  1.00  0.98
 1.19  1.17  1.15  1.15  1.11  1.08  1.10  1.08  1.03  1.01  1.01  0.99
 1.19  1.17  1.15  1.15  1.11  1.08  1.10  1.08  1.03  1.02  1.01  0.99
 1.19  1.17  1.16  1.16  1.12  1.09  1.10  1.08  1.03  1.02  1.01  0.99
 1.19  1.17  1.16  1.16  1.13  1.09  1.11  1.09  1.04  1.02  1.01  1.00
 1.19  1.17  1.16  1.16  1.13  1.09  1.10  1.08  1.03  1.02  1.01  0.99
 1.18  1.16  1.15  1.15  1.11  1.08  1.08  1.06  1.02  1.01  1.00  0.99
 1.16  1.14  1.13  1.13  1.10  1.06  1.06  1.04  1.00  0.99  0.99  0.98
 1.14  1.13  1.11  1.11  1.08  1.04  1.04  1.02  0.98  0.98  0.98  0.98
 1.13  1.11  1.10  1.10  1.07  1.03  1.03  1.00  0.97  0.96  0.96  0.96
 1.10  1.09  1.08  1.08  1.05  1.01  1.00  0.98  0.95  0.94  0.95  0.95
 1.06  1.05  1.04  1.05  1.02  0.99  0.98  0.96  0.93  0.92  0.93  0.93
 1.00  0.99  0.99  1.00  0.98  0.94  0.94  0.92  0.90  0.90  0.90  0.91
 0.95  0.94  0.93  0.94  0.92  0.89  0.89  0.88  0.85  0.86  0.86  0.87
 0.92  0.91  0.90  0.90  0.88  0.85  0.85  0.84  0.82  0.82  0.82  0.82
 0.87  0.86  0.85  0.86  0.84  0.81  0.82  0.81  0.79  0.80  0.80  0.80
 0.82  0.81  0.81  0.82  0.81  0.79  0.79  0.78  0.77  0.77  0.77  0.78
 0.79  0.78  0.78  0.80  0.79  0.77  0.78  0.77  0.75  0.75  0.76  0.77
 0.77  0.76  0.76  0.78  0.77  0.76  0.76  0.76  0.74  0.74  0.75  0.76
 0.75  0.75  0.75  0.77  0.76  0.74  0.74  0.74  0.72  0.72  0.73  0.75
 0.74  0.73  0.73  0.75  0.74  0.72  0.73  0.72  0.71  0.71  0.72  0.74
 0.73  0.72  0.72  0.74  0.73  0.71  0.72  0.71  0.69  0.70  0.70  0.72
 0.71  0.71  0.70  0.73  0.72  0.70  0.71  0.70  0.68  0.68  0.69  0.71
 0.70  0.69  0.69  0.71  0.71  0.69  0.69  0.69  0.67  0.67  0.68  0.70
 0.69  0.68  0.68  0.70  0.69  0.67  0.68  0.67  0.65  0.65  0.66  0.68
 0.67  0.67  0.66  0.69  0.68  0.65  0.66  0.65  0.63  0.63  0.64  0.66
 0.66  0.65  0.65  0.67  0.66  0.64  0.65  0.64  0.62  0.62  0.63  0.65
 0.65  0.64  0.64  0.66  0.65  0.63  0.64  0.63  0.61  0.62  0.63  0.64
 0.64  0.63  0.63  0.65  0.64  0.62  0.63  0.62  0.61  0.61  0.62  0.63
 0.63  0.62  0.62  0.64  0.63  0.61  0.62  0.62  0.60  0.60  0.61  0.62
 0.61  0.60  0.60  0.62  0.61  0.59  0.61  0.60  0.59  0.59  0.59  0.61
 0.59  0.58  0.58  0.60  0.59  0.57  0.59  0.59  0.57  0.57  0.58  0.59
 0.56  0.56  0.55  0.58  0.57  0.55  0.57  0.56  0.55  0.55  0.56  0.57
 0.53  0.53  0.53  0.55  0.54  0.53  0.54  0.54  0.52  0.52  0.53  0.54
 0.50  0.50  0.50  0.52  0.51  0.50  0.51  0.51  0.50  0.49  0.50  0.51
 0.47  0.47  0.47  0.49  0.48  0.47  0.48  0.48  0.46  0.46  0.47  0.48
 0.45  0.44  0.44  0.46  0.45  0.44  0.45  0.45  0.44  0.44  0.44  0.45
 0.42  0.41  0.41  0.43  0.42  0.41  0.42  0.42  0.41  0.41  0.41  0.42
 0.39  0.39  0.39  0.41  0.40  0.38  0.39  0.39  0.38  0.38  0.38  0.39
year 2003
 0.29  0.32  0.35  0.38  0.40  0.40  0.39  0.36  0.35  0.33  0.32  0.31
 0.29  0.32  0.35  0.38  0.40  0.40  0.39  0.36  0.35  0.33  0.32  0.31
 0.31  0.34  0.37  0.41  0.42  0.42  0.41  0.37  0.36  0.34  0.32  0.31
 0.33  0.36  0.39  0.43  0.45  0.45  0.43  0.40  0.39  0.36  0.34  0.33
 0.34  0.38  0.41  0.45  0.47  0.46  0.44  0.41  0.39  0.37  0.35  0.33
 0.35  0.39  0.42  0.46  0.47  0.46  0.44  0.40  0.39  0.37  0.35  0.33
 0.36  0.40  0.43  0.46  0.47  0.46  0.43  0.39  0.38  0.36  0.34  0.32
 0.37  0.40  0.43  0.46  0.47  0.46  0.43  0.39  0.38  0.36  0.34  0.32
 0.38  0.41  0.44  0.47  0.47  0.47  0.44  0.40  0.39  0.37  0.35  0.33
 0.40  0.43  0.46  0.49  0.49  0.48  0.45  0.41  0.40  0.39  0.36  0.35
 0.42  0.45  0.49  0.52  0.52  0.51  0.48  0.43  0.42  0.40  0.38  0.36
 0.44  0.48  0.51  0.54  0.54  0.53  0.50  0.45  0.44  0.42  0.39  0.37
 0.46  0.49  0.53  0.56  0.56  0.55  0.52  0.47  0.46  0.44  0.41  0.39
 0.48  0.51  0.55  0.59  0.58  0.57  0.54  0.49  0.48  0.45  0.42  0.40
 0.50  0.54  0.58  0.61  0.61  0.59  0.56  0.51  0.50  0.47  0.44  0.41
 0.52  0.56  0.60  0.63  0.63  0.62  0.58  0.53  0.52  0.49  0.45  0.43
 0.54  0.58  0.62  0.65  0.64  0.63  0.59  0.55  0.53  0.50  0.47  0.44
 0.56  0.59  0.63  0.66  0.66  0.65  0.61  0.56  0.54  0.51  0.48  0.45
 0.57  0.60  0.64  0.67  0.66  0.65  0.62  0.57  0.55  0.52  0.49  0.47
 0.57  0.60  0.64  0.67  0.67  0.65  0.62  0.57  0.56  0.53  0.50  0.47
 0.58  0.61  0.64  0.67  0.66  0.65  0.62  0.57  0.56  0.53  0.50  0.48
 0.58  0.60  0.64  0.66  0.66  0.65  0.61  0.56  0.55  0.53  0.50  0.48
 0.57  0.60  0.63  0.65  0.65  0.64  0.60  0.55  0.55  0.52  0.50  0.48
 0.57  0.59  0.63  0.65  0.64  0.63  0.60  0.55  0.54  0.52  0.50  0.48
 0.56  0.59  0.62  0.64  0.63  0.63  0.59  0.54  0.53  0.51  0.49  0.48
 0.56  0.59  0.62  0.64  0.63  0.62  0.58  0.53  0.52  0.50  0.49  0.48
 0.56  0.59  0.62  0.63  0.62  0.61  0.58  0.53  0.52  0.50  0.48  0.47
 0.57  0.59  0.62  0.64  0.62  0.61  0.58  0.53  0.52  0.49  0.48  0.48
 0.58  0.60  0.63  0.64  0.63  0.62  0.59  0.53  0.52  0.50  0.49  0.48
 0.59  0.62  0.64  0.65  0.63  0.62  0.59  0.54  0.53  0.51  0.50  0.50
 0.61  0.64  0.66  0.66  0.64  0.64  0.61  0.56  0.55  0.54  0.53  0.53
 0.65  0.67  0.69  0.69  0.67  0.66  0.63  0.59  0.58  0.57  0.57  0.57
 0.69  0.71  0.72  0.72  0.70  0.69  0.66  0.62  0.62  0.61  0.61  0.60
 0.74  0.75  0.77  0.76  0.74  0.74  0.71  0.67  0.67  0.66  0.65  0.64
 0.78  0.79  0.80  0.80  0.78  0.78  0.75  0.72  0.72  0.71  0.70  0.69
 0.81  0.82  0.83  0.83  0.81  0.81  0.79  0.75  0.76  0.75  0.74  0.73
 0.84  0.84  0.85  0.85  0.83  0.83  0.81  0.78  0.78  0.78  0.77  0.76
 0.86  0.86  0.87  0.87  0.85  0.84  0.83  0.79  0.80  0.80  0.79  0.78
 0.88  0.88  0.89  0.88  0.86  0.86  0.85  0.81  0.82  0.82  0.82  0.81
 0.90  0.90  0.91  0.90  0.88  0.88  0.86  0.83  0.84  0.84  0.84  0.84
 0.91  0.91  0.91  0.91  0.88  0.89  0.87  0.85  0.86  0.85  0.86  0.86
 0.92  0.92  0.92  0.91  0.89  0.89  0.88  0.85  0.86  0.86  0.86  0.87
 0.94  0.93  0.93  0.91  0.89  0.89  0.89  0.86  0.87  0.86  0.87  0.87
 0.95  0.93  0.93  0.92  0.89  0.89  0.89  0.86  0.87  0.86  0.87  0.88
 0.96  0.95  0.94  0.92  0.89  0.90  0.89  0.87  0.88  0.87  0.87  0.88
 0.98  0.96  0.95  0.93  0.90  0.91  0.90  0.88  0.89  0.88  0.88  0.90
 1.00  0.98  0.97  0.94  0.91  0.92  0.92  0.90  0.90  0.89  0.90  0.91
 1.02  1.00  0.99  0.96  0.93  0.94  0.93  0.92  0.92  0.91  0.92  0.93
 1.03  1.02  1.01  0.98  0.95  0.95  0.95  0.93  0.94  0.93  0.94  0.95
 1.04  1.03  1.02  1.00  0.96  0.97  0.96  0.94  0.95  0.94  0.95  0.96
 1.04  1.04  1.04  1.02  0.98  0.99  0.98  0.96  0.96  0.95  0.95  0.96
 1.04  1.04  1.05  1.03  1.00  1.00  0.99  0.97  0.97  0.96  0.96  0.97
 1.04  1.04  1.05  1.04  1.01  1.01  1.00  0.98  0.98  0.96  0.97  0.97
 1.04  1.04  1.05  1.04  1.01  1.02  1.01  0.99  0.99  0.97  0.97  0.98
 1.03  1.04  1.05  1.05  1.02  1.03  1.02  1.00  1.00  0.98  0.98  0.99
 1.01  1.03  1.05  1.05  1.03  1.04  1.03  1.01  1.02  1.00  1.00  1.00
 1.00  1.01  1.04  1.04  1.03  1.04  1.04  1.02  1.03  1.01  1.01  1.01
 0.98  1.00  1.03  1.04  1.03  1.05  1.05  1.04  1.04  1.02  1.02  1.03
 0.97  0.99  1.02  1.03  1.03  1.05  1.06  1.05  1.06  1.04  1.04  1.05
 0.97  0.99  1.02  1.04  1.04  1.06  1.07  1.07  1.08  1.06  1.06  1.06
 0.98  1.00  1.04  1.06  1.05  1.07  1.08  1.08  1.08  1.06  1.06  1.07
 0.99  1.01  1.05  1.06  1.06  1.08  1.08  1.08  1.08  1.06  1.06  1.07
 0.99  1.01  1.05  1.06  1.06  1.08  1.08  1.08  1.08  1.06  1.06  1.07
 0.99  1.01  1.05  1.06  1.06  1.08  1.08  1.08  1.08  1.06  1.06  1.07
 0.99  1.01  1.05  1.06  1.06  1.08  1.08  1.08  1.08  1.06  1.06  1.07
 0.99  1.01  1.05  1.06  1.06  1.08  1.09  1.09  1.08  1.06  1.06  1.07
 0.99  1.01  1.05  1.06  1.06  1.09  1.10  1.09  1.09  1.07  1.07  1.07
 0.99  1.01  1.05  1.06  1.06  1.09  1.10  1.09  1.09  1.06  1.06  1.07
 0.98  1.00  1.04  1.05  1.05  1.07  1.09  1.08  1.07  1.05  1.05  1.05
 0.96  0.98  1.02  1.02  1.02  1.05  1.06  1.06  1.05  1.03  1.03  1.04
 0.95  0.96  1.00  1.00  0.99  1.02  1.03  1.03  1.03  1.01  1.00  1.01
 0.93  0.94  0.97  0.97  0.96  0.99  1.00  1.00  0.99  0.97  0.97  0.98
 0.90  0.91  0.94  0.94  0.93  0.96  0.97  0.97  0.96  0.94  0.93  0.94
 0.86  0.88  0.91  0.90  0.90  0.93  0.94  0.93  0.92  0.90  0.90  0.90
 0.82  0.84  0.87  0.86  0.86  0.88  0.90  0.89  0.88  0.87  0.87  0.87
 0.80  0.81  0.84  0.83  0.81  0.84  0.85  0.85  0.85  0.84  0.84  0.85
 0.78  0.78  0.80  0.79  0.78  0.80  0.82  0.82  0.82  0.81  0.82  0.82
 0.77  0.77  0.79  0.78  0.77  0.79  0.81  0.81  0.80  0.80  0.80  0.80
 0.76  0.77  0.79  0.78  0.76  0.78  0.80  0.80  0.80  0.79  0.79  0.79
 0.75  0.76  0.79  0.78  0.76  0.78  0.79  0.79  0.79  0.77  0.77  0.77
 0.74  0.75  0.77  0.76  0.74  0.76  0.78  0.77  0.77  0.76  0.76  0.75
 0.73  0.74  0.76  0.75  0.73  0.74  0.76  0.76  0.76  0.75  0.74  0.74
 0.72  0.73  0.75  0.73  0.71  0.72  0.74  0.74  0.74  0.73  0.73  0.72
 0.70  0.71  0.73  0.72  0.70  0.71  0.73  0.72  0.72  0.71  0.71  0.70
 0.68  0.69  0.71  0.70  0.67  0.69  0.71  0.71  0.71  0.70  0.69  0.69
 0.66  0.67  0.68  0.67  0.65  0.67  0.68  0.69  0.69  0.67  0.67  0.67
 0.65  0.65  0.67  0.66  0.64  0.65  0.67  0.67  0.67  0.66  0.65  0.65
 0.64  0.64  0.66  0.65  0.63  0.64  0.66  0.66  0.66  0.64  0.64  0.64
 0.63  0.63  0.65  0.64  0.62  0.63  0.64  0.64  0.64  0.63  0.63  0.63
 0.62  0.62  0.63  0.62  0.60  0.61  0.63  0.63  0.63  0.62  0.61  0.61
 0.61  0.61  0.62  0.61  0.59  0.60  0.61  0.61  0.61  0.60  0.60  0.60
 0.59  0.59  0.61  0.59  0.57  0.58  0.59  0.59  0.59  0.58  0.57  0.57
 0.57  0.57  0.58  0.57  0.55  0.55  0.57  0.57  0.57  0.55  0.55  0.55
 0.54  0.54  0.55  0.54  0.52  0.53  0.54  0.54  0.54  0.52  0.52  0.52
 0.50  0.51  0.52  0.50  0.49  0.49  0.50  0.50  0.50  0.49  0.48  0.48
 0.47  0.47  0.48  0.47  0.45  0.46  0.47  0.47  0.47  0.45  0.45  0.45
 0.44  0.44  0.45  0.44  0.42  0.42  0.43  0.43  0.43  0.42  0.42  0.42
 0.41  0.41  0.41  0.40  0.39  0.39  0.40  0.40  0.40  0.39  0.39  0.39
 0.38  0.38  0.38  0.37  0.36  0.36  0.37  0.38  0.38  0.37  0.36  0.37
year 2004
 0.32  0.32  0.36  0.40  0.42  0.47  0.50  0.51  0.50  0.50  0.53  0.56
 0.31  0.32  0.35  0.39  0.41  0.46  0.49  0.51  0.49  0.49  0.52  0.54
 0.31  0.31  0.34  0.38  0.40  0.45  0.48  0.49  0.48  0.47  0.50  0.52
 0.32  0.32  0.34  0.37  0.39  0.44  0.46  0.47  0.46  0.45  0.48  0.50
 0.32  0.32  0.35  0.37  0.39  0.44  0.46  0.47  0.45  0.44  0.47  0.49
 0.32  0.32  0.35  0.37  0.40  0.44  0.47  0.48  0.46  0.45  0.48  0.50
 0.32  0.31  0.34  0.37  0.39  0.44  0.47  0.48  0.47  0.46  0.49  0.51
 0.31  0.31  0.34  0.36  0.39  0.43  0.47  0.48  0.47  0.47  0.49  0.52
 0.32  0.31  0.34  0.37  0.39  0.44  0.47  0.48  0.47  0.47  0.50  0.52
 0.33  0.33  0.35  0.38  0.40  0.44  0.48  0.49  0.48  0.48  0.51  0.53
 0.35  0.34  0.36  0.39  0.41  0.46  0.49  0.51  0.50  0.50  0.52  0.55
 0.36  0.35  0.38  0.40  0.43  0.47  0.51  0.53  0.52  0.52  0.55  0.57
 0.37  0.37  0.39  0.42  0.44  0.49  0.53  0.54  0.54  0.54  0.57  0.58
 0.38  0.38  0.40  0.43  0.45  0.50  0.54  0.55  0.55  0.55  0.58  0.60
 0.40  0.39  0.42  0.44  0.46  0.51  0.55  0.57  0.56  0.57  0.59  0.61
 0.41  0.41  0.43  0.45  0.48  0.52  0.56  0.58  0.58  0.59  0.61  0.62
 0.42  0.42  0.44  0.47  0.49  0.54  0.58  0.60  0.59  0.60  0.62  0.63
 0.44  0.43  0.46  0.48  0.51  0.55  0.60  0.62  0.61  0.62  0.64  0.65
 0.45  0.45  0.47  0.50  0.52  0.57  0.61  0.63  0.62  0.63  0.65  0.66
 0.46  0.46  0.48  0.51  0.53  0.58  0.62  0.64  0.64  0.64  0.66  0.66
 0.46  0.46  0.49  0.52  0.55  0.59  0.64  0.65  0.65  0.65  0.66  0.67
 0.47  0.47  0.50  0.53  0.56  0.60  0.65  0.66  0.65  0.66  0.66  0.66
 0.47  0.48  0.50  0.54  0.56  0.61  0.65  0.67  0.65  0.66  0.66  0.66
 0.47  0.48  0.51  0.54  0.57  0.61  0.65  0.67  0.65  0.65  0.66  0.65
 0.47  0.48  0.51  0.54  0.57  0.61  0.65  0.67  0.65  0.65  0.65  0.65
 0.47  0.48  0.51  0.54  0.57  0.62  0.65  0.67  0.65  0.65  0.65  0.64
 0.47  0.48  0.51  0.54  0.58  0.62  0.66  0.67  0.65  0.65  0.65  0.64
 0.47  0.49  0.52  0.55  0.58  0.63  0.66  0.67  0.66  0.65  0.65  0.65
 0.48  0.50  0.53  0.56  0.59  0.64  0.67  0.68  0.67  0.66  0.66  0.66
 0.50  0.52  0.55  0.58  0.61  0.65  0.69  0.70  0.68  0.68  0.68  0.68
 0.53  0.55  0.58  0.61  0.64  0.68  0.71  0.72  0.70  0.69  0.70  0.70
 0.57  0.58  0.61  0.64  0.67  0.71  0.74  0.74  0.72  0.71  0.72  0.72
 0.60  0.62  0.64  0.67  0.69  0.73  0.76  0.76  0.74  0.74  0.74  0.75
 0.64  0.65  0.67  0.69  0.72  0.75  0.78  0.78  0.76  0.76  0.77  0.77
 0.68  0.69  0.71  0.73  0.75  0.78  0.80  0.81  0.79  0.79  0.80  0.80
 0.72  0.73  0.75  0.76  0.78  0.81  0.83  0.83  0.81  0.81  0.82  0.83
 0.75  0.76  0.78  0.79  0.81  0.83  0.86  0.86  0.84  0.84  0.85  0.85
 0.78  0.79  0.81  0.82  0.83  0.86  0.88  0.88  0.87  0.87  0.88  0.88
 0.81  0.82  0.84  0.85  0.86  0.88  0.90  0.91  0.89  0.89  0.90  0.90
 0.84  0.85  0.87  0.88  0.88  0.90  0.92  0.93  0.91  0.91  0.91  0.91
 0.86  0.87  0.89  0.89  0.90  0.92  0.94  0.95  0.93  0.92  0.92  0.92
 0.87  0.88  0.90  0.91  0.91  0.93  0.96  0.96  0.94  0.94  0.94  0.93
 0.88  0.89  0.92  0.92  0.93  0.95  0.97  0.98  0.96  0.96  0.95  0.94
 0.89  0.90  0.93  0.94  0.95  0.97  0.99  1.00  0.98  0.97  0.96  0.95
 0.89  0.91  0.94  0.95  0.96  0.98  1.00  1.01  0.99  0.98  0.97  0.96
 0.91  0.93  0.95  0.97  0.98  1.00  1.01  1.01  0.99  0.98  0.98  0.97
 0.92  0.94  0.97  0.98  0.99  1.01  1.03  1.02  0.99  0.99  0.98  0.97
 0.94  0.96  0.99  1.00  1.01  1.03  1.05  1.04  1.01  1.00  0.99  0.98
 0.96  0.98  1.00  1.02  1.03  1.05  1.07  1.06  1.02  1.00  1.00  0.99
 0.97  0.98  1.01  1.02  1.03  1.06  1.07  1.06  1.03  1.01  1.00  0.99
 0.97  0.98  1.00  1.01  1.03  1.05  1.07  1.06  1.03  1.01  1.00  1.00
 0.97  0.98  1.00  1.01  1.02  1.05  1.07  1.06  1.02  1.01  1.00  0.99
 0.97  0.98  1.00  1.01  1.03  1.05  1.08  1.06  1.02  1.01  1.00  0.99
 0.98  0.99  1.00  1.01  1.02  1.05  1.08  1.06  1.02  1.00  1.00  0.99
 0.99  0.99  1.01  1.01  1.03  1.06  1.08  1.07  1.02  1.01  1.00  1.00
 1.00  1.00  1.01  1.02  1.03  1.06  1.08  1.07  1.03  1.02  1.01  1.01
 1.01  1.01  1.02  1.02  1.04  1.07  1.09  1.08  1.04  1.03  1.03  1.03
 1.03  1.03  1.04  1.03  1.05  1.08  1.10  1.09  1.06  1.05  1.05  1.05
 1.05  1.05  1.05  1.05  1.06  1.09  1.11  1.10  1.07  1.06  1.06  1.06
 1.06  1.06  1.07  1.06  1.07  1.10  1.12  1.10  1.07  1.07  1.06  1.07
 1.07  1.07  1.07  1.06  1.07  1.10  1.12  1.11  1.08  1.07  1.07  1.07
 1.07  1.07  1.08  1.07  1.07  1.10  1.13  1.11  1.08  1.08  1.07  1.07
 1.08  1.08  1.08  1.07  1.08  1.11  1.13  1.11  1.08  1.08  1.07  1.07
 1.08  1.08  1.08  1.07  1.08  1.10  1.13  1.11  1.08  1.08  1.07  1.07
 1.08  1.08  1.07  1.06  1.07  1.10  1.13  1.12  1.09  1.09  1.08  1.08
 1.08  1.08  1.07  1.06  1.08  1.11  1.14  1.13  1.10  1.10  1.10  1.09
 1.08  1.08  1.07  1.06  1.08  1.11  1.14  1.13  1.10  1.10  1.10  1.10
 1.07  1.07  1.07  1.06  1.07  1.10  1.13  1.13  1.10  1.10  1.10  1.09
 1.06  1.06  1.06  1.05  1.06  1.09  1.12  1.12  1.10  1.10  1.10  1.08
 1.04  1.04  1.04  1.04  1.05  1.08  1.11  1.11  1.09  1.09  1.08  1.07
 1.02  1.02  1.02  1.02  1.03  1.06  1.09  1.09  1.07  1.07  1.07  1.05
 0.99  0.99  0.99  0.99  1.00  1.02  1.05  1.06  1.04  1.05  1.05  1.04
 0.95  0.95  0.95  0.95  0.96  0.98  1.02  1.02  1.01  1.02  1.03  1.01
 0.91  0.91  0.91  0.91  0.92  0.95  0.98  0.99  0.97  0.99  1.00  0.99
 0.88  0.88  0.88  0.88  0.88  0.90  0.94  0.95  0.94  0.95  0.96  0.95
 0.85  0.85  0.85  0.85  0.86  0.88  0.91  0.91  0.90  0.90  0.91  0.90
 0.82  0.82  0.82  0.82  0.82  0.83  0.86  0.86  0.84  0.85  0.86  0.86
 0.80  0.80  0.79  0.78  0.79  0.80  0.82  0.82  0.80  0.81  0.83  0.82
 0.79  0.78  0.77  0.76  0.76  0.77  0.79  0.79  0.77  0.78  0.80  0.80
 0.77  0.76  0.75  0.74  0.74  0.75  0.77  0.77  0.75  0.76  0.78  0.78
 0.75  0.74  0.73  0.72  0.73  0.73  0.75  0.75  0.73  0.74  0.76  0.76
 0.73  0.72  0.71  0.71  0.71  0.71  0.73  0.72  0.71  0.72  0.74  0.74
 0.72  0.71  0.70  0.69  0.69  0.70  0.71  0.71  0.69  0.70  0.72  0.72
 0.70  0.69  0.68  0.68  0.68  0.69  0.69  0.69  0.67  0.68  0.71  0.70
 0.68  0.68  0.67  0.66  0.67  0.67  0.68  0.67  0.66  0.67  0.69  0.69
 0.66  0.66  0.65  0.64  0.65  0.66  0.66  0.66  0.64  0.66  0.68  0.67
 0.65  0.65  0.64  0.63  0.64  0.64  0.64  0.64  0.63  0.64  0.66  0.66
 0.64  0.64  0.63  0.62  0.63  0.64  0.64  0.64  0.62  0.63  0.65  0.64
 0.63  0.63  0.62  0.61  0.62  0.63  0.63  0.63  0.61  0.62  0.64  0.63
 0.62  0.62  0.61  0.60  0.61  0.62  0.62  0.61  0.60  0.61  0.62  0.61
 0.60  0.60  0.59  0.58  0.60  0.61  0.60  0.60  0.58  0.60  0.61  0.60
 0.58  0.58  0.57  0.56  0.58  0.59  0.58  0.57  0.56  0.57  0.58  0.57
 0.55  0.55  0.55  0.54  0.55  0.56  0.55  0.54  0.53  0.54  0.56  0.55
 0.52  0.52  0.52  0.51  0.52  0.53  0.52  0.51  0.51  0.52  0.53  0.52
 0.49  0.49  0.48  0.47  0.49  0.50  0.49  0.49  0.48  0.49  0.50  0.49
 0.45  0.45  0.45  0.44  0.46  0.47  0.46  0.46  0.45  0.47  0.47  0.46
 0.42  0.42  0.42  0.41  0.42  0.44  0.43  0.43  0.42  0.44  0.45  0.43
 0.39  0.39  0.39  0.38  0.39  0.41  0.40  0.40  0.40  0.41  0.42  0.41
 0.37  0.37  0.36  0.35  0.37  0.39  0.38  0.38  0.37  0.39  0.40  0.39
year 2005
 0.55  0.54  0.51  0.45  0.44  0.42  0.36  0.34  0.36  0.35  0.32  0.33
 0.53  0.52  0.49  0.43  0.42  0.40  0.34  0.32  0.34  0.34  0.31  0.33
 0.51  0.50  0.46  0.41  0.40  0.37  0.32  0.31  0.33  0.32  0.30  0.32
 0.49  0.48  0.45  0.40  0.38  0.36  0.31  0.30  0.33  0.33  0.31  0.34
 0.48  0.47  0.44  0.39  0.38  0.36  0.32  0.31  0.34  0.34  0.33  0.35
 0.49  0.47  0.44  0.39  0.38  0.37  0.32  0.32  0.35  0.35  0.34  0.37
 0.50  0.48  0.45  0.40  0.39  0.37  0.33  0.33  0.36  0.37  0.36  0.39
 0.51  0.49  0.46  0.41  0.40  0.39  0.35  0.34  0.38  0.39  0.38  0.41
 0.51  0.50  0.47  0.42  0.41  0.40  0.36  0.36  0.39  0.40  0.39  0.42
 0.52  0.51  0.48  0.43  0.43  0.41  0.38  0.37  0.41  0.42  0.41  0.44
 0.54  0.52  0.49  0.45  0.44  0.43  0.39  0.39  0.43  0.44  0.43  0.46
 0.55  0.54  0.50  0.46  0.46  0.44  0.41  0.41  0.45  0.46  0.45  0.48
 0.57  0.55  0.52  0.47  0.47  0.46  0.43  0.43  0.47  0.48  0.47  0.50
 0.58  0.56  0.53  0.49  0.49  0.47  0.44  0.45  0.48  0.49  0.49  0.52
 0.59  0.57  0.54  0.49  0.49  0.48  0.45  0.46  0.49  0.50  0.50  0.53
 0.60  0.58  0.55  0.50  0.50  0.49  0.46  0.47  0.50  0.52  0.52  0.55
 0.62  0.60  0.56  0.51  0.51  0.50  0.47  0.48  0.52  0.53  0.54  0.57
 0.63  0.61  0.57  0.53  0.53  0.52  0.49  0.50  0.54  0.55  0.56  0.60
 0.64  0.62  0.58  0.53  0.54  0.53  0.50  0.51  0.56  0.57  0.58  0.62
 0.64  0.62  0.58  0.54  0.54  0.53  0.51  0.52  0.57  0.59  0.59  0.63
 0.65  0.62  0.58  0.54  0.54  0.53  0.51  0.52  0.57  0.59  0.60  0.65
 0.64  0.61  0.57  0.53  0.53  0.52  0.50  0.52  0.57  0.59  0.61  0.65
 0.63  0.60  0.56  0.52  0.52  0.51  0.49  0.51  0.57  0.59  0.61  0.65
 0.63  0.60  0.55  0.52  0.52  0.51  0.49  0.51  0.57  0.59  0.61  0.65
 0.62  0.59  0.55  0.51  0.52  0.51  0.49  0.51  0.57  0.59  0.61  0.66
 0.62  0.59  0.55  0.52  0.52  0.51  0.49  0.52  0.58  0.60  0.62  0.67
 0.62  0.60  0.56  0.53  0.53  0.52  0.50  0.53  0.59  0.61  0.63  0.67
 0.63  0.61  0.57  0.54  0.55  0.53  0.51  0.54  0.60  0.63  0.64  0.68
 0.65  0.62  0.59  0.56  0.56  0.55  0.52  0.55  0.61  0.64  0.65  0.69
 0.67  0.64  0.61  0.58  0.58  0.57  0.54  0.57  0.63  0.65  0.66  0.69
 0.68  0.66  0.63  0.60  0.61  0.59  0.57  0.60  0.65  0.67  0.67  0.71
 0.70  0.68  0.65  0.63  0.63  0.62  0.60  0.62  0.68  0.69  0.69  0.73
 0.73  0.71  0.68  0.66  0.67  0.65  0.63  0.66  0.71  0.72  0.72  0.75
 0.76  0.74  0.71  0.69  0.70  0.69  0.67  0.70  0.75  0.76  0.75  0.79
 0.79  0.77  0.75  0.73  0.74  0.74  0.71  0.74  0.79  0.80  0.79  0.82
 0.81  0.80  0.78  0.76  0.78  0.78  0.75  0.78  0.82  0.83  0.82  0.86
 0.84  0.82  0.80  0.80  0.82  0.81  0.79  0.81  0.85  0.86  0.85  0.89
 0.86  0.85  0.83  0.83  0.85  0.85  0.82  0.84  0.89  0.89  0.88  0.92
 0.89  0.88  0.86  0.86  0.89  0.89  0.86  0.88  0.92  0.93  0.92  0.95
 0.90  0.89  0.89  0.89  0.92  0.92  0.89  0.91  0.96  0.97  0.96  0.99
 0.91  0.90  0.89  0.90  0.93  0.93  0.90  0.93  0.98  0.99  0.99  1.02
 0.92  0.91  0.90  0.91  0.94  0.94  0.91  0.94  1.00  1.01  1.01  1.04
 0.93  0.91  0.91  0.92  0.95  0.95  0.92  0.95  1.01  1.02  1.02  1.06
 0.94  0.92  0.92  0.93  0.96  0.96  0.94  0.97  1.03  1.04  1.04  1.08
 0.94  0.93  0.92  0.93  0.97  0.97  0.95  0.98  1.04  1.06  1.06  1.10
 0.95  0.94  0.93  0.95  0.98  0.99  0.97  1.00  1.07  1.08  1.08  1.12
 0.96  0.95  0.95  0.96  1.00  1.01  0.99  1.03  1.09  1.11  1.11  1.14
 0.97  0.96  0.96  0.98  1.02  1.03  1.01  1.05  1.11  1.13  1.13  1.16
 0.98  0.97  0.98  0.99  1.03  1.04  1.02  1.06  1.13  1.14  1.14  1.17
 0.98  0.98  0.98  1.00  1.04  1.05  1.03  1.07  1.14  1.15  1.15  1.17
 0.99  0.98  0.99  1.00  1.04  1.05  1.03  1.07  1.13  1.15  1.14  1.17
 0.98  0.98  0.99  1.00  1.04  1.04  1.02  1.06  1.13  1.15  1.14  1.17
 0.98  0.98  0.98  1.00  1.04  1.04  1.02  1.05  1.12  1.14  1.14  1.17
 0.98  0.98  0.99  1.00  1.04  1.04  1.02  1.06  1.13  1.15  1.15  1.17
 0.99  0.99  1.00  1.02  1.05  1.06  1.03  1.07  1.14  1.16  1.15  1.18
 1.01  1.01  1.02  1.03  1.07  1.07  1.04  1.08  1.15  1.17  1.16  1.19
 1.03  1.03  1.04  1.05  1.08  1.09  1.05  1.08  1.15  1.17  1.17  1.19
 1.05  1.05  1.05  1.07  1.10  1.10  1.06  1.09  1.15  1.17  1.17  1.19
 1.06  1.06  1.06  1.08  1.11  1.11  1.07  1.09  1.15  1.17  1.17  1.18
 1.06  1.06  1.07  1.08  1.11  1.11  1.07  1.09  1.15  1.16  1.16  1.18
 1.06  1.06  1.07  1.09  1.11  1.11  1.07  1.08  1.14  1.15  1.15  1.17
 1.07  1.07  1.07  1.09  1.11  1.11  1.07  1.08  1.13  1.14  1.14  1.16
 1.07  1.07  1.07  1.09  1.11  1.11  1.07  1.07  1.12  1.13  1.13  1.14
 1.07  1.07  1.08  1.09  1.11  1.11  1.07  1.07  1.11  1.12  1.11  1.13
 1.08  1.08  1.09  1.10  1.12  1.12  1.07  1.07  1.10  1.11  1.10  1.11
 1.09  1.09  1.10  1.11  1.13  1.12  1.07  1.06  1.10  1.10  1.09  1.10
 1.09  1.09  1.10  1.10  1.12  1.12  1.07  1.06  1.09  1.09  1.07  1.09
 1.08  1.08  1.08  1.09  1.11  1.10  1.05  1.04  1.07  1.07  1.06  1.07
 1.07  1.07  1.07  1.08  1.09  1.09  1.03  1.02  1.05  1.04  1.04  1.06
 1.06  1.06  1.06  1.06  1.08  1.07  1.02  1.00  1.03  1.03  1.02  1.04
 1.04  1.04  1.04  1.04  1.06  1.05  1.00  0.99  1.01  1.01  1.01  1.02
 1.02  1.02  1.02  1.02  1.03  1.03  0.98  0.96  0.98  0.98  0.97  0.99
 1.00  1.00  0.99  0.99  1.00  0.99  0.93  0.92  0.94  0.93  0.92  0.94
 0.98  0.97  0.96  0.95  0.95  0.94  0.89  0.87  0.89  0.88  0.88  0.89
 0.94  0.93  0.92  0.92  0.92  0.91  0.86  0.84  0.86  0.85  0.84  0.85
 0.89  0.89  0.88  0.87  0.88  0.87  0.81  0.80  0.82  0.80  0.79  0.80
 0.85  0.85  0.84  0.83  0.84  0.83  0.78  0.77  0.79  0.78  0.76  0.77
 0.82  0.82  0.82  0.81  0.82  0.81  0.76  0.74  0.76  0.75  0.74  0.74
 0.80  0.80  0.80  0.80  0.81  0.79  0.74  0.73  0.75  0.73  0.72  0.72
 0.78  0.79  0.79  0.79  0.80  0.78  0.73  0.72  0.74  0.72  0.71  0.71
 0.76  0.77  0.77  0.77  0.78  0.77  0.72  0.70  0.72  0.71  0.69  0.70
 0.74  0.75  0.75  0.75  0.76  0.75  0.71  0.69  0.71  0.70  0.68  0.69
 0.72  0.73  0.73  0.73  0.74  0.73  0.69  0.68  0.70  0.69  0.67  0.68
 0.70  0.71  0.71  0.71  0.72  0.72  0.68  0.67  0.69  0.68  0.66  0.67
 0.69  0.69  0.69  0.69  0.70  0.70  0.66  0.65  0.67  0.67  0.65  0.65
 0.67  0.67  0.67  0.68  0.69  0.68  0.64  0.63  0.65  0.65  0.63  0.63
 0.65  0.65  0.65  0.65  0.66  0.66  0.62  0.61  0.63  0.63  0.61  0.62
 0.63  0.63  0.63  0.63  0.65  0.64  0.61  0.60  0.62  0.61  0.60  0.60
 0.62  0.62  0.62  0.62  0.63  0.62  0.60  0.59  0.60  0.60  0.58  0.59
 0.60  0.60  0.60  0.61  0.62  0.61  0.58  0.57  0.59  0.59  0.57  0.58
 0.59  0.58  0.58  0.59  0.60  0.59  0.57  0.56  0.57  0.57  0.55  0.56
 0.56  0.56  0.56  0.56  0.57  0.56  0.54  0.53  0.55  0.55  0.53  0.54
 0.53  0.53  0.53  0.53  0.54  0.54  0.52  0.51  0.53  0.52  0.51  0.52
 0.51  0.50  0.50  0.51  0.52  0.51  0.49  0.48  0.50  0.50  0.48  0.49
 0.48  0.48  0.47  0.48  0.49  0.49  0.47  0.46  0.48  0.48  0.46  0.47
 0.45  0.45  0.45  0.46  0.47  0.46  0.44  0.44  0.46  0.46  0.44  0.45
 0.42  0.42  0.42  0.43  0.44  0.44  0.42  0.42  0.44  0.44  0.43  0.44
 0.40  0.39  0.39  0.41  0.42  0.41  0.40  0.40  0.42  0.42  0.41  0.42
 0.38  0.38  0.38  0.39  0.40  0.40  0.38  0.38  0.40  0.40  0.39  0.40
year 2006
 0.36  0.36  0.35  0.33  0.31  0.29  0.30  0.30  0.31  0.31  0.34  0.35
 0.36  0.36  0.36  0.34  0.31  0.30  0.31  0.31  0.31  0.33  0.35  0.35
 0.36  0.37  0.36  0.35  0.32  0.31  0.32  0.33  0.33  0.35  0.37  0.37
 0.37  0.38  0.38  0.36  0.34  0.33  0.34  0.35  0.35  0.36  0.39  0.39
 0.39  0.40  0.40  0.38  0.36  0.35  0.36  0.36  0.37  0.38  0.40  0.39
 0.41  0.42  0.41  0.40  0.38  0.36  0.38  0.38  0.38  0.39  0.40  0.40
 0.42  0.44  0.43  0.42  0.40  0.39  0.40  0.39  0.39  0.40  0.41  0.41
 0.44  0.46  0.46  0.45  0.42  0.41  0.42  0.41  0.41  0.41  0.42  0.41
 0.46  0.47  0.47  0.46  0.43  0.42  0.44  0.43  0.42  0.43  0.43  0.43
 0.47  0.49  0.49  0.47  0.45  0.44  0.45  0.44  0.43  0.44  0.44  0.44
 0.49  0.51  0.51  0.49  0.46  0.45  0.46  0.45  0.44  0.45  0.45  0.44
 0.52  0.53  0.53  0.51  0.48  0.47  0.48  0.46  0.45  0.46  0.46  0.45
 0.54  0.55  0.55  0.53  0.50  0.48  0.49  0.47  0.47  0.47  0.47  0.46
 0.56  0.57  0.57  0.55  0.52  0.50  0.51  0.49  0.48  0.48  0.48  0.48
 0.57  0.59  0.59  0.57  0.54  0.53  0.53  0.52  0.51  0.51  0.51  0.50
 0.59  0.61  0.61  0.59  0.56  0.55  0.56  0.54  0.53  0.53  0.53  0.52
 0.61  0.63  0.64  0.62  0.59  0.57  0.58  0.56  0.55  0.55  0.54  0.53
 0.63  0.66  0.66  0.64  0.61  0.60  0.60  0.57  0.56  0.56  0.55  0.54
 0.65  0.68  0.68  0.66  0.63  0.61  0.62  0.59  0.57  0.56  0.56  0.54
 0.67  0.69  0.70  0.68  0.65  0.63  0.63  0.60  0.58  0.57  0.56  0.54
 0.68  0.70  0.71  0.69  0.66  0.64  0.64  0.61  0.58  0.57  0.56  0.55
 0.69  0.71  0.72  0.70  0.67  0.65  0.65  0.61  0.59  0.58  0.57  0.55
 0.69  0.72  0.72  0.70  0.67  0.65  0.65  0.62  0.59  0.58  0.57  0.55
 0.69  0.72  0.72  0.70  0.67  0.65  0.65  0.62  0.59  0.58  0.57  0.55
 0.70  0.72  0.72  0.70  0.67  0.65  0.65  0.61  0.59  0.58  0.57  0.55
 0.70  0.72  0.72  0.70  0.66  0.65  0.65  0.61  0.59  0.58  0.57  0.55
 0.71  0.72  0.72  0.70  0.66  0.65  0.66  0.62  0.60  0.59  0.58  0.56
 0.71  0.72  0.72  0.70  0.67  0.66  0.66  0.63  0.60  0.60  0.59  0.58
 0.71  0.73  0.72  0.70  0.67  0.67  0.67  0.64  0.62  0.62  0.61  0.60
 0.72  0.73  0.73  0.71  0.68  0.68  0.69  0.65  0.63  0.64  0.63  0.62
 0.73  0.74  0.74  0.73  0.71  0.70  0.71  0.68  0.66  0.66  0.66  0.64
 0.75  0.76  0.77  0.75  0.74  0.74  0.74  0.71  0.69  0.70  0.69  0.68
 0.78  0.80  0.80  0.79  0.77  0.78  0.79  0.75  0.73  0.74  0.73  0.71
 0.82  0.84  0.84  0.84  0.82  0.82  0.83  0.80  0.78  0.78  0.78  0.75
 0.86  0.88  0.89  0.88  0.86  0.87  0.88  0.85  0.82  0.82  0.82  0.80
 0.89  0.92  0.93  0.92  0.90  0.91  0.92  0.89  0.87  0.87  0.86  0.84
 0.93  0.96  0.97  0.96  0.94  0.94  0.96  0.93  0.90  0.90  0.90  0.87
 0.96  0.99  1.00  0.99  0.97  0.97  0.99  0.96  0.93  0.93  0.93  0.90
 0.99  1.02  1.03  1.02  1.00  1.00  1.02  0.99  0.96  0.96  0.95  0.93
 1.03  1.05  1.06  1.05  1.03  1.03  1.05  1.01  0.99  0.98  0.98  0.96
 1.05  1.08  1.08  1.06  1.04  1.04  1.06  1.03  1.00  1.00  1.00  0.98
 1.08  1.10  1.09  1.07  1.05  1.05  1.06  1.04  1.01  1.01  1.01  1.00
 1.10  1.12  1.11  1.09  1.06  1.06  1.07  1.04  1.02  1.02  1.02  1.01
 1.12  1.14  1.13  1.11  1.08  1.07  1.09  1.05  1.03  1.03  1.04  1.02
 1.14  1.15  1.15  1.12  1.09  1.09  1.10  1.07  1.04  1.05  1.05  1.04
 1.15  1.17  1.16  1.14  1.11  1.10  1.12  1.08  1.06  1.06  1.07  1.05
 1.17  1.18  1.18  1.15  1.12  1.11  1.13  1.09  1.07  1.08  1.09  1.07
 1.19  1.20  1.19  1.17  1.13  1.12  1.13  1.11  1.08  1.09  1.10  1.09
 1.20  1.21  1.20  1.18  1.14  1.13  1.14  1.11  1.09  1.10  1.12  1.11
 1.20  1.21  1.20  1.17  1.14  1.13  1.14  1.11  1.09  1.11  1.12  1.11
 1.19  1.20  1.19  1.17  1.14  1.12  1.13  1.11  1.09  1.10  1.12  1.11
 1.19  1.20  1.19  1.16  1.13  1.12  1.13  1.11  1.09  1.10  1.12  1.11
 1.19  1.19  1.18  1.16  1.13  1.12  1.13  1.11  1.09  1.11  1.12  1.12
 1.19  1.20  1.19  1.16  1.13  1.12  1.13  1.11  1.10  1.11  1.12  1.12
 1.20  1.20  1.19  1.17  1.14  1.12  1.13  1.12  1.11  1.12  1.13  1.12
 1.20  1.20  1.19  1.17  1.14  1.12  1.14  1.13  1.11  1.12  1.13  1.13
 1.20  1.20  1.19  1.16  1.14  1.12  1.13  1.13  1.11  1.12  1.13  1.13
 1.20  1.20  1.18  1.16  1.13  1.11  1.13  1.12  1.11  1.11  1.13  1.12
 1.19  1.19  1.18  1.15  1.12  1.10  1.12  1.12  1.10  1.11  1.12  1.12
 1.19  1.18  1.17  1.15  1.12  1.09  1.11  1.11  1.10  1.10  1.12  1.12
 1.18  1.18  1.16  1.14  1.11  1.08  1.10  1.11  1.09  1.10  1.11  1.11
 1.17  1.16  1.15  1.13  1.10  1.07  1.09  1.10  1.08  1.09  1.10  1.09
 1.15  1.14  1.13  1.10  1.07  1.04  1.06  1.08  1.06  1.07  1.08  1.08
 1.13  1.12  1.10  1.08  1.04  1.01  1.03  1.05  1.04  1.05  1.06  1.06
 1.11  1.10  1.08  1.05  1.02  0.99  1.01  1.03  1.02  1.03  1.05  1.05
 1.09  1.08  1.07  1.04  1.00  0.97  0.99  1.01  1.01  1.02  1.04  1.04
 1.08  1.08  1.06  1.03  1.00  0.96  0.98  1.00  1.00  1.01  1.03  1.03
 1.07  1.07  1.05  1.03  0.99  0.96  0.97  0.99  0.99  1.00  1.01  1.01
 1.06  1.05  1.04  1.02  0.98  0.95  0.96  0.97  0.97  0.98  0.99  0.99
 1.04  1.04  1.03  1.01  0.97  0.94  0.94  0.95  0.95  0.95  0.96  0.96
 1.02  1.02  1.01  0.99  0.95  0.92  0.92  0.92  0.91  0.92  0.92  0.92
 0.98  0.98  0.97  0.95  0.92  0.88  0.89  0.89  0.88  0.88  0.89  0.88
 0.94  0.93  0.93  0.91  0.88  0.85  0.85  0.85  0.84  0.84  0.84  0.84
 0.89  0.89  0.89  0.87  0.85  0.81  0.82  0.82  0.80  0.80  0.80  0.80
 0.84  0.84  0.84  0.83  0.80  0.77  0.78  0.77  0.76  0.76  0.75  0.75
 0.80  0.80  0.79  0.78  0.76  0.73  0.73  0.73  0.71  0.71  0.71  0.70
 0.77  0.77  0.77  0.76  0.74  0.71  0.71  0.70  0.69  0.69  0.68  0.68
 0.74  0.74  0.73  0.73  0.70  0.68  0.69  0.68  0.67  0.67  0.67  0.66
 0.72  0.72  0.71  0.71  0.69  0.66  0.67  0.67  0.67  0.67  0.67  0.66
 0.71  0.70  0.70  0.69  0.68  0.65  0.67  0.67  0.66  0.67  0.66  0.66
 0.70  0.69  0.69  0.69  0.67  0.65  0.66  0.67  0.66  0.66  0.66  0.65
 0.69  0.69  0.68  0.68  0.67  0.65  0.66  0.67  0.66  0.66  0.65  0.65
 0.68  0.68  0.68  0.68  0.67  0.65  0.66  0.66  0.65  0.65  0.65  0.64
 0.67  0.67  0.67  0.67  0.66  0.64  0.65  0.65  0.64  0.64  0.64  0.63
 0.65  0.66  0.66  0.66  0.65  0.62  0.63  0.64  0.62  0.62  0.62  0.62
 0.64  0.64  0.64  0.65  0.64  0.61  0.62  0.62  0.61  0.61  0.61  0.61
 0.62  0.63  0.63  0.63  0.62  0.60  0.60  0.61  0.59  0.59  0.60  0.60
 0.61  0.62  0.62  0.62  0.61  0.58  0.59  0.59  0.58  0.58  0.58  0.58
 0.60  0.60  0.61  0.61  0.60  0.57  0.57  0.57  0.56  0.56  0.57  0.57
 0.58  0.59  0.59  0.60  0.58  0.56  0.56  0.57  0.55  0.55  0.56  0.56
 0.57  0.58  0.58  0.58  0.57  0.54  0.55  0.56  0.55  0.55  0.56  0.56
 0.55  0.56  0.56  0.57  0.56  0.53  0.54  0.55  0.54  0.54  0.55  0.55
 0.53  0.54  0.54  0.55  0.54  0.51  0.52  0.53  0.52  0.52  0.54  0.54
 0.50  0.51  0.52  0.52  0.51  0.49  0.50  0.52  0.51  0.51  0.52  0.52
 0.48  0.49  0.50  0.50  0.49  0.47  0.48  0.50  0.48  0.49  0.50  0.50
 0.47  0.47  0.48  0.48  0.47  0.45  0.46  0.48  0.46  0.47  0.48  0.48
 0.45  0.46  0.46  0.46  0.45  0.43  0.44  0.46  0.44  0.45  0.46  0.46
 0.43  0.44  0.44  0.44  0.43  0.41  0.42  0.44  0.42  0.42  0.44  0.44
 0.41  0.42  0.42  0.42  0.41  0.39  0.40  0.42  0.40  0.40  0.42  0.41
year 2007
 0.33  0.34  0.36  0.35  0.34  0.34  0.34  0.30  0.25  0.27  0.25  0.22
 0.34  0.35  0.36  0.36  0.35  0.35  0.35  0.30  0.25  0.26  0.24  0.21
 0.36  0.37  0.38  0.37  0.36  0.36  0.36  0.30  0.26  0.26  0.25  0.22
 0.37  0.38  0.39  0.38  0.37  0.37  0.37  0.32  0.27  0.28  0.26  0.23
 0.38  0.38  0.39  0.39  0.38  0.38  0.38  0.33  0.28  0.29  0.27  0.25
 0.39  0.39  0.40  0.39  0.39  0.39  0.39  0.34  0.29  0.30  0.28  0.26
 0.39  0.40  0.40  0.40  0.39  0.39  0.39  0.34  0.30  0.31  0.29  0.27
 0.40  0.40  0.41  0.40  0.40  0.40  0.40  0.35  0.31  0.32  0.31  0.28
 0.41  0.41  0.42  0.41  0.41  0.41  0.41  0.36  0.32  0.34  0.33  0.30
 0.42  0.42  0.43  0.43  0.42  0.43  0.43  0.38  0.34  0.36  0.35  0.33
 0.43  0.44  0.44  0.44  0.44  0.44  0.44  0.40  0.37  0.39  0.38  0.36
 0.44  0.45  0.45  0.45  0.45  0.46  0.46  0.42  0.39  0.41  0.41  0.38
 0.45  0.46  0.46  0.46  0.47  0.47  0.48  0.44  0.41  0.44  0.43  0.41
 0.47  0.47  0.48  0.48  0.48  0.49  0.50  0.46  0.43  0.46  0.45  0.43
 0.49  0.49  0.50  0.50  0.50  0.50  0.51  0.48  0.45  0.48  0.47  0.45
 0.51  0.51  0.51  0.50  0.50  0.51  0.52  0.48  0.46  0.49  0.48  0.46
 0.51  0.51  0.51  0.51  0.51  0.51  0.52  0.49  0.47  0.50  0.49  0.47
 0.52  0.52  0.51  0.51  0.51  0.52  0.53  0.50  0.48  0.51  0.50  0.48
 0.52  0.52  0.52  0.51  0.51  0.52  0.53  0.50  0.48  0.51  0.51  0.49
 0.53  0.52  0.52  0.52  0.51  0.52  0.53  0.51  0.49  0.52  0.52  0.50
 0.53  0.53  0.52  0.52  0.52  0.52  0.53  0.51  0.49  0.52  0.52  0.50
 0.53  0.53  0.52  0.52  0.52  0.52  0.53  0.51  0.49  0.52  0.52  0.50
 0.53  0.53  0.52  0.52  0.52  0.53  0.54  0.51  0.49  0.52  0.52  0.50
 0.53  0.53  0.52  0.52  0.52  0.53  0.54  0.51  0.50  0.53  0.52  0.50
 0.53  0.53  0.52  0.53  0.53  0.53  0.54  0.52  0.50  0.53  0.53  0.51
 0.53  0.53  0.53  0.53  0.53  0.54  0.54  0.52  0.50  0.53  0.53  0.51
 0.54  0.54  0.54  0.54  0.54  0.54  0.55  0.52  0.50  0.53  0.53  0.51
 0.56  0.56  0.55  0.56  0.55  0.55  0.55  0.52  0.51  0.54  0.54  0.51
 0.58  0.57  0.57  0.57  0.57  0.57  0.56  0.54  0.52  0.55  0.55  0.52
 0.60  0.59  0.59  0.59  0.59  0.58  0.58  0.56  0.54  0.57  0.57  0.54
 0.62  0.62  0.61  0.61  0.61  0.60  0.60  0.58  0.57  0.60  0.59  0.56
 0.65  0.65  0.64  0.64  0.64  0.63  0.63  0.61  0.60  0.63  0.62  0.59
 0.69  0.68  0.68  0.68  0.67  0.67  0.67  0.65  0.63  0.66  0.65  0.62
 0.73  0.72  0.71  0.71  0.71  0.71  0.71  0.69  0.67  0.70  0.69  0.66
 0.77  0.76  0.75  0.75  0.74  0.75  0.75  0.73  0.71  0.74  0.73  0.70
 0.81  0.80  0.79  0.79  0.78  0.78  0.79  0.76  0.75  0.77  0.76  0.74
 0.84  0.83  0.82  0.82  0.82  0.82  0.82  0.79  0.78  0.80  0.80  0.78
 0.87  0.86  0.86  0.85  0.85  0.85  0.85  0.82  0.81  0.83  0.82  0.80
 0.90  0.89  0.89  0.89  0.88  0.88  0.88  0.85  0.83  0.86  0.85  0.83
 0.93  0.93  0.93  0.92  0.92  0.92  0.91  0.88  0.86  0.89  0.88  0.86
 0.96  0.95  0.95  0.96  0.95  0.95  0.94  0.90  0.88  0.91  0.90  0.88
 0.98  0.97  0.98  0.98  0.97  0.97  0.96  0.92  0.90  0.93  0.92  0.90
 0.99  0.99  0.99  1.00  0.99  0.99  0.98  0.94  0.92  0.94  0.94  0.91
 1.00  1.00  1.01  1.01  1.01  1.00  1.00  0.96  0.94  0.96  0.95  0.93
 1.01  1.02  1.02  1.03  1.02  1.02  1.01  0.98  0.96  0.98  0.97  0.94
 1.03  1.03  1.04  1.05  1.04  1.04  1.03  1.00  0.98  1.00  0.99  0.96
 1.05  1.06  1.07  1.07  1.07  1.06  1.05  1.02  1.00  1.03  1.01  0.98
 1.08  1.08  1.09  1.09  1.09  1.09  1.08  1.05  1.03  1.05  1.04  1.01
 1.09  1.09  1.10  1.11  1.11  1.11  1.10  1.07  1.05  1.08  1.06  1.03
 1.10  1.10  1.11  1.12  1.12  1.12  1.11  1.08  1.07  1.09  1.08  1.05
 1.10  1.10  1.12  1.13  1.13  1.13  1.12  1.09  1.08  1.10  1.09  1.06
 1.10  1.11  1.12  1.13  1.13  1.13  1.12  1.09  1.08  1.10  1.09  1.06
 1.11  1.11  1.12  1.13  1.13  1.13  1.12  1.09  1.08  1.11  1.09  1.06
 1.11  1.11  1.12  1.13  1.13  1.13  1.13  1.09  1.08  1.11  1.10  1.07
 1.11  1.12  1.13  1.13  1.13  1.13  1.13  1.10  1.09  1.12  1.10  1.08
 1.12  1.12  1.13  1.14  1.13  1.13  1.13  1.10  1.09  1.12  1.11  1.08
 1.12  1.12  1.13  1.13  1.13  1.14  1.14  1.11  1.10  1.13  1.11  1.09
 1.12  1.12  1.13  1.14  1.13  1.14  1.14  1.11  1.10  1.13  1.12  1.09
 1.12  1.13  1.13  1.14  1.13  1.14  1.14  1.11  1.10  1.13  1.11  1.09
 1.12  1.12  1.13  1.13  1.12  1.13  1.13  1.10  1.09  1.12  1.11  1.08
 1.10  1.10  1.11  1.11  1.11  1.12  1.12  1.09  1.08  1.11  1.10  1.07
 1.09  1.09  1.10  1.10  1.09  1.11  1.11  1.07  1.07  1.10  1.08  1.06
 1.08  1.08  1.08  1.09  1.08  1.10  1.10  1.07  1.06  1.09  1.07  1.05
 1.06  1.06  1.07  1.08  1.08  1.10  1.10  1.06  1.06  1.09  1.07  1.05
 1.05  1.05  1.06  1.07  1.07  1.10  1.10  1.07  1.06  1.09  1.08  1.05
 1.04  1.05  1.06  1.07  1.07  1.10  1.11  1.07  1.07  1.09  1.08  1.05
 1.03  1.04  1.05  1.06  1.06  1.09  1.10  1.07  1.07  1.09  1.08  1.05
 1.02  1.02  1.03  1.04  1.05  1.07  1.08  1.05  1.05  1.08  1.07  1.04
 0.99  1.00  1.01  1.02  1.02  1.05  1.06  1.03  1.04  1.07  1.06  1.03
 0.96  0.96  0.97  0.98  0.98  1.02  1.03  1.01  1.01  1.05  1.04  1.02
 0.93  0.93  0.94  0.95  0.95  0.98  1.00  0.98  0.99  1.02  1.02  1.00
 0.89  0.89  0.90  0.91  0.91  0.95  0.96  0.95  0.95  0.99  0.98  0.96
 0.85  0.85  0.85  0.86  0.87  0.90  0.92  0.90  0.91  0.94  0.94  0.93
 0.80  0.80  0.80  0.81  0.82  0.85  0.87  0.85  0.86  0.89  0.89  0.88
 0.75  0.75  0.75  0.76  0.77  0.80  0.82  0.80  0.81  0.84  0.84  0.84
 0.71  0.71  0.72  0.73  0.73  0.77  0.78  0.76  0.77  0.80  0.80  0.79
 0.68  0.68  0.69  0.69  0.70  0.73  0.74  0.73  0.73  0.76  0.77  0.76
 0.67  0.67  0.67  0.68  0.69  0.72  0.73  0.72  0.72  0.75  0.75  0.74
 0.66  0.67  0.67  0.68  0.68  0.71  0.72  0.70  0.71  0.74  0.74  0.73
 0.66  0.66  0.66  0.67  0.67  0.70  0.71  0.69  0.70  0.73  0.73  0.72
 0.65  0.65  0.65  0.65  0.66  0.69  0.69  0.68  0.68  0.71  0.71  0.71
 0.64  0.64  0.64  0.65  0.65  0.68  0.68  0.66  0.67  0.69  0.70  0.70
 0.64  0.64  0.64  0.64  0.64  0.67  0.66  0.64  0.65  0.67  0.68  0.68
 0.63  0.63  0.63  0.63  0.63  0.66  0.65  0.63  0.64  0.66  0.66  0.67
 0.62  0.61  0.61  0.61  0.61  0.64  0.64  0.62  0.62  0.65  0.65  0.65
 0.61  0.60  0.60  0.60  0.60  0.62  0.62  0.60  0.61  0.63  0.63  0.62
 0.59  0.59  0.58  0.58  0.58  0.61  0.60  0.58  0.59  0.61  0.60  0.60
 0.58  0.57  0.57  0.56  0.56  0.59  0.59  0.57  0.58  0.59  0.59  0.59
 0.56  0.56  0.55  0.54  0.55  0.58  0.57  0.55  0.56  0.58  0.57  0.57
 0.55  0.55  0.54  0.53  0.54  0.57  0.56  0.54  0.55  0.57  0.57  0.56
 0.55  0.54  0.53  0.52  0.53  0.56  0.55  0.53  0.54  0.55  0.55  0.55
 0.54  0.53  0.52  0.51  0.52  0.55  0.54  0.52  0.53  0.54  0.54  0.54
 0.53  0.52  0.51  0.50  0.51  0.54  0.53  0.50  0.51  0.53  0.53  0.53
 0.51  0.51  0.50  0.49  0.49  0.52  0.51  0.49  0.49  0.51  0.51  0.51
 0.49  0.49  0.48  0.47  0.47  0.50  0.49  0.46  0.47  0.49  0.48  0.48
 0.47  0.46  0.46  0.44  0.45  0.48  0.47  0.44  0.45  0.47  0.46  0.46
 0.45  0.44  0.44  0.42  0.43  0.46  0.45  0.42  0.43  0.45  0.44  0.44
 0.43  0.42  0.42  0.40  0.41  0.44  0.43  0.40  0.41  0.43  0.42  0.41
 0.41  0.40  0.39  0.38  0.39  0.42  0.41  0.38  0.39  0.40  0.39  0.39
year 2008
 0.21  0.18  0.16  0.19  0.23  0.23  0.23  0.27  0.30  0.29  0.30  0.31
 0.21  0.18  0.16  0.19  0.23  0.24  0.24  0.29  0.32  0.31  0.32  0.32
 0.21  0.18  0.16  0.20  0.24  0.24  0.24  0.30  0.33  0.31  0.33  0.33
 0.22  0.20  0.18  0.21  0.25  0.25  0.25  0.30  0.33  0.32  0.33  0.33
 0.24  0.21  0.20  0.23  0.27  0.27  0.27  0.32  0.35  0.33  0.34  0.34
 0.25  0.22  0.21  0.24  0.28  0.28  0.28  0.33  0.36  0.34  0.35  0.35
 0.26  0.23  0.22  0.25  0.29  0.29  0.29  0.35  0.38  0.36  0.37  0.38
 0.27  0.25  0.23  0.27  0.31  0.31  0.32  0.37  0.40  0.38  0.39  0.40
 0.30  0.27  0.26  0.29  0.33  0.34  0.34  0.40  0.43  0.41  0.42  0.43
 0.32  0.29  0.28  0.32  0.36  0.37  0.37  0.43  0.46  0.44  0.45  0.46
 0.35  0.32  0.31  0.35  0.39  0.39  0.40  0.45  0.48  0.46  0.47  0.49
 0.37  0.35  0.34  0.38  0.42  0.42  0.42  0.48  0.50  0.48  0.49  0.50
 0.40  0.37  0.37  0.40  0.44  0.44  0.45  0.50  0.52  0.50  0.51  0.52
 0.42  0.39  0.39  0.43  0.46  0.46  0.47  0.52  0.54  0.51  0.52  0.53
 0.43  0.41  0.40  0.44  0.48  0.48  0.48  0.54  0.56  0.53  0.54  0.55
 0.45  0.43  0.42  0.46  0.50  0.50  0.50  0.55  0.57  0.54  0.55  0.56
 0.46  0.44  0.44  0.48  0.52  0.52  0.52  0.57  0.58  0.55  0.56  0.57
 0.48  0.45  0.45  0.49  0.53  0.53  0.53  0.58  0.59  0.56  0.57  0.58
 0.48  0.46  0.46  0.50  0.54  0.54  0.54  0.58  0.60  0.57  0.58  0.59
 0.49  0.47  0.46  0.50  0.54  0.54  0.54  0.59  0.61  0.58  0.58  0.59
 0.49  0.47  0.47  0.50  0.54  0.54  0.54  0.59  0.61  0.58  0.59  0.60
 0.49  0.47  0.46  0.50  0.54  0.53  0.54  0.58  0.60  0.57  0.58  0.59
 0.49  0.47  0.46  0.49  0.53  0.53  0.53  0.57  0.59  0.57  0.58  0.59
 0.49  0.47  0.46  0.49  0.52  0.52  0.52  0.57  0.59  0.56  0.57  0.58
 0.50  0.47  0.46  0.49  0.52  0.51  0.51  0.56  0.58  0.55  0.56  0.57
 0.50  0.47  0.45  0.48  0.51  0.51  0.51  0.56  0.58  0.55  0.56  0.57
 0.50  0.47  0.45  0.48  0.51  0.51  0.51  0.56  0.58  0.55  0.56  0.57
 0.50  0.47  0.46  0.49  0.52  0.51  0.52  0.56  0.58  0.55  0.56  0.57
 0.51  0.48  0.46  0.49  0.52  0.52  0.53  0.57  0.59  0.56  0.57  0.58
 0.52  0.49  0.48  0.51  0.54  0.54  0.54  0.59  0.61  0.58  0.59  0.60
 0.55  0.52  0.51  0.54  0.56  0.56  0.56  0.61  0.63  0.60  0.61  0.63
 0.57  0.55  0.54  0.56  0.59  0.58  0.59  0.63  0.65  0.63  0.64  0.66
 0.61  0.58  0.57  0.60  0.62  0.61  0.61  0.66  0.68  0.66  0.67  0.69
 0.65  0.62  0.61  0.64  0.66  0.65  0.65  0.70  0.72  0.70  0.71  0.74
 0.69  0.67  0.66  0.68  0.70  0.69  0.69  0.74  0.76  0.74  0.76  0.78
 0.73  0.71  0.70  0.72  0.73  0.72  0.73  0.78  0.81  0.79  0.80  0.83
 0.77  0.75  0.74  0.75  0.77  0.76  0.76  0.82  0.84  0.83  0.84  0.87
 0.80  0.78  0.77  0.78  0.79  0.78  0.79  0.85  0.88  0.87  0.88  0.91
 0.83  0.81  0.79  0.81  0.82  0.81  0.83  0.89  0.92  0.91  0.93  0.95
 0.85  0.83  0.82  0.83  0.85  0.84  0.85  0.92  0.95  0.94  0.96  0.98
 0.87  0.85  0.83  0.85  0.86  0.86  0.87  0.94  0.97  0.97  0.99  1.01
 0.89  0.86  0.85  0.86  0.87  0.87  0.88  0.95  0.99  0.98  1.00  1.03
 0.90  0.88  0.86  0.87  0.88  0.87  0.88  0.95  0.99  0.99  1.01  1.03
 0.92  0.89  0.86  0.87  0.88  0.87  0.88  0.94  0.99  0.99  1.01  1.04
 0.93  0.90  0.87  0.88  0.88  0.87  0.88  0.94  0.98  0.98  1.01  1.04
 0.95  0.91  0.88  0.88  0.89  0.88  0.89  0.95  0.99  0.99  1.01  1.04
 0.97  0.92  0.89  0.89  0.90  0.90  0.91  0.96  1.00  1.00  1.02  1.05
 0.99  0.95  0.91  0.91  0.92  0.92  0.93  0.98  1.02  1.01  1.04  1.07
 1.01  0.97  0.93  0.93  0.94  0.94  0.95  1.01  1.04  1.03  1.05  1.09
 1.03  0.99  0.95  0.95  0.96  0.96  0.97  1.02  1.06  1.05  1.07  1.10
 1.04  1.00  0.97  0.97  0.98  0.98  0.99  1.04  1.07  1.06  1.08  1.11
 1.04  1.01  0.98  0.99  1.00  1.00  1.01  1.06  1.09  1.08  1.10  1.13
 1.05  1.02  1.00  1.01  1.03  1.03  1.03  1.08  1.10  1.09  1.11  1.13
 1.06  1.04  1.02  1.03  1.05  1.05  1.05  1.10  1.12  1.10  1.12  1.14
 1.07  1.05  1.04  1.06  1.08  1.08  1.08  1.12  1.14  1.12  1.14  1.16
 1.08  1.07  1.06  1.08  1.10  1.10  1.10  1.13  1.15  1.13  1.15  1.17
 1.09  1.08  1.07  1.09  1.12  1.12  1.11  1.15  1.16  1.14  1.16  1.18
 1.09  1.09  1.08  1.11  1.13  1.13  1.13  1.16  1.17  1.15  1.16  1.18
 1.09  1.09  1.09  1.11  1.13  1.13  1.13  1.15  1.16  1.14  1.15  1.17
 1.08  1.08  1.08  1.10  1.13  1.13  1.12  1.14  1.15  1.13  1.14  1.15
 1.07  1.07  1.07  1.09  1.12  1.12  1.11  1.13  1.14  1.11  1.12  1.14
 1.06  1.05  1.06  1.08  1.11  1.10  1.10  1.12  1.13  1.10  1.11  1.13
 1.05  1.04  1.05  1.07  1.09  1.09  1.09  1.11  1.12  1.09  1.11  1.12
 1.04  1.04  1.04  1.06  1.09  1.08  1.08  1.10  1.11  1.08  1.10  1.12
 1.05  1.04  1.04  1.05  1.08  1.08  1.07  1.10  1.10  1.08  1.09  1.11
 1.05  1.04  1.03  1.05  1.07  1.07  1.06  1.09  1.09  1.07  1.08  1.10
 1.04  1.03  1.03  1.05  1.07  1.06  1.06  1.09  1.08  1.06  1.07  1.09
 1.03  1.03  1.02  1.04  1.06  1.06  1.05  1.08  1.07  1.05  1.06  1.08
 1.03  1.02  1.02  1.03  1.06  1.05  1.05  1.07  1.06  1.03  1.04  1.06
 1.02  1.01  1.01  1.03  1.05  1.04  1.04  1.06  1.04  1.02  1.03  1.05
 0.99  0.99  0.99  1.01  1.03  1.02  1.02  1.03  1.02  0.99  1.00  1.02
 0.96  0.96  0.96  0.98  1.00  0.99  0.99  1.01  0.99  0.97  0.98  1.00
 0.93  0.92  0.92  0.94  0.97  0.96  0.97  0.99  0.97  0.94  0.95  0.97
 0.89  0.89  0.89  0.90  0.93  0.92  0.93  0.94  0.92  0.89  0.90  0.92
 0.84  0.85  0.85  0.87  0.89  0.88  0.88  0.89  0.87  0.84  0.85  0.87
 0.80  0.80  0.80  0.81  0.83  0.82  0.83  0.84  0.82  0.80  0.81  0.83
 0.77  0.77  0.77  0.78  0.80  0.79  0.80  0.82  0.79  0.77  0.78  0.80
 0.75  0.75  0.75  0.76  0.78  0.77  0.78  0.79  0.77  0.74  0.75  0.77
 0.74  0.74  0.74  0.75  0.77  0.76  0.77  0.78  0.76  0.73  0.74  0.75
 0.74  0.74  0.74  0.75  0.76  0.76  0.76  0.77  0.74  0.71  0.72  0.74
 0.73  0.73  0.73  0.74  0.75  0.75  0.75  0.76  0.73  0.71  0.71  0.73
 0.71  0.71  0.71  0.72  0.73  0.73  0.74  0.74  0.72  0.69  0.70  0.71
 0.69  0.70  0.70  0.70  0.71  0.71  0.72  0.73  0.71  0.69  0.69  0.70
 0.68  0.68  0.68  0.68  0.69  0.69  0.70  0.71  0.69  0.67  0.68  0.69
 0.66  0.67  0.66  0.66  0.68  0.67  0.69  0.69  0.68  0.66  0.67  0.68
 0.64  0.64  0.64  0.64  0.65  0.65  0.67  0.67  0.66  0.65  0.65  0.67
 0.62  0.62  0.62  0.62  0.63  0.63  0.64  0.65  0.64  0.63  0.64  0.65
 0.60  0.61  0.60  0.60  0.61  0.61  0.63  0.63  0.63  0.61  0.62  0.64
 0.59  0.59  0.59  0.59  0.60  0.60  0.62  0.62  0.62  0.61  0.61  0.63
 0.58  0.59  0.58  0.58  0.59  0.59  0.60  0.61  0.60  0.59  0.60  0.61
 0.57  0.57  0.57  0.57  0.58  0.58  0.59  0.60  0.59  0.58  0.59  0.60
 0.56  0.56  0.56  0.56  0.56  0.56  0.57  0.58  0.57  0.56  0.56  0.58
 0.54  0.55  0.54  0.54  0.54  0.54  0.55  0.55  0.55  0.54  0.54  0.55
 0.52  0.53  0.52  0.52  0.52  0.52  0.53  0.53  0.53  0.52  0.52  0.53
 0.49  0.50  0.50  0.49  0.50  0.49  0.50  0.51  0.51  0.49  0.49  0.50
 0.47  0.47  0.47  0.47  0.47  0.47  0.48  0.48  0.48  0.47  0.47  0.48
 0.45  0.45  0.45  0.45  0.45  0.45  0.45  0.46  0.45  0.44  0.44  0.45
 0.42  0.43  0.43  0.42  0.42  0.42  0.43  0.43  0.43  0.42  0.42  0.43
 0.39  0.40  0.40  0.40  0.40  0.40  0.40  0.41  0.41  0.40  0.40  0.41
year 2009
 0.31  0.30  0.29  0.28  0.24  0.25  0.27  0.25  0.25  0.25  0.24  0.24
 0.32  0.31  0.30  0.28  0.24  0.25  0.27  0.25  0.24  0.25  0.23  0.23
 0.32  0.32  0.31  0.29  0.26  0.27  0.29  0.26  0.26  0.26  0.24  0.24
 0.32  0.32  0.31  0.30  0.26  0.28  0.30  0.27  0.27  0.27  0.26  0.25
 0.33  0.32  0.32  0.30  0.27  0.29  0.31  0.28  0.28  0.29  0.27  0.27
 0.34  0.34  0.33  0.32  0.29  0.31  0.33  0.31  0.30  0.31  0.30  0.30
 0.37  0.36  0.36  0.35  0.32  0.34  0.37  0.34  0.34  0.34  0.33  0.33
 0.40  0.39  0.39  0.39  0.36  0.38  0.40  0.38  0.38  0.38  0.37  0.36
 0.42  0.42  0.43  0.42  0.39  0.42  0.44  0.41  0.41  0.41  0.40  0.40
 0.45  0.45  0.46  0.45  0.42  0.45  0.47  0.44  0.44  0.44  0.43  0.42
 0.48  0.48  0.49  0.48  0.45  0.47  0.49  0.47  0.46  0.47  0.46  0.45
 0.50  0.50  0.51  0.50  0.47  0.49  0.52  0.49  0.49  0.49  0.48  0.48
 0.51  0.51  0.52  0.51  0.49  0.51  0.53  0.51  0.51  0.51  0.50  0.50
 0.53  0.53  0.54  0.53  0.50  0.52  0.54  0.52  0.52  0.52  0.52  0.52
 0.54  0.54  0.55  0.54  0.51  0.54  0.56  0.53  0.53  0.54  0.53  0.53
 0.55  0.55  0.56  0.55  0.52  0.55  0.56  0.54  0.54  0.55  0.54  0.54
 0.56  0.56  0.57  0.56  0.53  0.55  0.57  0.55  0.55  0.55  0.55  0.56
 0.57  0.57  0.58  0.57  0.54  0.56  0.58  0.56  0.56  0.56  0.56  0.57
 0.58  0.58  0.59  0.57  0.55  0.57  0.58  0.56  0.56  0.57  0.57  0.58
 0.59  0.59  0.59  0.58  0.55  0.57  0.59  0.56  0.56  0.57  0.57  0.59
 0.59  0.59  0.59  0.58  0.56  0.58  0.59  0.57  0.57  0.57  0.58  0.59
 0.59  0.59  0.60  0.58  0.56  0.58  0.60  0.57  0.57  0.58  0.58  0.60
 0.59  0.59  0.59  0.58  0.56  0.58  0.60  0.58  0.58  0.58  0.59  0.60
 0.58  0.58  0.59  0.58  0.56  0.58  0.60  0.58  0.58  0.59  0.59  0.61
 0.58  0.58  0.59  0.58  0.56  0.58  0.60  0.58  0.59  0.59  0.60  0.61
 0.57  0.58  0.59  0.58  0.56  0.58  0.60  0.59  0.59  0.60  0.60  0.62
 0.58  0.58  0.59  0.58  0.56  0.59  0.61  0.60  0.60  0.61  0.61  0.63
 0.58  0.59  0.59  0.59  0.56  0.59  0.62  0.61  0.61  0.62  0.62  0.63
 0.59  0.60  0.61  0.60  0.58  0.61  0.64  0.63  0.63  0.63  0.63  0.63
 0.61  0.62  0.63  0.62  0.60  0.64  0.67  0.65  0.65  0.64  0.63  0.64
 0.64  0.65  0.66  0.65  0.64  0.67  0.70  0.68  0.67  0.66  0.65  0.66
 0.67  0.69  0.70  0.70  0.68  0.72  0.74  0.72  0.71  0.69  0.68  0.68
 0.71  0.73  0.75  0.74  0.73  0.77  0.79  0.76  0.75  0.73  0.72  0.72
 0.76  0.78  0.80  0.79  0.78  0.82  0.84  0.80  0.79  0.77  0.76  0.75
 0.81  0.83  0.85  0.85  0.83  0.87  0.88  0.85  0.83  0.81  0.80  0.79
 0.85  0.87  0.89  0.90  0.88  0.91  0.93  0.89  0.88  0.85  0.84  0.83
 0.89  0.91  0.93  0.94  0.93  0.96  0.97  0.93  0.91  0.88  0.86  0.85
 0.93  0.95  0.97  0.98  0.97  0.99  1.00  0.96  0.93  0.90  0.87  0.86
 0.97  0.99  1.01  1.01  1.00  1.02  1.03  0.98  0.94  0.91  0.88  0.87
 1.00  1.02  1.03  1.04  1.02  1.05  1.05  1.00  0.96  0.91  0.88  0.87
 1.02  1.04  1.06  1.06  1.04  1.07  1.07  1.01  0.97  0.92  0.89  0.88
 1.04  1.06  1.07  1.07  1.06  1.08  1.08  1.03  0.98  0.93  0.89  0.89
 1.05  1.07  1.09  1.09  1.08  1.10  1.10  1.04  0.99  0.94  0.91  0.90
 1.06  1.07  1.09  1.10  1.09  1.11  1.11  1.05  1.01  0.95  0.92  0.91
 1.06  1.08  1.09  1.10  1.09  1.12  1.12  1.06  1.01  0.96  0.92  0.91
 1.06  1.08  1.10  1.11  1.10  1.12  1.12  1.06  1.02  0.96  0.93  0.91
 1.07  1.10  1.12  1.12  1.11  1.13  1.12  1.07  1.02  0.97  0.93  0.92
 1.09  1.11  1.14  1.14  1.13  1.14  1.13  1.08  1.03  0.98  0.94  0.92
 1.11  1.13  1.15  1.16  1.14  1.15  1.14  1.08  1.03  0.98  0.95  0.93
 1.12  1.14  1.16  1.17  1.14  1.15  1.14  1.08  1.03  0.98  0.94  0.93
 1.13  1.15  1.17  1.17  1.14  1.14  1.13  1.07  1.02  0.97  0.94  0.93
 1.14  1.16  1.17  1.17  1.14  1.14  1.12  1.06  1.01  0.96  0.93  0.92
 1.15  1.16  1.17  1.16  1.13  1.12  1.11  1.05  1.00  0.95  0.92  0.91
 1.15  1.16  1.16  1.16  1.12  1.11  1.10  1.04  1.00  0.95  0.92  0.91
 1.16  1.16  1.16  1.15  1.11  1.10  1.09  1.03  0.99  0.95  0.92  0.91
 1.17  1.17  1.17  1.15  1.11  1.10  1.08  1.03  0.99  0.94  0.91  0.91
 1.18  1.17  1.17  1.15  1.10  1.09  1.07  1.02  0.98  0.93  0.91  0.90
 1.18  1.17  1.16  1.14  1.09  1.08  1.06  1.01  0.97  0.93  0.90  0.90
 1.17  1.16  1.15  1.13  1.08  1.06  1.04  0.99  0.96  0.92  0.89  0.89
 1.15  1.14  1.12  1.10  1.05  1.04  1.02  0.97  0.94  0.91  0.88  0.88
 1.14  1.12  1.11  1.09  1.03  1.02  1.00  0.95  0.93  0.89  0.87  0.87
 1.13  1.11  1.09  1.07  1.02  1.00  0.99  0.94  0.92  0.89  0.86  0.86
 1.12  1.10  1.08  1.06  1.01  1.00  0.98  0.93  0.91  0.88  0.86  0.85
 1.12  1.10  1.08  1.06  1.01  0.99  0.97  0.92  0.90  0.87  0.85  0.84
 1.11  1.09  1.07  1.05  1.00  0.98  0.96  0.92  0.89  0.86  0.84  0.83
 1.10  1.08  1.06  1.04  1.00  0.98  0.96  0.91  0.89  0.86  0.84  0.83
 1.09  1.08  1.05  1.04  0.99  0.97  0.95  0.91  0.89  0.86  0.84  0.83
 1.09  1.07  1.05  1.03  0.99  0.97  0.95  0.91  0.89  0.86  0.84  0.83
 1.07  1.05  1.03  1.02  0.98  0.96  0.94  0.91  0.90  0.87  0.84  0.83
 1.05  1.03  1.01  1.00  0.96  0.95  0.93  0.90  0.89  0.87  0.84  0.83
 1.03  1.01  0.99  0.97  0.94  0.93  0.92  0.89  0.89  0.87  0.84  0.83
 1.00  0.99  0.97  0.95  0.92  0.92  0.90  0.88  0.88  0.85  0.83  0.81
 0.97  0.96  0.94  0.93  0.89  0.89  0.87  0.84  0.85  0.83  0.80  0.79
 0.92  0.91  0.90  0.88  0.85  0.85  0.83  0.82  0.83  0.82  0.80  0.78
 0.87  0.86  0.84  0.82  0.79  0.79  0.78  0.77  0.79  0.78  0.76  0.75
 0.82  0.81  0.79  0.77  0.74  0.75  0.74  0.73  0.75  0.75  0.73  0.72
 0.80  0.78  0.77  0.75  0.72  0.73  0.72  0.72  0.74  0.74  0.72  0.71
 0.77  0.75  0.74  0.72  0.70  0.71  0.70  0.70  0.73  0.73  0.72  0.71
 0.75  0.73  0.72  0.71  0.68  0.70  0.70  0.70  0.74  0.74  0.73  0.72
 0.73  0.72  0.71  0.70  0.68  0.69  0.70  0.71  0.74  0.75  0.74  0.72
 0.72  0.70  0.70  0.69  0.67  0.69  0.70  0.71  0.74  0.75  0.73  0.72
 0.71  0.69  0.69  0.68  0.66  0.68  0.69  0.70  0.73  0.74  0.73  0.71
 0.69  0.68  0.68  0.67  0.66  0.68  0.68  0.70  0.72  0.73  0.72  0.71
 0.68  0.67  0.67  0.67  0.65  0.67  0.68  0.69  0.72  0.72  0.71  0.70
 0.67  0.65  0.66  0.66  0.65  0.66  0.67  0.68  0.70  0.70  0.69  0.68
 0.66  0.64  0.64  0.65  0.63  0.65  0.66  0.67  0.69  0.69  0.68  0.66
 0.64  0.63  0.63  0.64  0.62  0.64  0.65  0.66  0.67  0.67  0.66  0.64
 0.63  0.61  0.62  0.62  0.61  0.62  0.64  0.64  0.66  0.66  0.65  0.63
 0.62  0.60  0.61  0.61  0.60  0.61  0.63  0.64  0.65  0.64  0.63  0.62
 0.61  0.59  0.59  0.61  0.59  0.61  0.62  0.63  0.64  0.63  0.62  0.60
 0.59  0.58  0.58  0.59  0.58  0.59  0.61  0.61  0.62  0.62  0.60  0.59
 0.57  0.56  0.56  0.58  0.57  0.58  0.59  0.60  0.61  0.60  0.59  0.57
 0.54  0.53  0.54  0.55  0.55  0.56  0.57  0.58  0.58  0.58  0.57  0.55
 0.52  0.51  0.51  0.53  0.52  0.53  0.55  0.55  0.56  0.55  0.54  0.52
 0.50  0.49  0.49  0.51  0.50  0.51  0.52  0.52  0.53  0.52  0.51  0.49
 0.48  0.47  0.47  0.49  0.48  0.48  0.50  0.50  0.50  0.49  0.48  0.46
 0.45  0.44  0.45  0.47  0.46  0.46  0.47  0.47  0.47  0.46  0.45  0.43
 0.43  0.42  0.43  0.44  0.43  0.43  0.44  0.44  0.44  0.43  0.41  0.40
 0.41  0.40  0.40  0.42  0.41  0.41  0.41  0.41  0.41  0.40  0.39  0.37
year 2010
 0.24  0.24  0.26  0.24  0.23  0.23  0.19  0.18  0.19  0.19  0.21  0.22
 0.23  0.24  0.25  0.24  0.23  0.23  0.18  0.18  0.18  0.18  0.21  0.21
 0.25  0.25  0.26  0.24  0.23  0.23  0.19  0.19  0.19  0.19  0.21  0.21
 0.26  0.26  0.27  0.25  0.24  0.25  0.21  0.20  0.20  0.20  0.22  0.23
 0.28  0.28  0.29  0.27  0.26  0.26  0.22  0.22  0.21  0.21  0.23  0.24
 0.31  0.31  0.32  0.29  0.28  0.28  0.23  0.23  0.22  0.21  0.24  0.25
 0.34  0.34  0.34  0.32  0.31  0.30  0.26  0.25  0.24  0.23  0.25  0.26
 0.37  0.37  0.37  0.35  0.34  0.33  0.28  0.27  0.26  0.25  0.27  0.27
 0.40  0.40  0.40  0.38  0.36  0.35  0.30  0.29  0.28  0.26  0.28  0.29
 0.43  0.43  0.43  0.40  0.38  0.37  0.32  0.31  0.29  0.28  0.30  0.30
 0.46  0.45  0.45  0.42  0.40  0.39  0.34  0.33  0.31  0.30  0.32  0.32
 0.48  0.48  0.47  0.44  0.42  0.41  0.36  0.35  0.33  0.32  0.33  0.33
 0.51  0.50  0.49  0.46  0.44  0.43  0.38  0.36  0.35  0.33  0.35  0.34
 0.52  0.52  0.51  0.47  0.45  0.44  0.39  0.38  0.36  0.34  0.36  0.35
 0.54  0.53  0.52  0.49  0.46  0.45  0.40  0.39  0.38  0.36  0.37  0.37
 0.55  0.55  0.54  0.50  0.48  0.47  0.42  0.41  0.39  0.37  0.38  0.38
 0.57  0.56  0.55  0.51  0.49  0.48  0.43  0.42  0.40  0.38  0.39  0.38
 0.58  0.58  0.56  0.52  0.50  0.49  0.44  0.43  0.41  0.39  0.40  0.39
 0.59  0.59  0.57  0.53  0.51  0.50  0.45  0.44  0.43  0.41  0.41  0.41
 0.60  0.59  0.58  0.54  0.52  0.51  0.46  0.45  0.44  0.42  0.43  0.42
 0.60  0.60  0.58  0.54  0.52  0.51  0.47  0.46  0.44  0.43  0.44  0.43
 0.61  0.61  0.59  0.55  0.53  0.52  0.47  0.46  0.45  0.44  0.44  0.43
 0.61  0.61  0.59  0.55  0.53  0.52  0.47  0.46  0.45  0.44  0.44  0.43
 0.62  0.61  0.60  0.55  0.53  0.52  0.47  0.46  0.45  0.44  0.44  0.43
 0.62  0.61  0.60  0.55  0.53  0.52  0.47  0.47  0.45  0.44  0.44  0.43
 0.62  0.62  0.60  0.56  0.54  0.52  0.48  0.47  0.45  0.44  0.44  0.43
 0.63  0.62  0.60  0.56  0.54  0.53  0.48  0.47  0.45  0.44  0.45  0.44
 0.63  0.62  0.60  0.56  0.54  0.53  0.48  0.47  0.45  0.44  0.45  0.44
 0.64  0.62  0.61  0.57  0.55  0.53  0.47  0.46  0.45  0.44  0.46  0.45
 0.64  0.63  0.61  0.57  0.55  0.53  0.47  0.47  0.46  0.45  0.47  0.47
 0.65  0.64  0.62  0.58  0.55  0.53  0.48  0.47  0.47  0.47  0.50  0.50
 0.67  0.65  0.63  0.59  0.56  0.54  0.48  0.48  0.49  0.49  0.52  0.53
 0.70  0.68  0.65  0.60  0.58  0.55  0.50  0.50  0.51  0.52  0.56  0.57
 0.74  0.71  0.68  0.63  0.60  0.58  0.54  0.54  0.55  0.56  0.60  0.60
 0.77  0.73  0.70  0.66  0.63  0.62  0.57  0.58  0.59  0.61  0.64  0.65
 0.80  0.76  0.73  0.68  0.66  0.65  0.61  0.61  0.63  0.64  0.68  0.68
 0.82  0.78  0.74  0.69  0.67  0.66  0.62  0.64  0.65  0.67  0.71  0.72
 0.83  0.79  0.75  0.70  0.68  0.67  0.64  0.65  0.67  0.70  0.74  0.74
 0.84  0.80  0.76  0.72  0.69  0.68  0.65  0.67  0.69  0.73  0.77  0.77
 0.85  0.81  0.78  0.73  0.71  0.70  0.67  0.69  0.72  0.75  0.80  0.80
 0.85  0.82  0.79  0.75  0.72  0.71  0.68  0.70  0.73  0.77  0.82  0.82
 0.86  0.83  0.80  0.76  0.74  0.73  0.70  0.72  0.75  0.79  0.83  0.83
 0.87  0.84  0.81  0.77  0.75  0.74  0.71  0.73  0.76  0.80  0.84  0.84
 0.88  0.85  0.82  0.78  0.76  0.75  0.72  0.74  0.77  0.81  0.85  0.85
 0.89  0.86  0.82  0.78  0.76  0.76  0.73  0.75  0.78  0.82  0.86  0.86
 0.89  0.85  0.82  0.78  0.76  0.76  0.74  0.76  0.79  0.83  0.86  0.87
 0.89  0.86  0.82  0.78  0.76  0.77  0.74  0.77  0.80  0.84  0.88  0.88
 0.90  0.86  0.83  0.78  0.77  0.78  0.76  0.79  0.82  0.86  0.89  0.89
 0.91  0.87  0.83  0.79  0.78  0.79  0.77  0.80  0.84  0.87  0.91  0.91
 0.91  0.88  0.84  0.80  0.79  0.80  0.79  0.82  0.85  0.89  0.93  0.92
 0.91  0.88  0.84  0.80  0.80  0.81  0.80  0.82  0.86  0.90  0.93  0.93
 0.90  0.88  0.85  0.81  0.81  0.82  0.80  0.83  0.86  0.90  0.94  0.94
 0.90  0.88  0.85  0.82  0.82  0.83  0.81  0.83  0.86  0.90  0.95  0.95
 0.90  0.88  0.86  0.82  0.83  0.84  0.82  0.84  0.86  0.90  0.94  0.95
 0.90  0.88  0.86  0.83  0.84  0.85  0.82  0.84  0.86  0.90  0.94  0.95
 0.90  0.89  0.87  0.83  0.84  0.85  0.83  0.84  0.86  0.90  0.94  0.95
 0.89  0.88  0.87  0.84  0.85  0.86  0.83  0.84  0.86  0.90  0.94  0.94
 0.89  0.88  0.87  0.84  0.85  0.86  0.83  0.84  0.86  0.90  0.94  0.94
 0.88  0.88  0.87  0.84  0.85  0.86  0.83  0.84  0.86  0.90  0.94  0.94
 0.87  0.87  0.86  0.84  0.85  0.86  0.84  0.85  0.87  0.90  0.95  0.95
 0.86  0.86  0.86  0.84  0.85  0.87  0.84  0.86  0.87  0.91  0.95  0.96
 0.86  0.86  0.86  0.84  0.86  0.87  0.85  0.86  0.88  0.91  0.95  0.95
 0.85  0.86  0.86  0.84  0.86  0.87  0.84  0.86  0.87  0.91  0.95  0.95
 0.84  0.85  0.85  0.83  0.85  0.86  0.83  0.85  0.87  0.90  0.95  0.95
 0.83  0.84  0.84  0.82  0.84  0.85  0.82  0.84  0.86  0.89  0.94  0.95
 0.83  0.83  0.83  0.81  0.83  0.84  0.81  0.83  0.85  0.89  0.93  0.95
 0.83  0.83  0.83  0.81  0.83  0.84  0.81  0.83  0.85  0.88  0.93  0.95
 0.82  0.83  0.82  0.80  0.82  0.83  0.80  0.82  0.84  0.88  0.93  0.94
 0.82  0.82  0.82  0.80  0.82  0.82  0.80  0.82  0.84  0.87  0.92  0.94
 0.82  0.82  0.82  0.80  0.82  0.82  0.79  0.81  0.83  0.86  0.90  0.92
 0.82  0.82  0.82  0.79  0.81  0.82  0.78  0.80  0.82  0.85  0.89  0.91
 0.80  0.80  0.80  0.78  0.80  0.80  0.77  0.79  0.80  0.83  0.88  0.89
 0.78  0.78  0.78  0.76  0.78  0.78  0.75  0.77  0.78  0.81  0.85  0.86
 0.77  0.77  0.76  0.75  0.77  0.78  0.74  0.76  0.76  0.78  0.82  0.82
 0.74  0.75  0.75  0.74  0.77  0.77  0.74  0.75  0.75  0.76  0.79  0.80
 0.72  0.73  0.73  0.73  0.76  0.77  0.73  0.74  0.74  0.75  0.78  0.79
 0.71  0.71  0.72  0.72  0.75  0.75  0.72  0.73  0.73  0.73  0.76  0.76
 0.71  0.71  0.71  0.71  0.74  0.74  0.70  0.71  0.71  0.71  0.74  0.74
 0.71  0.72  0.72  0.71  0.74  0.73  0.69  0.70  0.69  0.69  0.72  0.72
 0.71  0.72  0.71  0.71  0.73  0.72  0.68  0.69  0.68  0.68  0.70  0.70
 0.71  0.72  0.71  0.70  0.72  0.72  0.68  0.68  0.68  0.67  0.70  0.69
 0.71  0.71  0.71  0.70  0.72  0.71  0.67  0.68  0.67  0.67  0.69  0.68
 0.70  0.71  0.71  0.70  0.71  0.71  0.67  0.67  0.66  0.66  0.68  0.67
 0.69  0.70  0.69  0.68  0.70  0.70  0.66  0.66  0.66  0.65  0.67  0.66
 0.68  0.68  0.68  0.67  0.69  0.68  0.65  0.65  0.65  0.65  0.66  0.65
 0.66  0.67  0.66  0.65  0.67  0.67  0.64  0.64  0.64  0.64  0.65  0.64
 0.64  0.65  0.65  0.64  0.65  0.65  0.62  0.63  0.62  0.63  0.64  0.63
 0.63  0.63  0.63  0.62  0.64  0.64  0.61  0.61  0.61  0.61  0.62  0.61
 0.61  0.62  0.62  0.61  0.62  0.62  0.59  0.59  0.59  0.59  0.60  0.59
 0.60  0.60  0.60  0.59  0.60  0.60  0.57  0.57  0.57  0.57  0.58  0.58
 0.58  0.58  0.58  0.57  0.58  0.58  0.55  0.55  0.55  0.55  0.56  0.55
 0.56  0.56  0.56  0.55  0.56  0.56  0.53  0.53  0.52  0.53  0.54  0.53
 0.54  0.54  0.54  0.52  0.53  0.53  0.51  0.50  0.50  0.50  0.51  0.50
 0.51  0.51  0.51  0.50  0.51  0.51  0.48  0.48  0.47  0.48  0.49  0.48
 0.48  0.48  0.48  0.47  0.48  0.48  0.46  0.45  0.45  0.45  0.46  0.46
 0.45  0.45  0.45  0.44  0.44  0.45  0.43  0.43  0.42  0.43  0.44  0.44
 0.42  0.42  0.42  0.41  0.42  0.42  0.40  0.40  0.40  0.41  0.42  0.42
 0.39  0.39  0.39  0.38  0.39  0.39  0.38  0.37  0.37  0.38  0.40  0.40
 0.36  0.36  0.37  0.35  0.36  0.36  0.35  0.35  0.35  0.36  0.38  0.38
year 2011
 0.23  0.26  0.23  0.22  0.26  0.27  0.30  0.32  0.31  0.33  0.34  0.34
 0.23  0.25  0.22  0.22  0.26  0.26  0.29  0.31  0.30  0.32  0.33  0.33
 0.23  0.25  0.22  0.22  0.25  0.26  0.28  0.30  0.30  0.31  0.32  0.32
 0.25  0.27  0.24  0.23  0.26  0.26  0.28  0.29  0.29  0.30  0.30  0.30
 0.26  0.28  0.25  0.25  0.27  0.27  0.29  0.30  0.29  0.29  0.29  0.29
 0.27  0.29  0.26  0.25  0.28  0.27  0.29  0.30  0.29  0.30  0.29  0.29
 0.27  0.30  0.27  0.26  0.29  0.28  0.29  0.30  0.29  0.30  0.30  0.29
 0.29  0.31  0.28  0.28  0.30  0.29  0.30  0.31  0.30  0.30  0.30  0.29
 0.30  0.33  0.30  0.29  0.31  0.30  0.31  0.32  0.31  0.31  0.31  0.30
 0.32  0.35  0.32  0.31  0.33  0.31  0.32  0.33  0.32  0.32  0.31  0.30
 0.34  0.36  0.34  0.33  0.34  0.33  0.34  0.34  0.33  0.33  0.33  0.32
 0.35  0.38  0.35  0.35  0.36  0.34  0.35  0.35  0.34  0.34  0.33  0.32
 0.36  0.39  0.37  0.36  0.37  0.35  0.36  0.36  0.34  0.35  0.34  0.33
 0.38  0.40  0.38  0.38  0.39  0.37  0.37  0.37  0.36  0.36  0.36  0.35
 0.39  0.42  0.40  0.40  0.41  0.39  0.39  0.39  0.37  0.38  0.37  0.36
 0.40  0.43  0.42  0.42  0.43  0.41  0.41  0.41  0.39  0.39  0.39  0.38
 0.41  0.44  0.43  0.43  0.44  0.42  0.43  0.42  0.40  0.41  0.41  0.40
 0.42  0.45  0.44  0.44  0.46  0.44  0.44  0.43  0.41  0.42  0.42  0.41
 0.43  0.47  0.45  0.46  0.47  0.45  0.45  0.44  0.42  0.43  0.42  0.42
 0.44  0.48  0.47  0.47  0.48  0.46  0.46  0.45  0.43  0.43  0.43  0.42
 0.46  0.49  0.48  0.48  0.49  0.47  0.47  0.46  0.43  0.43  0.43  0.42
 0.46  0.50  0.48  0.49  0.50  0.48  0.47  0.46  0.43  0.43  0.43  0.42
 0.46  0.50  0.48  0.49  0.50  0.48  0.48  0.46  0.43  0.43  0.43  0.42
 0.46  0.49  0.48  0.49  0.51  0.48  0.48  0.47  0.44  0.44  0.43  0.42
 0.46  0.49  0.48  0.49  0.51  0.48  0.48  0.47  0.44  0.44  0.43  0.42
 0.46  0.49  0.49  0.49  0.51  0.48  0.48  0.47  0.43  0.43  0.43  0.42
 0.46  0.50  0.49  0.50  0.51  0.49  0.48  0.47  0.44  0.44  0.43  0.43
 0.47  0.51  0.50  0.50  0.52  0.49  0.49  0.48  0.45  0.45  0.44  0.43
 0.48  0.52  0.51  0.52  0.53  0.51  0.51  0.50  0.47  0.46  0.46  0.45
 0.51  0.54  0.53  0.54  0.55  0.53  0.54  0.53  0.50  0.49  0.48  0.47
 0.54  0.57  0.56  0.57  0.58  0.57  0.58  0.57  0.54  0.53  0.51  0.50
 0.57  0.60  0.59  0.60  0.62  0.61  0.62  0.62  0.58  0.57  0.55  0.53
 0.60  0.64  0.63  0.64  0.67  0.66  0.67  0.66  0.62  0.61  0.59  0.58
 0.64  0.68  0.67  0.68  0.71  0.71  0.72  0.71  0.67  0.66  0.64  0.63
 0.68  0.72  0.71  0.73  0.76  0.76  0.77  0.76  0.72  0.70  0.69  0.68
 0.72  0.75  0.75  0.77  0.81  0.81  0.82  0.80  0.76  0.75  0.74  0.72
 0.75  0.78  0.78  0.80  0.84  0.84  0.85  0.84  0.80  0.78  0.77  0.75
 0.77  0.80  0.80  0.83  0.87  0.87  0.88  0.87  0.82  0.80  0.79  0.77
 0.80  0.83  0.82  0.85  0.89  0.89  0.90  0.89  0.85  0.82  0.80  0.79
 0.82  0.84  0.84  0.86  0.90  0.91  0.92  0.91  0.87  0.85  0.83  0.82
 0.84  0.86  0.85  0.87  0.91  0.91  0.93  0.93  0.89  0.87  0.85  0.84
 0.85  0.87  0.86  0.88  0.92  0.92  0.95  0.94  0.91  0.89  0.88  0.87
 0.86  0.88  0.87  0.90  0.93  0.94  0.96  0.96  0.93  0.92  0.91  0.90
 0.87  0.89  0.89  0.91  0.95  0.95  0.98  0.98  0.95  0.95  0.94  0.93
 0.88  0.90  0.90  0.93  0.97  0.97  1.00  1.00  0.98  0.97  0.96  0.95
 0.89  0.91  0.92  0.94  0.98  0.99  1.01  1.02  1.00  1.00  0.99  0.98
 0.90  0.93  0.93  0.96  1.00  1.00  1.03  1.04  1.02  1.02  1.02  1.01
 0.91  0.94  0.95  0.98  1.02  1.02  1.05  1.06  1.04  1.04  1.04  1.04
 0.93  0.96  0.97  0.99  1.03  1.03  1.06  1.08  1.06  1.06  1.06  1.06
 0.94  0.96  0.97  1.00  1.03  1.04  1.07  1.09  1.07  1.08  1.07  1.07
 0.94  0.97  0.97  1.00  1.03  1.03  1.07  1.09  1.08  1.08  1.08  1.07
 0.95  0.97  0.97  0.99  1.03  1.03  1.07  1.09  1.08  1.08  1.08  1.07
 0.96  0.97  0.97  0.99  1.02  1.03  1.07  1.09  1.08  1.09  1.08  1.07
 0.95  0.97  0.97  0.98  1.01  1.02  1.07  1.09  1.08  1.09  1.08  1.08
 0.95  0.97  0.96  0.98  1.01  1.02  1.07  1.10  1.09  1.10  1.09  1.08
 0.95  0.96  0.96  0.97  1.01  1.02  1.07  1.10  1.09  1.10  1.09  1.08
 0.95  0.96  0.95  0.97  1.00  1.01  1.07  1.10  1.10  1.11  1.09  1.08
 0.95  0.95  0.94  0.96  0.99  1.01  1.06  1.10  1.10  1.11  1.09  1.08
 0.94  0.95  0.93  0.95  0.98  1.00  1.06  1.10  1.09  1.10  1.08  1.07
 0.95  0.95  0.93  0.94  0.97  0.99  1.04  1.08  1.08  1.08  1.06  1.05
 0.95  0.95  0.93  0.94  0.96  0.98  1.03  1.06  1.05  1.05  1.04  1.02
 0.95  0.94  0.92  0.93  0.95  0.97  1.01  1.04  1.04  1.03  1.01  1.00
 0.95  0.94  0.92  0.92  0.95  0.96  1.01  1.04  1.03  1.02  1.00  0.99
 0.95  0.94  0.92  0.93  0.95  0.96  1.01  1.03  1.02  1.01  0.99  0.98
 0.95  0.94  0.92  0.93  0.95  0.96  1.01  1.04  1.02  1.02  0.99  0.98
 0.95  0.94  0.93  0.93  0.95  0.97  1.02  1.04  1.02  1.02  0.99  0.97
 0.95  0.94  0.93  0.93  0.95  0.96  1.01  1.03  1.01  1.00  0.98  0.96
 0.95  0.94  0.93  0.93  0.94  0.95  1.00  1.01  0.99  0.98  0.96  0.93
 0.94  0.93  0.92  0.92  0.92  0.93  0.98  0.99  0.97  0.96  0.93  0.91
 0.92  0.92  0.90  0.90  0.90  0.91  0.95  0.96  0.94  0.94  0.91  0.89
 0.91  0.90  0.89  0.89  0.88  0.89  0.93  0.93  0.91  0.91  0.88  0.86
 0.89  0.88  0.86  0.86  0.85  0.86  0.90  0.90  0.88  0.87  0.84  0.82
 0.86  0.85  0.83  0.82  0.81  0.81  0.85  0.85  0.82  0.82  0.80  0.78
 0.82  0.81  0.80  0.79  0.77  0.76  0.80  0.79  0.77  0.77  0.75  0.74
 0.80  0.78  0.77  0.75  0.73  0.72  0.75  0.75  0.72  0.72  0.70  0.69
 0.78  0.76  0.74  0.72  0.69  0.68  0.71  0.69  0.67  0.67  0.65  0.65
 0.75  0.73  0.71  0.69  0.65  0.64  0.66  0.64  0.62  0.62  0.60  0.60
 0.73  0.71  0.68  0.66  0.63  0.61  0.63  0.61  0.58  0.58  0.56  0.55
 0.71  0.69  0.67  0.65  0.61  0.59  0.61  0.58  0.55  0.55  0.53  0.53
 0.69  0.68  0.66  0.64  0.61  0.58  0.60  0.57  0.54  0.54  0.53  0.53
 0.68  0.67  0.65  0.63  0.60  0.57  0.59  0.56  0.53  0.53  0.52  0.52
 0.67  0.65  0.64  0.62  0.59  0.56  0.58  0.56  0.52  0.52  0.51  0.52
 0.66  0.64  0.63  0.61  0.58  0.56  0.57  0.55  0.52  0.52  0.51  0.52
 0.65  0.64  0.62  0.61  0.58  0.55  0.57  0.55  0.52  0.52  0.51  0.52
 0.64  0.63  0.61  0.59  0.57  0.54  0.56  0.54  0.51  0.51  0.51  0.51
 0.63  0.62  0.60  0.58  0.55  0.53  0.55  0.53  0.50  0.50  0.49  0.50
 0.62  0.61  0.58  0.57  0.54  0.52  0.54  0.52  0.49  0.49  0.49  0.49
 0.60  0.59  0.57  0.56  0.53  0.51  0.53  0.51  0.49  0.48  0.48  0.49
 0.59  0.57  0.55  0.54  0.52  0.50  0.51  0.50  0.48  0.47  0.47  0.48
 0.57  0.56  0.54  0.53  0.51  0.48  0.50  0.49  0.47  0.46  0.46  0.47
 0.55  0.54  0.52  0.51  0.49  0.47  0.49  0.48  0.46  0.45  0.45  0.46
 0.53  0.52  0.50  0.49  0.47  0.45  0.47  0.47  0.45  0.44  0.44  0.45
 0.50  0.50  0.48  0.47  0.46  0.44  0.45  0.45  0.44  0.43  0.44  0.44
 0.48  0.48  0.46  0.46  0.44  0.42  0.44  0.44  0.43  0.42  0.43  0.43
 0.46  0.46  0.45  0.44  0.43  0.41  0.42  0.43  0.42  0.41  0.42  0.42
 0.44  0.44  0.43  0.42  0.41  0.40  0.41  0.42  0.41  0.41  0.41  0.41
 0.43  0.43  0.41  0.41  0.40  0.39  0.40  0.41  0.40  0.40  0.40  0.40
 0.41  0.41  0.40  0.39  0.39  0.37  0.39  0.40  0.39  0.39  0.39  0.38
 0.39  0.39  0.38  0.37  0.37  0.36  0.37  0.39  0.38  0.38  0.38  0.37
year 2012
 0.33  0.35  0.38  0.42  0.46  0.45  0.43  0.42  0.42  0.44  0.44  0.44
 0.32  0.34  0.37  0.40  0.45  0.44  0.43  0.42  0.42  0.45  0.45  0.45
 0.31  0.32  0.36  0.39  0.43  0.43  0.42  0.41  0.42  0.45  0.45  0.46
 0.29  0.30  0.33  0.36  0.41  0.41  0.40  0.40  0.41  0.45  0.45  0.46
 0.27  0.28  0.31  0.35  0.39  0.40  0.39  0.39  0.41  0.44  0.46  0.47
 0.27  0.28  0.31  0.34  0.39  0.39  0.38  0.39  0.41  0.44  0.46  0.47
 0.27  0.27  0.30  0.33  0.38  0.38  0.38  0.38  0.40  0.44  0.46  0.47
 0.27  0.27  0.29  0.32  0.37  0.38  0.37  0.38  0.40  0.44  0.46  0.47
 0.28  0.27  0.30  0.32  0.37  0.38  0.37  0.38  0.40  0.44  0.46  0.47
 0.28  0.28  0.30  0.33  0.38  0.39  0.38  0.39  0.41  0.45  0.48  0.49
 0.30  0.29  0.31  0.34  0.39  0.40  0.40  0.41  0.43  0.47  0.50  0.51
 0.30  0.30  0.32  0.35  0.41  0.42  0.42  0.43  0.45  0.50  0.52  0.54
 0.31  0.31  0.33  0.36  0.42  0.43  0.43  0.44  0.47  0.51  0.54  0.56
 0.33  0.32  0.34  0.37  0.43  0.44  0.44  0.45  0.48  0.52  0.55  0.57
 0.34  0.33  0.35  0.38  0.44  0.46  0.46  0.47  0.50  0.54  0.56  0.58
 0.36  0.35  0.36  0.40  0.46  0.47  0.47  0.48  0.51  0.55  0.57  0.59
 0.37  0.36  0.38  0.41  0.47  0.49  0.49  0.50  0.52  0.56  0.59  0.60
 0.39  0.37  0.39  0.43  0.49  0.50  0.50  0.51  0.54  0.58  0.60  0.61
 0.40  0.38  0.40  0.44  0.50  0.52  0.52  0.52  0.55  0.59  0.61  0.62
 0.40  0.39  0.41  0.45  0.50  0.52  0.52  0.53  0.55  0.59  0.61  0.63
 0.40  0.39  0.41  0.45  0.50  0.52  0.52  0.53  0.55  0.59  0.61  0.63
 0.40  0.38  0.41  0.44  0.50  0.52  0.52  0.52  0.54  0.58  0.61  0.62
 0.40  0.39  0.41  0.44  0.49  0.51  0.51  0.51  0.53  0.57  0.59  0.61
 0.40  0.39  0.41  0.45  0.49  0.51  0.50  0.50  0.52  0.56  0.58  0.60
 0.40  0.40  0.42  0.45  0.50  0.51  0.51  0.50  0.52  0.56  0.58  0.59
 0.41  0.40  0.42  0.45  0.50  0.52  0.51  0.51  0.52  0.56  0.58  0.59
 0.41  0.41  0.43  0.46  0.51  0.52  0.52  0.51  0.53  0.56  0.58  0.60
 0.42  0.41  0.44  0.47  0.52  0.53  0.52  0.52  0.53  0.57  0.59  0.60
 0.43  0.43  0.46  0.49  0.53  0.54  0.53  0.53  0.54  0.58  0.60  0.61
 0.45  0.45  0.48  0.51  0.55  0.56  0.55  0.53  0.55  0.59  0.61  0.62
 0.48  0.48  0.51  0.54  0.58  0.58  0.56  0.55  0.56  0.60  0.63  0.64
 0.52  0.52  0.54  0.57  0.61  0.61  0.58  0.57  0.59  0.63  0.66  0.67
 0.56  0.56  0.59  0.61  0.65  0.64  0.61  0.60  0.62  0.66  0.69  0.70
 0.61  0.61  0.64  0.66  0.69  0.68  0.65  0.63  0.65  0.70  0.73  0.74
 0.66  0.66  0.68  0.70  0.72  0.71  0.68  0.67  0.69  0.73  0.76  0.78
 0.71  0.70  0.72  0.73  0.75  0.74  0.71  0.69  0.71  0.76  0.79  0.81
 0.74  0.74  0.75  0.76  0.78  0.76  0.73  0.72  0.74  0.78  0.81  0.83
 0.76  0.76  0.78  0.79  0.81  0.79  0.75  0.74  0.76  0.80  0.83  0.86
 0.78  0.79  0.81  0.82  0.84  0.82  0.78  0.77  0.79  0.83  0.86  0.89
 0.81  0.82  0.85  0.85  0.87  0.85  0.81  0.80  0.81  0.85  0.88  0.91
 0.83  0.85  0.87  0.87  0.89  0.87  0.84  0.82  0.83  0.87  0.89  0.92
 0.86  0.87  0.89  0.89  0.91  0.89  0.85  0.83  0.84  0.88  0.90  0.93
 0.89  0.89  0.91  0.91  0.93  0.91  0.87  0.84  0.85  0.88  0.91  0.94
 0.92  0.92  0.93  0.93  0.94  0.92  0.88  0.85  0.85  0.89  0.92  0.95
 0.94  0.94  0.95  0.95  0.96  0.94  0.89  0.86  0.87  0.90  0.93  0.96
 0.97  0.97  0.98  0.98  0.99  0.97  0.92  0.88  0.88  0.91  0.94  0.97
 1.00  1.00  1.01  1.01  1.02  0.99  0.94  0.90  0.90  0.93  0.95  0.98
 1.03  1.03  1.04  1.03  1.05  1.02  0.97  0.93  0.92  0.94  0.97  0.99
 1.05  1.05  1.06  1.06  1.07  1.04  0.99  0.94  0.93  0.95  0.98  1.00
 1.06  1.06  1.07  1.07  1.08  1.06  1.00  0.96  0.94  0.96  0.98  1.01
 1.07  1.07  1.08  1.08  1.10  1.07  1.01  0.97  0.96  0.97  0.99  1.02
 1.07  1.08  1.09  1.09  1.10  1.08  1.02  0.98  0.97  0.98  1.00  1.03
 1.07  1.08  1.09  1.10  1.11  1.09  1.03  0.99  0.98  0.99  1.02  1.04
 1.08  1.09  1.10  1.11  1.12  1.10  1.04  1.00  0.99  1.01  1.03  1.06
 1.08  1.09  1.10  1.11  1.12  1.10  1.05  1.01  1.00  1.02  1.04  1.07
 1.08  1.09  1.11  1.11  1.13  1.10  1.05  1.01  1.00  1.02  1.04  1.07
 1.08  1.09  1.11  1.11  1.13  1.10  1.05  1.01  1.00  1.02  1.04  1.06
 1.08  1.09  1.11  1.12  1.13  1.11  1.05  1.01  1.00  1.01  1.03  1.05
 1.07  1.09  1.10  1.11  1.13  1.10  1.04  1.00  0.99  1.00  1.02  1.04
 1.05  1.06  1.08  1.10  1.11  1.08  1.03  0.99  0.97  0.98  1.01  1.03
 1.03  1.04  1.06  1.07  1.09  1.06  1.01  0.98  0.96  0.97  0.99  1.02
 1.00  1.02  1.04  1.06  1.07  1.04  1.00  0.96  0.94  0.95  0.98  1.00
 0.99  1.01  1.03  1.04  1.05  1.02  0.98  0.95  0.93  0.94  0.97  0.99
 0.98  1.00  1.02  1.03  1.04  1.01  0.96  0.93  0.91  0.93  0.96  0.98
 0.98  0.99  1.01  1.03  1.03  1.00  0.96  0.92  0.90  0.92  0.95  0.97
 0.97  0.98  1.00  1.02  1.03  1.00  0.95  0.92  0.90  0.92  0.95  0.97
 0.95  0.97  0.99  1.01  1.02  0.99  0.95  0.92  0.90  0.92  0.95  0.97
 0.93  0.95  0.97  0.99  1.01  0.98  0.94  0.91  0.89  0.91  0.94  0.97
 0.90  0.92  0.95  0.97  0.99  0.97  0.93  0.90  0.88  0.90  0.93  0.95
 0.88  0.90  0.92  0.95  0.97  0.95  0.91  0.88  0.87  0.88  0.91  0.93
 0.86  0.87  0.89  0.92  0.95  0.93  0.89  0.86  0.85  0.86  0.88  0.90
 0.82  0.84  0.87  0.89  0.92  0.90  0.87  0.84  0.83  0.84  0.86  0.87
 0.79  0.81  0.84  0.87  0.90  0.88  0.85  0.83  0.81  0.82  0.84  0.85
 0.74  0.77  0.80  0.83  0.87  0.85  0.82  0.81  0.79  0.80  0.82  0.82
 0.70  0.73  0.75  0.79  0.82  0.81  0.78  0.77  0.76  0.77  0.79  0.79
 0.66  0.69  0.72  0.75  0.79  0.78  0.75  0.74  0.73  0.74  0.76  0.76
 0.61  0.64  0.67  0.70  0.74  0.74  0.71  0.71  0.70  0.71  0.73  0.74
 0.57  0.60  0.63  0.67  0.71  0.72  0.70  0.70  0.70  0.71  0.74  0.75
 0.55  0.58  0.61  0.65  0.70  0.71  0.70  0.70  0.71  0.72  0.74  0.75
 0.54  0.58  0.60  0.64  0.69  0.70  0.69  0.70  0.70  0.72  0.74  0.74
 0.54  0.57  0.60  0.64  0.68  0.69  0.68  0.69  0.71  0.72  0.73  0.74
 0.54  0.57  0.60  0.63  0.68  0.69  0.68  0.69  0.70  0.72  0.73  0.74
 0.53  0.57  0.59  0.63  0.68  0.69  0.68  0.69  0.70  0.71  0.73  0.73
 0.53  0.56  0.59  0.62  0.67  0.68  0.67  0.68  0.69  0.70  0.71  0.72
 0.53  0.56  0.59  0.62  0.66  0.67  0.65  0.66  0.67  0.68  0.69  0.70
 0.52  0.55  0.58  0.61  0.65  0.65  0.64  0.64  0.66  0.67  0.68  0.68
 0.51  0.54  0.57  0.60  0.64  0.64  0.62  0.63  0.64  0.65  0.66  0.66
 0.51  0.54  0.56  0.59  0.63  0.63  0.61  0.61  0.63  0.63  0.64  0.64
 0.50  0.53  0.55  0.58  0.61  0.62  0.60  0.60  0.61  0.62  0.63  0.63
 0.49  0.51  0.54  0.56  0.60  0.60  0.59  0.59  0.60  0.61  0.61  0.61
 0.48  0.50  0.52  0.55  0.58  0.59  0.57  0.57  0.59  0.60  0.60  0.60
 0.47  0.49  0.51  0.53  0.56  0.57  0.55  0.55  0.57  0.58  0.58  0.58
 0.46  0.48  0.49  0.51  0.54  0.55  0.54  0.53  0.55  0.56  0.56  0.56
 0.44  0.46  0.47  0.49  0.52  0.53  0.52  0.51  0.53  0.53  0.53  0.53
 0.43  0.44  0.45  0.47  0.49  0.50  0.49  0.48  0.50  0.51  0.50  0.50
 0.41  0.42  0.43  0.45  0.47  0.48  0.47  0.46  0.47  0.48  0.47  0.47
 0.40  0.41  0.42  0.43  0.45  0.45  0.44  0.43  0.44  0.45  0.44  0.44
 0.38  0.39  0.40  0.41  0.43  0.43  0.42  0.41  0.41  0.42  0.41  0.42
 0.37  0.37  0.38  0.39  0.41  0.41  0.40  0.38  0.39  0.40  0.39  0.39
year 2013
 0.43  0.41  0.39  0.36  0.30  0.29  0.29  0.28  0.28  0.25  0.23  0.25
 0.44  0.42  0.40  0.37  0.31  0.30  0.30  0.28  0.28  0.25  0.23  0.25
 0.45  0.44  0.42  0.38  0.33  0.32  0.31  0.29  0.29  0.26  0.24  0.26
 0.46  0.45  0.44  0.40  0.34  0.33  0.32  0.31  0.30  0.27  0.25  0.27
 0.47  0.46  0.45  0.41  0.35  0.35  0.34  0.32  0.31  0.28  0.25  0.27
 0.47  0.47  0.46  0.42  0.36  0.36  0.35  0.33  0.33  0.29  0.26  0.28
 0.48  0.47  0.46  0.43  0.37  0.37  0.37  0.35  0.34  0.30  0.28  0.29
 0.47  0.47  0.47  0.43  0.38  0.38  0.38  0.36  0.35  0.32  0.29  0.31
 0.48  0.48  0.47  0.44  0.39  0.39  0.39  0.37  0.36  0.33  0.31  0.32
 0.49  0.49  0.49  0.46  0.40  0.40  0.40  0.39  0.38  0.35  0.32  0.34
 0.51  0.52  0.51  0.48  0.42  0.42  0.42  0.41  0.40  0.37  0.34  0.36
 0.54  0.54  0.54  0.50  0.45  0.44  0.45  0.43  0.42  0.39  0.37  0.38
 0.56  0.56  0.56  0.52  0.47  0.46  0.47  0.45  0.44  0.41  0.39  0.40
 0.57  0.57  0.57  0.53  0.48  0.47  0.48  0.47  0.46  0.43  0.41  0.42
 0.58  0.58  0.58  0.54  0.48  0.48  0.49  0.48  0.47  0.44  0.42  0.44
 0.59  0.59  0.59  0.54  0.49  0.49  0.49  0.49  0.48  0.45  0.44  0.45
 0.60  0.60  0.60  0.55  0.50  0.50  0.51  0.50  0.50  0.47  0.45  0.47
 0.61  0.61  0.61  0.56  0.51  0.51  0.52  0.51  0.51  0.48  0.47  0.48
 0.62  0.62  0.61  0.57  0.51  0.51  0.52  0.52  0.53  0.50  0.48  0.50
 0.63  0.63  0.62  0.58  0.52  0.52  0.53  0.53  0.54  0.51  0.50  0.51
 0.63  0.63  0.62  0.58  0.53  0.53  0.54  0.55  0.55  0.52  0.51  0.52
 0.62  0.62  0.62  0.58  0.53  0.53  0.54  0.55  0.56  0.53  0.52  0.53
 0.61  0.61  0.61  0.57  0.52  0.53  0.54  0.55  0.56  0.53  0.52  0.53
 0.60  0.60  0.60  0.56  0.52  0.52  0.54  0.55  0.56  0.54  0.52  0.54
 0.59  0.59  0.59  0.56  0.52  0.52  0.54  0.55  0.56  0.54  0.53  0.54
 0.59  0.59  0.59  0.56  0.52  0.52  0.54  0.55  0.57  0.54  0.53  0.55
 0.59  0.59  0.59  0.56  0.52  0.53  0.55  0.56  0.57  0.55  0.55  0.56
 0.60  0.59  0.59  0.56  0.52  0.53  0.56  0.57  0.59  0.57  0.56  0.57
 0.60  0.60  0.60  0.57  0.54  0.55  0.57  0.59  0.60  0.59  0.58  0.59
 0.62  0.62  0.62  0.59  0.56  0.57  0.60  0.61  0.63  0.61  0.60  0.61
 0.64  0.64  0.64  0.62  0.59  0.60  0.63  0.64  0.66  0.64  0.63  0.64
 0.66  0.67  0.67  0.65  0.62  0.64  0.66  0.68  0.69  0.67  0.66  0.67
 0.70  0.70  0.71  0.69  0.66  0.68  0.71  0.72  0.73  0.71  0.69  0.71
 0.74  0.75  0.75  0.74  0.71  0.73  0.76  0.77  0.78  0.75  0.74  0.75
 0.78  0.79  0.80  0.78  0.76  0.78  0.81  0.82  0.83  0.80  0.79  0.80
 0.81  0.82  0.84  0.83  0.80  0.82  0.86  0.87  0.87  0.85  0.83  0.85
 0.84  0.85  0.87  0.86  0.84  0.86  0.90  0.91  0.91  0.89  0.87  0.89
 0.86  0.88  0.90  0.89  0.86  0.89  0.93  0.94  0.95  0.92  0.91  0.92
 0.89  0.90  0.92  0.91  0.89  0.92  0.96  0.98  0.98  0.95  0.94  0.95
 0.91  0.93  0.94  0.93  0.92  0.95  0.99  1.01  1.01  0.99  0.97  0.98
 0.92  0.94  0.95  0.95  0.93  0.97  1.01  1.03  1.04  1.01  1.00  1.01
 0.94  0.95  0.97  0.96  0.95  0.99  1.03  1.05  1.06  1.03  1.02  1.03
 0.95  0.96  0.98  0.98  0.97  1.01  1.05  1.07  1.08  1.05  1.04  1.05
 0.96  0.98  1.00  0.99  0.98  1.03  1.07  1.09  1.10  1.07  1.06  1.07
 0.97  0.99  1.01  1.00  0.99  1.04  1.09  1.11  1.12  1.09  1.08  1.08
 0.98  1.00  1.02  1.01  1.00  1.05  1.11  1.13  1.13  1.11  1.10  1.10
 0.99  1.01  1.03  1.02  1.02  1.07  1.12  1.15  1.15  1.13  1.12  1.13
 1.00  1.02  1.04  1.03  1.03  1.08  1.14  1.16  1.17  1.16  1.14  1.15
 1.01  1.03  1.04  1.04  1.03  1.09  1.15  1.18  1.19  1.17  1.16  1.16
 1.02  1.04  1.05  1.04  1.04  1.09  1.15  1.18  1.20  1.18  1.16  1.16
 1.03  1.04  1.06  1.05  1.04  1.09  1.15  1.19  1.20  1.19  1.17  1.16
 1.04  1.05  1.06  1.05  1.05  1.10  1.16  1.19  1.21  1.19  1.17  1.16
 1.05  1.07  1.07  1.06  1.05  1.10  1.16  1.19  1.21  1.19  1.17  1.16
 1.06  1.08  1.08  1.07  1.06  1.10  1.16  1.19  1.21  1.19  1.17  1.16
 1.07  1.09  1.09  1.07  1.06  1.10  1.16  1.18  1.20  1.19  1.17  1.15
 1.07  1.09  1.09  1.07  1.05  1.10  1.15  1.17  1.19  1.18  1.16  1.15
 1.07  1.08  1.08  1.06  1.04  1.08  1.13  1.16  1.18  1.17  1.15  1.14
 1.06  1.07  1.07  1.05  1.03  1.07  1.11  1.14  1.16  1.15  1.14  1.13
 1.04  1.06  1.05  1.03  1.02  1.05  1.10  1.12  1.14  1.14  1.13  1.12
 1.04  1.05  1.05  1.02  1.01  1.04  1.09  1.11  1.13  1.13  1.11  1.11
 1.03  1.04  1.04  1.02  1.00  1.04  1.08  1.10  1.13  1.12  1.11  1.10
 1.01  1.03  1.03  1.01  1.00  1.04  1.08  1.09  1.12  1.11  1.10  1.09
 1.00  1.02  1.01  1.00  0.99  1.03  1.07  1.09  1.11  1.11  1.09  1.08
 0.99  1.01  1.00  0.99  0.98  1.02  1.06  1.08  1.10  1.10  1.08  1.07
 0.99  1.00  1.00  0.98  0.97  1.01  1.05  1.07  1.09  1.09  1.07  1.05
 0.99  1.00  1.00  0.98  0.97  1.01  1.05  1.06  1.08  1.07  1.05  1.04
 0.99  1.00  1.00  0.98  0.97  1.01  1.04  1.05  1.07  1.06  1.04  1.03
 0.98  1.00  0.99  0.97  0.96  0.99  1.02  1.03  1.05  1.04  1.02  1.01
 0.97  0.98  0.97  0.95  0.94  0.97  1.00  1.00  1.02  1.01  0.99  0.98
 0.94  0.96  0.95  0.93  0.91  0.94  0.96  0.97  0.99  0.98  0.96  0.95
 0.92  0.93  0.92  0.90  0.88  0.91  0.93  0.93  0.95  0.94  0.92  0.92
 0.89  0.90  0.89  0.87  0.84  0.86  0.87  0.87  0.90  0.89  0.87  0.88
 0.86  0.86  0.85  0.82  0.79  0.81  0.81  0.81  0.83  0.83  0.82  0.82
 0.83  0.84  0.82  0.79  0.75  0.76  0.77  0.76  0.78  0.77  0.76  0.77
 0.80  0.81  0.79  0.76  0.72  0.73  0.73  0.72  0.73  0.72  0.70  0.71
 0.77  0.77  0.75  0.72  0.68  0.68  0.68  0.67  0.68  0.66  0.65  0.66
 0.75  0.75  0.73  0.70  0.66  0.67  0.66  0.65  0.65  0.63  0.62  0.62
 0.75  0.75  0.73  0.70  0.66  0.66  0.65  0.63  0.63  0.61  0.59  0.60
 0.76  0.75  0.73  0.70  0.66  0.66  0.64  0.62  0.62  0.60  0.58  0.59
 0.75  0.74  0.73  0.70  0.66  0.66  0.64  0.62  0.61  0.60  0.58  0.59
 0.74  0.73  0.72  0.69  0.65  0.65  0.64  0.62  0.61  0.60  0.58  0.59
 0.74  0.73  0.72  0.69  0.65  0.65  0.64  0.61  0.61  0.59  0.58  0.58
 0.73  0.72  0.71  0.68  0.64  0.65  0.64  0.61  0.60  0.59  0.57  0.58
 0.72  0.71  0.70  0.67  0.64  0.64  0.63  0.60  0.60  0.59  0.57  0.58
 0.70  0.69  0.68  0.65  0.62  0.63  0.62  0.60  0.59  0.58  0.57  0.58
 0.68  0.67  0.66  0.63  0.60  0.62  0.61  0.59  0.58  0.58  0.57  0.58
 0.65  0.65  0.64  0.61  0.59  0.60  0.60  0.57  0.57  0.56  0.56  0.57
 0.64  0.63  0.62  0.60  0.57  0.58  0.58  0.56  0.55  0.55  0.55  0.56
 0.63  0.62  0.61  0.59  0.56  0.57  0.57  0.55  0.54  0.54  0.54  0.55
 0.61  0.61  0.60  0.57  0.55  0.56  0.56  0.54  0.53  0.53  0.53  0.54
 0.60  0.59  0.58  0.56  0.54  0.55  0.55  0.53  0.52  0.52  0.52  0.53
 0.58  0.57  0.57  0.54  0.52  0.54  0.54  0.52  0.51  0.51  0.51  0.52
 0.55  0.55  0.54  0.52  0.50  0.52  0.52  0.50  0.49  0.49  0.50  0.51
 0.53  0.52  0.52  0.50  0.48  0.49  0.50  0.48  0.48  0.48  0.48  0.50
 0.50  0.50  0.49  0.48  0.46  0.47  0.48  0.46  0.46  0.46  0.47  0.48
 0.47  0.47  0.47  0.45  0.43  0.45  0.45  0.44  0.44  0.44  0.45  0.46
 0.45  0.45  0.44  0.43  0.41  0.42  0.43  0.42  0.42  0.42  0.43  0.45
 0.42  0.42  0.42  0.41  0.39  0.40  0.41  0.41  0.40  0.41  0.41  0.43
 0.40  0.40  0.40  0.39  0.37  0.39  0.40  0.39  0.39  0.39  0.40  0.41
year 2014
 0.29  0.29  0.29  0.29  0.27  0.22  0.17  0.19  0.21  0.20  0.21  0.22
 0.28  0.29  0.29  0.29  0.27  0.22  0.17  0.19  0.21  0.20  0.21  0.22
 0.29  0.30  0.30  0.30  0.28  0.22  0.18  0.20  0.22  0.22  0.22  0.23
 0.30  0.30  0.30  0.31  0.29  0.24  0.20  0.22  0.24  0.24  0.24  0.25
 0.30  0.31  0.31  0.32  0.31  0.25  0.21  0.24  0.26  0.26  0.26  0.27
 0.31  0.32  0.32  0.33  0.32  0.26  0.22  0.25  0.28  0.27  0.28  0.29
 0.33  0.33  0.33  0.34  0.33  0.27  0.24  0.26  0.29  0.29  0.30  0.31
 0.34  0.35  0.35  0.36  0.35  0.29  0.25  0.28  0.31  0.31  0.31  0.32
 0.35  0.36  0.36  0.37  0.36  0.30  0.27  0.29  0.32  0.32  0.32  0.33
 0.36  0.37  0.37  0.38  0.37  0.32  0.28  0.31  0.33  0.33  0.34  0.35
 0.38  0.39  0.39  0.40  0.39  0.34  0.30  0.32  0.35  0.35  0.36  0.36
 0.41  0.41  0.41  0.42  0.41  0.35  0.32  0.34  0.37  0.37  0.37  0.38
 0.43  0.43  0.43  0.44  0.43  0.37  0.34  0.36  0.39  0.39  0.39  0.40
 0.45  0.45  0.46  0.47  0.46  0.40  0.36  0.38  0.41  0.41  0.42  0.42
 0.47  0.47  0.48  0.49  0.48  0.42  0.38  0.41  0.44  0.44  0.44  0.44
 0.48  0.48  0.49  0.50  0.49  0.43  0.40  0.42  0.45  0.46  0.46  0.46
 0.49  0.50  0.50  0.51  0.50  0.45  0.41  0.44  0.46  0.47  0.47  0.47
 0.50  0.51  0.52  0.53  0.52  0.46  0.43  0.45  0.47  0.48  0.47  0.47
 0.52  0.52  0.53  0.54  0.53  0.47  0.43  0.45  0.48  0.48  0.48  0.48
 0.53  0.53  0.54  0.54  0.53  0.48  0.44  0.45  0.47  0.48  0.47  0.48
 0.54  0.54  0.54  0.55  0.54  0.48  0.44  0.45  0.47  0.48  0.47  0.47
 0.55  0.55  0.55  0.56  0.55  0.49  0.45  0.46  0.48  0.48  0.47  0.47
 0.55  0.55  0.56  0.56  0.55  0.49  0.45  0.47  0.48  0.48  0.47  0.47
 0.55  0.55  0.56  0.56  0.55  0.50  0.45  0.47  0.48  0.48  0.47  0.47
 0.55  0.56  0.56  0.56  0.55  0.49  0.45  0.47  0.48  0.48  0.47  0.47
 0.56  0.56  0.56  0.56  0.55  0.49  0.45  0.47  0.48  0.48  0.47  0.47
 0.57  0.57  0.57  0.57  0.56  0.50  0.46  0.48  0.49  0.49  0.48  0.48
 0.58  0.58  0.58  0.58  0.57  0.51  0.47  0.49  0.51  0.50  0.49  0.49
 0.60  0.59  0.59  0.59  0.58  0.52  0.49  0.51  0.52  0.51  0.50  0.50
 0.62  0.62  0.62  0.61  0.60  0.54  0.51  0.53  0.54  0.53  0.52  0.52
 0.65  0.65  0.64  0.64  0.62  0.57  0.54  0.56  0.57  0.56  0.55  0.55
 0.68  0.68  0.68  0.67  0.65  0.60  0.57  0.59  0.61  0.60  0.58  0.59
 0.72  0.72  0.71  0.71  0.69  0.64  0.61  0.63  0.65  0.64  0.63  0.63
 0.76  0.76  0.76  0.75  0.74  0.68  0.65  0.67  0.69  0.68  0.67  0.68
 0.82  0.82  0.81  0.80  0.79  0.73  0.69  0.71  0.73  0.72  0.72  0.72
 0.87  0.86  0.86  0.85  0.83  0.77  0.73  0.75  0.77  0.76  0.76  0.77
 0.91  0.90  0.90  0.89  0.87  0.81  0.77  0.78  0.80  0.80  0.80  0.80
 0.94  0.94  0.93  0.92  0.90  0.84  0.80  0.81  0.83  0.83  0.83  0.84
 0.97  0.96  0.96  0.95  0.93  0.87  0.82  0.83  0.85  0.85  0.85  0.86
 0.99  0.99  0.98  0.97  0.95  0.89  0.84  0.85  0.87  0.87  0.87  0.88
 1.01  1.01  1.00  1.00  0.97  0.90  0.85  0.87  0.88  0.89  0.89  0.90
 1.03  1.03  1.03  1.02  0.99  0.92  0.88  0.89  0.90  0.90  0.90  0.91
 1.05  1.05  1.05  1.04  1.02  0.95  0.90  0.91  0.93  0.92  0.92  0.93
 1.07  1.07  1.07  1.07  1.04  0.98  0.93  0.94  0.95  0.95  0.94  0.95
 1.09  1.09  1.09  1.09  1.07  1.00  0.96  0.97  0.98  0.97  0.96  0.97
 1.11  1.11  1.11  1.11  1.08  1.02  0.97  0.98  0.99  0.98  0.98  0.99
 1.13  1.13  1.13  1.13  1.10  1.04  0.99  0.99  1.00  1.00  0.99  1.01
 1.15  1.15  1.15  1.15  1.12  1.05  1.00  1.00  1.01  1.01  1.01  1.02
 1.16  1.15  1.16  1.16  1.13  1.06  1.01  1.01  1.01  1.01  1.01  1.03
 1.16  1.15  1.15  1.16  1.13  1.06  1.01  1.00  1.01  1.01  1.01  1.03
 1.15  1.14  1.14  1.14  1.12  1.05  1.00  1.00  1.01  1.01  1.01  1.03
 1.15  1.13  1.13  1.14  1.11  1.05  1.00  1.00  1.01  1.00  1.01  1.03
 1.15  1.13  1.13  1.13  1.11  1.04  1.00  1.00  1.01  1.00  1.01  1.03
 1.15  1.13  1.13  1.13  1.10  1.04  1.00  1.00  1.01  1.01  1.01  1.03
 1.14  1.12  1.12  1.13  1.10  1.04  1.00  1.01  1.02  1.01  1.02  1.03
 1.14  1.12  1.12  1.12  1.10  1.04  1.00  1.01  1.02  1.01  1.02  1.03
 1.13  1.11  1.11  1.12  1.10  1.04  1.00  1.01  1.02  1.02  1.02  1.03
 1.12  1.11  1.11  1.11  1.09  1.04  1.01  1.02  1.03  1.03  1.03  1.04
 1.11  1.10  1.10  1.10  1.09  1.03  1.01  1.02  1.03  1.03  1.03  1.04
 1.10  1.09  1.09  1.09  1.08  1.03  1.00  1.02  1.03  1.03  1.03  1.04
 1.09  1.08  1.08  1.08  1.06  1.01  0.99  1.01  1.02  1.02  1.03  1.04
 1.08  1.07  1.06  1.07  1.05  1.00  0.98  1.00  1.01  1.01  1.02  1.03
 1.07  1.05  1.05  1.06  1.04  0.99  0.97  0.99  1.00  1.00  1.01  1.02
 1.06  1.04  1.04  1.04  1.02  0.98  0.96  0.97  0.98  0.99  1.00  1.01
 1.04  1.02  1.03  1.03  1.01  0.96  0.95  0.96  0.97  0.98  0.99  1.00
 1.03  1.01  1.01  1.02  1.00  0.95  0.94  0.95  0.97  0.98  0.98  0.99
 1.02  1.00  1.00  1.01  0.99  0.94  0.93  0.95  0.96  0.97  0.97  0.98
 1.00  0.98  0.99  0.99  0.97  0.92  0.91  0.93  0.94  0.95  0.96  0.97
 0.97  0.96  0.96  0.97  0.95  0.90  0.90  0.91  0.92  0.93  0.94  0.94
 0.94  0.93  0.94  0.94  0.92  0.88  0.87  0.89  0.89  0.90  0.90  0.91
 0.91  0.90  0.91  0.91  0.89  0.85  0.85  0.86  0.86  0.87  0.87  0.88
 0.87  0.86  0.86  0.87  0.86  0.82  0.83  0.84  0.84  0.85  0.85  0.85
 0.82  0.81  0.82  0.83  0.82  0.80  0.81  0.83  0.82  0.83  0.82  0.82
 0.77  0.76  0.77  0.78  0.78  0.76  0.77  0.79  0.78  0.79  0.79  0.79
 0.71  0.70  0.72  0.73  0.73  0.71  0.72  0.74  0.74  0.75  0.75  0.75
 0.66  0.66  0.67  0.68  0.68  0.66  0.67  0.70  0.70  0.70  0.70  0.70
 0.63  0.62  0.64  0.65  0.66  0.63  0.64  0.66  0.66  0.67  0.67  0.67
 0.60  0.60  0.62  0.64  0.64  0.61  0.63  0.65  0.65  0.66  0.65  0.65
 0.60  0.60  0.62  0.63  0.63  0.61  0.62  0.64  0.64  0.65  0.64  0.64
 0.59  0.60  0.61  0.63  0.63  0.60  0.61  0.63  0.63  0.63  0.63  0.63
 0.60  0.60  0.61  0.62  0.62  0.59  0.60  0.62  0.62  0.62  0.61  0.61
 0.59  0.59  0.60  0.61  0.61  0.58  0.59  0.61  0.60  0.60  0.60  0.60
 0.59  0.59  0.59  0.60  0.60  0.56  0.57  0.59  0.58  0.58  0.58  0.58
 0.59  0.58  0.59  0.60  0.59  0.55  0.56  0.58  0.57  0.57  0.57  0.57
 0.59  0.58  0.59  0.59  0.58  0.55  0.56  0.57  0.56  0.56  0.56  0.56
 0.59  0.58  0.58  0.59  0.58  0.55  0.55  0.57  0.56  0.55  0.55  0.55
 0.58  0.57  0.58  0.59  0.58  0.54  0.55  0.56  0.55  0.55  0.54  0.54
 0.57  0.56  0.57  0.58  0.57  0.53  0.54  0.55  0.54  0.54  0.54  0.53
 0.56  0.55  0.56  0.57  0.56  0.52  0.53  0.55  0.54  0.53  0.53  0.52
 0.55  0.55  0.55  0.56  0.55  0.51  0.52  0.53  0.53  0.52  0.52  0.51
 0.54  0.54  0.54  0.55  0.54  0.50  0.51  0.52  0.51  0.51  0.50  0.50
 0.53  0.53  0.53  0.54  0.53  0.49  0.49  0.50  0.50  0.49  0.49  0.48
 0.52  0.51  0.52  0.53  0.52  0.48  0.48  0.49  0.48  0.48  0.47  0.47
 0.50  0.50  0.51  0.51  0.50  0.47  0.47  0.48  0.47  0.46  0.46  0.45
 0.49  0.49  0.49  0.50  0.49  0.46  0.45  0.46  0.45  0.45  0.44  0.44
 0.47  0.47  0.47  0.48  0.47  0.44  0.44  0.45  0.44  0.43  0.43  0.42
 0.45  0.45  0.45  0.46  0.46  0.43  0.42  0.43  0.43  0.42  0.42  0.41
 0.44  0.43  0.43  0.44  0.44  0.41  0.40  0.41  0.41  0.40  0.40  0.39
 0.42  0.41  0.41  0.42  0.41  0.39  0.38  0.39  0.39  0.39  0.39  0.38
year 2015
 0.21  0.21  0.21  0.23  0.25  0.27  0.28  0.25  0.21  0.23  0.24  0.24
 0.21  0.21  0.21  0.22  0.24  0.26  0.27  0.23  0.20  0.22  0.23  0.23
 0.22  0.21  0.22  0.23  0.25  0.26  0.27  0.24  0.20  0.22  0.23  0.23
 0.24  0.23  0.23  0.24  0.26  0.27  0.29  0.25  0.21  0.23  0.24  0.23
 0.26  0.26  0.26  0.27  0.29  0.30  0.31  0.27  0.23  0.25  0.25  0.25
 0.28  0.28  0.28  0.29  0.31  0.32  0.33  0.29  0.25  0.27  0.28  0.28
 0.30  0.30  0.30  0.31  0.33  0.34  0.35  0.31  0.27  0.29  0.30  0.30
 0.31  0.31  0.31  0.32  0.34  0.36  0.37  0.33  0.29  0.31  0.32  0.32
 0.33  0.32  0.32  0.34  0.36  0.37  0.38  0.35  0.31  0.33  0.34  0.34
 0.34  0.34  0.34  0.36  0.37  0.39  0.40  0.37  0.33  0.35  0.37  0.37
 0.36  0.35  0.36  0.37  0.39  0.41  0.42  0.38  0.35  0.37  0.39  0.39
 0.37  0.37  0.37  0.40  0.42  0.44  0.44  0.41  0.37  0.39  0.41  0.40
 0.39  0.39  0.39  0.41  0.44  0.46  0.47  0.43  0.39  0.41  0.42  0.42
 0.41  0.41  0.41  0.43  0.46  0.48  0.48  0.44  0.41  0.42  0.43  0.43
 0.43  0.43  0.43  0.45  0.48  0.50  0.50  0.46  0.42  0.43  0.45  0.45
 0.45  0.44  0.45  0.47  0.49  0.51  0.52  0.48  0.44  0.45  0.46  0.46
 0.46  0.45  0.45  0.48  0.50  0.52  0.53  0.49  0.45  0.46  0.47  0.47
 0.46  0.45  0.46  0.48  0.50  0.53  0.54  0.49  0.45  0.46  0.48  0.48
 0.47  0.46  0.46  0.49  0.51  0.53  0.54  0.50  0.46  0.47  0.49  0.49
 0.47  0.46  0.46  0.49  0.52  0.54  0.55  0.51  0.47  0.48  0.49  0.50
 0.47  0.46  0.47  0.49  0.52  0.54  0.55  0.52  0.47  0.48  0.49  0.50
 0.46  0.46  0.46  0.49  0.51  0.53  0.55  0.51  0.47  0.48  0.49  0.51
 0.46  0.46  0.46  0.48  0.51  0.53  0.54  0.51  0.47  0.48  0.49  0.50
 0.46  0.45  0.45  0.48  0.50  0.52  0.54  0.51  0.47  0.47  0.49  0.51
 0.46  0.45  0.45  0.48  0.50  0.53  0.54  0.51  0.47  0.48  0.49  0.51
 0.46  0.46  0.46  0.49  0.51  0.53  0.55  0.51  0.48  0.48  0.49  0.51
 0.47  0.47  0.47  0.50  0.52  0.54  0.55  0.52  0.48  0.48  0.49  0.51
 0.48  0.48  0.48  0.51  0.53  0.55  0.56  0.53  0.48  0.49  0.50  0.51
 0.50  0.50  0.50  0.52  0.54  0.56  0.57  0.54  0.49  0.50  0.51  0.52
 0.52  0.52  0.52  0.54  0.56  0.58  0.59  0.55  0.51  0.51  0.52  0.53
 0.55  0.55  0.55  0.57  0.58  0.60  0.60  0.57  0.53  0.53  0.54  0.55
 0.59  0.58  0.58  0.60  0.61  0.62  0.63  0.59  0.56  0.56  0.57  0.58
 0.63  0.62  0.62  0.63  0.64  0.65  0.66  0.63  0.59  0.60  0.61  0.61
 0.68  0.67  0.66  0.67  0.68  0.69  0.70  0.67  0.64  0.64  0.65  0.65
 0.72  0.71  0.70  0.71  0.72  0.73  0.75  0.72  0.69  0.69  0.69  0.69
 0.76  0.75  0.74  0.75  0.75  0.77  0.79  0.76  0.73  0.73  0.73  0.72
 0.80  0.78  0.77  0.78  0.79  0.80  0.82  0.80  0.77  0.77  0.76  0.75
 0.83  0.82  0.80  0.81  0.81  0.83  0.85  0.83  0.80  0.79  0.79  0.78
 0.86  0.85  0.84  0.84  0.84  0.86  0.88  0.86  0.83  0.82  0.82  0.80
 0.88  0.88  0.87  0.87  0.88  0.89  0.91  0.89  0.86  0.85  0.84  0.83
 0.90  0.89  0.88  0.89  0.90  0.91  0.92  0.91  0.87  0.87  0.86  0.85
 0.92  0.91  0.90  0.91  0.91  0.92  0.93  0.91  0.88  0.88  0.88  0.87
 0.94  0.93  0.92  0.92  0.92  0.93  0.94  0.92  0.89  0.89  0.90  0.89
 0.95  0.95  0.93  0.94  0.94  0.94  0.94  0.92  0.90  0.90  0.91  0.90
 0.97  0.96  0.95  0.95  0.95  0.95  0.95  0.93  0.91  0.92  0.92  0.91
 0.99  0.98  0.97  0.97  0.97  0.96  0.97  0.95  0.92  0.93  0.93  0.92
 1.01  1.00  0.98  0.99  0.99  0.98  0.98  0.96  0.93  0.94  0.94  0.93
 1.02  1.02  1.00  1.01  1.00  1.00  1.00  0.98  0.95  0.95  0.95  0.94
 1.04  1.03  1.01  1.02  1.02  1.01  1.02  0.99  0.96  0.96  0.96  0.95
 1.04  1.03  1.02  1.02  1.02  1.02  1.02  1.00  0.96  0.97  0.97  0.96
 1.04  1.04  1.02  1.03  1.02  1.02  1.02  1.00  0.97  0.97  0.97  0.97
 1.04  1.04  1.02  1.03  1.03  1.02  1.03  1.01  0.98  0.98  0.99  0.98
 1.04  1.03  1.02  1.03  1.03  1.02  1.03  1.01  0.98  0.99  1.00  0.99
 1.04  1.04  1.03  1.03  1.03  1.02  1.03  1.01  0.99  1.00  1.00  1.00
 1.04  1.04  1.03  1.03  1.03  1.02  1.03  1.02  0.99  1.01  1.02  1.01
 1.04  1.04  1.03  1.03  1.03  1.02  1.03  1.02  1.00  1.01  1.03  1.03
 1.04  1.04  1.03  1.04  1.03  1.03  1.04  1.03  1.01  1.02  1.03  1.04
 1.04  1.05  1.04  1.04  1.04  1.03  1.04  1.04  1.01  1.03  1.04  1.04
 1.05  1.05  1.04  1.05  1.04  1.04  1.05  1.04  1.01  1.03  1.04  1.04
 1.04  1.04  1.04  1.05  1.04  1.03  1.05  1.03  1.01  1.02  1.03  1.04
 1.04  1.04  1.04  1.04  1.04  1.03  1.04  1.03  1.01  1.02  1.03  1.03
 1.03  1.04  1.04  1.04  1.04  1.03  1.04  1.03  1.00  1.02  1.03  1.03
 1.03  1.03  1.03  1.04  1.04  1.03  1.04  1.02  1.00  1.01  1.02  1.03
 1.01  1.02  1.02  1.03  1.03  1.02  1.03  1.01  0.99  1.00  1.01  1.02
 1.00  1.01  1.02  1.02  1.02  1.02  1.02  1.01  0.98  0.99  1.00  1.01
 1.00  1.00  1.01  1.01  1.01  1.01  1.01  1.00  0.97  0.98  0.99  1.00
 0.98  0.99  0.99  1.00  0.99  0.99  1.00  0.98  0.96  0.97  0.99  0.99
 0.97  0.98  0.98  0.98  0.98  0.98  0.99  0.97  0.95  0.96  0.98  0.98
 0.95  0.95  0.95  0.95  0.95  0.95  0.96  0.95  0.93  0.94  0.96  0.97
 0.92  0.92  0.92  0.92  0.92  0.93  0.94  0.93  0.91  0.93  0.94  0.95
 0.88  0.89  0.89  0.89  0.89  0.90  0.91  0.90  0.89  0.90  0.92  0.93
 0.86  0.87  0.86  0.87  0.87  0.88  0.88  0.87  0.85  0.86  0.88  0.89
 0.82  0.83  0.83  0.83  0.83  0.84  0.84  0.82  0.80  0.81  0.83  0.84
 0.79  0.80  0.80  0.80  0.79  0.79  0.78  0.76  0.75  0.76  0.78  0.79
 0.75  0.75  0.74  0.74  0.73  0.74  0.73  0.71  0.70  0.70  0.72  0.73
 0.70  0.71  0.70  0.69  0.69  0.70  0.69  0.67  0.66  0.67  0.69  0.69
 0.67  0.67  0.67  0.66  0.66  0.67  0.67  0.65  0.64  0.65  0.67  0.67
 0.65  0.65  0.65  0.64  0.64  0.65  0.65  0.64  0.63  0.64  0.66  0.66
 0.64  0.64  0.63  0.63  0.63  0.65  0.64  0.63  0.63  0.63  0.65  0.65
 0.63  0.63  0.62  0.62  0.62  0.64  0.63  0.62  0.62  0.63  0.65  0.65
 0.61  0.61  0.61  0.61  0.61  0.63  0.63  0.62  0.62  0.62  0.64  0.65
 0.60  0.60  0.60  0.60  0.60  0.62  0.62  0.61  0.61  0.62  0.64  0.64
 0.58  0.58  0.58  0.58  0.59  0.61  0.60  0.60  0.61  0.62  0.64  0.64
 0.57  0.57  0.57  0.57  0.57  0.60  0.59  0.59  0.60  0.61  0.63  0.64
 0.55  0.56  0.56  0.55  0.56  0.58  0.58  0.58  0.59  0.59  0.62  0.62
 0.54  0.55  0.54  0.53  0.54  0.56  0.55  0.55  0.57  0.58  0.60  0.60
 0.53  0.54  0.53  0.52  0.53  0.55  0.54  0.54  0.55  0.56  0.58  0.58
 0.52  0.52  0.52  0.51  0.51  0.53  0.52  0.52  0.54  0.55  0.57  0.57
 0.51  0.51  0.51  0.49  0.50  0.52  0.51  0.51  0.52  0.53  0.55  0.56
 0.50  0.50  0.49  0.48  0.49  0.50  0.50  0.50  0.52  0.53  0.54  0.55
 0.49  0.49  0.48  0.47  0.48  0.49  0.49  0.50  0.51  0.52  0.54  0.54
 0.48  0.48  0.47  0.46  0.47  0.48  0.48  0.49  0.50  0.51  0.52  0.53
 0.46  0.46  0.46  0.45  0.45  0.47  0.46  0.47  0.48  0.49  0.51  0.51
 0.45  0.45  0.44  0.43  0.44  0.45  0.45  0.46  0.47  0.48  0.49  0.49
 0.43  0.43  0.43  0.42  0.42  0.44  0.43  0.44  0.45  0.46  0.47  0.47
 0.42  0.42  0.41  0.40  0.41  0.42  0.42  0.42  0.43  0.44  0.44  0.45
 0.40  0.41  0.40  0.39  0.39  0.41  0.41  0.41  0.41  0.42  0.42  0.43
 0.39  0.39  0.38  0.37  0.38  0.39  0.39  0.39  0.40  0.40  0.40  0.41
 0.37  0.38  0.37  0.36  0.37  0.38  0.38  0.38  0.38  0.38  0.38  0.38
year 2016
 0.25  0.23  0.22  0.25  0.24   MMM   MMM   MMM   MMM   MMM   MMM   MMM
 0.24  0.22  0.22  0.24  0.23   MMM   MMM   MMM   MMM   MMM   MMM   MMM
 0.24  0.22  0.21  0.24  0.23   MMM   MMM   MMM   MMM   MMM   MMM   MMM
 0.24  0.22  0.22  0.24  0.23   MMM   MMM   MMM   MMM   MMM   MMM   MMM
 0.26  0.24  0.23  0.25  0.24   MMM   MMM   MMM   MMM   MMM   MMM   MMM
 0.28  0.26  0.25  0.27  0.26   MMM   MMM   MMM   MMM   MMM   MMM   MMM
 0.31  0.29  0.28  0.30  0.28   MMM   MMM   MMM   MMM   MMM   MMM   MMM
 0.33  0.31  0.31  0.32  0.30   MMM   MMM   MMM   MMM   MMM   MMM   MMM
 0.35  0.34  0.33  0.34  0.32   MMM   MMM   MMM   MMM   MMM   MMM   MMM
 0.37  0.36  0.35  0.36  0.34   MMM   MMM   MMM   MMM   MMM   MMM   MMM
 0.39  0.38  0.37  0.38  0.35   MMM   MMM   MMM   MMM   MMM   MMM   MMM
 0.41  0.40  0.39  0.39  0.37   MMM   MMM   MMM   MMM   MMM   MMM   MMM
 0.43  0.42  0.41  0.41  0.38   MMM   MMM   MMM   MMM   MMM   MMM   MMM
 0.45  0.43  0.42  0.42  0.40   MMM   MMM   MMM   MMM   MMM   MMM   MMM
 0.46  0.45  0.44  0.44  0.41   MMM   MMM   MMM   MMM   MMM   MMM   MMM
 0.48  0.47  0.46  0.46  0.43   MMM   MMM   MMM   MMM   MMM   MMM   MMM
 0.49  0.49  0.48  0.48  0.45   MMM   MMM   MMM   MMM   MMM   MMM   MMM
 0.50  0.50  0.49  0.49  0.47   MMM   MMM   MMM   MMM   MMM   MMM   MMM
 0.52  0.51  0.50  0.51  0.49   MMM   MMM   MMM   MMM   MMM   MMM   MMM
 0.53  0.52  0.52  0.52  0.50   MMM   MMM   MMM   MMM   MMM   MMM   MMM
 0.53  0.53  0.52  0.53  0.51   MMM   MMM   MMM   MMM   MMM   MMM   MMM
 0.53  0.53  0.53  0.53  0.51   MMM   MMM   MMM   MMM   MMM   MMM   MMM
 0.53  0.53  0.53  0.53  0.51   MMM   MMM   MMM   MMM   MMM   MMM   MMM
 0.54  0.54  0.53  0.53  0.51   MMM   MMM   MMM   MMM   MMM   MMM   MMM
 0.54  0.53  0.53  0.53  0.52   MMM   MMM   MMM   MMM   MMM   MMM   MMM
 0.54  0.53  0.53  0.53  0.52   MMM   MMM   MMM   MMM   MMM   MMM   MMM
 0.54  0.53  0.52  0.53  0.52   MMM   MMM   MMM   MMM   MMM   MMM   MMM
 0.54  0.53  0.53  0.53  0.52   MMM   MMM   MMM   MMM   MMM   MMM   MMM
 0.55  0.54  0.53  0.54  0.53   MMM   MMM   MMM   MMM   MMM   MMM   MMM
 0.56  0.55  0.54  0.55  0.54   MMM   MMM   MMM   MMM   MMM   MMM   MMM
 0.57  0.56  0.55  0.57  0.56   MMM   MMM   MMM   MMM   MMM   MMM   MMM
 0.59  0.58  0.58  0.59  0.58   MMM   MMM   MMM   MMM   MMM   MMM   MMM
 0.62  0.61  0.61  0.63  0.62   MMM   MMM   MMM   MMM   MMM   MMM   MMM
 0.66  0.65  0.65  0.67  0.66   MMM   MMM   MMM   MMM   MMM   MMM   MMM
 0.70  0.69  0.69  0.71  0.70   MMM   MMM   MMM   MMM   MMM   MMM   MMM
 0.73  0.73  0.73  0.75  0.74   MMM   MMM   MMM   MMM   MMM   MMM   MMM
 0.76  0.75  0.76  0.78  0.77   MMM   MMM   MMM   MMM   MMM   MMM   MMM
 0.78  0.78  0.78  0.80  0.80   MMM   MMM   MMM   MMM   MMM   MMM   MMM
 0.81  0.80  0.81  0.83  0.82   MMM   MMM   MMM   MMM   MMM   MMM   MMM
 0.84  0.83  0.84  0.86  0.85   MMM   MMM   MMM   MMM   MMM   MMM   MMM
 0.86  0.85  0.86  0.88  0.87   MMM   MMM   MMM   MMM   MMM   MMM   MMM
 0.88  0.87  0.88  0.90  0.90   MMM   MMM   MMM   MMM   MMM   MMM   MMM
 0.89  0.89  0.90  0.92  0.91   MMM   MMM   MMM   MMM   MMM   MMM   MMM
 0.91  0.90  0.91  0.93  0.93   MMM   MMM   MMM   MMM   MMM   MMM   MMM
 0.92  0.92  0.93  0.94  0.94   MMM   MMM   MMM   MMM   MMM   MMM   MMM
 0.93  0.93  0.94  0.96  0.96   MMM   MMM   MMM   MMM   MMM   MMM   MMM
 0.94  0.94  0.95  0.97  0.97   MMM   MMM   MMM   MMM   MMM   MMM   MMM
 0.95  0.96  0.97  0.99  0.  MMM.  MMM.  MMM.  MMM.  MMM.  MMM.  MMM.99
 0.96  0.97  0.98  1.01  1.01   MMM   MMM   MMM   MMM   MMM   MMM   MMM
 0.97  0.98  1.00  1.02  1.03   MMM   MMM   MMM   MMM   MMM   MMM   MMM
 0.98  0.99  1.01  1.04  1.04   MMM   MMM   MMM   MMM   MMM   MMM   MMM
 0.99  1.00  1.02  1.05  1.05   MMM   MMM   MMM   MMM   MMM   MMM   MMM
 1.01  1.02  1.04  1.06  1.07   MMM   MMM   MMM   MMM   MMM   MMM   MMM
 1.02  1.03  1.05  1.08  1.09   MMM   MMM   MMM   MMM   MMM   MMM   MMM
 1.03  1.05  1.07  1.10  1.11   MMM   MMM   MMM   MMM   MMM   MMM   MMM
 1.05  1.06  1.08  1.11  1.13   MMM   MMM   MMM   MMM   MMM   MMM   MMM
 1.06  1.07  1.09  1.13  1.14   MMM   MMM   MMM   MMM   MMM   MMM   MMM
 1.07  1.08  1.10  1.14  1.15   MMM   MMM   MMM   MMM   MMM   MMM   MMM
 1.07  1.08  1.11  1.14  1.15   MMM   MMM   MMM   MMM   MMM   MMM   MMM
 1.06  1.08  1.10  1.13  1.15   MMM   MMM   MMM   MMM   MMM   MMM   MMM
 1.06  1.07  1.10  1.13  1.15   MMM   MMM   MMM   MMM   MMM   MMM   MMM
 1.06  1.07  1.09  1.13  1.14   MMM   MMM   MMM   MMM   MMM   MMM   MMM
 1.05  1.06  1.09  1.12  1.13   MMM   MMM   MMM   MMM   MMM   MMM   MMM
 1.04  1.05  1.07  1.11  1.12   MMM   MMM   MMM   MMM   MMM   MMM   MMM
 1.03  1.04  1.06  1.10  1.11   MMM   MMM   MMM   MMM   MMM   MMM   MMM
 1.02  1.03  1.05  1.09  1.10   MMM   MMM   MMM   MMM   MMM   MMM   MMM
 1.01  1.02  1.04  1.07  1.09   MMM   MMM   MMM   MMM   MMM   MMM   MMM
 1.00  1.01  1.03  1.06  1.07   MMM   MMM   MMM   MMM   MMM   MMM   MMM
 0.98  0.99  1.01  1.04  1.06   MMM   MMM   MMM   MMM   MMM   MMM   MMM
 0.97  0.98  1.00  1.03  1.05   MMM   MMM   MMM   MMM   MMM   MMM   MMM
 0.94  0.95  0.98  1.01  1.03   MMM   MMM   MMM   MMM   MMM   MMM   MMM
 0.90  0.92  0.94  0.98  1.00   MMM   MMM   MMM   MMM   MMM   MMM   MMM
 0.86  0.87  0.90  0.93  0.95   MMM   MMM   MMM   MMM   MMM   MMM   MMM
 0.80  0.81  0.83  0.87  0.89   MMM   MMM   MMM   MMM   MMM   MMM   MMM
 0.73  0.75  0.78  0.82  0.84   MMM   MMM   MMM   MMM   MMM   MMM   MMM
 0.70  0.71  0.73  0.77  0.79   MMM   MMM   MMM   MMM   MMM   MMM   MMM
 0.68  0.68  0.70  0.73  0.75   MMM   MMM   MMM   MMM   MMM   MMM   MMM
 0.66  0.66  0.68  0.71  0.73   MMM   MMM   MMM   MMM   MMM   MMM   MMM
 0.65  0.65  0.67  0.70  0.71   MMM   MMM   MMM   MMM   MMM   MMM   MMM
 0.65  0.65  0.66  0.69  0.71   MMM   MMM   MMM   MMM   MMM   MMM   MMM
 0.65  0.65  0.66  0.68  0.70   MMM   MMM   MMM   MMM   MMM   MMM   MMM
 0.64  0.65  0.65  0.68  0.69   MMM   MMM   MMM   MMM   MMM   MMM   MMM
 0.64  0.65  0.65  0.68  0.69   MMM   MMM   MMM   MMM   MMM   MMM   MMM
 0.64  0.64  0.65  0.67  0.69   MMM   MMM   MMM   MMM   MMM   MMM   MMM
 0.63  0.63  0.64  0.66  0.67   MMM   MMM   MMM   MMM   MMM   MMM   MMM
 0.61  0.61  0.62  0.64  0.65   MMM   MMM   MMM   MMM   MMM   MMM   MMM
 0.59  0.59  0.60  0.62  0.63   MMM   MMM   MMM   MMM   MMM   MMM   MMM
 0.58  0.58  0.59  0.61  0.62   MMM   MMM   MMM   MMM   MMM   MMM   MMM
 0.57  0.57  0.58  0.59  0.60   MMM   MMM   MMM   MMM   MMM   MMM   MMM
 0.55  0.56  0.57  0.58  0.59   MMM   MMM   MMM   MMM   MMM   MMM   MMM
 0.54  0.55  0.56  0.57  0.57   MMM   MMM   MMM   MMM   MMM   MMM   MMM
 0.53  0.54  0.54  0.55  0.56   MMM   MMM   MMM   MMM   MMM   MMM   MMM
 0.51  0.52  0.53  0.54  0.54   MMM   MMM   MMM   MMM   MMM   MMM   MMM
 0.49  0.50  0.51  0.52  0.51   MMM   MMM   MMM   MMM   MMM   MMM   MMM
 0.47  0.48  0.49  0.49  0.49   MMM   MMM   MMM   MMM   MMM   MMM   MMM
 0.45  0.45  0.46  0.47  0.46   MMM   MMM   MMM   MMM   MMM   MMM   MMM
 0.43  0.43  0.45  0.45  0.44   MMM   MMM   MMM   MMM   MMM   MMM   MMM
 0.41  0.41  0.43  0.43  0.42   MMM   MMM   MMM   MMM   MMM   MMM   MMM
 0.39  0.39  0.41  0.41  0.40   MMM   MMM   MMM   MMM   MMM   MMM   MMM
