Fig. 8a. Zonal and ensemble 12 month running mean monthly MHT (PW) for the global ocean (latitude 89.5S - 89.5N, 2000 - 2016, January - December, missing is MMM).  The columns are January to December, and the rows are every 0.5 degrees -89.5, -89.0, ... 89.5N.

year 2000
  MMM   MMM   MMM   MMM   MMM   MMM   MMM   MMM   MMM   MMM   MMM   MMM
  MMM   MMM   MMM   MMM   MMM   MMM   MMM   MMM   MMM   MMM   MMM   MMM
  MMM   MMM   MMM   MMM   MMM   MMM   MMM   MMM   MMM   MMM   MMM   MMM
  MMM   MMM   MMM   MMM   MMM   MMM   MMM   MMM   MMM   MMM   MMM   MMM
  MMM   MMM   MMM   MMM   MMM   MMM   MMM   MMM   MMM   MMM   MMM   MMM
  MMM   MMM   MMM   MMM   MMM   MMM   MMM   MMM   MMM   MMM   MMM   MMM
  MMM   MMM   MMM   MMM   MMM   MMM   MMM   MMM   MMM   MMM   MMM   MMM
  MMM   MMM   MMM   MMM   MMM   MMM   MMM   MMM   MMM   MMM   MMM   MMM
  MMM   MMM   MMM   MMM   MMM   MMM   MMM   MMM   MMM   MMM   MMM   MMM
  MMM   MMM   MMM   MMM   MMM   MMM   MMM   MMM   MMM   MMM   MMM   MMM
  MMM   MMM   MMM   MMM   MMM   MMM   MMM   MMM   MMM   MMM   MMM   MMM
  MMM   MMM   MMM   MMM   MMM   MMM   MMM   MMM   MMM   MMM   MMM   MMM
  MMM   MMM   MMM   MMM   MMM   MMM   MMM   MMM   MMM   MMM   MMM   MMM
  MMM   MMM   MMM   MMM   MMM   MMM  0.00  0.00  0.00  0.00  0.00  0.00
  MMM   MMM   MMM   MMM   MMM   MMM -0.01 -0.01 -0.01 -0.01 -0.01 -0.01
  MMM   MMM   MMM   MMM   MMM   MMM -0.03 -0.03 -0.03 -0.03 -0.03 -0.03
  MMM   MMM   MMM   MMM   MMM   MMM -0.04 -0.04 -0.04 -0.04 -0.04 -0.04
  MMM   MMM   MMM   MMM   MMM   MMM -0.06 -0.06 -0.06 -0.06 -0.06 -0.06
  MMM   MMM   MMM   MMM   MMM   MMM -0.08 -0.08 -0.08 -0.08 -0.08 -0.08
  MMM   MMM   MMM   MMM   MMM   MMM -0.10 -0.10 -0.11 -0.11 -0.11 -0.11
  MMM   MMM   MMM   MMM   MMM   MMM -0.13 -0.13 -0.13 -0.13 -0.13 -0.13
  MMM   MMM   MMM   MMM   MMM   MMM -0.16 -0.16 -0.17 -0.17 -0.16 -0.17
  MMM   MMM   MMM   MMM   MMM   MMM -0.19 -0.20 -0.20 -0.20 -0.20 -0.20
  MMM   MMM   MMM   MMM   MMM   MMM -0.23 -0.24 -0.24 -0.24 -0.23 -0.24
  MMM   MMM   MMM   MMM   MMM   MMM -0.27 -0.28 -0.28 -0.27 -0.27 -0.27
  MMM   MMM   MMM   MMM   MMM   MMM -0.32 -0.32 -0.33 -0.32 -0.31 -0.32
  MMM   MMM   MMM   MMM   MMM   MMM -0.37 -0.37 -0.38 -0.37 -0.36 -0.36
  MMM   MMM   MMM   MMM   MMM   MMM -0.41 -0.42 -0.43 -0.41 -0.40 -0.40
  MMM   MMM   MMM   MMM   MMM   MMM -0.45 -0.46 -0.47 -0.45 -0.44 -0.44
  MMM   MMM   MMM   MMM   MMM   MMM -0.48 -0.49 -0.50 -0.49 -0.47 -0.47
  MMM   MMM   MMM   MMM   MMM   MMM -0.51 -0.53 -0.54 -0.52 -0.50 -0.50
  MMM   MMM   MMM   MMM   MMM   MMM -0.55 -0.56 -0.57 -0.55 -0.53 -0.53
  MMM   MMM   MMM   MMM   MMM   MMM -0.58 -0.60 -0.61 -0.59 -0.56 -0.56
  MMM   MMM   MMM   MMM   MMM   MMM -0.60 -0.62 -0.64 -0.62 -0.59 -0.59
  MMM   MMM   MMM   MMM   MMM   MMM -0.63 -0.65 -0.66 -0.64 -0.62 -0.61
  MMM   MMM   MMM   MMM   MMM   MMM -0.65 -0.67 -0.68 -0.66 -0.63 -0.63
  MMM   MMM   MMM   MMM   MMM   MMM -0.65 -0.68 -0.69 -0.67 -0.64 -0.64
  MMM   MMM   MMM   MMM   MMM   MMM -0.66 -0.68 -0.69 -0.67 -0.64 -0.64
  MMM   MMM   MMM   MMM   MMM   MMM -0.63 -0.65 -0.66 -0.65 -0.63 -0.62
  MMM   MMM   MMM   MMM   MMM   MMM -0.61 -0.62 -0.63 -0.62 -0.60 -0.60
  MMM   MMM   MMM   MMM   MMM   MMM -0.58 -0.60 -0.60 -0.59 -0.57 -0.57
  MMM   MMM   MMM   MMM   MMM   MMM -0.55 -0.56 -0.56 -0.56 -0.54 -0.54
  MMM   MMM   MMM   MMM   MMM   MMM -0.51 -0.52 -0.52 -0.52 -0.50 -0.50
  MMM   MMM   MMM   MMM   MMM   MMM -0.49 -0.49 -0.49 -0.48 -0.46 -0.47
  MMM   MMM   MMM   MMM   MMM   MMM -0.46 -0.46 -0.46 -0.45 -0.44 -0.44
  MMM   MMM   MMM   MMM   MMM   MMM -0.46 -0.45 -0.44 -0.43 -0.41 -0.42
  MMM   MMM   MMM   MMM   MMM   MMM -0.46 -0.46 -0.44 -0.43 -0.41 -0.42
  MMM   MMM   MMM   MMM   MMM   MMM -0.48 -0.47 -0.45 -0.43 -0.41 -0.42
  MMM   MMM   MMM   MMM   MMM   MMM -0.50 -0.49 -0.47 -0.46 -0.45 -0.46
  MMM   MMM   MMM   MMM   MMM   MMM -0.55 -0.53 -0.52 -0.51 -0.50 -0.51
  MMM   MMM   MMM   MMM   MMM   MMM -0.60 -0.59 -0.57 -0.57 -0.56 -0.56
  MMM   MMM   MMM   MMM   MMM   MMM -0.64 -0.63 -0.61 -0.61 -0.60 -0.61
  MMM   MMM   MMM   MMM   MMM   MMM -0.69 -0.67 -0.66 -0.66 -0.65 -0.67
  MMM   MMM   MMM   MMM   MMM   MMM -0.75 -0.73 -0.72 -0.72 -0.72 -0.74
  MMM   MMM   MMM   MMM   MMM   MMM -0.82 -0.79 -0.78 -0.77 -0.77 -0.79
  MMM   MMM   MMM   MMM   MMM   MMM -0.86 -0.83 -0.82 -0.81 -0.81 -0.83
  MMM   MMM   MMM   MMM   MMM   MMM -0.88 -0.85 -0.83 -0.82 -0.82 -0.85
  MMM   MMM   MMM   MMM   MMM   MMM -0.89 -0.86 -0.84 -0.83 -0.83 -0.86
  MMM   MMM   MMM   MMM   MMM   MMM -0.92 -0.88 -0.86 -0.85 -0.84 -0.87
  MMM   MMM   MMM   MMM   MMM   MMM -0.94 -0.91 -0.89 -0.87 -0.86 -0.89
  MMM   MMM   MMM   MMM   MMM   MMM -0.98 -0.94 -0.92 -0.89 -0.88 -0.90
  MMM   MMM   MMM   MMM   MMM   MMM -1.03 -0.99 -0.96 -0.92 -0.91 -0.92
  MMM   MMM   MMM   MMM   MMM   MMM -1.06 -1.03 -0.99 -0.95 -0.93 -0.94
  MMM   MMM   MMM   MMM   MMM   MMM -1.09 -1.05 -1.01 -0.97 -0.94 -0.95
  MMM   MMM   MMM   MMM   MMM   MMM -1.12 -1.09 -1.04 -0.99 -0.96 -0.96
  MMM   MMM   MMM   MMM   MMM   MMM -1.16 -1.13 -1.08 -1.02 -0.99 -0.99
  MMM   MMM   MMM   MMM   MMM   MMM -1.19 -1.16 -1.11 -1.05 -1.01 -1.01
  MMM   MMM   MMM   MMM   MMM   MMM -1.21 -1.18 -1.13 -1.06 -1.02 -1.02
  MMM   MMM   MMM   MMM   MMM   MMM -1.23 -1.20 -1.15 -1.08 -1.03 -1.03
  MMM   MMM   MMM   MMM   MMM   MMM -1.25 -1.22 -1.17 -1.10 -1.05 -1.04
  MMM   MMM   MMM   MMM   MMM   MMM -1.26 -1.24 -1.19 -1.11 -1.06 -1.06
  MMM   MMM   MMM   MMM   MMM   MMM -1.27 -1.25 -1.20 -1.11 -1.06 -1.05
  MMM   MMM   MMM   MMM   MMM   MMM -1.27 -1.24 -1.20 -1.11 -1.06 -1.05
  MMM   MMM   MMM   MMM   MMM   MMM -1.27 -1.24 -1.20 -1.12 -1.06 -1.06
  MMM   MMM   MMM   MMM   MMM   MMM -1.27 -1.25 -1.21 -1.14 -1.09 -1.09
  MMM   MMM   MMM   MMM   MMM   MMM -1.26 -1.25 -1.23 -1.17 -1.13 -1.13
  MMM   MMM   MMM   MMM   MMM   MMM -1.26 -1.26 -1.25 -1.20 -1.16 -1.16
  MMM   MMM   MMM   MMM   MMM   MMM -1.26 -1.26 -1.26 -1.22 -1.19 -1.18
  MMM   MMM   MMM   MMM   MMM   MMM -1.24 -1.25 -1.26 -1.22 -1.20 -1.19
  MMM   MMM   MMM   MMM   MMM   MMM -1.19 -1.21 -1.23 -1.21 -1.18 -1.18
  MMM   MMM   MMM   MMM   MMM   MMM -1.12 -1.15 -1.18 -1.17 -1.15 -1.15
  MMM   MMM   MMM   MMM   MMM   MMM -1.04 -1.08 -1.11 -1.11 -1.10 -1.10
  MMM   MMM   MMM   MMM   MMM   MMM -0.95 -0.99 -1.04 -1.04 -1.03 -1.03
  MMM   MMM   MMM   MMM   MMM   MMM -0.85 -0.89 -0.94 -0.94 -0.94 -0.93
  MMM   MMM   MMM   MMM   MMM   MMM -0.73 -0.77 -0.82 -0.83 -0.83 -0.83
  MMM   MMM   MMM   MMM   MMM   MMM -0.59 -0.62 -0.67 -0.68 -0.69 -0.69
  MMM   MMM   MMM   MMM   MMM   MMM -0.43 -0.45 -0.49 -0.50 -0.51 -0.53
  MMM   MMM   MMM   MMM   MMM   MMM -0.25 -0.26 -0.29 -0.30 -0.31 -0.34
  MMM   MMM   MMM   MMM   MMM   MMM -0.06 -0.05 -0.07 -0.07 -0.09 -0.12
  MMM   MMM   MMM   MMM   MMM   MMM  0.15  0.17  0.16  0.16  0.14  0.11
  MMM   MMM   MMM   MMM   MMM   MMM  0.36  0.39  0.39  0.39  0.37  0.33
  MMM   MMM   MMM   MMM   MMM   MMM  0.56  0.60  0.61  0.62  0.59  0.55
  MMM   MMM   MMM   MMM   MMM   MMM  0.74  0.78  0.80  0.80  0.77  0.73
  MMM   MMM   MMM   MMM   MMM   MMM  0.88  0.94  0.95  0.96  0.93  0.88
  MMM   MMM   MMM   MMM   MMM   MMM  1.01  1.07  1.09  1.10  1.07  1.01
  MMM   MMM   MMM   MMM   MMM   MMM  1.13  1.19  1.21  1.22  1.19  1.13
  MMM   MMM   MMM   MMM   MMM   MMM  1.23  1.30  1.32  1.33  1.29  1.23
  MMM   MMM   MMM   MMM   MMM   MMM  1.34  1.40  1.41  1.42  1.38  1.32
  MMM   MMM   MMM   MMM   MMM   MMM  1.44  1.50  1.51  1.51  1.47  1.41
  MMM   MMM   MMM   MMM   MMM   MMM  1.54  1.59  1.59  1.59  1.56  1.50
  MMM   MMM   MMM   MMM   MMM   MMM  1.62  1.66  1.67  1.66  1.64  1.58
  MMM   MMM   MMM   MMM   MMM   MMM  1.68  1.73  1.74  1.74  1.71  1.66
  MMM   MMM   MMM   MMM   MMM   MMM  1.75  1.80  1.81  1.81  1.79  1.74
  MMM   MMM   MMM   MMM   MMM   MMM  1.79  1.85  1.86  1.87  1.85  1.81
  MMM   MMM   MMM   MMM   MMM   MMM  1.81  1.87  1.88  1.89  1.88  1.84
  MMM   MMM   MMM   MMM   MMM   MMM  1.80  1.86  1.88  1.90  1.89  1.86
  MMM   MMM   MMM   MMM   MMM   MMM  1.78  1.84  1.87  1.89  1.89  1.87
  MMM   MMM   MMM   MMM   MMM   MMM  1.77  1.82  1.85  1.87  1.88  1.86
  MMM   MMM   MMM   MMM   MMM   MMM  1.76  1.80  1.83  1.85  1.86  1.84
  MMM   MMM   MMM   MMM   MMM   MMM  1.74  1.78  1.80  1.83  1.84  1.82
  MMM   MMM   MMM   MMM   MMM   MMM  1.71  1.75  1.77  1.80  1.81  1.79
  MMM   MMM   MMM   MMM   MMM   MMM  1.68  1.72  1.74  1.76  1.77  1.76
  MMM   MMM   MMM   MMM   MMM   MMM  1.66  1.69  1.71  1.74  1.75  1.74
  MMM   MMM   MMM   MMM   MMM   MMM  1.65  1.68  1.70  1.72  1.74  1.73
  MMM   MMM   MMM   MMM   MMM   MMM  1.63  1.66  1.68  1.71  1.72  1.72
  MMM   MMM   MMM   MMM   MMM   MMM  1.61  1.64  1.65  1.67  1.69  1.69
  MMM   MMM   MMM   MMM   MMM   MMM  1.57  1.59  1.59  1.62  1.64  1.64
  MMM   MMM   MMM   MMM   MMM   MMM  1.53  1.54  1.54  1.57  1.59  1.60
  MMM   MMM   MMM   MMM   MMM   MMM  1.49  1.51  1.51  1.53  1.56  1.57
  MMM   MMM   MMM   MMM   MMM   MMM  1.47  1.48  1.48  1.50  1.52  1.53
  MMM   MMM   MMM   MMM   MMM   MMM  1.45  1.45  1.45  1.47  1.49  1.50
  MMM   MMM   MMM   MMM   MMM   MMM  1.43  1.43  1.42  1.44  1.45  1.46
  MMM   MMM   MMM   MMM   MMM   MMM  1.39  1.39  1.39  1.41  1.42  1.43
  MMM   MMM   MMM   MMM   MMM   MMM  1.34  1.34  1.35  1.37  1.39  1.40
  MMM   MMM   MMM   MMM   MMM   MMM  1.29  1.30  1.30  1.32  1.34  1.35
  MMM   MMM   MMM   MMM   MMM   MMM  1.23  1.23  1.23  1.24  1.24  1.25
  MMM   MMM   MMM   MMM   MMM   MMM  1.16  1.16  1.15  1.15  1.16  1.17
  MMM   MMM   MMM   MMM   MMM   MMM  1.07  1.07  1.06  1.07  1.08  1.10
  MMM   MMM   MMM   MMM   MMM   MMM  1.00  1.00  0.99  1.00  1.01  1.03
  MMM   MMM   MMM   MMM   MMM   MMM  0.95  0.94  0.93  0.93  0.93  0.94
  MMM   MMM   MMM   MMM   MMM   MMM  0.88  0.88  0.86  0.86  0.86  0.86
  MMM   MMM   MMM   MMM   MMM   MMM  0.84  0.84  0.83  0.83  0.83  0.83
  MMM   MMM   MMM   MMM   MMM   MMM  0.81  0.82  0.81  0.81  0.80  0.81
  MMM   MMM   MMM   MMM   MMM   MMM  0.79  0.80  0.80  0.80  0.79  0.80
  MMM   MMM   MMM   MMM   MMM   MMM  0.78  0.80  0.79  0.79  0.80  0.80
  MMM   MMM   MMM   MMM   MMM   MMM  0.78  0.80  0.80  0.81  0.81  0.81
  MMM   MMM   MMM   MMM   MMM   MMM  0.79  0.81  0.81  0.81  0.81  0.81
  MMM   MMM   MMM   MMM   MMM   MMM  0.79  0.82  0.82  0.82  0.82  0.82
  MMM   MMM   MMM   MMM   MMM   MMM  0.79  0.81  0.81  0.82  0.82  0.82
  MMM   MMM   MMM   MMM   MMM   MMM  0.78  0.81  0.81  0.81  0.81  0.81
  MMM   MMM   MMM   MMM   MMM   MMM  0.78  0.80  0.80  0.80  0.80  0.80
  MMM   MMM   MMM   MMM   MMM   MMM  0.77  0.79  0.79  0.79  0.79  0.79
  MMM   MMM   MMM   MMM   MMM   MMM  0.75  0.77  0.77  0.77  0.77  0.77
  MMM   MMM   MMM   MMM   MMM   MMM  0.73  0.75  0.75  0.75  0.75  0.76
  MMM   MMM   MMM   MMM   MMM   MMM  0.71  0.73  0.73  0.73  0.73  0.74
  MMM   MMM   MMM   MMM   MMM   MMM  0.69  0.71  0.71  0.71  0.71  0.72
  MMM   MMM   MMM   MMM   MMM   MMM  0.67  0.69  0.69  0.68  0.69  0.70
  MMM   MMM   MMM   MMM   MMM   MMM  0.65  0.66  0.66  0.66  0.66  0.67
  MMM   MMM   MMM   MMM   MMM   MMM  0.62  0.63  0.63  0.62  0.63  0.64
  MMM   MMM   MMM   MMM   MMM   MMM  0.58  0.59  0.59  0.58  0.58  0.59
  MMM   MMM   MMM   MMM   MMM   MMM  0.55  0.55  0.55  0.54  0.54  0.55
  MMM   MMM   MMM   MMM   MMM   MMM  0.51  0.51  0.51  0.50  0.50  0.51
  MMM   MMM   MMM   MMM   MMM   MMM  0.48  0.48  0.47  0.46  0.46  0.47
  MMM   MMM   MMM   MMM   MMM   MMM  0.45  0.45  0.44  0.43  0.43  0.44
  MMM   MMM   MMM   MMM   MMM   MMM  0.43  0.43  0.42  0.41  0.41  0.42
  MMM   MMM   MMM   MMM   MMM   MMM  0.41  0.41  0.40  0.39  0.39  0.40
  MMM   MMM   MMM   MMM   MMM   MMM  0.39  0.39  0.38  0.37  0.37  0.38
  MMM   MMM   MMM   MMM   MMM   MMM  0.37  0.37  0.36  0.36  0.36  0.37
  MMM   MMM   MMM   MMM   MMM   MMM  0.36  0.35  0.35  0.34  0.34  0.35
  MMM   MMM   MMM   MMM   MMM   MMM  0.34  0.33  0.33  0.32  0.32  0.33
  MMM   MMM   MMM   MMM   MMM   MMM  0.32  0.31  0.31  0.30  0.30  0.31
  MMM   MMM   MMM   MMM   MMM   MMM  0.30  0.29  0.29  0.28  0.28  0.29
  MMM   MMM   MMM   MMM   MMM   MMM  0.27  0.27  0.26  0.26  0.25  0.26
  MMM   MMM   MMM   MMM   MMM   MMM  0.25  0.24  0.24  0.23  0.23  0.23
  MMM   MMM   MMM   MMM   MMM   MMM  0.22  0.22  0.21  0.21  0.20  0.21
  MMM   MMM   MMM   MMM   MMM   MMM  0.19  0.19  0.18  0.18  0.18  0.18
  MMM   MMM   MMM   MMM   MMM   MMM  0.16  0.16  0.16  0.15  0.15  0.15
  MMM   MMM   MMM   MMM   MMM   MMM  0.13  0.13  0.13  0.13  0.13  0.13
  MMM   MMM   MMM   MMM   MMM   MMM  0.11  0.11  0.11  0.10  0.10  0.10
  MMM   MMM   MMM   MMM   MMM   MMM  0.09  0.09  0.08  0.08  0.08  0.08
  MMM   MMM   MMM   MMM   MMM   MMM  0.07  0.07  0.07  0.07  0.07  0.07
  MMM   MMM   MMM   MMM   MMM   MMM  0.05  0.06  0.05  0.05  0.05  0.05
  MMM   MMM   MMM   MMM   MMM   MMM  0.04  0.04  0.04  0.04  0.04  0.04
  MMM   MMM   MMM   MMM   MMM   MMM  0.03  0.03  0.03  0.03  0.03  0.03
  MMM   MMM   MMM   MMM   MMM   MMM  0.02  0.02  0.02  0.02  0.02  0.02
  MMM   MMM   MMM   MMM   MMM   MMM  0.01  0.01  0.01  0.01  0.01  0.01
  MMM   MMM   MMM   MMM   MMM   MMM  0.01  0.01  0.01  0.01  0.01  0.01
  MMM   MMM   MMM   MMM   MMM   MMM  0.00  0.00  0.00  0.00  0.00  0.00
  MMM   MMM   MMM   MMM   MMM   MMM  0.00  0.00  0.00  0.00  0.00  0.00
  MMM   MMM   MMM   MMM   MMM   MMM  0.00  0.00  0.00  0.00  0.00  0.00
year 2001
  MMM   MMM   MMM   MMM   MMM   MMM   MMM   MMM   MMM   MMM   MMM   MMM
  MMM   MMM   MMM   MMM   MMM   MMM   MMM   MMM   MMM   MMM   MMM   MMM
  MMM   MMM   MMM   MMM   MMM   MMM   MMM   MMM   MMM   MMM   MMM   MMM
  MMM   MMM   MMM   MMM   MMM   MMM   MMM   MMM   MMM   MMM   MMM   MMM
  MMM   MMM   MMM   MMM   MMM   MMM   MMM   MMM   MMM   MMM   MMM   MMM
  MMM   MMM   MMM   MMM   MMM   MMM   MMM   MMM   MMM   MMM   MMM   MMM
  MMM   MMM   MMM   MMM   MMM   MMM   MMM   MMM   MMM   MMM   MMM   MMM
  MMM   MMM   MMM   MMM   MMM   MMM   MMM   MMM   MMM   MMM   MMM   MMM
  MMM   MMM   MMM   MMM   MMM   MMM   MMM   MMM   MMM   MMM   MMM   MMM
  MMM   MMM   MMM   MMM   MMM   MMM   MMM   MMM   MMM   MMM   MMM   MMM
  MMM   MMM   MMM   MMM   MMM   MMM   MMM   MMM   MMM   MMM   MMM   MMM
  MMM   MMM   MMM   MMM   MMM   MMM   MMM   MMM   MMM   MMM   MMM   MMM
  MMM   MMM   MMM   MMM   MMM   MMM   MMM   MMM   MMM   MMM   MMM   MMM
 0.00  0.00  0.00  0.00  0.00  0.00  0.00  0.00  0.00  0.00  0.00  0.00
-0.01 -0.01 -0.01 -0.01 -0.01 -0.01 -0.01 -0.01 -0.01 -0.01 -0.01 -0.01
-0.03 -0.02 -0.02 -0.02 -0.02 -0.02 -0.02 -0.02 -0.02 -0.02 -0.02 -0.02
-0.04 -0.04 -0.04 -0.04 -0.04 -0.04 -0.04 -0.04 -0.04 -0.04 -0.04 -0.04
-0.06 -0.06 -0.06 -0.06 -0.06 -0.05 -0.05 -0.05 -0.05 -0.05 -0.05 -0.05
-0.08 -0.08 -0.08 -0.08 -0.08 -0.08 -0.07 -0.07 -0.07 -0.07 -0.07 -0.07
-0.11 -0.10 -0.10 -0.10 -0.10 -0.10 -0.10 -0.09 -0.09 -0.09 -0.09 -0.08
-0.13 -0.13 -0.13 -0.13 -0.12 -0.12 -0.12 -0.11 -0.11 -0.11 -0.10 -0.10
-0.16 -0.16 -0.16 -0.16 -0.15 -0.15 -0.15 -0.14 -0.13 -0.13 -0.13 -0.12
-0.20 -0.19 -0.19 -0.19 -0.19 -0.18 -0.18 -0.17 -0.16 -0.16 -0.15 -0.14
-0.23 -0.22 -0.22 -0.22 -0.22 -0.21 -0.21 -0.20 -0.19 -0.19 -0.18 -0.17
-0.27 -0.26 -0.26 -0.26 -0.25 -0.25 -0.24 -0.23 -0.22 -0.22 -0.22 -0.20
-0.31 -0.30 -0.30 -0.31 -0.30 -0.29 -0.29 -0.27 -0.26 -0.26 -0.26 -0.24
-0.35 -0.34 -0.34 -0.35 -0.34 -0.33 -0.33 -0.31 -0.30 -0.30 -0.29 -0.27
-0.40 -0.39 -0.39 -0.39 -0.38 -0.37 -0.37 -0.35 -0.33 -0.33 -0.33 -0.30
-0.44 -0.43 -0.43 -0.43 -0.43 -0.41 -0.40 -0.38 -0.37 -0.36 -0.36 -0.34
-0.47 -0.46 -0.46 -0.47 -0.46 -0.45 -0.44 -0.41 -0.40 -0.39 -0.39 -0.37
-0.50 -0.49 -0.49 -0.50 -0.49 -0.47 -0.46 -0.44 -0.42 -0.42 -0.42 -0.39
-0.53 -0.51 -0.51 -0.52 -0.51 -0.50 -0.48 -0.46 -0.44 -0.44 -0.44 -0.42
-0.56 -0.53 -0.54 -0.54 -0.53 -0.51 -0.49 -0.47 -0.46 -0.46 -0.46 -0.43
-0.58 -0.56 -0.56 -0.56 -0.55 -0.53 -0.51 -0.48 -0.47 -0.47 -0.47 -0.44
-0.60 -0.58 -0.58 -0.58 -0.56 -0.54 -0.52 -0.49 -0.47 -0.47 -0.48 -0.46
-0.62 -0.59 -0.59 -0.59 -0.57 -0.55 -0.52 -0.49 -0.48 -0.48 -0.49 -0.47
-0.63 -0.60 -0.59 -0.59 -0.57 -0.55 -0.53 -0.50 -0.49 -0.49 -0.51 -0.49
-0.63 -0.60 -0.59 -0.59 -0.56 -0.54 -0.52 -0.49 -0.48 -0.49 -0.51 -0.49
-0.62 -0.58 -0.57 -0.57 -0.55 -0.53 -0.51 -0.49 -0.48 -0.50 -0.51 -0.50
-0.60 -0.57 -0.56 -0.55 -0.53 -0.52 -0.50 -0.49 -0.49 -0.50 -0.52 -0.50
-0.57 -0.54 -0.53 -0.53 -0.51 -0.51 -0.49 -0.48 -0.49 -0.50 -0.52 -0.50
-0.54 -0.51 -0.51 -0.51 -0.50 -0.50 -0.49 -0.48 -0.48 -0.49 -0.50 -0.48
-0.51 -0.48 -0.48 -0.48 -0.48 -0.49 -0.48 -0.48 -0.49 -0.49 -0.50 -0.47
-0.48 -0.46 -0.47 -0.47 -0.47 -0.49 -0.48 -0.48 -0.49 -0.49 -0.50 -0.46
-0.45 -0.44 -0.45 -0.46 -0.47 -0.49 -0.50 -0.50 -0.50 -0.50 -0.49 -0.45
-0.43 -0.42 -0.44 -0.46 -0.48 -0.51 -0.51 -0.52 -0.52 -0.51 -0.50 -0.45
-0.43 -0.42 -0.44 -0.46 -0.49 -0.52 -0.53 -0.53 -0.53 -0.52 -0.51 -0.46
-0.44 -0.43 -0.46 -0.49 -0.52 -0.56 -0.57 -0.57 -0.57 -0.56 -0.54 -0.48
-0.47 -0.47 -0.51 -0.54 -0.58 -0.62 -0.63 -0.63 -0.62 -0.60 -0.58 -0.51
-0.53 -0.53 -0.57 -0.60 -0.64 -0.68 -0.69 -0.69 -0.68 -0.65 -0.62 -0.55
-0.58 -0.59 -0.63 -0.67 -0.71 -0.75 -0.76 -0.76 -0.74 -0.70 -0.67 -0.60
-0.63 -0.65 -0.70 -0.74 -0.79 -0.82 -0.83 -0.82 -0.80 -0.76 -0.72 -0.65
-0.69 -0.72 -0.77 -0.81 -0.85 -0.89 -0.89 -0.88 -0.85 -0.80 -0.76 -0.68
-0.77 -0.79 -0.85 -0.89 -0.92 -0.95 -0.95 -0.93 -0.89 -0.84 -0.79 -0.71
-0.82 -0.85 -0.90 -0.94 -0.97 -0.99 -0.99 -0.97 -0.93 -0.87 -0.82 -0.73
-0.86 -0.89 -0.93 -0.97 -0.99 -1.01 -1.00 -0.98 -0.93 -0.87 -0.82 -0.74
-0.88 -0.91 -0.95 -0.99 -1.01 -1.02 -1.01 -0.98 -0.94 -0.88 -0.82 -0.74
-0.89 -0.92 -0.97 -1.00 -1.02 -1.03 -1.03 -1.00 -0.95 -0.89 -0.83 -0.75
-0.91 -0.94 -0.98 -1.01 -1.03 -1.04 -1.03 -1.00 -0.95 -0.89 -0.84 -0.76
-0.92 -0.95 -0.99 -1.02 -1.04 -1.05 -1.04 -1.01 -0.96 -0.90 -0.85 -0.76
-0.93 -0.96 -0.99 -1.03 -1.04 -1.05 -1.04 -1.00 -0.95 -0.89 -0.84 -0.76
-0.95 -0.97 -1.00 -1.03 -1.03 -1.04 -1.03 -0.99 -0.94 -0.88 -0.83 -0.75
-0.96 -0.98 -1.01 -1.04 -1.04 -1.04 -1.03 -0.98 -0.92 -0.86 -0.81 -0.74
-0.97 -0.98 -1.01 -1.03 -1.03 -1.04 -1.02 -0.97 -0.91 -0.84 -0.79 -0.72
-0.98 -0.99 -1.01 -1.04 -1.03 -1.03 -1.01 -0.96 -0.89 -0.83 -0.78 -0.71
-1.01 -1.01 -1.03 -1.05 -1.03 -1.03 -1.01 -0.95 -0.88 -0.82 -0.77 -0.70
-1.02 -1.03 -1.04 -1.05 -1.04 -1.03 -1.01 -0.95 -0.89 -0.83 -0.78 -0.72
-1.03 -1.03 -1.04 -1.05 -1.03 -1.02 -1.00 -0.95 -0.88 -0.83 -0.79 -0.73
-1.03 -1.03 -1.04 -1.04 -1.02 -1.02 -1.00 -0.94 -0.88 -0.83 -0.80 -0.74
-1.04 -1.04 -1.04 -1.04 -1.02 -1.01 -0.99 -0.94 -0.87 -0.83 -0.80 -0.75
-1.05 -1.04 -1.04 -1.03 -1.01 -1.00 -0.98 -0.93 -0.87 -0.83 -0.81 -0.77
-1.04 -1.03 -1.03 -1.02 -1.00 -0.99 -0.98 -0.93 -0.88 -0.85 -0.83 -0.79
-1.04 -1.02 -1.03 -1.02 -1.00 -0.99 -0.98 -0.94 -0.89 -0.87 -0.86 -0.82
-1.05 -1.03 -1.04 -1.04 -1.02 -1.01 -1.00 -0.97 -0.92 -0.89 -0.89 -0.85
-1.08 -1.06 -1.07 -1.07 -1.05 -1.04 -1.03 -0.99 -0.94 -0.91 -0.91 -0.88
-1.11 -1.09 -1.10 -1.10 -1.07 -1.06 -1.04 -1.00 -0.94 -0.92 -0.91 -0.88
-1.14 -1.12 -1.13 -1.12 -1.09 -1.07 -1.05 -1.00 -0.94 -0.91 -0.90 -0.87
-1.16 -1.14 -1.14 -1.13 -1.10 -1.07 -1.05 -0.99 -0.93 -0.89 -0.88 -0.85
-1.16 -1.14 -1.14 -1.12 -1.08 -1.05 -1.02 -0.97 -0.90 -0.86 -0.85 -0.82
-1.15 -1.13 -1.13 -1.10 -1.04 -1.01 -0.98 -0.92 -0.85 -0.82 -0.80 -0.78
-1.12 -1.11 -1.09 -1.05 -0.98 -0.94 -0.91 -0.86 -0.80 -0.76 -0.76 -0.74
-1.07 -1.05 -1.03 -0.97 -0.90 -0.86 -0.83 -0.79 -0.73 -0.71 -0.72 -0.70
-1.00 -0.98 -0.95 -0.89 -0.81 -0.77 -0.75 -0.71 -0.67 -0.67 -0.68 -0.67
-0.91 -0.89 -0.85 -0.79 -0.72 -0.68 -0.66 -0.64 -0.61 -0.62 -0.63 -0.62
-0.80 -0.79 -0.76 -0.70 -0.62 -0.58 -0.58 -0.57 -0.54 -0.55 -0.57 -0.56
-0.68 -0.66 -0.63 -0.57 -0.50 -0.47 -0.47 -0.47 -0.46 -0.47 -0.48 -0.46
-0.52 -0.52 -0.49 -0.43 -0.36 -0.33 -0.34 -0.35 -0.34 -0.36 -0.37 -0.35
-0.34 -0.34 -0.31 -0.26 -0.19 -0.17 -0.19 -0.21 -0.21 -0.22 -0.23 -0.22
-0.13 -0.13 -0.12 -0.07 -0.01  0.01 -0.03 -0.05 -0.05 -0.07 -0.08 -0.07
 0.09  0.08  0.10  0.13  0.18  0.19  0.15  0.12  0.12  0.11  0.09  0.10
 0.31  0.30  0.31  0.33  0.38  0.38  0.33  0.30  0.31  0.30  0.28  0.28
 0.52  0.50  0.50  0.52  0.55  0.55  0.49  0.47  0.48  0.47  0.46  0.45
 0.69  0.67  0.66  0.67  0.69  0.69  0.63  0.60  0.62  0.62  0.60  0.59
 0.83  0.80  0.79  0.79  0.81  0.80  0.73  0.70  0.72  0.72  0.71  0.70
 0.96  0.92  0.91  0.90  0.92  0.90  0.83  0.79  0.80  0.80  0.79  0.79
 1.08  1.04  1.02  1.01  1.03  1.01  0.93  0.89  0.89  0.88  0.88  0.89
 1.18  1.14  1.12  1.13  1.15  1.12  1.03  0.98  0.98  0.97  0.97  0.99
 1.26  1.23  1.22  1.23  1.25  1.23  1.14  1.08  1.08  1.08  1.08  1.10
 1.36  1.33  1.32  1.33  1.35  1.33  1.24  1.19  1.19  1.19  1.20  1.22
 1.45  1.42  1.41  1.41  1.43  1.41  1.34  1.30  1.31  1.32  1.32  1.35
 1.54  1.51  1.50  1.49  1.51  1.49  1.42  1.39  1.42  1.43  1.45  1.47
 1.62  1.59  1.57  1.56  1.57  1.54  1.48  1.46  1.49  1.52  1.54  1.57
 1.70  1.67  1.65  1.62  1.62  1.59  1.53  1.52  1.56  1.59  1.61  1.65
 1.76  1.73  1.71  1.68  1.68  1.64  1.58  1.57  1.61  1.65  1.68  1.72
 1.80  1.77  1.75  1.72  1.71  1.68  1.62  1.61  1.65  1.69  1.72  1.77
 1.82  1.80  1.77  1.74  1.73  1.70  1.64  1.64  1.68  1.72  1.75  1.79
 1.84  1.81  1.78  1.75  1.74  1.72  1.66  1.65  1.69  1.72  1.75  1.80
 1.83  1.81  1.78  1.75  1.75  1.72  1.66  1.66  1.69  1.73  1.76  1.80
 1.81  1.79  1.76  1.73  1.74  1.72  1.66  1.66  1.70  1.74  1.77  1.81
 1.80  1.78  1.75  1.72  1.73  1.72  1.67  1.67  1.72  1.76  1.78  1.82
 1.78  1.76  1.73  1.71  1.73  1.72  1.67  1.68  1.73  1.77  1.80  1.83
 1.75  1.74  1.71  1.70  1.73  1.72  1.67  1.68  1.74  1.78  1.80  1.84
 1.73  1.72  1.70  1.69  1.72  1.71  1.67  1.68  1.74  1.78  1.80  1.83
 1.72  1.71  1.69  1.69  1.72  1.71  1.66  1.68  1.73  1.77  1.78  1.81
 1.71  1.70  1.69  1.68  1.72  1.71  1.66  1.67  1.72  1.76  1.77  1.79
 1.68  1.68  1.66  1.67  1.71  1.70  1.65  1.67  1.72  1.75  1.76  1.77
 1.63  1.63  1.63  1.64  1.69  1.69  1.64  1.67  1.73  1.76  1.76  1.77
 1.60  1.60  1.60  1.62  1.68  1.68  1.64  1.68  1.74  1.77  1.77  1.77
 1.57  1.58  1.59  1.61  1.66  1.67  1.63  1.67  1.73  1.76  1.76  1.76
 1.54  1.55  1.56  1.58  1.63  1.64  1.61  1.65  1.71  1.75  1.75  1.75
 1.51  1.51  1.52  1.54  1.60  1.61  1.59  1.63  1.70  1.74  1.74  1.73
 1.47  1.48  1.48  1.51  1.57  1.58  1.56  1.61  1.69  1.73  1.74  1.73
 1.44  1.44  1.45  1.47  1.54  1.56  1.55  1.60  1.68  1.72  1.72  1.72
 1.41  1.41  1.42  1.44  1.51  1.54  1.52  1.58  1.64  1.68  1.68  1.67
 1.36  1.36  1.37  1.39  1.46  1.49  1.48  1.52  1.59  1.62  1.61  1.60
 1.27  1.27  1.28  1.32  1.38  1.41  1.40  1.45  1.51  1.54  1.53  1.52
 1.18  1.19  1.20  1.23  1.30  1.33  1.32  1.37  1.43  1.46  1.45  1.43
 1.11  1.11  1.12  1.15  1.21  1.25  1.25  1.30  1.36  1.38  1.37  1.35
 1.04  1.04  1.04  1.07  1.13  1.17  1.17  1.22  1.28  1.30  1.28  1.26
 0.95  0.95  0.96  0.99  1.05  1.09  1.08  1.12  1.18  1.20  1.18  1.16
 0.87  0.87  0.88  0.91  0.97  1.00  0.99  1.03  1.09  1.11  1.10  1.08
 0.84  0.84  0.84  0.86  0.91  0.94  0.93  0.96  1.01  1.02  1.00  0.99
 0.81  0.81  0.81  0.82  0.86  0.89  0.87  0.90  0.94  0.94  0.92  0.91
 0.80  0.80  0.80  0.80  0.84  0.86  0.84  0.87  0.90  0.90  0.88  0.86
 0.80  0.80  0.79  0.80  0.83  0.85  0.83  0.85  0.89  0.88  0.86  0.84
 0.81  0.80  0.79  0.79  0.82  0.84  0.82  0.85  0.88  0.87  0.85  0.83
 0.81  0.81  0.80  0.80  0.83  0.85  0.82  0.84  0.87  0.86  0.84  0.82
 0.82  0.82  0.81  0.80  0.82  0.84  0.81  0.83  0.86  0.86  0.83  0.81
 0.82  0.82  0.81  0.80  0.82  0.83  0.81  0.82  0.85  0.85  0.83  0.81
 0.81  0.81  0.80  0.79  0.81  0.82  0.80  0.82  0.84  0.84  0.82  0.80
 0.81  0.81  0.80  0.79  0.81  0.82  0.79  0.81  0.84  0.83  0.81  0.79
 0.79  0.80  0.79  0.77  0.79  0.80  0.78  0.80  0.82  0.82  0.80  0.78
 0.78  0.78  0.77  0.76  0.78  0.79  0.77  0.78  0.81  0.81  0.79  0.77
 0.76  0.77  0.76  0.75  0.77  0.78  0.76  0.77  0.80  0.79  0.78  0.75
 0.74  0.75  0.75  0.73  0.75  0.76  0.75  0.76  0.78  0.78  0.76  0.74
 0.72  0.73  0.72  0.71  0.73  0.74  0.73  0.74  0.76  0.76  0.75  0.72
 0.70  0.71  0.70  0.69  0.71  0.71  0.70  0.71  0.73  0.73  0.71  0.69
 0.68  0.68  0.68  0.67  0.68  0.69  0.67  0.68  0.70  0.70  0.68  0.66
 0.64  0.65  0.64  0.63  0.65  0.65  0.64  0.65  0.66  0.66  0.65  0.63
 0.60  0.60  0.60  0.59  0.60  0.61  0.59  0.60  0.62  0.62  0.61  0.59
 0.55  0.56  0.55  0.54  0.56  0.56  0.55  0.56  0.57  0.58  0.57  0.55
 0.51  0.51  0.51  0.50  0.52  0.51  0.50  0.52  0.53  0.53  0.53  0.51
 0.47  0.48  0.47  0.47  0.48  0.47  0.47  0.48  0.49  0.50  0.49  0.48
 0.45  0.45  0.44  0.44  0.45  0.44  0.43  0.45  0.46  0.46  0.46  0.44
 0.42  0.42  0.42  0.41  0.42  0.41  0.40  0.42  0.43  0.43  0.43  0.41
 0.40  0.40  0.40  0.39  0.40  0.39  0.38  0.39  0.40  0.41  0.40  0.39
 0.39  0.39  0.38  0.37  0.38  0.37  0.36  0.37  0.39  0.39  0.39  0.37
 0.37  0.37  0.37  0.36  0.37  0.36  0.35  0.36  0.37  0.37  0.37  0.36
 0.35  0.36  0.35  0.34  0.35  0.34  0.33  0.34  0.35  0.36  0.36  0.34
 0.33  0.33  0.33  0.32  0.33  0.32  0.31  0.32  0.33  0.34  0.34  0.32
 0.31  0.31  0.31  0.30  0.31  0.30  0.29  0.30  0.31  0.32  0.32  0.30
 0.29  0.29  0.29  0.28  0.28  0.27  0.27  0.28  0.29  0.29  0.29  0.28
 0.27  0.27  0.26  0.25  0.26  0.25  0.24  0.25  0.26  0.26  0.26  0.25
 0.24  0.24  0.24  0.23  0.23  0.22  0.21  0.22  0.23  0.23  0.23  0.22
 0.21  0.21  0.21  0.20  0.20  0.19  0.19  0.19  0.20  0.20  0.20  0.20
 0.18  0.18  0.18  0.17  0.17  0.16  0.16  0.16  0.17  0.17  0.17  0.17
 0.16  0.16  0.16  0.15  0.15  0.14  0.13  0.14  0.14  0.14  0.15  0.14
 0.13  0.13  0.13  0.13  0.12  0.12  0.11  0.11  0.11  0.12  0.12  0.12
 0.11  0.11  0.11  0.10  0.10  0.09  0.09  0.09  0.09  0.09  0.10  0.09
 0.09  0.09  0.09  0.08  0.08  0.07  0.07  0.07  0.07  0.08  0.08  0.08
 0.07  0.07  0.07  0.07  0.06  0.06  0.06  0.06  0.06  0.06  0.06  0.06
 0.06  0.06  0.06  0.05  0.05  0.05  0.05  0.05  0.05  0.05  0.05  0.05
 0.04  0.04  0.04  0.04  0.04  0.03  0.03  0.03  0.03  0.03  0.04  0.03
 0.03  0.03  0.03  0.03  0.03  0.02  0.02  0.02  0.02  0.02  0.02  0.02
 0.02  0.02  0.02  0.02  0.02  0.01  0.01  0.01  0.01  0.01  0.02  0.01
 0.01  0.01  0.01  0.01  0.01  0.01  0.01  0.01  0.01  0.01  0.01  0.01
 0.01  0.01  0.01  0.01  0.01  0.00  0.00  0.00  0.00  0.00  0.01  0.01
 0.00  0.00  0.00  0.00  0.00  0.00  0.00  0.00  0.00  0.00  0.00  0.00
 0.00  0.00  0.00  0.00  0.00  0.00  0.00  0.00  0.00  0.00  0.00  0.00
 0.00  0.00  0.00  0.00  0.00  0.00  0.00  0.00  0.00  0.00  0.00  0.00
year 2002
  MMM   MMM   MMM   MMM   MMM   MMM   MMM   MMM   MMM   MMM   MMM   MMM
  MMM   MMM   MMM   MMM   MMM   MMM   MMM   MMM   MMM   MMM   MMM   MMM
  MMM   MMM   MMM   MMM   MMM   MMM   MMM   MMM   MMM   MMM   MMM   MMM
  MMM   MMM   MMM   MMM   MMM   MMM   MMM   MMM   MMM   MMM   MMM   MMM
  MMM   MMM   MMM   MMM   MMM   MMM   MMM   MMM   MMM   MMM   MMM   MMM
  MMM   MMM   MMM   MMM   MMM   MMM   MMM   MMM   MMM   MMM   MMM   MMM
  MMM   MMM   MMM   MMM   MMM   MMM   MMM   MMM   MMM   MMM   MMM   MMM
  MMM   MMM   MMM   MMM   MMM   MMM   MMM   MMM   MMM   MMM   MMM   MMM
  MMM   MMM   MMM   MMM   MMM   MMM   MMM   MMM   MMM   MMM   MMM   MMM
  MMM   MMM   MMM   MMM   MMM   MMM   MMM   MMM   MMM   MMM   MMM   MMM
  MMM   MMM   MMM   MMM   MMM   MMM   MMM   MMM   MMM   MMM   MMM   MMM
  MMM   MMM   MMM   MMM   MMM   MMM   MMM   MMM   MMM   MMM   MMM   MMM
  MMM   MMM   MMM   MMM   MMM   MMM   MMM   MMM   MMM   MMM   MMM   MMM
 0.00  0.00  0.00  0.00  0.00  0.00  0.00  0.00  0.00  0.00  0.00  0.00
-0.01 -0.01 -0.01 -0.01 -0.01 -0.01 -0.01 -0.01 -0.01 -0.01 -0.01 -0.01
-0.02 -0.02 -0.02 -0.02 -0.02 -0.02 -0.02 -0.02 -0.02 -0.02 -0.02 -0.02
-0.04 -0.04 -0.04 -0.04 -0.04 -0.04 -0.04 -0.04 -0.04 -0.04 -0.04 -0.04
-0.05 -0.05 -0.05 -0.05 -0.05 -0.05 -0.05 -0.05 -0.05 -0.05 -0.05 -0.05
-0.07 -0.07 -0.07 -0.07 -0.06 -0.06 -0.06 -0.07 -0.07 -0.07 -0.06 -0.07
-0.08 -0.08 -0.08 -0.08 -0.08 -0.08 -0.08 -0.08 -0.08 -0.08 -0.08 -0.08
-0.10 -0.10 -0.10 -0.09 -0.09 -0.09 -0.09 -0.09 -0.09 -0.09 -0.09 -0.09
-0.11 -0.12 -0.11 -0.11 -0.10 -0.10 -0.10 -0.10 -0.10 -0.10 -0.10 -0.11
-0.14 -0.14 -0.13 -0.13 -0.12 -0.12 -0.12 -0.12 -0.12 -0.12 -0.12 -0.12
-0.16 -0.17 -0.16 -0.16 -0.15 -0.14 -0.14 -0.14 -0.14 -0.14 -0.14 -0.15
-0.20 -0.20 -0.19 -0.19 -0.18 -0.17 -0.17 -0.18 -0.18 -0.18 -0.18 -0.19
-0.24 -0.24 -0.23 -0.23 -0.22 -0.21 -0.21 -0.22 -0.22 -0.22 -0.22 -0.23
-0.27 -0.27 -0.27 -0.27 -0.25 -0.25 -0.25 -0.26 -0.27 -0.26 -0.27 -0.28
-0.30 -0.30 -0.30 -0.30 -0.29 -0.28 -0.28 -0.30 -0.30 -0.30 -0.30 -0.32
-0.33 -0.34 -0.34 -0.34 -0.32 -0.32 -0.32 -0.33 -0.34 -0.34 -0.34 -0.36
-0.36 -0.37 -0.37 -0.37 -0.36 -0.35 -0.36 -0.37 -0.38 -0.37 -0.37 -0.39
-0.39 -0.40 -0.40 -0.41 -0.39 -0.39 -0.40 -0.41 -0.41 -0.40 -0.40 -0.42
-0.41 -0.43 -0.43 -0.44 -0.43 -0.42 -0.43 -0.44 -0.45 -0.43 -0.43 -0.45
-0.43 -0.45 -0.45 -0.46 -0.45 -0.45 -0.46 -0.47 -0.48 -0.46 -0.46 -0.47
-0.44 -0.46 -0.47 -0.48 -0.48 -0.48 -0.49 -0.50 -0.50 -0.49 -0.48 -0.50
-0.46 -0.48 -0.49 -0.50 -0.50 -0.50 -0.51 -0.52 -0.52 -0.51 -0.50 -0.52
-0.47 -0.50 -0.50 -0.52 -0.52 -0.52 -0.54 -0.55 -0.55 -0.53 -0.52 -0.54
-0.49 -0.51 -0.52 -0.54 -0.54 -0.54 -0.55 -0.56 -0.56 -0.54 -0.53 -0.54
-0.49 -0.52 -0.53 -0.55 -0.55 -0.55 -0.56 -0.56 -0.56 -0.54 -0.53 -0.54
-0.50 -0.52 -0.53 -0.55 -0.56 -0.56 -0.56 -0.56 -0.56 -0.54 -0.52 -0.53
-0.50 -0.52 -0.52 -0.54 -0.55 -0.55 -0.55 -0.55 -0.55 -0.52 -0.50 -0.52
-0.49 -0.51 -0.51 -0.53 -0.54 -0.53 -0.53 -0.53 -0.52 -0.50 -0.48 -0.49
-0.47 -0.48 -0.48 -0.50 -0.50 -0.49 -0.49 -0.49 -0.49 -0.47 -0.46 -0.48
-0.45 -0.46 -0.46 -0.48 -0.48 -0.47 -0.46 -0.45 -0.46 -0.44 -0.43 -0.46
-0.44 -0.44 -0.43 -0.44 -0.44 -0.43 -0.42 -0.42 -0.42 -0.41 -0.40 -0.43
-0.42 -0.42 -0.40 -0.41 -0.40 -0.38 -0.37 -0.37 -0.38 -0.37 -0.37 -0.41
-0.42 -0.41 -0.39 -0.39 -0.37 -0.34 -0.33 -0.33 -0.33 -0.33 -0.34 -0.38
-0.42 -0.41 -0.37 -0.37 -0.34 -0.31 -0.29 -0.29 -0.30 -0.30 -0.31 -0.36
-0.44 -0.41 -0.37 -0.35 -0.32 -0.28 -0.26 -0.26 -0.27 -0.28 -0.30 -0.36
-0.46 -0.42 -0.37 -0.35 -0.31 -0.27 -0.25 -0.25 -0.27 -0.29 -0.31 -0.38
-0.50 -0.46 -0.39 -0.36 -0.32 -0.27 -0.25 -0.26 -0.28 -0.30 -0.33 -0.40
-0.55 -0.50 -0.43 -0.39 -0.35 -0.30 -0.29 -0.30 -0.33 -0.35 -0.38 -0.44
-0.60 -0.55 -0.47 -0.43 -0.39 -0.35 -0.34 -0.36 -0.39 -0.42 -0.45 -0.51
-0.62 -0.57 -0.50 -0.46 -0.41 -0.38 -0.37 -0.39 -0.43 -0.45 -0.48 -0.55
-0.64 -0.58 -0.50 -0.46 -0.41 -0.38 -0.38 -0.40 -0.44 -0.46 -0.49 -0.56
-0.66 -0.60 -0.50 -0.45 -0.41 -0.37 -0.38 -0.40 -0.44 -0.47 -0.50 -0.57
-0.67 -0.60 -0.50 -0.46 -0.41 -0.38 -0.39 -0.42 -0.46 -0.49 -0.52 -0.59
-0.66 -0.59 -0.50 -0.45 -0.41 -0.39 -0.40 -0.44 -0.48 -0.51 -0.53 -0.60
-0.67 -0.60 -0.51 -0.46 -0.42 -0.40 -0.42 -0.45 -0.49 -0.51 -0.53 -0.60
-0.68 -0.61 -0.52 -0.47 -0.44 -0.42 -0.43 -0.46 -0.50 -0.51 -0.53 -0.59
-0.69 -0.63 -0.53 -0.49 -0.45 -0.44 -0.45 -0.48 -0.51 -0.52 -0.53 -0.59
-0.70 -0.63 -0.54 -0.49 -0.46 -0.44 -0.46 -0.49 -0.52 -0.53 -0.54 -0.59
-0.69 -0.63 -0.53 -0.48 -0.45 -0.44 -0.46 -0.49 -0.53 -0.55 -0.56 -0.61
-0.68 -0.62 -0.53 -0.48 -0.45 -0.45 -0.47 -0.50 -0.54 -0.56 -0.57 -0.63
-0.66 -0.61 -0.52 -0.48 -0.46 -0.46 -0.48 -0.52 -0.56 -0.58 -0.59 -0.66
-0.65 -0.60 -0.52 -0.48 -0.46 -0.46 -0.48 -0.52 -0.57 -0.59 -0.60 -0.66
-0.65 -0.61 -0.53 -0.49 -0.47 -0.47 -0.49 -0.52 -0.57 -0.58 -0.59 -0.65
-0.67 -0.62 -0.55 -0.51 -0.50 -0.50 -0.51 -0.54 -0.58 -0.59 -0.59 -0.64
-0.68 -0.65 -0.58 -0.54 -0.53 -0.53 -0.54 -0.57 -0.61 -0.61 -0.60 -0.65
-0.70 -0.67 -0.61 -0.57 -0.56 -0.57 -0.58 -0.60 -0.64 -0.63 -0.62 -0.65
-0.72 -0.69 -0.64 -0.61 -0.61 -0.61 -0.61 -0.63 -0.66 -0.65 -0.63 -0.65
-0.74 -0.73 -0.68 -0.66 -0.65 -0.65 -0.65 -0.66 -0.68 -0.66 -0.63 -0.64
-0.77 -0.76 -0.72 -0.70 -0.70 -0.70 -0.70 -0.70 -0.70 -0.67 -0.63 -0.63
-0.80 -0.79 -0.75 -0.74 -0.74 -0.74 -0.74 -0.73 -0.73 -0.68 -0.63 -0.62
-0.83 -0.83 -0.78 -0.77 -0.77 -0.77 -0.76 -0.75 -0.74 -0.69 -0.63 -0.62
-0.86 -0.85 -0.81 -0.79 -0.80 -0.80 -0.78 -0.77 -0.75 -0.70 -0.63 -0.61
-0.87 -0.86 -0.81 -0.80 -0.81 -0.81 -0.79 -0.78 -0.76 -0.70 -0.64 -0.62
-0.85 -0.84 -0.80 -0.78 -0.79 -0.80 -0.79 -0.78 -0.75 -0.70 -0.64 -0.63
-0.83 -0.82 -0.77 -0.76 -0.78 -0.79 -0.79 -0.77 -0.75 -0.70 -0.65 -0.63
-0.80 -0.79 -0.75 -0.74 -0.77 -0.79 -0.78 -0.77 -0.75 -0.71 -0.66 -0.64
-0.76 -0.76 -0.72 -0.72 -0.76 -0.78 -0.77 -0.75 -0.74 -0.70 -0.66 -0.63
-0.73 -0.72 -0.69 -0.70 -0.74 -0.77 -0.76 -0.74 -0.72 -0.70 -0.65 -0.62
-0.69 -0.69 -0.66 -0.68 -0.73 -0.76 -0.75 -0.72 -0.70 -0.67 -0.63 -0.59
-0.66 -0.65 -0.62 -0.64 -0.70 -0.74 -0.72 -0.69 -0.67 -0.64 -0.60 -0.55
-0.61 -0.60 -0.57 -0.59 -0.65 -0.69 -0.67 -0.63 -0.61 -0.58 -0.55 -0.51
-0.54 -0.53 -0.50 -0.53 -0.59 -0.62 -0.60 -0.56 -0.54 -0.52 -0.49 -0.44
-0.44 -0.43 -0.41 -0.44 -0.51 -0.54 -0.52 -0.47 -0.44 -0.42 -0.40 -0.35
-0.33 -0.32 -0.31 -0.35 -0.42 -0.45 -0.42 -0.36 -0.33 -0.31 -0.28 -0.23
-0.20 -0.19 -0.19 -0.23 -0.30 -0.33 -0.29 -0.22 -0.18 -0.15 -0.13 -0.08
-0.05 -0.05 -0.05 -0.10 -0.16 -0.18 -0.11 -0.03  0.02  0.04  0.06  0.11
 0.11  0.11  0.10  0.05 -0.01  0.01  0.09  0.19  0.24  0.27  0.29  0.32
 0.28  0.27  0.25  0.21  0.17  0.20  0.32  0.43  0.48  0.50  0.51  0.54
 0.45  0.42  0.40  0.35  0.33  0.39  0.53  0.66  0.71  0.72  0.73  0.74
 0.58  0.55  0.52  0.48  0.47  0.56  0.72  0.86  0.92  0.92  0.91  0.92
 0.69  0.66  0.63  0.60  0.61  0.71  0.89  1.04  1.09  1.09  1.08  1.08
 0.79  0.76  0.74  0.72  0.75  0.86  1.05  1.20  1.25  1.24  1.22  1.22
 0.90  0.88  0.87  0.86  0.89  1.01  1.19  1.33  1.37  1.35  1.33  1.32
 1.01  1.01  1.00  1.00  1.03  1.14  1.31  1.43  1.46  1.44  1.40  1.39
 1.13  1.13  1.14  1.14  1.18  1.28  1.42  1.52  1.54  1.50  1.47  1.45
 1.25  1.26  1.27  1.28  1.32  1.40  1.52  1.60  1.60  1.56  1.52  1.51
 1.38  1.38  1.40  1.41  1.45  1.52  1.61  1.66  1.64  1.60  1.57  1.56
 1.50  1.51  1.52  1.54  1.57  1.62  1.68  1.71  1.67  1.64  1.61  1.61
 1.60  1.61  1.63  1.65  1.67  1.70  1.74  1.75  1.70  1.67  1.65  1.66
 1.69  1.70  1.72  1.74  1.75  1.78  1.81  1.79  1.74  1.70  1.69  1.70
 1.77  1.78  1.81  1.83  1.84  1.85  1.87  1.85  1.78  1.75  1.74  1.75
 1.82  1.84  1.87  1.89  1.89  1.90  1.92  1.89  1.82  1.78  1.77  1.78
 1.84  1.87  1.90  1.92  1.92  1.93  1.94  1.91  1.84  1.80  1.79  1.80
 1.85  1.87  1.90  1.92  1.93  1.93  1.95  1.92  1.85  1.80  1.79  1.80
 1.85  1.88  1.91  1.93  1.93  1.93  1.95  1.92  1.84  1.79  1.78  1.79
 1.86  1.88  1.92  1.94  1.93  1.92  1.93  1.90  1.81  1.76  1.75  1.76
 1.86  1.88  1.91  1.93  1.92  1.91  1.91  1.87  1.78  1.72  1.70  1.71
 1.87  1.89  1.91  1.93  1.91  1.89  1.88  1.83  1.73  1.66  1.64  1.65
 1.88  1.88  1.91  1.91  1.88  1.85  1.84  1.78  1.68  1.61  1.58  1.58
 1.86  1.87  1.88  1.88  1.84  1.81  1.79  1.73  1.62  1.55  1.52  1.51
 1.84  1.84  1.85  1.84  1.79  1.76  1.74  1.67  1.56  1.49  1.46  1.45
 1.80  1.80  1.81  1.80  1.75  1.71  1.69  1.62  1.51  1.44  1.41  1.41
 1.79  1.78  1.79  1.77  1.72  1.68  1.66  1.58  1.48  1.41  1.39  1.39
 1.78  1.77  1.77  1.75  1.69  1.65  1.63  1.55  1.45  1.40  1.37  1.38
 1.78  1.77  1.77  1.74  1.68  1.63  1.60  1.53  1.43  1.38  1.36  1.36
 1.77  1.76  1.75  1.72  1.66  1.61  1.58  1.51  1.41  1.36  1.34  1.34
 1.75  1.74  1.73  1.71  1.64  1.59  1.56  1.49  1.40  1.35  1.33  1.33
 1.74  1.73  1.73  1.70  1.63  1.58  1.56  1.48  1.40  1.35  1.33  1.33
 1.74  1.73  1.73  1.70  1.63  1.57  1.54  1.47  1.38  1.34  1.32  1.31
 1.72  1.72  1.71  1.68  1.61  1.55  1.51  1.44  1.36  1.32  1.29  1.29
 1.68  1.67  1.66  1.63  1.56  1.49  1.46  1.39  1.31  1.28  1.26  1.26
 1.61  1.60  1.59  1.56  1.48  1.42  1.39  1.32  1.25  1.23  1.22  1.23
 1.52  1.52  1.50  1.47  1.40  1.34  1.32  1.26  1.20  1.19  1.19  1.20
 1.43  1.43  1.41  1.39  1.33  1.28  1.27  1.21  1.16  1.15  1.15  1.17
 1.35  1.35  1.35  1.34  1.28  1.24  1.22  1.16  1.11  1.10  1.11  1.12
 1.26  1.27  1.26  1.25  1.20  1.15  1.14  1.09  1.04  1.04  1.04  1.05
 1.16  1.16  1.15  1.14  1.09  1.05  1.05  1.01  0.97  0.97  0.97  0.98
 1.08  1.09  1.07  1.05  1.01  0.97  0.98  0.94  0.90  0.90  0.90  0.91
 0.99  1.00  0.99  0.98  0.94  0.91  0.92  0.89  0.86  0.86  0.86  0.87
 0.92  0.93  0.92  0.93  0.90  0.87  0.89  0.86  0.83  0.84  0.84  0.84
 0.87  0.88  0.89  0.90  0.87  0.86  0.87  0.85  0.82  0.83  0.83  0.83
 0.85  0.86  0.87  0.88  0.86  0.85  0.87  0.84  0.81  0.82  0.82  0.83
 0.83  0.84  0.85  0.87  0.85  0.84  0.86  0.83  0.80  0.81  0.82  0.83
 0.82  0.83  0.84  0.86  0.85  0.83  0.85  0.83  0.80  0.81  0.82  0.83
 0.82  0.82  0.83  0.86  0.85  0.83  0.85  0.83  0.80  0.81  0.81  0.83
 0.81  0.82  0.82  0.85  0.85  0.84  0.85  0.83  0.80  0.81  0.81  0.83
 0.80  0.81  0.82  0.85  0.84  0.83  0.84  0.83  0.80  0.80  0.81  0.83
 0.79  0.80  0.81  0.84  0.83  0.81  0.83  0.81  0.79  0.79  0.80  0.82
 0.78  0.79  0.79  0.82  0.82  0.80  0.81  0.80  0.77  0.77  0.78  0.80
 0.77  0.77  0.78  0.81  0.80  0.78  0.79  0.78  0.76  0.76  0.77  0.79
 0.76  0.76  0.76  0.79  0.78  0.76  0.77  0.77  0.74  0.75  0.76  0.77
 0.74  0.74  0.74  0.77  0.76  0.74  0.75  0.75  0.72  0.73  0.74  0.76
 0.73  0.72  0.72  0.75  0.74  0.72  0.73  0.73  0.71  0.71  0.72  0.73
 0.69  0.69  0.69  0.72  0.71  0.69  0.70  0.70  0.68  0.69  0.69  0.71
 0.66  0.66  0.66  0.68  0.68  0.66  0.67  0.67  0.66  0.66  0.67  0.68
 0.63  0.63  0.62  0.65  0.64  0.62  0.64  0.64  0.62  0.62  0.63  0.65
 0.59  0.59  0.59  0.61  0.60  0.59  0.60  0.60  0.59  0.59  0.59  0.60
 0.55  0.55  0.55  0.57  0.56  0.55  0.56  0.56  0.54  0.54  0.55  0.56
 0.51  0.51  0.51  0.53  0.52  0.51  0.52  0.52  0.50  0.50  0.51  0.52
 0.48  0.48  0.47  0.50  0.49  0.47  0.48  0.48  0.47  0.47  0.47  0.48
 0.44  0.44  0.44  0.46  0.45  0.44  0.45  0.45  0.43  0.43  0.44  0.44
 0.42  0.41  0.41  0.43  0.42  0.41  0.42  0.42  0.40  0.40  0.41  0.41
 0.39  0.39  0.39  0.41  0.40  0.38  0.39  0.39  0.38  0.38  0.38  0.39
 0.38  0.37  0.37  0.39  0.38  0.36  0.37  0.37  0.36  0.36  0.36  0.36
 0.36  0.36  0.36  0.37  0.36  0.35  0.35  0.35  0.34  0.34  0.34  0.34
 0.34  0.34  0.34  0.35  0.34  0.33  0.33  0.33  0.33  0.32  0.32  0.32
 0.33  0.32  0.32  0.33  0.32  0.31  0.32  0.32  0.31  0.30  0.30  0.30
 0.30  0.30  0.30  0.31  0.30  0.29  0.29  0.29  0.29  0.28  0.28  0.28
 0.28  0.27  0.27  0.28  0.27  0.27  0.27  0.27  0.26  0.26  0.25  0.26
 0.25  0.24  0.24  0.25  0.25  0.24  0.24  0.24  0.23  0.23  0.23  0.23
 0.22  0.22  0.21  0.23  0.22  0.21  0.22  0.21  0.21  0.20  0.20  0.20
 0.20  0.19  0.19  0.20  0.19  0.19  0.19  0.19  0.18  0.18  0.17  0.17
 0.17  0.16  0.16  0.17  0.17  0.16  0.16  0.16  0.16  0.15  0.15  0.15
 0.14  0.14  0.14  0.14  0.14  0.14  0.14  0.13  0.13  0.13  0.12  0.12
 0.11  0.11  0.11  0.12  0.12  0.11  0.11  0.11  0.11  0.11  0.10  0.10
 0.09  0.09  0.09  0.10  0.09  0.09  0.09  0.09  0.09  0.09  0.08  0.08
 0.08  0.07  0.07  0.08  0.08  0.08  0.07  0.07  0.07  0.07  0.07  0.07
 0.06  0.06  0.06  0.06  0.06  0.06  0.06  0.06  0.06  0.06  0.05  0.06
 0.05  0.05  0.05  0.05  0.05  0.05  0.05  0.05  0.05  0.04  0.04  0.04
 0.03  0.03  0.03  0.03  0.03  0.03  0.03  0.03  0.03  0.03  0.03  0.03
 0.02  0.02  0.02  0.02  0.02  0.02  0.02  0.02  0.02  0.02  0.02  0.02
 0.01  0.01  0.01  0.01  0.01  0.01  0.01  0.01  0.01  0.01  0.01  0.01
 0.01  0.01  0.01  0.01  0.01  0.01  0.01  0.01  0.01  0.01  0.01  0.01
 0.01  0.00  0.00  0.01  0.01  0.01  0.00  0.00  0.00  0.00  0.00  0.00
 0.00  0.00  0.00  0.00  0.00  0.00  0.00  0.00  0.00  0.00  0.00  0.00
 0.00  0.00  0.00  0.00  0.00  0.00  0.00  0.00  0.00  0.00  0.00  0.00
 0.00  0.00  0.00  0.00  0.00  0.00  0.00  0.00  0.00  0.00  0.00  0.00
year 2003
  MMM   MMM   MMM   MMM   MMM   MMM   MMM   MMM   MMM   MMM   MMM   MMM
  MMM   MMM   MMM   MMM   MMM   MMM   MMM   MMM   MMM   MMM   MMM   MMM
  MMM   MMM   MMM   MMM   MMM   MMM   MMM   MMM   MMM   MMM   MMM   MMM
  MMM   MMM   MMM   MMM   MMM   MMM   MMM   MMM   MMM   MMM   MMM   MMM
  MMM   MMM   MMM   MMM   MMM   MMM   MMM   MMM   MMM   MMM   MMM   MMM
  MMM   MMM   MMM   MMM   MMM   MMM   MMM   MMM   MMM   MMM   MMM   MMM
  MMM   MMM   MMM   MMM   MMM   MMM   MMM   MMM   MMM   MMM   MMM   MMM
  MMM   MMM   MMM   MMM   MMM   MMM   MMM   MMM   MMM   MMM   MMM   MMM
  MMM   MMM   MMM   MMM   MMM   MMM   MMM   MMM   MMM   MMM   MMM   MMM
  MMM   MMM   MMM   MMM   MMM   MMM   MMM   MMM   MMM   MMM   MMM   MMM
  MMM   MMM   MMM   MMM   MMM   MMM   MMM   MMM   MMM   MMM   MMM   MMM
  MMM   MMM   MMM   MMM   MMM   MMM   MMM   MMM   MMM   MMM   MMM   MMM
  MMM   MMM   MMM   MMM   MMM   MMM   MMM   MMM   MMM   MMM   MMM   MMM
 0.00 -0.00 -0.00 -0.00 -0.00 -0.00 -0.00 -0.00 -0.00 -0.00 -0.00 -0.00
-0.01 -0.01 -0.01 -0.01 -0.01 -0.01 -0.01 -0.01 -0.01 -0.01 -0.01 -0.01
-0.02 -0.02 -0.02 -0.02 -0.02 -0.02 -0.02 -0.02 -0.02 -0.02 -0.02 -0.02
-0.04 -0.04 -0.04 -0.04 -0.04 -0.04 -0.04 -0.04 -0.04 -0.04 -0.04 -0.03
-0.05 -0.05 -0.05 -0.05 -0.05 -0.05 -0.05 -0.05 -0.05 -0.05 -0.05 -0.05
-0.07 -0.06 -0.06 -0.06 -0.06 -0.06 -0.06 -0.06 -0.06 -0.06 -0.06 -0.06
-0.08 -0.08 -0.08 -0.08 -0.08 -0.08 -0.08 -0.08 -0.08 -0.08 -0.08 -0.08
-0.09 -0.09 -0.09 -0.09 -0.09 -0.09 -0.09 -0.10 -0.09 -0.09 -0.09 -0.09
-0.11 -0.10 -0.11 -0.11 -0.11 -0.11 -0.11 -0.11 -0.11 -0.11 -0.12 -0.11
-0.12 -0.12 -0.13 -0.13 -0.13 -0.14 -0.14 -0.14 -0.13 -0.14 -0.14 -0.14
-0.15 -0.15 -0.16 -0.16 -0.16 -0.17 -0.17 -0.17 -0.16 -0.17 -0.17 -0.17
-0.19 -0.19 -0.20 -0.20 -0.20 -0.21 -0.21 -0.21 -0.20 -0.21 -0.21 -0.21
-0.24 -0.23 -0.24 -0.25 -0.25 -0.26 -0.26 -0.26 -0.25 -0.26 -0.26 -0.25
-0.28 -0.28 -0.29 -0.29 -0.30 -0.30 -0.30 -0.30 -0.29 -0.30 -0.30 -0.29
-0.32 -0.32 -0.33 -0.33 -0.33 -0.34 -0.34 -0.33 -0.33 -0.34 -0.33 -0.33
-0.36 -0.35 -0.36 -0.36 -0.36 -0.37 -0.36 -0.36 -0.35 -0.36 -0.36 -0.36
-0.39 -0.38 -0.39 -0.38 -0.39 -0.39 -0.39 -0.39 -0.38 -0.39 -0.39 -0.39
-0.42 -0.41 -0.41 -0.41 -0.41 -0.42 -0.41 -0.41 -0.40 -0.42 -0.42 -0.41
-0.45 -0.43 -0.44 -0.43 -0.44 -0.44 -0.44 -0.43 -0.42 -0.44 -0.44 -0.43
-0.47 -0.46 -0.46 -0.46 -0.46 -0.46 -0.46 -0.45 -0.44 -0.46 -0.46 -0.45
-0.49 -0.47 -0.48 -0.47 -0.47 -0.47 -0.47 -0.47 -0.46 -0.48 -0.48 -0.47
-0.51 -0.49 -0.49 -0.48 -0.48 -0.48 -0.48 -0.48 -0.46 -0.48 -0.49 -0.47
-0.53 -0.50 -0.50 -0.49 -0.48 -0.49 -0.49 -0.48 -0.47 -0.49 -0.49 -0.47
-0.53 -0.51 -0.50 -0.49 -0.48 -0.49 -0.49 -0.48 -0.47 -0.48 -0.49 -0.46
-0.53 -0.50 -0.50 -0.48 -0.47 -0.47 -0.48 -0.48 -0.46 -0.48 -0.48 -0.46
-0.52 -0.49 -0.49 -0.47 -0.45 -0.46 -0.46 -0.46 -0.44 -0.46 -0.47 -0.44
-0.50 -0.47 -0.47 -0.45 -0.43 -0.43 -0.44 -0.44 -0.42 -0.44 -0.44 -0.42
-0.48 -0.46 -0.46 -0.44 -0.42 -0.42 -0.43 -0.43 -0.41 -0.43 -0.43 -0.40
-0.47 -0.45 -0.45 -0.43 -0.41 -0.41 -0.43 -0.43 -0.40 -0.41 -0.42 -0.38
-0.46 -0.44 -0.44 -0.42 -0.40 -0.40 -0.41 -0.41 -0.38 -0.39 -0.39 -0.35
-0.44 -0.42 -0.44 -0.42 -0.40 -0.40 -0.41 -0.40 -0.37 -0.37 -0.38 -0.34
-0.42 -0.42 -0.44 -0.42 -0.40 -0.41 -0.42 -0.41 -0.37 -0.37 -0.37 -0.33
-0.40 -0.40 -0.43 -0.42 -0.41 -0.42 -0.43 -0.42 -0.38 -0.39 -0.39 -0.35
-0.39 -0.40 -0.44 -0.44 -0.43 -0.44 -0.46 -0.45 -0.42 -0.42 -0.42 -0.37
-0.40 -0.42 -0.46 -0.46 -0.46 -0.47 -0.49 -0.49 -0.45 -0.45 -0.45 -0.40
-0.42 -0.45 -0.50 -0.50 -0.50 -0.51 -0.53 -0.52 -0.49 -0.49 -0.48 -0.43
-0.45 -0.49 -0.54 -0.54 -0.54 -0.55 -0.57 -0.57 -0.53 -0.53 -0.53 -0.47
-0.49 -0.53 -0.58 -0.58 -0.58 -0.59 -0.61 -0.60 -0.57 -0.58 -0.58 -0.53
-0.55 -0.59 -0.64 -0.64 -0.63 -0.64 -0.64 -0.64 -0.60 -0.60 -0.61 -0.56
-0.59 -0.63 -0.68 -0.68 -0.67 -0.68 -0.68 -0.67 -0.64 -0.64 -0.64 -0.59
-0.61 -0.65 -0.71 -0.71 -0.70 -0.70 -0.71 -0.70 -0.68 -0.68 -0.68 -0.63
-0.62 -0.66 -0.72 -0.72 -0.72 -0.73 -0.73 -0.73 -0.70 -0.71 -0.71 -0.66
-0.64 -0.68 -0.74 -0.74 -0.73 -0.74 -0.75 -0.75 -0.72 -0.72 -0.73 -0.68
-0.65 -0.69 -0.75 -0.74 -0.73 -0.73 -0.74 -0.73 -0.71 -0.71 -0.72 -0.67
-0.64 -0.67 -0.73 -0.72 -0.71 -0.70 -0.70 -0.70 -0.68 -0.69 -0.71 -0.66
-0.62 -0.65 -0.70 -0.69 -0.66 -0.66 -0.66 -0.66 -0.65 -0.67 -0.69 -0.65
-0.61 -0.62 -0.67 -0.65 -0.62 -0.62 -0.62 -0.63 -0.61 -0.64 -0.67 -0.64
-0.62 -0.62 -0.66 -0.64 -0.62 -0.62 -0.62 -0.62 -0.61 -0.64 -0.66 -0.63
-0.64 -0.64 -0.68 -0.66 -0.64 -0.64 -0.65 -0.66 -0.65 -0.67 -0.70 -0.66
-0.66 -0.66 -0.70 -0.68 -0.67 -0.67 -0.69 -0.70 -0.69 -0.72 -0.74 -0.70
-0.68 -0.67 -0.71 -0.69 -0.68 -0.68 -0.70 -0.71 -0.70 -0.73 -0.76 -0.72
-0.68 -0.67 -0.70 -0.68 -0.66 -0.67 -0.69 -0.70 -0.69 -0.73 -0.76 -0.73
-0.66 -0.65 -0.67 -0.65 -0.64 -0.65 -0.68 -0.69 -0.68 -0.72 -0.75 -0.73
-0.65 -0.63 -0.65 -0.62 -0.62 -0.63 -0.66 -0.68 -0.67 -0.72 -0.75 -0.74
-0.64 -0.62 -0.63 -0.60 -0.60 -0.61 -0.64 -0.66 -0.66 -0.71 -0.75 -0.74
-0.64 -0.61 -0.61 -0.59 -0.58 -0.59 -0.63 -0.65 -0.65 -0.70 -0.74 -0.73
-0.63 -0.59 -0.58 -0.55 -0.55 -0.56 -0.60 -0.63 -0.63 -0.69 -0.74 -0.74
-0.61 -0.57 -0.55 -0.51 -0.51 -0.52 -0.57 -0.60 -0.62 -0.69 -0.74 -0.75
-0.60 -0.55 -0.53 -0.49 -0.48 -0.49 -0.55 -0.59 -0.60 -0.69 -0.75 -0.76
-0.59 -0.54 -0.52 -0.48 -0.47 -0.48 -0.54 -0.58 -0.61 -0.70 -0.77 -0.78
-0.59 -0.54 -0.52 -0.48 -0.47 -0.48 -0.54 -0.59 -0.61 -0.70 -0.77 -0.78
-0.59 -0.55 -0.53 -0.50 -0.48 -0.50 -0.56 -0.60 -0.63 -0.71 -0.78 -0.79
-0.60 -0.56 -0.55 -0.52 -0.51 -0.52 -0.58 -0.62 -0.65 -0.73 -0.79 -0.79
-0.61 -0.58 -0.57 -0.55 -0.54 -0.54 -0.60 -0.65 -0.67 -0.75 -0.80 -0.80
-0.61 -0.59 -0.58 -0.56 -0.55 -0.56 -0.62 -0.66 -0.68 -0.76 -0.81 -0.82
-0.61 -0.58 -0.58 -0.55 -0.54 -0.55 -0.61 -0.66 -0.68 -0.76 -0.80 -0.81
-0.60 -0.56 -0.56 -0.53 -0.52 -0.52 -0.59 -0.65 -0.67 -0.74 -0.78 -0.79
-0.58 -0.53 -0.52 -0.50 -0.48 -0.48 -0.55 -0.61 -0.64 -0.71 -0.75 -0.76
-0.54 -0.50 -0.49 -0.46 -0.44 -0.44 -0.51 -0.58 -0.61 -0.67 -0.70 -0.70
-0.50 -0.45 -0.44 -0.41 -0.38 -0.38 -0.46 -0.53 -0.57 -0.63 -0.65 -0.64
-0.45 -0.40 -0.38 -0.36 -0.32 -0.32 -0.40 -0.48 -0.52 -0.57 -0.58 -0.57
-0.38 -0.33 -0.31 -0.28 -0.25 -0.24 -0.33 -0.41 -0.45 -0.49 -0.49 -0.48
-0.29 -0.24 -0.21 -0.17 -0.14 -0.14 -0.22 -0.30 -0.34 -0.39 -0.38 -0.38
-0.17 -0.12 -0.09 -0.05 -0.01 -0.01 -0.09 -0.18 -0.22 -0.26 -0.26 -0.26
-0.02  0.03  0.06  0.10  0.14  0.14  0.05 -0.04 -0.08 -0.12 -0.12 -0.12
 0.16  0.21  0.24  0.28  0.31  0.30  0.21  0.12  0.07  0.03  0.04  0.03
 0.37  0.42  0.45  0.50  0.52  0.50  0.39  0.29  0.24  0.20  0.21  0.21
 0.58  0.63  0.67  0.71  0.73  0.69  0.58  0.47  0.42  0.38  0.39  0.39
 0.78  0.83  0.87  0.92  0.92  0.87  0.74  0.63  0.58  0.54  0.55  0.56
 0.94  1.00  1.05  1.08  1.08  1.01  0.87  0.75  0.70  0.67  0.69  0.71
 1.10  1.15  1.20  1.23  1.21  1.13  0.98  0.86  0.81  0.78  0.80  0.82
 1.24  1.28  1.32  1.34  1.31  1.22  1.07  0.95  0.91  0.88  0.90  0.92
 1.34  1.38  1.41  1.42  1.39  1.29  1.15  1.03  1.00  0.98  1.00  1.02
 1.40  1.44  1.47  1.47  1.43  1.34  1.20  1.10  1.07  1.06  1.08  1.10
 1.46  1.50  1.52  1.50  1.45  1.36  1.24  1.16  1.14  1.13  1.16  1.17
 1.51  1.55  1.56  1.53  1.47  1.39  1.28  1.22  1.21  1.20  1.22  1.23
 1.56  1.58  1.58  1.55  1.49  1.41  1.32  1.27  1.28  1.27  1.28  1.28
 1.61  1.62  1.61  1.56  1.51  1.44  1.37  1.34  1.36  1.34  1.35  1.33
 1.66  1.66  1.64  1.59  1.53  1.48  1.43  1.41  1.44  1.42  1.42  1.40
 1.70  1.70  1.68  1.63  1.58  1.55  1.50  1.50  1.52  1.50  1.50  1.47
 1.75  1.75  1.72  1.68  1.64  1.61  1.57  1.57  1.60  1.58  1.57  1.55
 1.78  1.79  1.76  1.71  1.68  1.66  1.62  1.63  1.65  1.63  1.63  1.61
 1.80  1.81  1.80  1.75  1.72  1.69  1.66  1.66  1.68  1.67  1.67  1.65
 1.81  1.83  1.81  1.78  1.75  1.72  1.68  1.67  1.70  1.68  1.68  1.67
 1.80  1.82  1.81  1.78  1.76  1.73  1.69  1.68  1.71  1.69  1.69  1.68
 1.78  1.80  1.79  1.76  1.74  1.72  1.68  1.67  1.70  1.69  1.69  1.68
 1.73  1.75  1.74  1.71  1.70  1.68  1.65  1.65  1.68  1.68  1.69  1.68
 1.67  1.69  1.68  1.66  1.65  1.65  1.62  1.63  1.67  1.67  1.68  1.68
 1.59  1.62  1.62  1.61  1.61  1.62  1.60  1.62  1.66  1.65  1.67  1.67
 1.52  1.55  1.55  1.56  1.58  1.59  1.58  1.61  1.65  1.65  1.67  1.67
 1.46  1.49  1.50  1.52  1.55  1.58  1.58  1.61  1.65  1.66  1.69  1.69
 1.42  1.45  1.47  1.49  1.54  1.58  1.59  1.63  1.67  1.68  1.71  1.71
 1.40  1.43  1.45  1.48  1.54  1.58  1.60  1.65  1.69  1.69  1.72  1.72
 1.39  1.42  1.45  1.48  1.54  1.58  1.61  1.65  1.69  1.68  1.71  1.71
 1.38  1.41  1.43  1.47  1.53  1.57  1.60  1.64  1.67  1.67  1.69  1.69
 1.35  1.38  1.41  1.44  1.50  1.56  1.58  1.63  1.65  1.64  1.66  1.67
 1.34  1.37  1.40  1.44  1.50  1.55  1.58  1.62  1.63  1.61  1.63  1.64
 1.34  1.37  1.40  1.43  1.49  1.54  1.57  1.60  1.60  1.58  1.59  1.60
 1.32  1.35  1.38  1.42  1.48  1.53  1.56  1.59  1.59  1.56  1.57  1.58
 1.30  1.33  1.36  1.40  1.46  1.52  1.54  1.57  1.57  1.54  1.55  1.56
 1.27  1.30  1.33  1.36  1.43  1.48  1.51  1.54  1.54  1.51  1.51  1.51
 1.24  1.27  1.29  1.33  1.39  1.44  1.47  1.50  1.50  1.46  1.45  1.44
 1.21  1.24  1.26  1.29  1.34  1.40  1.43  1.45  1.44  1.39  1.38  1.37
 1.18  1.20  1.23  1.24  1.29  1.34  1.37  1.38  1.37  1.32  1.32  1.31
 1.13  1.14  1.16  1.17  1.21  1.26  1.28  1.30  1.29  1.25  1.25  1.25
 1.06  1.07  1.09  1.10  1.13  1.18  1.21  1.22  1.21  1.17  1.17  1.17
 0.98  1.00  1.02  1.03  1.06  1.11  1.13  1.14  1.12  1.09  1.08  1.08
 0.91  0.92  0.94  0.95  0.98  1.03  1.04  1.05  1.04  1.00  1.00  1.01
 0.86  0.87  0.88  0.88  0.91  0.95  0.96  0.97  0.96  0.94  0.94  0.95
 0.83  0.84  0.84  0.84  0.85  0.89  0.90  0.91  0.90  0.88  0.89  0.90
 0.83  0.83  0.84  0.83  0.84  0.87  0.88  0.88  0.88  0.86  0.86  0.87
 0.83  0.83  0.84  0.83  0.84  0.86  0.87  0.87  0.86  0.84  0.85  0.85
 0.83  0.84  0.85  0.84  0.84  0.86  0.86  0.86  0.85  0.83  0.83  0.83
 0.83  0.84  0.86  0.84  0.83  0.85  0.85  0.85  0.84  0.82  0.82  0.82
 0.83  0.84  0.85  0.84  0.82  0.84  0.84  0.84  0.83  0.82  0.82  0.82
 0.83  0.84  0.85  0.84  0.82  0.83  0.83  0.83  0.83  0.81  0.81  0.81
 0.83  0.84  0.85  0.83  0.82  0.83  0.83  0.83  0.82  0.81  0.81  0.80
 0.82  0.82  0.84  0.82  0.80  0.81  0.82  0.82  0.82  0.80  0.80  0.79
 0.80  0.80  0.82  0.80  0.78  0.79  0.80  0.80  0.80  0.78  0.78  0.78
 0.78  0.78  0.80  0.78  0.76  0.77  0.78  0.78  0.78  0.76  0.76  0.76
 0.77  0.77  0.78  0.77  0.75  0.76  0.77  0.77  0.76  0.75  0.74  0.74
 0.75  0.75  0.77  0.75  0.73  0.74  0.75  0.75  0.74  0.73  0.72  0.73
 0.73  0.73  0.74  0.73  0.71  0.71  0.73  0.73  0.73  0.71  0.71  0.71
 0.71  0.71  0.72  0.71  0.69  0.69  0.71  0.71  0.70  0.69  0.68  0.69
 0.68  0.68  0.70  0.68  0.66  0.66  0.68  0.68  0.67  0.66  0.65  0.65
 0.64  0.65  0.66  0.65  0.63  0.63  0.64  0.64  0.64  0.62  0.62  0.62
 0.60  0.60  0.61  0.60  0.58  0.58  0.60  0.60  0.60  0.58  0.57  0.57
 0.55  0.55  0.56  0.55  0.53  0.54  0.55  0.55  0.55  0.53  0.53  0.53
 0.51  0.51  0.52  0.51  0.49  0.49  0.50  0.51  0.51  0.49  0.49  0.49
 0.47  0.47  0.48  0.47  0.45  0.45  0.46  0.46  0.46  0.45  0.45  0.45
 0.44  0.43  0.44  0.43  0.41  0.41  0.43  0.43  0.43  0.42  0.41  0.41
 0.40  0.40  0.41  0.40  0.38  0.38  0.40  0.40  0.40  0.39  0.39  0.39
 0.38  0.37  0.38  0.37  0.36  0.36  0.37  0.38  0.38  0.37  0.36  0.37
 0.35  0.35  0.36  0.35  0.34  0.34  0.35  0.36  0.36  0.35  0.35  0.35
 0.33  0.33  0.34  0.33  0.32  0.32  0.34  0.34  0.35  0.33  0.33  0.34
 0.31  0.31  0.31  0.31  0.30  0.31  0.32  0.33  0.33  0.32  0.32  0.33
 0.29  0.29  0.30  0.29  0.28  0.29  0.30  0.31  0.31  0.30  0.30  0.31
 0.27  0.27  0.27  0.27  0.26  0.27  0.28  0.29  0.29  0.28  0.28  0.29
 0.25  0.25  0.25  0.24  0.24  0.24  0.26  0.26  0.26  0.26  0.26  0.26
 0.22  0.22  0.22  0.21  0.21  0.21  0.23  0.23  0.23  0.23  0.23  0.24
 0.19  0.19  0.19  0.19  0.18  0.19  0.20  0.21  0.21  0.20  0.21  0.21
 0.16  0.16  0.16  0.16  0.16  0.16  0.17  0.18  0.18  0.18  0.18  0.19
 0.14  0.14  0.14  0.14  0.14  0.14  0.15  0.15  0.15  0.15  0.15  0.16
 0.12  0.11  0.11  0.11  0.11  0.12  0.12  0.13  0.13  0.13  0.13  0.13
 0.10  0.09  0.09  0.09  0.09  0.10  0.10  0.11  0.11  0.11  0.11  0.11
 0.08  0.07  0.08  0.08  0.08  0.08  0.09  0.09  0.09  0.09  0.09  0.09
 0.06  0.06  0.06  0.06  0.06  0.06  0.07  0.07  0.07  0.07  0.07  0.07
 0.05  0.05  0.05  0.05  0.05  0.05  0.06  0.06  0.06  0.06  0.06  0.06
 0.04  0.04  0.04  0.04  0.04  0.04  0.04  0.05  0.05  0.05  0.05  0.05
 0.03  0.02  0.03  0.03  0.03  0.03  0.03  0.03  0.03  0.03  0.03  0.03
 0.01  0.01  0.01  0.01  0.01  0.01  0.02  0.02  0.02  0.02  0.02  0.02
 0.01  0.01  0.01  0.01  0.01  0.01  0.01  0.01  0.01  0.01  0.01  0.01
 0.00  0.00  0.00  0.00  0.00  0.00  0.01  0.01  0.01  0.01  0.01  0.01
 0.00  0.00  0.00  0.00  0.00  0.00  0.00  0.00  0.00  0.00  0.00  0.00
 0.00  0.00  0.00  0.00 -0.00  0.00  0.00  0.00  0.00  0.00  0.00  0.00
 0.00 -0.00 -0.00 -0.00 -0.00 -0.00  0.00  0.00  0.00  0.00  0.00  0.00
 0.00 -0.00 -0.00 -0.00 -0.00 -0.00 -0.00 -0.00 -0.00 -0.00 -0.00 -0.00
year 2004
  MMM   MMM   MMM   MMM   MMM   MMM   MMM   MMM   MMM   MMM   MMM   MMM
  MMM   MMM   MMM   MMM   MMM   MMM   MMM   MMM   MMM   MMM   MMM   MMM
  MMM   MMM   MMM   MMM   MMM   MMM   MMM   MMM   MMM   MMM   MMM   MMM
  MMM   MMM   MMM   MMM   MMM   MMM   MMM   MMM   MMM   MMM   MMM   MMM
  MMM   MMM   MMM   MMM   MMM   MMM   MMM   MMM   MMM   MMM   MMM   MMM
  MMM   MMM   MMM   MMM   MMM   MMM   MMM   MMM   MMM   MMM   MMM   MMM
  MMM   MMM   MMM   MMM   MMM   MMM   MMM   MMM   MMM   MMM   MMM   MMM
  MMM   MMM   MMM   MMM   MMM   MMM   MMM   MMM   MMM   MMM   MMM   MMM
  MMM   MMM   MMM   MMM   MMM   MMM   MMM   MMM   MMM   MMM   MMM   MMM
  MMM   MMM   MMM   MMM   MMM   MMM   MMM   MMM   MMM   MMM   MMM   MMM
  MMM   MMM   MMM   MMM   MMM   MMM   MMM   MMM   MMM   MMM   MMM   MMM
  MMM   MMM   MMM   MMM   MMM   MMM   MMM   MMM   MMM   MMM   MMM   MMM
  MMM   MMM   MMM   MMM   MMM   MMM   MMM   MMM   MMM   MMM   MMM   MMM
 0.00  0.00  0.00  0.00  0.00  0.00  0.00  0.00  0.00  0.00  0.00  0.00
-0.01 -0.01 -0.01 -0.01 -0.01 -0.01 -0.01 -0.01 -0.01 -0.01 -0.01 -0.01
-0.02 -0.02 -0.02 -0.02 -0.02 -0.02 -0.02 -0.02 -0.02 -0.02 -0.02 -0.02
-0.03 -0.03 -0.03 -0.03 -0.03 -0.03 -0.03 -0.03 -0.03 -0.03 -0.03 -0.03
-0.05 -0.04 -0.04 -0.04 -0.04 -0.04 -0.04 -0.03 -0.03 -0.03 -0.03 -0.03
-0.06 -0.06 -0.06 -0.05 -0.05 -0.05 -0.05 -0.04 -0.05 -0.05 -0.05 -0.05
-0.08 -0.07 -0.07 -0.07 -0.06 -0.06 -0.06 -0.06 -0.06 -0.06 -0.06 -0.06
-0.09 -0.09 -0.08 -0.08 -0.08 -0.08 -0.07 -0.07 -0.07 -0.07 -0.07 -0.07
-0.11 -0.11 -0.10 -0.10 -0.10 -0.09 -0.09 -0.09 -0.09 -0.09 -0.09 -0.10
-0.14 -0.13 -0.13 -0.12 -0.12 -0.12 -0.11 -0.11 -0.12 -0.12 -0.12 -0.12
-0.17 -0.16 -0.16 -0.15 -0.15 -0.15 -0.14 -0.14 -0.15 -0.15 -0.15 -0.16
-0.21 -0.20 -0.20 -0.19 -0.18 -0.18 -0.17 -0.17 -0.18 -0.18 -0.19 -0.19
-0.25 -0.25 -0.24 -0.23 -0.23 -0.22 -0.21 -0.21 -0.22 -0.23 -0.23 -0.24
-0.30 -0.29 -0.28 -0.27 -0.26 -0.26 -0.25 -0.25 -0.26 -0.27 -0.28 -0.28
-0.33 -0.32 -0.31 -0.30 -0.30 -0.29 -0.28 -0.28 -0.30 -0.30 -0.31 -0.32
-0.36 -0.35 -0.34 -0.33 -0.33 -0.32 -0.31 -0.32 -0.33 -0.33 -0.35 -0.36
-0.39 -0.38 -0.37 -0.36 -0.35 -0.35 -0.34 -0.34 -0.36 -0.36 -0.37 -0.39
-0.42 -0.41 -0.39 -0.38 -0.38 -0.37 -0.36 -0.36 -0.38 -0.38 -0.40 -0.41
-0.44 -0.43 -0.42 -0.40 -0.40 -0.39 -0.38 -0.38 -0.40 -0.40 -0.41 -0.43
-0.45 -0.45 -0.44 -0.42 -0.42 -0.41 -0.39 -0.40 -0.41 -0.42 -0.43 -0.45
-0.47 -0.47 -0.46 -0.44 -0.44 -0.42 -0.41 -0.41 -0.43 -0.44 -0.45 -0.47
-0.48 -0.48 -0.47 -0.45 -0.45 -0.44 -0.42 -0.43 -0.45 -0.45 -0.47 -0.49
-0.48 -0.49 -0.47 -0.46 -0.46 -0.45 -0.43 -0.44 -0.46 -0.47 -0.48 -0.50
-0.48 -0.49 -0.47 -0.46 -0.47 -0.45 -0.43 -0.44 -0.46 -0.47 -0.48 -0.51
-0.47 -0.48 -0.46 -0.45 -0.46 -0.44 -0.42 -0.42 -0.45 -0.46 -0.47 -0.50
-0.46 -0.47 -0.45 -0.44 -0.45 -0.43 -0.41 -0.41 -0.44 -0.45 -0.46 -0.49
-0.43 -0.45 -0.43 -0.42 -0.43 -0.41 -0.39 -0.39 -0.41 -0.43 -0.45 -0.48
-0.41 -0.43 -0.41 -0.41 -0.41 -0.39 -0.36 -0.36 -0.39 -0.41 -0.43 -0.47
-0.39 -0.41 -0.39 -0.39 -0.40 -0.37 -0.35 -0.35 -0.38 -0.41 -0.44 -0.48
-0.36 -0.39 -0.37 -0.37 -0.39 -0.36 -0.35 -0.36 -0.40 -0.43 -0.46 -0.51
-0.35 -0.37 -0.36 -0.36 -0.37 -0.35 -0.33 -0.34 -0.38 -0.42 -0.46 -0.51
-0.34 -0.37 -0.35 -0.35 -0.36 -0.34 -0.32 -0.33 -0.37 -0.41 -0.45 -0.49
-0.36 -0.38 -0.35 -0.35 -0.36 -0.33 -0.30 -0.31 -0.35 -0.39 -0.42 -0.47
-0.37 -0.38 -0.35 -0.35 -0.35 -0.32 -0.31 -0.31 -0.35 -0.38 -0.41 -0.46
-0.39 -0.40 -0.37 -0.37 -0.38 -0.35 -0.32 -0.32 -0.35 -0.38 -0.41 -0.45
-0.42 -0.43 -0.40 -0.40 -0.41 -0.37 -0.35 -0.34 -0.38 -0.41 -0.43 -0.48
-0.46 -0.47 -0.44 -0.43 -0.45 -0.42 -0.40 -0.40 -0.43 -0.46 -0.48 -0.52
-0.51 -0.52 -0.49 -0.49 -0.51 -0.48 -0.46 -0.45 -0.47 -0.50 -0.52 -0.56
-0.54 -0.55 -0.52 -0.52 -0.54 -0.51 -0.49 -0.48 -0.51 -0.55 -0.57 -0.61
-0.57 -0.58 -0.55 -0.54 -0.56 -0.53 -0.52 -0.51 -0.55 -0.59 -0.62 -0.66
-0.61 -0.62 -0.58 -0.58 -0.59 -0.57 -0.55 -0.55 -0.59 -0.63 -0.66 -0.70
-0.65 -0.66 -0.62 -0.62 -0.63 -0.61 -0.59 -0.58 -0.62 -0.66 -0.68 -0.73
-0.65 -0.66 -0.63 -0.63 -0.64 -0.62 -0.60 -0.60 -0.63 -0.68 -0.70 -0.74
-0.65 -0.66 -0.62 -0.62 -0.64 -0.62 -0.61 -0.61 -0.65 -0.69 -0.71 -0.76
-0.65 -0.65 -0.62 -0.62 -0.64 -0.63 -0.62 -0.62 -0.65 -0.69 -0.71 -0.76
-0.64 -0.65 -0.62 -0.63 -0.65 -0.64 -0.63 -0.63 -0.67 -0.71 -0.72 -0.76
-0.63 -0.65 -0.63 -0.64 -0.67 -0.67 -0.67 -0.67 -0.70 -0.73 -0.74 -0.77
-0.63 -0.65 -0.63 -0.64 -0.67 -0.67 -0.67 -0.68 -0.71 -0.74 -0.74 -0.78
-0.65 -0.67 -0.65 -0.66 -0.68 -0.68 -0.67 -0.67 -0.70 -0.73 -0.73 -0.76
-0.70 -0.71 -0.69 -0.70 -0.73 -0.71 -0.70 -0.70 -0.72 -0.74 -0.74 -0.77
-0.73 -0.75 -0.73 -0.76 -0.78 -0.77 -0.76 -0.75 -0.78 -0.80 -0.79 -0.82
-0.74 -0.77 -0.76 -0.79 -0.83 -0.82 -0.82 -0.81 -0.84 -0.85 -0.84 -0.86
-0.74 -0.77 -0.77 -0.81 -0.84 -0.84 -0.84 -0.84 -0.86 -0.88 -0.87 -0.89
-0.75 -0.79 -0.79 -0.83 -0.86 -0.85 -0.84 -0.84 -0.87 -0.88 -0.87 -0.89
-0.76 -0.80 -0.80 -0.84 -0.87 -0.87 -0.85 -0.85 -0.87 -0.88 -0.88 -0.90
-0.76 -0.80 -0.81 -0.85 -0.89 -0.88 -0.87 -0.86 -0.89 -0.89 -0.89 -0.92
-0.77 -0.81 -0.83 -0.87 -0.91 -0.91 -0.90 -0.90 -0.92 -0.92 -0.92 -0.95
-0.78 -0.83 -0.85 -0.90 -0.93 -0.94 -0.93 -0.93 -0.95 -0.95 -0.95 -0.99
-0.80 -0.85 -0.88 -0.93 -0.96 -0.97 -0.96 -0.96 -0.98 -0.97 -0.98 -1.02
-0.81 -0.87 -0.90 -0.95 -0.99 -0.99 -0.98 -0.98 -1.00 -0.99 -1.00 -1.05
-0.82 -0.87 -0.90 -0.94 -0.98 -0.99 -0.98 -0.99 -1.00 -1.00 -1.01 -1.06
-0.82 -0.87 -0.89 -0.94 -0.97 -0.98 -0.97 -0.97 -0.99 -0.99 -1.01 -1.07
-0.82 -0.87 -0.90 -0.93 -0.97 -0.97 -0.96 -0.96 -0.98 -0.97 -1.00 -1.07
-0.84 -0.89 -0.91 -0.94 -0.97 -0.97 -0.95 -0.95 -0.97 -0.97 -1.01 -1.08
-0.85 -0.90 -0.92 -0.95 -0.98 -0.97 -0.95 -0.95 -0.97 -0.97 -1.01 -1.10
-0.85 -0.90 -0.92 -0.96 -0.98 -0.98 -0.95 -0.95 -0.96 -0.96 -1.01 -1.10
-0.84 -0.88 -0.90 -0.94 -0.97 -0.97 -0.94 -0.93 -0.94 -0.94 -1.00 -1.09
-0.80 -0.84 -0.87 -0.91 -0.94 -0.93 -0.91 -0.90 -0.91 -0.91 -0.97 -1.07
-0.74 -0.79 -0.81 -0.85 -0.89 -0.89 -0.86 -0.85 -0.86 -0.86 -0.94 -1.04
-0.68 -0.73 -0.75 -0.80 -0.84 -0.84 -0.81 -0.80 -0.81 -0.81 -0.90 -1.01
-0.61 -0.65 -0.68 -0.74 -0.79 -0.79 -0.76 -0.75 -0.76 -0.77 -0.86 -0.97
-0.52 -0.57 -0.61 -0.67 -0.72 -0.72 -0.70 -0.69 -0.70 -0.72 -0.81 -0.91
-0.42 -0.48 -0.52 -0.59 -0.64 -0.64 -0.61 -0.61 -0.63 -0.64 -0.73 -0.82
-0.31 -0.36 -0.41 -0.48 -0.53 -0.53 -0.50 -0.51 -0.53 -0.55 -0.63 -0.71
-0.17 -0.23 -0.28 -0.35 -0.40 -0.40 -0.38 -0.39 -0.42 -0.44 -0.51 -0.58
-0.02 -0.08 -0.13 -0.20 -0.25 -0.25 -0.23 -0.24 -0.27 -0.29 -0.35 -0.41
 0.16  0.10  0.04 -0.03 -0.08 -0.08 -0.06 -0.08 -0.11 -0.11 -0.16 -0.21
 0.34  0.28  0.22  0.15  0.10  0.10  0.11  0.09  0.07  0.07  0.03 -0.00
 0.52  0.46  0.40  0.33  0.28  0.27  0.28  0.26  0.25  0.26  0.23  0.21
 0.67  0.60  0.54  0.48  0.43  0.42  0.43  0.41  0.40  0.42  0.40  0.39
 0.79  0.72  0.66  0.60  0.56  0.55  0.55  0.54  0.54  0.57  0.56  0.56
 0.89  0.83  0.77  0.71  0.67  0.66  0.67  0.66  0.66  0.70  0.70  0.72
 0.99  0.93  0.87  0.82  0.78  0.77  0.78  0.77  0.78  0.82  0.84  0.86
 1.07  1.01  0.96  0.91  0.87  0.87  0.88  0.87  0.88  0.93  0.95  0.99
 1.13  1.07  1.03  0.99  0.96  0.96  0.97  0.97  0.99  1.04  1.07  1.11
 1.18  1.12  1.09  1.06  1.03  1.04  1.06  1.06  1.08  1.15  1.18  1.23
 1.23  1.17  1.14  1.12  1.10  1.12  1.14  1.14  1.17  1.24  1.27  1.31
 1.28  1.22  1.20  1.18  1.17  1.19  1.21  1.21  1.24  1.30  1.34  1.37
 1.34  1.29  1.27  1.25  1.24  1.26  1.27  1.27  1.29  1.35  1.38  1.40
 1.42  1.36  1.34  1.33  1.31  1.33  1.34  1.33  1.34  1.39  1.41  1.43
 1.50  1.44  1.42  1.41  1.39  1.41  1.42  1.40  1.40  1.44  1.45  1.45
 1.56  1.51  1.49  1.48  1.46  1.48  1.49  1.46  1.45  1.47  1.47  1.46
 1.61  1.56  1.54  1.53  1.52  1.54  1.54  1.51  1.49  1.50  1.49  1.46
 1.63  1.58  1.56  1.56  1.55  1.57  1.57  1.53  1.50  1.51  1.49  1.46
 1.63  1.59  1.58  1.58  1.57  1.58  1.59  1.54  1.51  1.51  1.48  1.44
 1.64  1.60  1.59  1.59  1.58  1.60  1.60  1.56  1.51  1.51  1.47  1.42
 1.64  1.60  1.60  1.60  1.60  1.62  1.63  1.57  1.52  1.51  1.46  1.42
 1.64  1.61  1.61  1.62  1.62  1.64  1.65  1.59  1.53  1.52  1.47  1.43
 1.64  1.61  1.61  1.62  1.62  1.65  1.66  1.61  1.55  1.54  1.49  1.44
 1.65  1.62  1.62  1.63  1.63  1.66  1.67  1.62  1.57  1.55  1.50  1.46
 1.67  1.64  1.65  1.65  1.64  1.67  1.69  1.63  1.58  1.56  1.52  1.48
 1.69  1.67  1.67  1.67  1.66  1.68  1.70  1.64  1.59  1.57  1.53  1.49
 1.70  1.68  1.68  1.68  1.67  1.69  1.70  1.65  1.59  1.57  1.53  1.50
 1.69  1.67  1.68  1.67  1.66  1.68  1.69  1.64  1.58  1.56  1.52  1.49
 1.67  1.66  1.66  1.66  1.65  1.66  1.67  1.62  1.56  1.54  1.50  1.47
 1.65  1.64  1.65  1.64  1.63  1.64  1.65  1.59  1.54  1.52  1.48  1.46
 1.62  1.61  1.62  1.61  1.60  1.61  1.61  1.57  1.52  1.50  1.47  1.44
 1.58  1.57  1.58  1.57  1.56  1.58  1.59  1.55  1.51  1.49  1.47  1.44
 1.56  1.56  1.57  1.56  1.54  1.56  1.57  1.54  1.50  1.48  1.45  1.43
 1.55  1.54  1.55  1.54  1.53  1.54  1.55  1.51  1.47  1.45  1.42  1.40
 1.50  1.50  1.51  1.50  1.49  1.50  1.51  1.48  1.44  1.42  1.40  1.38
 1.43  1.42  1.44  1.44  1.43  1.45  1.46  1.44  1.41  1.40  1.39  1.37
 1.35  1.35  1.37  1.37  1.37  1.38  1.40  1.39  1.37  1.38  1.38  1.36
 1.30  1.30  1.32  1.32  1.32  1.34  1.36  1.36  1.35  1.36  1.36  1.34
 1.24  1.24  1.26  1.27  1.27  1.29  1.31  1.31  1.30  1.32  1.31  1.29
 1.16  1.17  1.18  1.19  1.20  1.22  1.24  1.24  1.24  1.25  1.25  1.23
 1.08  1.09  1.10  1.11  1.12  1.13  1.16  1.17  1.16  1.18  1.19  1.17
 1.01  1.01  1.02  1.03  1.03  1.05  1.07  1.09  1.09  1.11  1.12  1.10
 0.94  0.94  0.95  0.97  0.97  0.99  1.01  1.03  1.02  1.04  1.05  1.03
 0.89  0.89  0.90  0.91  0.91  0.92  0.95  0.96  0.95  0.97  0.98  0.97
 0.86  0.86  0.86  0.86  0.86  0.87  0.90  0.91  0.90  0.92  0.94  0.93
 0.85  0.84  0.84  0.84  0.83  0.84  0.86  0.87  0.86  0.89  0.91  0.90
 0.83  0.82  0.81  0.81  0.81  0.82  0.83  0.84  0.83  0.86  0.89  0.88
 0.82  0.80  0.80  0.79  0.79  0.80  0.81  0.82  0.81  0.84  0.86  0.86
 0.81  0.80  0.79  0.78  0.78  0.78  0.80  0.80  0.79  0.82  0.85  0.84
 0.80  0.79  0.78  0.78  0.77  0.77  0.78  0.79  0.78  0.80  0.83  0.83
 0.80  0.79  0.78  0.77  0.76  0.77  0.77  0.78  0.76  0.79  0.82  0.81
 0.79  0.78  0.77  0.76  0.76  0.76  0.76  0.76  0.75  0.78  0.81  0.80
 0.77  0.77  0.76  0.75  0.74  0.75  0.75  0.76  0.75  0.77  0.80  0.79
 0.76  0.75  0.74  0.73  0.73  0.74  0.74  0.74  0.73  0.75  0.78  0.77
 0.74  0.74  0.73  0.72  0.72  0.73  0.73  0.73  0.72  0.74  0.76  0.75
 0.73  0.73  0.72  0.71  0.71  0.72  0.72  0.71  0.70  0.72  0.74  0.73
 0.72  0.71  0.71  0.69  0.70  0.70  0.70  0.70  0.69  0.70  0.72  0.71
 0.69  0.69  0.68  0.67  0.68  0.68  0.68  0.67  0.66  0.68  0.70  0.68
 0.66  0.66  0.65  0.64  0.65  0.66  0.65  0.64  0.63  0.65  0.67  0.65
 0.62  0.62  0.62  0.60  0.61  0.62  0.61  0.60  0.59  0.61  0.63  0.62
 0.58  0.58  0.57  0.56  0.57  0.58  0.57  0.57  0.56  0.58  0.59  0.58
 0.53  0.53  0.53  0.52  0.53  0.54  0.53  0.53  0.52  0.54  0.55  0.54
 0.49  0.49  0.49  0.48  0.49  0.50  0.49  0.49  0.48  0.50  0.51  0.49
 0.45  0.45  0.45  0.44  0.45  0.47  0.46  0.45  0.45  0.46  0.47  0.46
 0.42  0.42  0.41  0.40  0.42  0.43  0.42  0.42  0.42  0.43  0.44  0.43
 0.39  0.39  0.39  0.38  0.39  0.41  0.40  0.40  0.39  0.41  0.42  0.40
 0.37  0.37  0.37  0.35  0.37  0.39  0.38  0.37  0.37  0.39  0.40  0.39
 0.35  0.35  0.35  0.34  0.35  0.37  0.36  0.36  0.36  0.37  0.38  0.37
 0.34  0.34  0.34  0.33  0.34  0.36  0.35  0.35  0.35  0.36  0.37  0.36
 0.33  0.33  0.33  0.31  0.33  0.34  0.34  0.33  0.33  0.35  0.36  0.35
 0.31  0.31  0.31  0.30  0.31  0.33  0.32  0.32  0.32  0.34  0.35  0.34
 0.29  0.29  0.29  0.28  0.29  0.31  0.30  0.30  0.30  0.32  0.32  0.32
 0.26  0.26  0.26  0.25  0.27  0.28  0.27  0.27  0.27  0.29  0.30  0.29
 0.24  0.24  0.24  0.23  0.24  0.25  0.24  0.24  0.24  0.25  0.26  0.25
 0.22  0.22  0.21  0.20  0.21  0.22  0.21  0.21  0.21  0.22  0.23  0.22
 0.19  0.19  0.19  0.18  0.18  0.19  0.18  0.18  0.18  0.19  0.19  0.19
 0.16  0.16  0.16  0.15  0.15  0.16  0.15  0.15  0.15  0.16  0.16  0.16
 0.13  0.13  0.13  0.12  0.13  0.13  0.12  0.12  0.12  0.13  0.14  0.13
 0.11  0.11  0.11  0.10  0.11  0.11  0.10  0.10  0.10  0.11  0.11  0.11
 0.09  0.09  0.09  0.08  0.09  0.09  0.08  0.08  0.08  0.09  0.09  0.09
 0.08  0.08  0.07  0.07  0.07  0.07  0.07  0.07  0.07  0.07  0.07  0.07
 0.06  0.06  0.06  0.06  0.06  0.06  0.05  0.05  0.05  0.06  0.06  0.06
 0.05  0.05  0.05  0.05  0.05  0.05  0.04  0.04  0.05  0.05  0.05  0.05
 0.04  0.04  0.04  0.03  0.04  0.04  0.04  0.04  0.04  0.04  0.04  0.04
 0.02  0.02  0.02  0.02  0.02  0.03  0.02  0.02  0.02  0.02  0.03  0.03
 0.01  0.02  0.01  0.01  0.02  0.02  0.01  0.01  0.01  0.01  0.02  0.01
 0.01  0.01  0.01  0.01  0.01  0.01  0.01  0.01  0.01  0.01  0.01  0.01
 0.00  0.01  0.01  0.00  0.01  0.01  0.01  0.00  0.00  0.00  0.01  0.01
 0.00  0.00  0.00  0.00  0.00  0.00  0.00  0.00  0.00  0.00  0.00  0.00
 0.00  0.00  0.00  0.00  0.00  0.00  0.00  0.00  0.00  0.00  0.00  0.00
 0.00  0.00  0.00  0.00  0.00  0.00  0.00  0.00  0.00  0.00  0.00  0.00
year 2005
  MMM   MMM   MMM   MMM   MMM   MMM   MMM   MMM   MMM   MMM   MMM   MMM
  MMM   MMM   MMM   MMM   MMM   MMM   MMM   MMM   MMM   MMM   MMM   MMM
  MMM   MMM   MMM   MMM   MMM   MMM   MMM   MMM   MMM   MMM   MMM   MMM
  MMM   MMM   MMM   MMM   MMM   MMM   MMM   MMM   MMM   MMM   MMM   MMM
  MMM   MMM   MMM   MMM   MMM   MMM   MMM   MMM   MMM   MMM   MMM   MMM
  MMM   MMM   MMM   MMM   MMM   MMM   MMM   MMM   MMM   MMM   MMM   MMM
  MMM   MMM   MMM   MMM   MMM   MMM   MMM   MMM   MMM   MMM   MMM   MMM
  MMM   MMM   MMM   MMM   MMM   MMM   MMM   MMM   MMM   MMM   MMM   MMM
  MMM   MMM   MMM   MMM   MMM   MMM   MMM   MMM   MMM   MMM   MMM   MMM
  MMM   MMM   MMM   MMM   MMM   MMM   MMM   MMM   MMM   MMM   MMM   MMM
  MMM   MMM   MMM   MMM   MMM   MMM   MMM   MMM   MMM   MMM   MMM   MMM
  MMM   MMM   MMM   MMM   MMM   MMM   MMM   MMM   MMM   MMM   MMM   MMM
  MMM   MMM   MMM   MMM   MMM   MMM   MMM   MMM   MMM   MMM   MMM   MMM
 0.00  0.00  0.00  0.00  0.00  0.00  0.00  0.00  0.00  0.00  0.00  0.00
-0.01 -0.01 -0.01 -0.01 -0.01 -0.01 -0.01 -0.01 -0.01 -0.01 -0.01 -0.01
-0.02 -0.02 -0.02 -0.02 -0.02 -0.02 -0.02 -0.02 -0.02 -0.02 -0.02 -0.02
-0.03 -0.03 -0.03 -0.03 -0.03 -0.03 -0.03 -0.03 -0.03 -0.03 -0.03 -0.04
-0.03 -0.04 -0.04 -0.04 -0.04 -0.04 -0.05 -0.05 -0.05 -0.05 -0.05 -0.05
-0.05 -0.05 -0.05 -0.05 -0.06 -0.06 -0.06 -0.06 -0.06 -0.07 -0.07 -0.07
-0.06 -0.06 -0.07 -0.07 -0.07 -0.08 -0.08 -0.08 -0.08 -0.09 -0.09 -0.09
-0.08 -0.08 -0.08 -0.09 -0.09 -0.10 -0.10 -0.10 -0.10 -0.10 -0.11 -0.11
-0.10 -0.10 -0.10 -0.11 -0.12 -0.12 -0.13 -0.13 -0.13 -0.13 -0.14 -0.14
-0.13 -0.13 -0.13 -0.14 -0.14 -0.15 -0.16 -0.15 -0.15 -0.16 -0.16 -0.17
-0.16 -0.16 -0.17 -0.17 -0.18 -0.19 -0.19 -0.19 -0.19 -0.19 -0.19 -0.20
-0.20 -0.20 -0.20 -0.21 -0.22 -0.23 -0.23 -0.23 -0.23 -0.23 -0.23 -0.24
-0.24 -0.25 -0.26 -0.27 -0.28 -0.29 -0.29 -0.29 -0.28 -0.28 -0.29 -0.29
-0.29 -0.30 -0.31 -0.32 -0.33 -0.34 -0.35 -0.34 -0.33 -0.33 -0.33 -0.33
-0.33 -0.34 -0.35 -0.36 -0.37 -0.38 -0.39 -0.38 -0.38 -0.37 -0.37 -0.37
-0.37 -0.38 -0.38 -0.39 -0.41 -0.42 -0.43 -0.42 -0.42 -0.41 -0.41 -0.41
-0.39 -0.41 -0.41 -0.43 -0.44 -0.45 -0.46 -0.46 -0.45 -0.44 -0.44 -0.44
-0.42 -0.43 -0.44 -0.45 -0.46 -0.48 -0.49 -0.48 -0.48 -0.47 -0.47 -0.47
-0.44 -0.45 -0.46 -0.47 -0.48 -0.50 -0.51 -0.51 -0.50 -0.49 -0.49 -0.49
-0.46 -0.47 -0.48 -0.49 -0.51 -0.53 -0.53 -0.53 -0.52 -0.51 -0.51 -0.52
-0.48 -0.49 -0.50 -0.51 -0.52 -0.55 -0.55 -0.55 -0.54 -0.53 -0.53 -0.53
-0.50 -0.51 -0.52 -0.53 -0.54 -0.56 -0.57 -0.56 -0.56 -0.55 -0.56 -0.56
-0.51 -0.52 -0.54 -0.54 -0.56 -0.58 -0.59 -0.58 -0.58 -0.58 -0.58 -0.58
-0.52 -0.53 -0.54 -0.55 -0.56 -0.59 -0.60 -0.60 -0.60 -0.60 -0.60 -0.60
-0.51 -0.52 -0.53 -0.55 -0.56 -0.60 -0.61 -0.62 -0.62 -0.61 -0.61 -0.61
-0.51 -0.52 -0.53 -0.55 -0.57 -0.61 -0.62 -0.62 -0.62 -0.61 -0.60 -0.60
-0.50 -0.51 -0.53 -0.55 -0.57 -0.60 -0.61 -0.62 -0.62 -0.61 -0.60 -0.60
-0.50 -0.51 -0.53 -0.55 -0.57 -0.61 -0.62 -0.62 -0.62 -0.61 -0.60 -0.59
-0.51 -0.53 -0.55 -0.56 -0.58 -0.62 -0.62 -0.61 -0.61 -0.59 -0.58 -0.57
-0.54 -0.55 -0.56 -0.57 -0.58 -0.62 -0.61 -0.61 -0.60 -0.58 -0.57 -0.56
-0.53 -0.54 -0.55 -0.55 -0.57 -0.60 -0.59 -0.59 -0.59 -0.57 -0.55 -0.55
-0.51 -0.52 -0.53 -0.53 -0.54 -0.57 -0.57 -0.57 -0.57 -0.55 -0.54 -0.54
-0.49 -0.49 -0.50 -0.51 -0.53 -0.56 -0.55 -0.55 -0.55 -0.54 -0.53 -0.54
-0.47 -0.47 -0.49 -0.49 -0.51 -0.54 -0.53 -0.52 -0.53 -0.52 -0.52 -0.53
-0.47 -0.47 -0.48 -0.48 -0.50 -0.52 -0.51 -0.51 -0.53 -0.52 -0.53 -0.54
-0.49 -0.49 -0.49 -0.49 -0.51 -0.53 -0.52 -0.52 -0.53 -0.53 -0.54 -0.57
-0.53 -0.53 -0.53 -0.53 -0.54 -0.56 -0.54 -0.54 -0.55 -0.55 -0.56 -0.59
-0.57 -0.57 -0.57 -0.57 -0.58 -0.60 -0.59 -0.59 -0.61 -0.61 -0.62 -0.65
-0.63 -0.62 -0.62 -0.62 -0.64 -0.66 -0.65 -0.65 -0.67 -0.67 -0.69 -0.72
-0.68 -0.68 -0.68 -0.69 -0.70 -0.72 -0.70 -0.70 -0.72 -0.72 -0.74 -0.77
-0.72 -0.72 -0.73 -0.74 -0.76 -0.78 -0.76 -0.75 -0.77 -0.76 -0.77 -0.80
-0.75 -0.75 -0.76 -0.77 -0.80 -0.83 -0.81 -0.81 -0.82 -0.82 -0.82 -0.83
-0.77 -0.78 -0.80 -0.81 -0.84 -0.87 -0.86 -0.85 -0.87 -0.86 -0.86 -0.87
-0.79 -0.81 -0.83 -0.85 -0.87 -0.90 -0.89 -0.88 -0.89 -0.88 -0.88 -0.88
-0.79 -0.81 -0.84 -0.86 -0.89 -0.92 -0.91 -0.91 -0.91 -0.91 -0.91 -0.90
-0.79 -0.82 -0.85 -0.87 -0.90 -0.93 -0.92 -0.91 -0.92 -0.91 -0.91 -0.91
-0.80 -0.83 -0.86 -0.89 -0.92 -0.94 -0.92 -0.91 -0.91 -0.90 -0.89 -0.89
-0.81 -0.84 -0.89 -0.91 -0.94 -0.96 -0.94 -0.92 -0.92 -0.90 -0.89 -0.88
-0.80 -0.84 -0.89 -0.92 -0.95 -0.97 -0.95 -0.94 -0.93 -0.92 -0.92 -0.90
-0.81 -0.85 -0.90 -0.93 -0.96 -0.98 -0.96 -0.94 -0.94 -0.93 -0.93 -0.91
-0.84 -0.89 -0.93 -0.95 -0.97 -0.99 -0.96 -0.95 -0.95 -0.93 -0.93 -0.91
-0.89 -0.93 -0.97 -0.98 -1.00 -1.01 -0.98 -0.97 -0.97 -0.96 -0.95 -0.93
-0.92 -0.96 -1.01 -1.02 -1.04 -1.04 -1.01 -1.00 -1.00 -0.99 -0.98 -0.96
-0.92 -0.97 -1.02 -1.04 -1.05 -1.06 -1.04 -1.02 -1.02 -1.02 -1.01 -0.99
-0.93 -0.99 -1.04 -1.05 -1.06 -1.07 -1.04 -1.03 -1.03 -1.03 -1.03 -1.00
-0.95 -1.01 -1.06 -1.07 -1.08 -1.08 -1.05 -1.04 -1.05 -1.05 -1.05 -1.02
-0.98 -1.04 -1.09 -1.10 -1.11 -1.10 -1.07 -1.06 -1.08 -1.08 -1.08 -1.05
-1.02 -1.07 -1.12 -1.14 -1.14 -1.14 -1.11 -1.10 -1.12 -1.13 -1.11 -1.08
-1.05 -1.10 -1.16 -1.17 -1.17 -1.17 -1.14 -1.13 -1.16 -1.16 -1.14 -1.10
-1.07 -1.12 -1.18 -1.18 -1.19 -1.18 -1.15 -1.15 -1.17 -1.18 -1.16 -1.12
-1.09 -1.14 -1.20 -1.20 -1.21 -1.20 -1.17 -1.16 -1.18 -1.19 -1.17 -1.13
-1.10 -1.15 -1.21 -1.22 -1.23 -1.23 -1.20 -1.19 -1.21 -1.22 -1.20 -1.16
-1.11 -1.17 -1.24 -1.25 -1.27 -1.26 -1.23 -1.22 -1.24 -1.25 -1.23 -1.18
-1.13 -1.20 -1.27 -1.29 -1.31 -1.31 -1.28 -1.26 -1.27 -1.28 -1.25 -1.20
-1.15 -1.22 -1.30 -1.33 -1.34 -1.34 -1.31 -1.29 -1.30 -1.30 -1.27 -1.21
-1.16 -1.23 -1.31 -1.33 -1.34 -1.34 -1.31 -1.29 -1.30 -1.31 -1.27 -1.22
-1.15 -1.23 -1.31 -1.32 -1.32 -1.32 -1.29 -1.28 -1.29 -1.30 -1.26 -1.20
-1.14 -1.22 -1.29 -1.30 -1.30 -1.28 -1.26 -1.24 -1.25 -1.26 -1.21 -1.16
-1.11 -1.20 -1.27 -1.27 -1.26 -1.24 -1.22 -1.19 -1.20 -1.20 -1.14 -1.09
-1.08 -1.17 -1.23 -1.22 -1.20 -1.18 -1.15 -1.12 -1.11 -1.10 -1.04 -0.99
-1.04 -1.12 -1.17 -1.15 -1.12 -1.10 -1.07 -1.03 -1.01 -0.98 -0.91 -0.87
-0.97 -1.04 -1.08 -1.05 -1.03 -1.01 -0.98 -0.92 -0.88 -0.84 -0.77 -0.74
-0.87 -0.93 -0.95 -0.92 -0.90 -0.89 -0.86 -0.79 -0.74 -0.69 -0.63 -0.61
-0.74 -0.79 -0.81 -0.77 -0.75 -0.74 -0.71 -0.64 -0.58 -0.54 -0.48 -0.47
-0.60 -0.63 -0.64 -0.59 -0.57 -0.56 -0.53 -0.46 -0.40 -0.37 -0.32 -0.33
-0.41 -0.44 -0.44 -0.39 -0.36 -0.35 -0.32 -0.26 -0.21 -0.19 -0.15 -0.17
-0.21 -0.22 -0.21 -0.16 -0.12 -0.11 -0.09 -0.03 -0.01 -0.00  0.02 -0.00
 0.01  0.00  0.02  0.09  0.13  0.14  0.16  0.20  0.20  0.19  0.20  0.18
 0.23  0.23  0.26  0.33  0.38  0.39  0.40  0.42  0.41  0.37  0.37  0.34
 0.42  0.43  0.47  0.54  0.60  0.61  0.61  0.62  0.59  0.53  0.52  0.49
 0.60  0.62  0.67  0.74  0.80  0.81  0.80  0.80  0.76  0.69  0.67  0.62
 0.78  0.81  0.86  0.94  0.99  1.00  0.99  0.98  0.94  0.86  0.82  0.77
 0.93  0.97  1.02  1.10  1.16  1.16  1.14  1.14  1.10  1.02  0.97  0.90
 1.06  1.10  1.15  1.23  1.27  1.27  1.25  1.26  1.22  1.14  1.09  1.01
 1.19  1.22  1.27  1.33  1.37  1.36  1.34  1.35  1.32  1.23  1.18  1.10
 1.30  1.33  1.37  1.42  1.46  1.45  1.43  1.44  1.40  1.31  1.25  1.19
 1.38  1.42  1.45  1.50  1.53  1.52  1.51  1.52  1.48  1.38  1.32  1.27
 1.43  1.47  1.51  1.56  1.59  1.59  1.58  1.59  1.55  1.45  1.40  1.36
 1.46  1.50  1.53  1.59  1.63  1.63  1.62  1.64  1.61  1.52  1.47  1.44
 1.47  1.51  1.54  1.60  1.65  1.65  1.65  1.68  1.66  1.58  1.55  1.53
 1.48  1.51  1.55  1.60  1.65  1.64  1.65  1.70  1.70  1.63  1.61  1.60
 1.48  1.50  1.53  1.58  1.62  1.62  1.63  1.70  1.71  1.66  1.64  1.65
 1.47  1.49  1.51  1.55  1.58  1.58  1.60  1.67  1.70  1.66  1.66  1.67
 1.46  1.47  1.48  1.51  1.53  1.53  1.54  1.62  1.67  1.64  1.65  1.67
 1.44  1.44  1.45  1.47  1.49  1.48  1.50  1.58  1.63  1.62  1.64  1.67
 1.42  1.42  1.43  1.45  1.46  1.45  1.46  1.55  1.61  1.60  1.63  1.67
 1.41  1.41  1.43  1.44  1.45  1.44  1.44  1.53  1.59  1.60  1.63  1.68
 1.41  1.42  1.43  1.44  1.46  1.44  1.44  1.52  1.59  1.60  1.64  1.69
 1.43  1.44  1.45  1.46  1.47  1.45  1.44  1.51  1.58  1.60  1.64  1.70
 1.45  1.46  1.47  1.48  1.49  1.46  1.44  1.51  1.58  1.60  1.65  1.70
 1.47  1.48  1.49  1.49  1.50  1.47  1.44  1.51  1.58  1.60  1.64  1.69
 1.48  1.49  1.50  1.50  1.50  1.47  1.43  1.49  1.56  1.58  1.62  1.66
 1.49  1.49  1.49  1.49  1.49  1.45  1.41  1.45  1.52  1.54  1.58  1.62
 1.47  1.47  1.47  1.46  1.46  1.42  1.37  1.41  1.48  1.50  1.54  1.58
 1.46  1.45  1.45  1.43  1.43  1.40  1.34  1.37  1.44  1.47  1.50  1.54
 1.44  1.43  1.43  1.41  1.41  1.37  1.31  1.34  1.41  1.44  1.47  1.51
 1.43  1.42  1.41  1.39  1.39  1.36  1.30  1.33  1.39  1.42  1.46  1.49
 1.42  1.42  1.41  1.39  1.39  1.34  1.28  1.30  1.36  1.39  1.42  1.45
 1.41  1.40  1.39  1.37  1.36  1.32  1.24  1.26  1.31  1.34  1.37  1.40
 1.38  1.37  1.36  1.34  1.33  1.28  1.21  1.22  1.27  1.30  1.33  1.36
 1.36  1.35  1.34  1.32  1.31  1.26  1.19  1.20  1.24  1.26  1.28  1.31
 1.35  1.34  1.33  1.31  1.31  1.27  1.19  1.20  1.23  1.24  1.27  1.30
 1.34  1.33  1.32  1.31  1.31  1.27  1.20  1.21  1.24  1.26  1.28  1.31
 1.32  1.31  1.30  1.30  1.30  1.26  1.19  1.20  1.23  1.24  1.26  1.29
 1.27  1.26  1.25  1.25  1.25  1.21  1.14  1.14  1.17  1.18  1.20  1.23
 1.22  1.21  1.20  1.19  1.19  1.14  1.07  1.07  1.10  1.11  1.13  1.16
 1.15  1.15  1.14  1.13  1.13  1.08  1.00  1.01  1.03  1.03  1.05  1.08
 1.08  1.08  1.07  1.06  1.07  1.03  0.95  0.96  0.97  0.96  0.98  1.00
 1.01  1.01  1.01  1.00  1.01  0.96  0.89  0.89  0.90  0.89  0.90  0.92
 0.96  0.96  0.95  0.94  0.95  0.91  0.84  0.84  0.86  0.84  0.85  0.87
 0.92  0.92  0.92  0.92  0.93  0.89  0.82  0.82  0.83  0.81  0.81  0.83
 0.90  0.90  0.90  0.89  0.91  0.87  0.80  0.80  0.82  0.79  0.79  0.80
 0.88  0.89  0.89  0.88  0.89  0.86  0.79  0.79  0.81  0.79  0.78  0.79
 0.85  0.86  0.86  0.85  0.87  0.84  0.78  0.78  0.80  0.78  0.77  0.78
 0.84  0.84  0.84  0.84  0.86  0.83  0.77  0.78  0.79  0.77  0.76  0.77
 0.82  0.83  0.83  0.82  0.84  0.82  0.77  0.77  0.79  0.78  0.76  0.77
 0.81  0.81  0.81  0.81  0.83  0.81  0.76  0.77  0.79  0.77  0.76  0.77
 0.80  0.80  0.80  0.79  0.81  0.79  0.75  0.76  0.78  0.77  0.75  0.76
 0.78  0.79  0.78  0.78  0.80  0.78  0.74  0.75  0.76  0.75  0.74  0.75
 0.76  0.76  0.76  0.76  0.77  0.76  0.73  0.73  0.75  0.74  0.72  0.73
 0.74  0.74  0.73  0.73  0.75  0.74  0.71  0.71  0.73  0.72  0.71  0.71
 0.72  0.72  0.71  0.71  0.73  0.72  0.69  0.69  0.71  0.70  0.69  0.69
 0.70  0.69  0.69  0.69  0.71  0.70  0.67  0.67  0.68  0.68  0.67  0.67
 0.67  0.67  0.66  0.66  0.68  0.67  0.65  0.65  0.66  0.65  0.64  0.65
 0.64  0.64  0.63  0.63  0.65  0.64  0.62  0.62  0.63  0.63  0.61  0.62
 0.60  0.60  0.60  0.60  0.61  0.61  0.59  0.58  0.60  0.59  0.58  0.59
 0.57  0.56  0.56  0.56  0.57  0.57  0.55  0.54  0.56  0.55  0.54  0.55
 0.52  0.52  0.52  0.52  0.54  0.53  0.51  0.51  0.52  0.52  0.51  0.51
 0.48  0.48  0.48  0.49  0.50  0.50  0.48  0.47  0.49  0.49  0.48  0.49
 0.45  0.44  0.44  0.45  0.47  0.47  0.45  0.44  0.46  0.46  0.45  0.46
 0.42  0.41  0.41  0.43  0.44  0.44  0.42  0.42  0.44  0.44  0.43  0.44
 0.40  0.39  0.40  0.41  0.42  0.42  0.40  0.40  0.42  0.42  0.41  0.42
 0.38  0.38  0.38  0.39  0.40  0.40  0.39  0.39  0.40  0.40  0.39  0.40
 0.36  0.36  0.37  0.38  0.39  0.39  0.37  0.37  0.39  0.39  0.38  0.39
 0.35  0.36  0.36  0.37  0.38  0.38  0.36  0.36  0.38  0.38  0.37  0.38
 0.34  0.35  0.35  0.36  0.37  0.37  0.35  0.35  0.37  0.36  0.35  0.36
 0.33  0.33  0.33  0.35  0.36  0.35  0.34  0.34  0.35  0.34  0.33  0.34
 0.31  0.31  0.31  0.32  0.33  0.33  0.32  0.32  0.33  0.32  0.31  0.32
 0.28  0.28  0.29  0.29  0.30  0.30  0.29  0.29  0.30  0.30  0.29  0.30
 0.25  0.25  0.25  0.26  0.27  0.27  0.26  0.26  0.27  0.27  0.26  0.27
 0.22  0.22  0.22  0.22  0.23  0.23  0.23  0.23  0.24  0.24  0.23  0.24
 0.18  0.18  0.19  0.19  0.20  0.20  0.20  0.20  0.21  0.21  0.20  0.21
 0.15  0.16  0.16  0.16  0.17  0.17  0.17  0.17  0.18  0.18  0.17  0.18
 0.13  0.13  0.13  0.14  0.14  0.15  0.14  0.15  0.16  0.15  0.15  0.16
 0.11  0.11  0.11  0.11  0.12  0.12  0.12  0.12  0.13  0.13  0.13  0.13
 0.09  0.09  0.09  0.09  0.10  0.10  0.10  0.10  0.11  0.11  0.10  0.11
 0.07  0.07  0.07  0.07  0.08  0.08  0.08  0.08  0.09  0.09  0.08  0.09
 0.06  0.06  0.06  0.06  0.07  0.07  0.07  0.07  0.07  0.07  0.07  0.07
 0.05  0.05  0.05  0.05  0.05  0.05  0.05  0.05  0.06  0.06  0.05  0.06
 0.04  0.04  0.04  0.04  0.04  0.04  0.04  0.04  0.04  0.04  0.04  0.04
 0.02  0.02  0.02  0.02  0.03  0.03  0.02  0.02  0.03  0.03  0.02  0.03
 0.01  0.01  0.01  0.01  0.01  0.01  0.01  0.01  0.02  0.02  0.01  0.02
 0.01  0.01  0.01  0.01  0.01  0.01  0.01  0.01  0.01  0.01  0.01  0.01
 0.00  0.00  0.00  0.00  0.00  0.00  0.00  0.00  0.01  0.01  0.00  0.01
 0.00  0.00  0.00  0.00  0.00  0.00  0.00  0.00  0.00  0.00  0.00  0.00
 0.00  0.00  0.00  0.00  0.00  0.00  0.00  0.00  0.00  0.00  0.00  0.00
 0.00  0.00  0.00  0.00  0.00  0.00  0.00  0.00  0.00  0.00  0.00  0.00
year 2006
  MMM   MMM   MMM   MMM   MMM   MMM   MMM   MMM   MMM   MMM   MMM   MMM
  MMM   MMM   MMM   MMM   MMM   MMM   MMM   MMM   MMM   MMM   MMM   MMM
  MMM   MMM   MMM   MMM   MMM   MMM   MMM   MMM   MMM   MMM   MMM   MMM
  MMM   MMM   MMM   MMM   MMM   MMM   MMM   MMM   MMM   MMM   MMM   MMM
  MMM   MMM   MMM   MMM   MMM   MMM   MMM   MMM   MMM   MMM   MMM   MMM
  MMM   MMM   MMM   MMM   MMM   MMM   MMM   MMM   MMM   MMM   MMM   MMM
  MMM   MMM   MMM   MMM   MMM   MMM   MMM   MMM   MMM   MMM   MMM   MMM
  MMM   MMM   MMM   MMM   MMM   MMM   MMM   MMM   MMM   MMM   MMM   MMM
  MMM   MMM   MMM   MMM   MMM   MMM   MMM   MMM   MMM   MMM   MMM   MMM
  MMM   MMM   MMM   MMM   MMM   MMM   MMM   MMM   MMM   MMM   MMM   MMM
  MMM   MMM   MMM   MMM   MMM   MMM   MMM   MMM   MMM   MMM   MMM   MMM
  MMM   MMM   MMM   MMM   MMM   MMM   MMM   MMM   MMM   MMM   MMM   MMM
  MMM   MMM   MMM   MMM   MMM   MMM   MMM   MMM   MMM   MMM   MMM   MMM
 0.00  0.00  0.00  0.00  0.00  0.00  0.00  0.00  0.00  0.00  0.00  0.00
-0.01 -0.01 -0.01 -0.01 -0.01 -0.01 -0.01 -0.01 -0.01 -0.01 -0.01 -0.01
-0.02 -0.02 -0.02 -0.02 -0.02 -0.02 -0.02 -0.02 -0.02 -0.02 -0.02 -0.02
-0.04 -0.03 -0.03 -0.03 -0.03 -0.03 -0.03 -0.03 -0.03 -0.03 -0.03 -0.03
-0.05 -0.05 -0.05 -0.05 -0.05 -0.05 -0.05 -0.05 -0.05 -0.05 -0.05 -0.04
-0.07 -0.07 -0.07 -0.07 -0.07 -0.07 -0.07 -0.07 -0.07 -0.07 -0.07 -0.06
-0.10 -0.10 -0.10 -0.09 -0.09 -0.09 -0.09 -0.10 -0.10 -0.09 -0.09 -0.08
-0.12 -0.12 -0.12 -0.12 -0.11 -0.11 -0.12 -0.12 -0.12 -0.12 -0.11 -0.10
-0.14 -0.14 -0.14 -0.14 -0.14 -0.14 -0.14 -0.14 -0.14 -0.14 -0.13 -0.13
-0.17 -0.17 -0.17 -0.17 -0.16 -0.16 -0.17 -0.17 -0.17 -0.17 -0.16 -0.15
-0.20 -0.20 -0.20 -0.20 -0.20 -0.20 -0.20 -0.21 -0.21 -0.21 -0.20 -0.19
-0.24 -0.24 -0.24 -0.24 -0.24 -0.24 -0.25 -0.25 -0.25 -0.25 -0.24 -0.24
-0.29 -0.29 -0.29 -0.29 -0.29 -0.29 -0.30 -0.30 -0.31 -0.31 -0.30 -0.29
-0.34 -0.34 -0.34 -0.34 -0.34 -0.33 -0.34 -0.35 -0.35 -0.35 -0.34 -0.34
-0.38 -0.38 -0.38 -0.39 -0.38 -0.38 -0.39 -0.39 -0.39 -0.40 -0.39 -0.39
-0.41 -0.42 -0.42 -0.43 -0.43 -0.43 -0.43 -0.44 -0.44 -0.45 -0.44 -0.43
-0.45 -0.45 -0.46 -0.47 -0.47 -0.47 -0.47 -0.48 -0.48 -0.49 -0.48 -0.48
-0.48 -0.49 -0.49 -0.51 -0.50 -0.50 -0.51 -0.51 -0.52 -0.53 -0.52 -0.52
-0.50 -0.51 -0.52 -0.54 -0.53 -0.53 -0.54 -0.54 -0.55 -0.56 -0.56 -0.55
-0.53 -0.54 -0.55 -0.57 -0.56 -0.56 -0.57 -0.58 -0.58 -0.59 -0.59 -0.58
-0.55 -0.56 -0.58 -0.60 -0.59 -0.59 -0.60 -0.61 -0.61 -0.62 -0.62 -0.61
-0.58 -0.59 -0.61 -0.63 -0.62 -0.62 -0.63 -0.64 -0.64 -0.65 -0.64 -0.63
-0.60 -0.62 -0.63 -0.65 -0.65 -0.65 -0.65 -0.66 -0.66 -0.67 -0.66 -0.65
-0.62 -0.64 -0.65 -0.67 -0.66 -0.66 -0.66 -0.67 -0.67 -0.68 -0.68 -0.67
-0.63 -0.64 -0.66 -0.68 -0.67 -0.66 -0.66 -0.66 -0.66 -0.67 -0.67 -0.67
-0.62 -0.64 -0.65 -0.67 -0.65 -0.65 -0.65 -0.66 -0.65 -0.67 -0.67 -0.66
-0.62 -0.63 -0.64 -0.65 -0.64 -0.63 -0.64 -0.65 -0.65 -0.66 -0.66 -0.65
-0.61 -0.62 -0.63 -0.64 -0.62 -0.61 -0.62 -0.63 -0.63 -0.63 -0.63 -0.62
-0.59 -0.60 -0.60 -0.61 -0.59 -0.59 -0.60 -0.61 -0.60 -0.61 -0.61 -0.60
-0.58 -0.59 -0.60 -0.60 -0.58 -0.58 -0.59 -0.60 -0.59 -0.59 -0.58 -0.58
-0.57 -0.58 -0.59 -0.60 -0.58 -0.58 -0.59 -0.61 -0.59 -0.58 -0.57 -0.56
-0.57 -0.57 -0.58 -0.58 -0.57 -0.57 -0.59 -0.61 -0.59 -0.57 -0.57 -0.55
-0.56 -0.56 -0.57 -0.57 -0.56 -0.56 -0.58 -0.60 -0.58 -0.57 -0.56 -0.54
-0.56 -0.57 -0.57 -0.58 -0.56 -0.57 -0.59 -0.61 -0.59 -0.57 -0.56 -0.54
-0.58 -0.59 -0.60 -0.60 -0.59 -0.60 -0.63 -0.65 -0.63 -0.61 -0.59 -0.56
-0.61 -0.63 -0.63 -0.63 -0.63 -0.64 -0.68 -0.71 -0.68 -0.66 -0.63 -0.60
-0.63 -0.66 -0.67 -0.67 -0.67 -0.69 -0.73 -0.75 -0.73 -0.70 -0.68 -0.65
-0.70 -0.73 -0.74 -0.74 -0.73 -0.75 -0.78 -0.81 -0.78 -0.75 -0.73 -0.69
-0.77 -0.80 -0.81 -0.81 -0.80 -0.82 -0.85 -0.87 -0.84 -0.80 -0.77 -0.73
-0.82 -0.85 -0.87 -0.86 -0.86 -0.87 -0.89 -0.91 -0.86 -0.82 -0.80 -0.76
-0.84 -0.86 -0.88 -0.88 -0.87 -0.88 -0.91 -0.92 -0.88 -0.84 -0.82 -0.79
-0.87 -0.89 -0.90 -0.90 -0.89 -0.90 -0.91 -0.92 -0.89 -0.86 -0.84 -0.82
-0.89 -0.91 -0.92 -0.92 -0.91 -0.92 -0.93 -0.94 -0.90 -0.87 -0.86 -0.84
-0.90 -0.92 -0.92 -0.92 -0.92 -0.93 -0.94 -0.95 -0.92 -0.89 -0.88 -0.87
-0.92 -0.93 -0.93 -0.93 -0.92 -0.94 -0.95 -0.96 -0.93 -0.89 -0.89 -0.88
-0.92 -0.93 -0.93 -0.93 -0.92 -0.93 -0.94 -0.95 -0.92 -0.89 -0.89 -0.89
-0.90 -0.91 -0.91 -0.90 -0.90 -0.91 -0.92 -0.94 -0.92 -0.89 -0.90 -0.91
-0.89 -0.89 -0.89 -0.89 -0.89 -0.90 -0.92 -0.94 -0.92 -0.90 -0.91 -0.93
-0.90 -0.90 -0.89 -0.88 -0.88 -0.90 -0.91 -0.93 -0.92 -0.90 -0.91 -0.94
-0.91 -0.90 -0.89 -0.88 -0.87 -0.89 -0.89 -0.91 -0.90 -0.89 -0.91 -0.94
-0.90 -0.89 -0.88 -0.87 -0.87 -0.88 -0.89 -0.91 -0.91 -0.89 -0.92 -0.95
-0.92 -0.90 -0.88 -0.87 -0.87 -0.88 -0.90 -0.93 -0.92 -0.91 -0.94 -0.97
-0.95 -0.92 -0.89 -0.88 -0.88 -0.90 -0.91 -0.95 -0.95 -0.94 -0.97 -1.00
-0.97 -0.95 -0.92 -0.90 -0.90 -0.92 -0.94 -0.97 -0.97 -0.96 -0.98 -1.01
-0.99 -0.96 -0.93 -0.92 -0.92 -0.94 -0.96 -1.00 -0.99 -0.98 -0.99 -1.01
-1.00 -0.98 -0.94 -0.93 -0.94 -0.97 -0.99 -1.03 -1.02 -1.00 -1.01 -1.02
-1.03 -1.00 -0.96 -0.95 -0.97 -1.00 -1.02 -1.05 -1.04 -1.01 -1.02 -1.03
-1.06 -1.02 -0.98 -0.98 -0.99 -1.03 -1.05 -1.07 -1.06 -1.02 -1.03 -1.04
-1.08 -1.05 -1.00 -1.00 -1.02 -1.05 -1.08 -1.10 -1.08 -1.04 -1.05 -1.07
-1.10 -1.06 -1.02 -1.02 -1.04 -1.08 -1.10 -1.12 -1.10 -1.07 -1.07 -1.09
-1.11 -1.08 -1.03 -1.03 -1.06 -1.10 -1.13 -1.15 -1.13 -1.09 -1.09 -1.11
-1.14 -1.10 -1.05 -1.04 -1.07 -1.12 -1.15 -1.17 -1.15 -1.10 -1.10 -1.11
-1.16 -1.11 -1.06 -1.05 -1.07 -1.12 -1.15 -1.17 -1.15 -1.10 -1.10 -1.11
-1.17 -1.12 -1.06 -1.04 -1.06 -1.11 -1.14 -1.17 -1.14 -1.10 -1.09 -1.10
-1.18 -1.13 -1.06 -1.03 -1.05 -1.10 -1.13 -1.16 -1.13 -1.08 -1.08 -1.09
-1.18 -1.12 -1.05 -1.03 -1.05 -1.09 -1.12 -1.15 -1.13 -1.08 -1.07 -1.07
-1.17 -1.11 -1.04 -1.02 -1.04 -1.09 -1.12 -1.15 -1.13 -1.07 -1.06 -1.06
-1.13 -1.07 -1.00 -0.99 -1.02 -1.08 -1.11 -1.14 -1.13 -1.07 -1.06 -1.05
-1.06 -1.01 -0.95 -0.94 -0.98 -1.04 -1.09 -1.13 -1.11 -1.06 -1.05 -1.04
-0.97 -0.94 -0.88 -0.89 -0.93 -1.00 -1.05 -1.10 -1.09 -1.05 -1.03 -1.02
-0.87 -0.85 -0.81 -0.82 -0.87 -0.94 -0.99 -1.05 -1.06 -1.02 -1.00 -0.97
-0.76 -0.75 -0.72 -0.75 -0.80 -0.87 -0.92 -0.98 -1.00 -0.96 -0.94 -0.89
-0.64 -0.65 -0.64 -0.67 -0.73 -0.78 -0.82 -0.88 -0.90 -0.86 -0.83 -0.77
-0.52 -0.54 -0.54 -0.57 -0.63 -0.68 -0.71 -0.76 -0.77 -0.73 -0.69 -0.63
-0.39 -0.41 -0.43 -0.47 -0.53 -0.56 -0.57 -0.61 -0.62 -0.56 -0.52 -0.46
-0.24 -0.27 -0.29 -0.34 -0.40 -0.42 -0.41 -0.43 -0.41 -0.35 -0.31 -0.23
-0.07 -0.11 -0.14 -0.19 -0.24 -0.25 -0.21 -0.21 -0.17 -0.10 -0.05  0.02
 0.10  0.07  0.04 -0.02 -0.07 -0.06 -0.00  0.03  0.09  0.17  0.22  0.29
 0.27  0.24  0.20  0.14  0.09  0.11  0.20  0.26  0.34  0.43  0.49  0.56
 0.41  0.38  0.33  0.27  0.22  0.26  0.37  0.47  0.56  0.67  0.72  0.80
 0.54  0.50  0.45  0.38  0.34  0.39  0.53  0.64  0.75  0.86  0.92  1.00
 0.67  0.61  0.55  0.48  0.45  0.51  0.67  0.79  0.90  1.01  1.07  1.16
 0.79  0.72  0.66  0.59  0.56  0.64  0.80  0.93  1.03  1.14  1.20  1.28
 0.90  0.82  0.75  0.69  0.67  0.76  0.92  1.04  1.13  1.23  1.29  1.37
 0.99  0.92  0.86  0.80  0.79  0.87  1.02  1.12  1.21  1.30  1.36  1.44
 1.09  1.03  0.97  0.92  0.91  0.99  1.12  1.20  1.27  1.36  1.42  1.48
 1.19  1.15  1.10  1.05  1.04  1.11  1.22  1.28  1.33  1.41  1.46  1.52
 1.29  1.26  1.22  1.17  1.15  1.21  1.31  1.35  1.39  1.47  1.51  1.56
 1.39  1.36  1.33  1.28  1.26  1.31  1.40  1.42  1.45  1.52  1.56  1.60
 1.48  1.46  1.43  1.38  1.36  1.40  1.48  1.50  1.52  1.57  1.60  1.64
 1.57  1.56  1.53  1.49  1.46  1.50  1.57  1.57  1.58  1.63  1.65  1.68
 1.63  1.62  1.60  1.56  1.54  1.58  1.64  1.64  1.64  1.68  1.70  1.72
 1.66  1.66  1.64  1.61  1.59  1.64  1.70  1.70  1.70  1.73  1.74  1.75
 1.67  1.67  1.66  1.63  1.63  1.67  1.74  1.74  1.74  1.77  1.77  1.77
 1.68  1.68  1.68  1.66  1.65  1.70  1.77  1.77  1.77  1.79  1.79  1.79
 1.68  1.69  1.69  1.68  1.68  1.73  1.79  1.79  1.79  1.81  1.81  1.80
 1.69  1.70  1.70  1.69  1.69  1.74  1.80  1.81  1.81  1.82  1.81  1.79
 1.71  1.71  1.71  1.70  1.70  1.74  1.80  1.81  1.82  1.82  1.80  1.78
 1.72  1.72  1.72  1.70  1.70  1.74  1.80  1.81  1.81  1.82  1.80  1.77
 1.71  1.72  1.71  1.70  1.69  1.72  1.78  1.79  1.79  1.80  1.77  1.75
 1.70  1.70  1.70  1.68  1.67  1.70  1.75  1.77  1.76  1.76  1.74  1.72
 1.67  1.67  1.66  1.65  1.64  1.66  1.73  1.74  1.74  1.74  1.71  1.70
 1.64  1.64  1.63  1.62  1.61  1.64  1.71  1.73  1.73  1.72  1.70  1.68
 1.59  1.60  1.59  1.58  1.58  1.62  1.69  1.72  1.71  1.70  1.68  1.66
 1.56  1.56  1.56  1.56  1.56  1.60  1.68  1.71  1.70  1.70  1.67  1.66
 1.53  1.54  1.54  1.53  1.53  1.57  1.65  1.68  1.68  1.67  1.65  1.63
 1.51  1.51  1.50  1.50  1.50  1.53  1.61  1.64  1.63  1.62  1.60  1.59
 1.47  1.47  1.46  1.46  1.45  1.48  1.56  1.59  1.58  1.57  1.55  1.54
 1.42  1.42  1.42  1.41  1.41  1.44  1.52  1.55  1.54  1.53  1.52  1.50
 1.38  1.38  1.37  1.37  1.36  1.40  1.48  1.51  1.51  1.50  1.48  1.46
 1.34  1.34  1.34  1.33  1.32  1.35  1.43  1.46  1.46  1.45  1.43  1.41
 1.33  1.33  1.33  1.32  1.29  1.31  1.37  1.39  1.40  1.39  1.37  1.35
 1.34  1.34  1.34  1.31  1.28  1.28  1.33  1.34  1.33  1.32  1.29  1.27
 1.31  1.31  1.29  1.27  1.23  1.23  1.28  1.27  1.25  1.24  1.21  1.19
 1.24  1.23  1.22  1.20  1.17  1.17  1.21  1.20  1.17  1.16  1.12  1.10
 1.16  1.16  1.15  1.13  1.10  1.10  1.14  1.12  1.10  1.07  1.04  1.02
 1.09  1.09  1.08  1.07  1.03  1.03  1.06  1.04  1.02  1.00  0.96  0.94
 1.01  1.01  1.00  0.98  0.95  0.94  0.98  0.95  0.93  0.91  0.88  0.86
 0.93  0.92  0.92  0.91  0.87  0.87  0.90  0.87  0.85  0.84  0.81  0.79
 0.88  0.87  0.87  0.86  0.83  0.82  0.85  0.82  0.81  0.79  0.76  0.75
 0.83  0.83  0.83  0.82  0.79  0.78  0.82  0.79  0.78  0.77  0.74  0.73
 0.80  0.80  0.80  0.81  0.78  0.77  0.80  0.78  0.77  0.77  0.74  0.73
 0.79  0.79  0.79  0.79  0.77  0.76  0.79  0.77  0.76  0.76  0.73  0.73
 0.78  0.78  0.78  0.79  0.77  0.76  0.79  0.77  0.76  0.75  0.73  0.73
 0.77  0.77  0.78  0.79  0.77  0.76  0.79  0.78  0.76  0.75  0.73  0.73
 0.77  0.78  0.78  0.79  0.78  0.77  0.79  0.78  0.76  0.75  0.73  0.73
 0.77  0.78  0.78  0.79  0.78  0.76  0.79  0.77  0.75  0.75  0.73  0.73
 0.76  0.76  0.77  0.78  0.77  0.75  0.77  0.76  0.74  0.73  0.72  0.72
 0.75  0.75  0.76  0.77  0.76  0.74  0.76  0.74  0.73  0.72  0.71  0.71
 0.73  0.74  0.74  0.76  0.74  0.72  0.74  0.72  0.71  0.70  0.70  0.70
 0.72  0.72  0.73  0.74  0.73  0.70  0.71  0.70  0.69  0.69  0.68  0.68
 0.70  0.71  0.71  0.72  0.71  0.68  0.69  0.68  0.67  0.67  0.66  0.66
 0.68  0.69  0.69  0.70  0.69  0.66  0.67  0.66  0.65  0.65  0.65  0.65
 0.66  0.66  0.67  0.68  0.66  0.64  0.65  0.65  0.64  0.63  0.63  0.63
 0.63  0.64  0.64  0.65  0.64  0.61  0.62  0.63  0.62  0.61  0.62  0.62
 0.59  0.60  0.61  0.62  0.61  0.58  0.59  0.60  0.59  0.59  0.60  0.60
 0.56  0.57  0.57  0.58  0.57  0.54  0.56  0.57  0.56  0.56  0.57  0.57
 0.52  0.53  0.54  0.54  0.53  0.51  0.52  0.54  0.53  0.53  0.54  0.54
 0.50  0.51  0.51  0.51  0.50  0.48  0.49  0.51  0.50  0.50  0.51  0.51
 0.47  0.48  0.48  0.49  0.48  0.45  0.47  0.48  0.47  0.47  0.49  0.49
 0.45  0.46  0.46  0.46  0.45  0.43  0.44  0.46  0.45  0.45  0.46  0.46
 0.43  0.44  0.44  0.44  0.43  0.40  0.42  0.44  0.42  0.42  0.44  0.44
 0.41  0.42  0.42  0.42  0.41  0.38  0.40  0.42  0.40  0.40  0.42  0.42
 0.40  0.40  0.40  0.40  0.39  0.37  0.39  0.40  0.39  0.39  0.40  0.40
 0.38  0.39  0.39  0.39  0.38  0.36  0.38  0.39  0.37  0.37  0.38  0.38
 0.37  0.37  0.37  0.37  0.36  0.34  0.36  0.37  0.36  0.35  0.37  0.36
 0.35  0.35  0.35  0.35  0.34  0.32  0.34  0.35  0.34  0.33  0.35  0.34
 0.33  0.33  0.33  0.33  0.32  0.30  0.32  0.33  0.32  0.32  0.33  0.32
 0.31  0.31  0.31  0.31  0.30  0.28  0.30  0.31  0.29  0.29  0.30  0.30
 0.28  0.28  0.28  0.28  0.27  0.25  0.27  0.28  0.27  0.27  0.28  0.27
 0.25  0.25  0.25  0.25  0.24  0.23  0.24  0.25  0.24  0.24  0.25  0.24
 0.22  0.22  0.22  0.22  0.21  0.20  0.21  0.22  0.21  0.21  0.22  0.22
 0.19  0.19  0.19  0.19  0.18  0.17  0.19  0.19  0.18  0.19  0.19  0.19
 0.16  0.16  0.17  0.17  0.16  0.15  0.16  0.17  0.16  0.16  0.17  0.16
 0.14  0.14  0.14  0.14  0.13  0.13  0.14  0.14  0.13  0.14  0.14  0.14
 0.11  0.12  0.12  0.12  0.11  0.10  0.11  0.12  0.11  0.11  0.12  0.11
 0.09  0.09  0.10  0.10  0.09  0.09  0.09  0.10  0.09  0.09  0.10  0.09
 0.08  0.08  0.08  0.08  0.08  0.07  0.08  0.08  0.07  0.08  0.08  0.08
 0.06  0.06  0.06  0.07  0.06  0.06  0.06  0.06  0.06  0.06  0.06  0.06
 0.04  0.04  0.05  0.05  0.04  0.04  0.05  0.05  0.04  0.05  0.05  0.05
 0.03  0.03  0.03  0.03  0.03  0.03  0.03  0.03  0.03  0.03  0.03  0.03
 0.02  0.02  0.02  0.02  0.02  0.02  0.02  0.02  0.02  0.02  0.02  0.02
 0.01  0.01  0.01  0.01  0.01  0.01  0.01  0.01  0.01  0.01  0.01  0.01
 0.01  0.01  0.01  0.01  0.01  0.01  0.01  0.01  0.01  0.01  0.01  0.01
 0.00  0.00  0.00  0.00  0.00  0.00  0.00  0.00  0.00  0.00  0.00  0.00
 0.00  0.00  0.00  0.00  0.00  0.00  0.00  0.00  0.00  0.00  0.00  0.00
 0.00  0.00  0.00  0.00  0.00  0.00  0.00  0.00  0.00  0.00  0.00  0.00
year 2007
  MMM   MMM   MMM   MMM   MMM   MMM   MMM   MMM   MMM   MMM   MMM   MMM
  MMM   MMM   MMM   MMM   MMM   MMM   MMM   MMM   MMM   MMM   MMM   MMM
  MMM   MMM   MMM   MMM   MMM   MMM   MMM   MMM   MMM   MMM   MMM   MMM
  MMM   MMM   MMM   MMM   MMM   MMM   MMM   MMM   MMM   MMM   MMM   MMM
  MMM   MMM   MMM   MMM   MMM   MMM   MMM   MMM   MMM   MMM   MMM   MMM
  MMM   MMM   MMM   MMM   MMM   MMM   MMM   MMM   MMM   MMM   MMM   MMM
  MMM   MMM   MMM   MMM   MMM   MMM   MMM   MMM   MMM   MMM   MMM   MMM
  MMM   MMM   MMM   MMM   MMM   MMM   MMM   MMM   MMM   MMM   MMM   MMM
  MMM   MMM   MMM   MMM   MMM   MMM   MMM   MMM   MMM   MMM   MMM   MMM
  MMM   MMM   MMM   MMM   MMM   MMM   MMM   MMM   MMM   MMM   MMM   MMM
  MMM   MMM   MMM   MMM   MMM   MMM   MMM   MMM   MMM   MMM   MMM   MMM
  MMM   MMM   MMM   MMM   MMM   MMM   MMM   MMM   MMM   MMM   MMM   MMM
  MMM   MMM   MMM   MMM   MMM   MMM   MMM   MMM   MMM   MMM   MMM   MMM
 0.00  0.00  0.00  0.00  0.00  0.00  0.00  0.00  0.00  0.00  0.00  0.00
-0.01 -0.01 -0.01 -0.01 -0.01 -0.01 -0.01 -0.01 -0.01 -0.01 -0.01 -0.01
-0.02 -0.02 -0.02 -0.02 -0.02 -0.01 -0.01 -0.02 -0.02 -0.01 -0.01 -0.01
-0.03 -0.03 -0.03 -0.03 -0.03 -0.02 -0.02 -0.02 -0.02 -0.02 -0.02 -0.02
-0.04 -0.04 -0.04 -0.04 -0.04 -0.03 -0.03 -0.03 -0.03 -0.03 -0.03 -0.03
-0.06 -0.06 -0.05 -0.05 -0.05 -0.05 -0.04 -0.04 -0.04 -0.04 -0.04 -0.04
-0.08 -0.08 -0.07 -0.07 -0.07 -0.06 -0.06 -0.06 -0.06 -0.06 -0.06 -0.06
-0.10 -0.10 -0.09 -0.09 -0.08 -0.08 -0.07 -0.07 -0.08 -0.07 -0.07 -0.07
-0.12 -0.12 -0.11 -0.11 -0.11 -0.10 -0.10 -0.10 -0.10 -0.10 -0.09 -0.09
-0.15 -0.15 -0.14 -0.13 -0.13 -0.12 -0.12 -0.12 -0.13 -0.12 -0.12 -0.12
-0.19 -0.19 -0.17 -0.17 -0.17 -0.16 -0.16 -0.16 -0.16 -0.16 -0.16 -0.16
-0.24 -0.23 -0.22 -0.21 -0.21 -0.20 -0.20 -0.21 -0.21 -0.21 -0.21 -0.21
-0.29 -0.28 -0.27 -0.26 -0.26 -0.25 -0.25 -0.26 -0.26 -0.26 -0.26 -0.26
-0.34 -0.33 -0.31 -0.30 -0.30 -0.29 -0.29 -0.30 -0.31 -0.30 -0.30 -0.30
-0.39 -0.38 -0.36 -0.35 -0.35 -0.34 -0.34 -0.34 -0.35 -0.35 -0.34 -0.34
-0.43 -0.42 -0.40 -0.40 -0.40 -0.38 -0.38 -0.38 -0.39 -0.39 -0.38 -0.38
-0.48 -0.47 -0.45 -0.44 -0.44 -0.42 -0.42 -0.42 -0.43 -0.43 -0.42 -0.42
-0.52 -0.51 -0.48 -0.48 -0.48 -0.46 -0.46 -0.46 -0.46 -0.46 -0.46 -0.45
-0.55 -0.54 -0.51 -0.51 -0.51 -0.49 -0.49 -0.49 -0.50 -0.50 -0.49 -0.48
-0.58 -0.56 -0.54 -0.53 -0.53 -0.51 -0.51 -0.51 -0.51 -0.52 -0.51 -0.50
-0.60 -0.58 -0.55 -0.54 -0.54 -0.53 -0.53 -0.52 -0.53 -0.53 -0.52 -0.52
-0.62 -0.59 -0.56 -0.56 -0.56 -0.54 -0.55 -0.54 -0.54 -0.55 -0.53 -0.53
-0.64 -0.61 -0.58 -0.57 -0.58 -0.56 -0.56 -0.55 -0.56 -0.56 -0.55 -0.55
-0.65 -0.63 -0.59 -0.58 -0.59 -0.57 -0.57 -0.56 -0.57 -0.57 -0.55 -0.55
-0.65 -0.63 -0.59 -0.58 -0.59 -0.58 -0.58 -0.57 -0.58 -0.58 -0.56 -0.56
-0.65 -0.62 -0.58 -0.58 -0.59 -0.58 -0.58 -0.57 -0.58 -0.58 -0.56 -0.56
-0.64 -0.61 -0.58 -0.57 -0.59 -0.57 -0.58 -0.56 -0.56 -0.57 -0.55 -0.55
-0.61 -0.59 -0.56 -0.56 -0.57 -0.56 -0.56 -0.54 -0.55 -0.56 -0.54 -0.54
-0.59 -0.57 -0.54 -0.54 -0.55 -0.54 -0.55 -0.53 -0.54 -0.56 -0.55 -0.55
-0.56 -0.55 -0.52 -0.52 -0.54 -0.52 -0.53 -0.51 -0.53 -0.55 -0.54 -0.55
-0.55 -0.53 -0.49 -0.49 -0.51 -0.49 -0.50 -0.49 -0.52 -0.55 -0.55 -0.56
-0.53 -0.51 -0.47 -0.47 -0.48 -0.47 -0.47 -0.47 -0.50 -0.53 -0.53 -0.55
-0.52 -0.49 -0.45 -0.45 -0.46 -0.44 -0.45 -0.45 -0.48 -0.52 -0.53 -0.54
-0.51 -0.48 -0.45 -0.45 -0.46 -0.45 -0.46 -0.46 -0.50 -0.54 -0.55 -0.57
-0.53 -0.49 -0.46 -0.46 -0.48 -0.47 -0.48 -0.49 -0.52 -0.57 -0.59 -0.61
-0.56 -0.52 -0.48 -0.49 -0.51 -0.51 -0.52 -0.53 -0.56 -0.61 -0.63 -0.66
-0.61 -0.57 -0.53 -0.54 -0.56 -0.56 -0.58 -0.58 -0.63 -0.68 -0.71 -0.73
-0.65 -0.60 -0.56 -0.57 -0.60 -0.60 -0.62 -0.63 -0.68 -0.73 -0.76 -0.78
-0.68 -0.62 -0.58 -0.60 -0.63 -0.63 -0.65 -0.67 -0.71 -0.77 -0.80 -0.83
-0.71 -0.66 -0.61 -0.63 -0.66 -0.66 -0.70 -0.72 -0.77 -0.83 -0.87 -0.90
-0.75 -0.70 -0.66 -0.67 -0.70 -0.71 -0.75 -0.78 -0.83 -0.89 -0.93 -0.95
-0.78 -0.73 -0.69 -0.71 -0.74 -0.75 -0.79 -0.82 -0.87 -0.93 -0.96 -0.98
-0.81 -0.76 -0.72 -0.74 -0.77 -0.78 -0.82 -0.86 -0.91 -0.96 -0.99 -1.00
-0.84 -0.79 -0.76 -0.79 -0.81 -0.83 -0.87 -0.91 -0.96 -1.01 -1.04 -1.03
-0.86 -0.82 -0.79 -0.82 -0.85 -0.87 -0.92 -0.96 -1.01 -1.06 -1.08 -1.07
-0.88 -0.84 -0.82 -0.85 -0.87 -0.90 -0.96 -1.00 -1.05 -1.10 -1.11 -1.09
-0.90 -0.86 -0.84 -0.87 -0.90 -0.93 -0.98 -1.03 -1.07 -1.11 -1.12 -1.09
-0.93 -0.89 -0.88 -0.90 -0.92 -0.95 -1.00 -1.04 -1.08 -1.12 -1.12 -1.09
-0.94 -0.91 -0.90 -0.93 -0.95 -0.98 -1.04 -1.07 -1.11 -1.14 -1.14 -1.10
-0.94 -0.92 -0.91 -0.95 -0.97 -1.00 -1.06 -1.10 -1.14 -1.16 -1.15 -1.12
-0.96 -0.94 -0.94 -0.98 -1.00 -1.03 -1.08 -1.12 -1.15 -1.17 -1.15 -1.12
-0.99 -0.97 -0.97 -1.01 -1.03 -1.06 -1.11 -1.14 -1.16 -1.17 -1.15 -1.11
-1.01 -0.99 -1.00 -1.04 -1.06 -1.08 -1.13 -1.15 -1.17 -1.18 -1.16 -1.12
-1.01 -0.99 -1.01 -1.05 -1.06 -1.08 -1.13 -1.16 -1.17 -1.18 -1.16 -1.13
-1.01 -0.99 -1.01 -1.05 -1.06 -1.08 -1.13 -1.15 -1.17 -1.18 -1.16 -1.14
-1.02 -1.00 -1.02 -1.06 -1.07 -1.08 -1.12 -1.15 -1.17 -1.18 -1.17 -1.15
-1.03 -1.02 -1.05 -1.08 -1.08 -1.09 -1.13 -1.15 -1.17 -1.18 -1.17 -1.16
-1.04 -1.04 -1.07 -1.10 -1.10 -1.10 -1.13 -1.15 -1.18 -1.20 -1.19 -1.18
-1.07 -1.07 -1.10 -1.14 -1.13 -1.12 -1.14 -1.16 -1.19 -1.22 -1.21 -1.20
-1.10 -1.10 -1.14 -1.16 -1.15 -1.12 -1.14 -1.16 -1.19 -1.22 -1.21 -1.21
-1.12 -1.13 -1.16 -1.18 -1.15 -1.12 -1.12 -1.14 -1.17 -1.21 -1.21 -1.20
-1.12 -1.14 -1.17 -1.18 -1.14 -1.09 -1.09 -1.11 -1.15 -1.20 -1.20 -1.20
-1.12 -1.13 -1.16 -1.17 -1.12 -1.07 -1.06 -1.08 -1.13 -1.18 -1.20 -1.21
-1.11 -1.13 -1.16 -1.16 -1.10 -1.05 -1.03 -1.05 -1.10 -1.17 -1.21 -1.22
-1.10 -1.12 -1.15 -1.15 -1.09 -1.02 -1.00 -1.02 -1.08 -1.16 -1.20 -1.22
-1.08 -1.10 -1.13 -1.13 -1.06 -0.99 -0.97 -0.98 -1.04 -1.13 -1.18 -1.21
-1.06 -1.08 -1.10 -1.10 -1.02 -0.95 -0.92 -0.93 -0.99 -1.08 -1.14 -1.17
-1.05 -1.05 -1.07 -1.06 -0.98 -0.89 -0.86 -0.87 -0.92 -1.01 -1.07 -1.10
-1.03 -1.02 -1.03 -1.01 -0.92 -0.83 -0.80 -0.80 -0.85 -0.93 -0.99 -1.02
-0.99 -0.97 -0.97 -0.94 -0.85 -0.77 -0.73 -0.73 -0.77 -0.84 -0.90 -0.95
-0.93 -0.89 -0.88 -0.85 -0.76 -0.69 -0.65 -0.64 -0.68 -0.75 -0.82 -0.88
-0.84 -0.79 -0.77 -0.73 -0.64 -0.57 -0.53 -0.52 -0.55 -0.63 -0.72 -0.80
-0.70 -0.65 -0.62 -0.57 -0.48 -0.41 -0.38 -0.37 -0.40 -0.49 -0.59 -0.69
-0.55 -0.48 -0.44 -0.39 -0.30 -0.23 -0.21 -0.20 -0.24 -0.34 -0.45 -0.56
-0.37 -0.29 -0.24 -0.17 -0.09 -0.03 -0.02 -0.02 -0.07 -0.17 -0.29 -0.40
-0.14 -0.05  0.01  0.08  0.16  0.20  0.19  0.16  0.10 -0.01 -0.13 -0.24
 0.12  0.22  0.29  0.36  0.43  0.45  0.42  0.36  0.27  0.16  0.04 -0.07
 0.40  0.51  0.58  0.65  0.72  0.71  0.65  0.56  0.45  0.33  0.21  0.12
 0.67  0.78  0.87  0.94  0.99  0.96  0.87  0.74  0.60  0.48  0.37  0.28
 0.91  1.03  1.12  1.19  1.23  1.18  1.05  0.89  0.73  0.60  0.50  0.42
 1.12  1.24  1.34  1.41  1.43  1.36  1.20  1.01  0.84  0.70  0.61  0.54
 1.28  1.41  1.51  1.58  1.60  1.51  1.33  1.12  0.94  0.81  0.72  0.66
 1.40  1.53  1.64  1.71  1.72  1.62  1.43  1.22  1.05  0.92  0.84  0.78
 1.49  1.61  1.71  1.78  1.78  1.68  1.50  1.31  1.15  1.04  0.96  0.90
 1.54  1.66  1.75  1.80  1.80  1.70  1.54  1.38  1.24  1.14  1.07  1.01
 1.58  1.67  1.75  1.79  1.79  1.70  1.57  1.44  1.33  1.24  1.18  1.12
 1.60  1.67  1.73  1.77  1.77  1.70  1.60  1.50  1.41  1.34  1.28  1.22
 1.62  1.69  1.73  1.77  1.77  1.72  1.64  1.56  1.49  1.44  1.38  1.31
 1.65  1.70  1.74  1.78  1.79  1.74  1.68  1.63  1.57  1.53  1.47  1.41
 1.68  1.73  1.76  1.79  1.81  1.77  1.72  1.68  1.65  1.62  1.57  1.50
 1.72  1.76  1.79  1.82  1.83  1.80  1.76  1.73  1.71  1.69  1.64  1.58
 1.75  1.78  1.80  1.84  1.85  1.82  1.79  1.77  1.74  1.73  1.69  1.63
 1.78  1.80  1.82  1.85  1.87  1.84  1.81  1.78  1.76  1.75  1.72  1.66
 1.79  1.81  1.84  1.87  1.88  1.85  1.82  1.79  1.76  1.76  1.73  1.67
 1.80  1.82  1.83  1.86  1.87  1.84  1.81  1.78  1.75  1.75  1.72  1.67
 1.81  1.81  1.82  1.84  1.84  1.82  1.79  1.76  1.73  1.74  1.71  1.67
 1.79  1.80  1.80  1.81  1.81  1.78  1.76  1.73  1.70  1.71  1.70  1.66
 1.78  1.77  1.77  1.78  1.77  1.74  1.73  1.70  1.67  1.68  1.68  1.65
 1.76  1.75  1.74  1.75  1.74  1.72  1.71  1.67  1.64  1.66  1.66  1.65
 1.74  1.72  1.71  1.72  1.71  1.70  1.69  1.66  1.63  1.66  1.66  1.65
 1.71  1.70  1.69  1.70  1.69  1.68  1.68  1.66  1.63  1.66  1.66  1.66
 1.69  1.68  1.67  1.68  1.68  1.67  1.67  1.65  1.63  1.66  1.67  1.67
 1.68  1.67  1.66  1.67  1.67  1.66  1.66  1.64  1.63  1.66  1.68  1.68
 1.66  1.65  1.65  1.66  1.65  1.65  1.65  1.63  1.62  1.65  1.67  1.67
 1.65  1.65  1.64  1.64  1.64  1.63  1.63  1.60  1.59  1.63  1.64  1.64
 1.63  1.62  1.61  1.62  1.61  1.61  1.60  1.57  1.56  1.59  1.60  1.60
 1.58  1.58  1.57  1.58  1.57  1.57  1.57  1.54  1.53  1.56  1.57  1.57
 1.54  1.53  1.53  1.54  1.54  1.54  1.54  1.52  1.51  1.54  1.55  1.55
 1.50  1.50  1.50  1.51  1.52  1.52  1.52  1.50  1.49  1.52  1.53  1.54
 1.46  1.46  1.46  1.47  1.48  1.49  1.49  1.46  1.46  1.49  1.51  1.51
 1.41  1.41  1.41  1.42  1.43  1.44  1.45  1.43  1.43  1.47  1.48  1.49
 1.34  1.34  1.34  1.36  1.38  1.39  1.41  1.39  1.39  1.42  1.44  1.44
 1.27  1.26  1.27  1.28  1.30  1.31  1.32  1.30  1.30  1.34  1.36  1.36
 1.19  1.19  1.19  1.20  1.20  1.22  1.24  1.23  1.23  1.28  1.30  1.30
 1.10  1.10  1.10  1.10  1.11  1.13  1.15  1.14  1.15  1.19  1.21  1.22
 1.01  1.01  1.01  1.01  1.01  1.03  1.05  1.05  1.06  1.11  1.13  1.13
 0.93  0.93  0.92  0.92  0.92  0.94  0.96  0.96  0.97  1.02  1.04  1.04
 0.85  0.85  0.84  0.84  0.84  0.86  0.88  0.87  0.88  0.92  0.94  0.95
 0.79  0.79  0.78  0.78  0.78  0.80  0.81  0.80  0.81  0.85  0.87  0.87
 0.74  0.74  0.74  0.73  0.73  0.75  0.76  0.75  0.75  0.79  0.81  0.81
 0.73  0.73  0.72  0.71  0.71  0.73  0.74  0.73  0.73  0.77  0.79  0.78
 0.73  0.73  0.72  0.71  0.70  0.73  0.73  0.71  0.72  0.76  0.77  0.76
 0.73  0.73  0.72  0.71  0.70  0.72  0.73  0.71  0.72  0.75  0.76  0.76
 0.73  0.72  0.71  0.70  0.69  0.72  0.72  0.70  0.70  0.74  0.75  0.75
 0.73  0.72  0.71  0.70  0.69  0.71  0.71  0.69  0.70  0.73  0.74  0.74
 0.73  0.72  0.71  0.70  0.69  0.71  0.71  0.68  0.69  0.72  0.73  0.73
 0.73  0.72  0.71  0.70  0.69  0.71  0.71  0.68  0.69  0.71  0.72  0.72
 0.72  0.71  0.71  0.69  0.68  0.71  0.70  0.67  0.68  0.71  0.71  0.71
 0.71  0.70  0.69  0.68  0.67  0.70  0.69  0.66  0.67  0.69  0.69  0.69
 0.70  0.69  0.68  0.67  0.66  0.68  0.67  0.65  0.65  0.67  0.68  0.67
 0.68  0.67  0.66  0.65  0.64  0.67  0.66  0.63  0.64  0.66  0.66  0.66
 0.66  0.65  0.64  0.63  0.62  0.65  0.64  0.62  0.63  0.64  0.64  0.64
 0.64  0.63  0.62  0.61  0.61  0.64  0.63  0.60  0.61  0.63  0.63  0.63
 0.63  0.62  0.61  0.59  0.59  0.62  0.61  0.58  0.59  0.61  0.61  0.61
 0.61  0.60  0.59  0.58  0.58  0.61  0.59  0.57  0.57  0.59  0.59  0.59
 0.59  0.58  0.57  0.56  0.56  0.59  0.57  0.55  0.55  0.57  0.57  0.57
 0.57  0.56  0.55  0.53  0.54  0.57  0.55  0.52  0.53  0.55  0.55  0.55
 0.53  0.52  0.52  0.50  0.51  0.54  0.52  0.49  0.50  0.52  0.52  0.51
 0.50  0.49  0.49  0.47  0.48  0.51  0.50  0.47  0.48  0.49  0.49  0.48
 0.48  0.47  0.46  0.45  0.46  0.49  0.48  0.45  0.46  0.47  0.47  0.46
 0.45  0.44  0.44  0.43  0.44  0.47  0.45  0.43  0.43  0.45  0.44  0.43
 0.43  0.42  0.41  0.40  0.41  0.44  0.43  0.40  0.41  0.42  0.41  0.41
 0.41  0.40  0.39  0.38  0.39  0.42  0.41  0.38  0.39  0.40  0.39  0.38
 0.39  0.38  0.38  0.36  0.37  0.40  0.39  0.36  0.37  0.38  0.37  0.37
 0.37  0.36  0.36  0.35  0.36  0.39  0.37  0.34  0.35  0.37  0.36  0.35
 0.35  0.35  0.34  0.33  0.34  0.37  0.35  0.33  0.34  0.35  0.34  0.34
 0.33  0.33  0.32  0.31  0.32  0.35  0.34  0.31  0.32  0.33  0.33  0.32
 0.32  0.31  0.31  0.30  0.31  0.33  0.32  0.30  0.30  0.32  0.31  0.30
 0.29  0.29  0.28  0.28  0.29  0.31  0.30  0.28  0.28  0.29  0.29  0.28
 0.27  0.26  0.25  0.25  0.26  0.29  0.27  0.25  0.26  0.27  0.26  0.26
 0.24  0.23  0.23  0.22  0.24  0.26  0.24  0.23  0.24  0.25  0.24  0.23
 0.21  0.20  0.20  0.19  0.21  0.23  0.22  0.20  0.21  0.22  0.21  0.21
 0.18  0.17  0.17  0.16  0.18  0.19  0.18  0.17  0.18  0.19  0.18  0.18
 0.15  0.15  0.14  0.14  0.15  0.17  0.16  0.15  0.15  0.16  0.16  0.15
 0.13  0.13  0.12  0.12  0.13  0.14  0.13  0.12  0.13  0.13  0.13  0.13
 0.11  0.10  0.10  0.09  0.10  0.11  0.11  0.10  0.11  0.11  0.11  0.10
 0.09  0.08  0.08  0.07  0.08  0.09  0.09  0.08  0.09  0.09  0.09  0.09
 0.07  0.07  0.06  0.06  0.07  0.08  0.07  0.07  0.07  0.08  0.07  0.07
 0.06  0.05  0.05  0.05  0.05  0.06  0.06  0.06  0.06  0.06  0.06  0.06
 0.04  0.04  0.04  0.04  0.04  0.05  0.05  0.04  0.05  0.05  0.05  0.05
 0.03  0.03  0.03  0.03  0.03  0.04  0.04  0.03  0.04  0.04  0.04  0.04
 0.02  0.02  0.02  0.02  0.02  0.03  0.03  0.02  0.03  0.03  0.03  0.03
 0.01  0.01  0.01  0.01  0.01  0.02  0.02  0.02  0.02  0.02  0.02  0.02
 0.01  0.01  0.01  0.01  0.01  0.01  0.01  0.01  0.01  0.01  0.01  0.01
 0.00  0.00  0.00  0.00  0.01  0.01  0.01  0.01  0.01  0.01  0.01  0.01
 0.00  0.00  0.00  0.00  0.00  0.00  0.00  0.01  0.01  0.01  0.01  0.01
 0.00  0.00  0.00  0.00  0.00  0.00  0.00  0.00  0.00  0.00  0.00  0.00
year 2008
  MMM   MMM   MMM   MMM   MMM   MMM   MMM   MMM   MMM   MMM   MMM   MMM
  MMM   MMM   MMM   MMM   MMM   MMM   MMM   MMM   MMM   MMM   MMM   MMM
  MMM   MMM   MMM   MMM   MMM   MMM   MMM   MMM   MMM   MMM   MMM   MMM
  MMM   MMM   MMM   MMM   MMM   MMM   MMM   MMM   MMM   MMM   MMM   MMM
  MMM   MMM   MMM   MMM   MMM   MMM   MMM   MMM   MMM   MMM   MMM   MMM
  MMM   MMM   MMM   MMM   MMM   MMM   MMM   MMM   MMM   MMM   MMM   MMM
  MMM   MMM   MMM   MMM   MMM   MMM   MMM   MMM   MMM   MMM   MMM   MMM
  MMM   MMM   MMM   MMM   MMM   MMM   MMM   MMM   MMM   MMM   MMM   MMM
  MMM   MMM   MMM   MMM   MMM   MMM   MMM   MMM   MMM   MMM   MMM   MMM
  MMM   MMM   MMM   MMM   MMM   MMM   MMM   MMM   MMM   MMM   MMM   MMM
  MMM   MMM   MMM   MMM   MMM   MMM   MMM   MMM   MMM   MMM   MMM   MMM
  MMM   MMM   MMM   MMM   MMM   MMM   MMM   MMM   MMM   MMM   MMM   MMM
  MMM   MMM   MMM   MMM   MMM   MMM   MMM   MMM   MMM   MMM   MMM   MMM
 0.00  0.00  0.00  0.00  0.00  0.00  0.00  0.00  0.00  0.00  0.00  0.00
-0.01 -0.01 -0.01 -0.01 -0.01 -0.01 -0.01 -0.01 -0.01 -0.01 -0.01 -0.01
-0.01 -0.01 -0.02 -0.02 -0.02 -0.02 -0.02 -0.02 -0.02 -0.02 -0.02 -0.02
-0.02 -0.02 -0.03 -0.03 -0.03 -0.03 -0.03 -0.03 -0.03 -0.03 -0.03 -0.03
-0.03 -0.04 -0.04 -0.04 -0.04 -0.04 -0.04 -0.04 -0.04 -0.04 -0.04 -0.04
-0.05 -0.05 -0.05 -0.05 -0.05 -0.05 -0.05 -0.05 -0.05 -0.06 -0.06 -0.06
-0.06 -0.06 -0.07 -0.07 -0.07 -0.07 -0.07 -0.07 -0.07 -0.07 -0.07 -0.08
-0.07 -0.08 -0.08 -0.09 -0.09 -0.09 -0.09 -0.09 -0.09 -0.09 -0.09 -0.10
-0.10 -0.10 -0.11 -0.11 -0.11 -0.11 -0.11 -0.11 -0.11 -0.11 -0.11 -0.12
-0.12 -0.13 -0.14 -0.14 -0.14 -0.14 -0.14 -0.14 -0.14 -0.14 -0.14 -0.15
-0.16 -0.17 -0.18 -0.18 -0.18 -0.18 -0.18 -0.18 -0.18 -0.18 -0.18 -0.19
-0.21 -0.22 -0.23 -0.23 -0.23 -0.23 -0.23 -0.23 -0.23 -0.23 -0.23 -0.23
-0.26 -0.28 -0.29 -0.28 -0.28 -0.29 -0.29 -0.28 -0.27 -0.27 -0.28 -0.28
-0.30 -0.32 -0.34 -0.33 -0.33 -0.33 -0.33 -0.33 -0.32 -0.32 -0.32 -0.33
-0.34 -0.36 -0.38 -0.37 -0.36 -0.37 -0.37 -0.36 -0.36 -0.35 -0.36 -0.37
-0.38 -0.40 -0.42 -0.41 -0.40 -0.41 -0.41 -0.40 -0.39 -0.39 -0.40 -0.41
-0.42 -0.44 -0.46 -0.44 -0.43 -0.44 -0.44 -0.43 -0.42 -0.42 -0.43 -0.44
-0.45 -0.47 -0.49 -0.48 -0.47 -0.48 -0.47 -0.46 -0.45 -0.44 -0.46 -0.47
-0.48 -0.50 -0.52 -0.50 -0.49 -0.50 -0.50 -0.49 -0.48 -0.47 -0.48 -0.50
-0.50 -0.52 -0.54 -0.53 -0.52 -0.53 -0.52 -0.51 -0.50 -0.50 -0.51 -0.53
-0.52 -0.55 -0.57 -0.55 -0.54 -0.55 -0.54 -0.54 -0.53 -0.53 -0.54 -0.55
-0.53 -0.56 -0.59 -0.57 -0.56 -0.57 -0.56 -0.56 -0.55 -0.55 -0.57 -0.58
-0.55 -0.58 -0.60 -0.58 -0.57 -0.58 -0.58 -0.57 -0.57 -0.57 -0.59 -0.60
-0.55 -0.58 -0.61 -0.58 -0.57 -0.59 -0.58 -0.58 -0.58 -0.57 -0.60 -0.61
-0.56 -0.58 -0.60 -0.58 -0.56 -0.57 -0.57 -0.57 -0.57 -0.57 -0.59 -0.61
-0.55 -0.57 -0.59 -0.56 -0.55 -0.56 -0.56 -0.56 -0.56 -0.56 -0.59 -0.61
-0.55 -0.56 -0.58 -0.56 -0.54 -0.56 -0.55 -0.55 -0.56 -0.56 -0.58 -0.59
-0.54 -0.55 -0.57 -0.55 -0.53 -0.55 -0.54 -0.54 -0.55 -0.54 -0.57 -0.58
-0.54 -0.55 -0.57 -0.55 -0.53 -0.55 -0.53 -0.52 -0.53 -0.52 -0.54 -0.54
-0.54 -0.55 -0.57 -0.55 -0.53 -0.55 -0.54 -0.53 -0.52 -0.51 -0.53 -0.53
-0.55 -0.56 -0.58 -0.56 -0.54 -0.55 -0.54 -0.52 -0.52 -0.50 -0.50 -0.50
-0.54 -0.56 -0.59 -0.57 -0.55 -0.56 -0.55 -0.53 -0.52 -0.50 -0.50 -0.49
-0.54 -0.56 -0.59 -0.58 -0.57 -0.59 -0.57 -0.55 -0.54 -0.51 -0.50 -0.50
-0.57 -0.59 -0.62 -0.61 -0.59 -0.61 -0.59 -0.57 -0.55 -0.52 -0.51 -0.50
-0.61 -0.64 -0.68 -0.66 -0.64 -0.65 -0.62 -0.60 -0.57 -0.54 -0.53 -0.52
-0.67 -0.70 -0.75 -0.74 -0.72 -0.72 -0.69 -0.66 -0.63 -0.59 -0.58 -0.57
-0.74 -0.78 -0.83 -0.82 -0.80 -0.80 -0.77 -0.73 -0.69 -0.65 -0.64 -0.63
-0.80 -0.85 -0.91 -0.90 -0.88 -0.89 -0.85 -0.81 -0.77 -0.73 -0.71 -0.70
-0.85 -0.91 -0.97 -0.97 -0.96 -0.97 -0.93 -0.89 -0.84 -0.80 -0.78 -0.76
-0.92 -0.97 -1.03 -1.03 -1.01 -1.02 -1.00 -0.95 -0.90 -0.85 -0.83 -0.81
-0.96 -1.01 -1.07 -1.06 -1.04 -1.05 -1.02 -0.97 -0.93 -0.88 -0.86 -0.84
-0.98 -1.03 -1.08 -1.07 -1.04 -1.04 -1.01 -0.96 -0.92 -0.87 -0.85 -0.84
-1.00 -1.05 -1.10 -1.08 -1.05 -1.04 -1.01 -0.95 -0.90 -0.86 -0.83 -0.83
-1.02 -1.07 -1.11 -1.09 -1.06 -1.05 -1.00 -0.93 -0.88 -0.84 -0.82 -0.82
-1.05 -1.09 -1.13 -1.10 -1.07 -1.05 -0.99 -0.92 -0.86 -0.82 -0.80 -0.80
-1.07 -1.11 -1.15 -1.12 -1.08 -1.06 -1.00 -0.92 -0.87 -0.83 -0.81 -0.82
-1.07 -1.11 -1.15 -1.13 -1.09 -1.07 -1.01 -0.93 -0.88 -0.84 -0.82 -0.84
-1.07 -1.10 -1.14 -1.12 -1.08 -1.06 -1.00 -0.92 -0.87 -0.84 -0.83 -0.84
-1.08 -1.11 -1.15 -1.12 -1.09 -1.07 -1.00 -0.93 -0.88 -0.85 -0.83 -0.85
-1.09 -1.13 -1.16 -1.14 -1.11 -1.08 -1.01 -0.94 -0.88 -0.86 -0.84 -0.85
-1.09 -1.12 -1.16 -1.13 -1.10 -1.06 -1.00 -0.92 -0.88 -0.86 -0.84 -0.85
-1.09 -1.11 -1.14 -1.11 -1.07 -1.03 -0.96 -0.89 -0.85 -0.83 -0.82 -0.82
-1.10 -1.12 -1.14 -1.10 -1.06 -1.02 -0.95 -0.87 -0.82 -0.81 -0.79 -0.78
-1.10 -1.13 -1.15 -1.11 -1.07 -1.02 -0.95 -0.87 -0.82 -0.80 -0.78 -0.77
-1.12 -1.14 -1.16 -1.12 -1.08 -1.03 -0.96 -0.88 -0.83 -0.81 -0.79 -0.78
-1.13 -1.15 -1.17 -1.14 -1.09 -1.05 -0.98 -0.90 -0.85 -0.83 -0.81 -0.79
-1.14 -1.16 -1.18 -1.15 -1.11 -1.07 -0.99 -0.92 -0.87 -0.85 -0.83 -0.82
-1.17 -1.19 -1.21 -1.17 -1.13 -1.09 -1.02 -0.94 -0.89 -0.88 -0.85 -0.84
-1.19 -1.20 -1.22 -1.19 -1.15 -1.12 -1.04 -0.97 -0.92 -0.90 -0.88 -0.86
-1.20 -1.21 -1.23 -1.21 -1.18 -1.15 -1.08 -1.00 -0.96 -0.94 -0.91 -0.90
-1.20 -1.21 -1.24 -1.23 -1.21 -1.19 -1.13 -1.06 -1.01 -0.98 -0.96 -0.94
-1.21 -1.23 -1.27 -1.26 -1.26 -1.25 -1.19 -1.12 -1.07 -1.04 -1.02 -0.99
-1.22 -1.24 -1.28 -1.29 -1.30 -1.30 -1.25 -1.19 -1.14 -1.11 -1.08 -1.05
-1.23 -1.25 -1.29 -1.31 -1.34 -1.35 -1.31 -1.25 -1.21 -1.17 -1.13 -1.10
-1.23 -1.25 -1.29 -1.32 -1.36 -1.40 -1.37 -1.32 -1.27 -1.22 -1.17 -1.14
-1.21 -1.23 -1.28 -1.32 -1.37 -1.42 -1.41 -1.37 -1.32 -1.26 -1.20 -1.15
-1.18 -1.20 -1.25 -1.31 -1.37 -1.44 -1.44 -1.40 -1.34 -1.28 -1.20 -1.16
-1.12 -1.15 -1.21 -1.28 -1.35 -1.43 -1.44 -1.40 -1.34 -1.27 -1.19 -1.15
-1.05 -1.10 -1.17 -1.24 -1.32 -1.40 -1.41 -1.37 -1.31 -1.24 -1.16 -1.11
-1.00 -1.06 -1.13 -1.20 -1.27 -1.35 -1.36 -1.32 -1.25 -1.17 -1.09 -1.04
-0.95 -1.02 -1.09 -1.15 -1.21 -1.28 -1.28 -1.24 -1.17 -1.08 -1.00 -0.95
-0.88 -0.96 -1.02 -1.07 -1.13 -1.19 -1.19 -1.14 -1.07 -0.98 -0.89 -0.85
-0.78 -0.86 -0.92 -0.96 -1.01 -1.06 -1.06 -1.01 -0.94 -0.85 -0.78 -0.74
-0.65 -0.74 -0.79 -0.82 -0.86 -0.91 -0.91 -0.86 -0.79 -0.72 -0.65 -0.61
-0.51 -0.59 -0.64 -0.66 -0.70 -0.74 -0.74 -0.69 -0.63 -0.57 -0.51 -0.47
-0.35 -0.43 -0.47 -0.48 -0.51 -0.54 -0.54 -0.49 -0.43 -0.37 -0.32 -0.29
-0.16 -0.24 -0.27 -0.27 -0.28 -0.31 -0.30 -0.26 -0.20 -0.15 -0.10 -0.08
 0.03 -0.03 -0.06 -0.05 -0.05 -0.07 -0.06 -0.01  0.05  0.10  0.14  0.15
 0.21  0.16  0.14  0.16  0.17  0.16  0.18  0.23  0.29  0.33  0.36  0.37
 0.36  0.32  0.31  0.34  0.36  0.36  0.37  0.43  0.49  0.53  0.55  0.55
 0.49  0.45  0.45  0.49  0.51  0.52  0.54  0.60  0.67  0.71  0.72  0.70
 0.61  0.57  0.57  0.61  0.65  0.66  0.69  0.75  0.82  0.86  0.86  0.84
 0.73  0.68  0.68  0.73  0.77  0.78  0.82  0.88  0.95  0.98  0.98  0.95
 0.84  0.80  0.80  0.84  0.88  0.90  0.93  0.99  1.05  1.07  1.06  1.02
 0.96  0.91  0.91  0.96  0.99  1.00  1.02  1.07  1.11  1.13  1.12  1.08
 1.07  1.03  1.03  1.08  1.10  1.10  1.11  1.13  1.17  1.18  1.16  1.13
 1.17  1.14  1.14  1.19  1.20  1.18  1.17  1.18  1.20  1.22  1.20  1.18
 1.26  1.23  1.24  1.27  1.28  1.25  1.22  1.22  1.24  1.25  1.24  1.22
 1.35  1.31  1.31  1.34  1.33  1.30  1.27  1.26  1.28  1.28  1.27  1.27
 1.44  1.39  1.38  1.40  1.39  1.35  1.32  1.31  1.33  1.33  1.32  1.32
 1.51  1.46  1.44  1.45  1.44  1.41  1.38  1.37  1.39  1.39  1.38  1.39
 1.57  1.51  1.48  1.48  1.47  1.45  1.43  1.43  1.45  1.45  1.44  1.46
 1.61  1.55  1.52  1.51  1.50  1.48  1.46  1.47  1.50  1.50  1.50  1.51
 1.62  1.57  1.54  1.53  1.52  1.50  1.50  1.52  1.55  1.55  1.55  1.57
 1.63  1.59  1.56  1.55  1.54  1.53  1.53  1.56  1.59  1.60  1.60  1.62
 1.64  1.61  1.58  1.57  1.57  1.56  1.56  1.59  1.63  1.63  1.64  1.66
 1.64  1.62  1.60  1.60  1.61  1.61  1.61  1.63  1.67  1.67  1.67  1.70
 1.65  1.64  1.63  1.63  1.64  1.65  1.66  1.68  1.71  1.71  1.70  1.72
 1.65  1.65  1.65  1.65  1.67  1.67  1.68  1.71  1.75  1.74  1.73  1.74
 1.66  1.67  1.67  1.67  1.69  1.70  1.71  1.74  1.77  1.76  1.75  1.76
 1.67  1.68  1.68  1.70  1.72  1.73  1.73  1.76  1.79  1.77  1.76  1.76
 1.68  1.70  1.70  1.71  1.73  1.74  1.74  1.76  1.79  1.77  1.76  1.76
 1.69  1.71  1.70  1.72  1.74  1.74  1.74  1.76  1.79  1.76  1.75  1.76
 1.69  1.70  1.70  1.71  1.73  1.73  1.74  1.75  1.77  1.75  1.74  1.74
 1.65  1.66  1.66  1.68  1.70  1.71  1.71  1.74  1.76  1.74  1.73  1.73
 1.61  1.62  1.62  1.64  1.67  1.68  1.68  1.71  1.74  1.72  1.71  1.72
 1.58  1.59  1.60  1.61  1.64  1.65  1.66  1.70  1.72  1.71  1.70  1.71
 1.56  1.57  1.58  1.59  1.62  1.63  1.64  1.68  1.71  1.70  1.69  1.70
 1.54  1.55  1.55  1.56  1.59  1.61  1.62  1.66  1.69  1.67  1.67  1.68
 1.52  1.53  1.53  1.54  1.56  1.57  1.58  1.62  1.65  1.63  1.63  1.64
 1.49  1.50  1.50  1.50  1.52  1.53  1.53  1.57  1.59  1.57  1.57  1.59
 1.45  1.45  1.45  1.46  1.48  1.48  1.48  1.52  1.54  1.52  1.52  1.54
 1.37  1.37  1.39  1.39  1.42  1.42  1.42  1.46  1.47  1.45  1.44  1.46
 1.30  1.31  1.32  1.33  1.35  1.36  1.36  1.39  1.39  1.36  1.36  1.38
 1.22  1.23  1.24  1.25  1.27  1.28  1.27  1.30  1.31  1.28  1.29  1.31
 1.14  1.14  1.15  1.16  1.19  1.20  1.20  1.22  1.23  1.20  1.20  1.23
 1.05  1.06  1.06  1.07  1.10  1.11  1.11  1.13  1.13  1.10  1.10  1.12
 0.96  0.97  0.98  0.99  1.02  1.02  1.02  1.04  1.04  1.01  1.01  1.04
 0.88  0.89  0.90  0.90  0.93  0.93  0.93  0.96  0.96  0.93  0.93  0.96
 0.82  0.83  0.83  0.85  0.88  0.89  0.89  0.91  0.91  0.87  0.88  0.90
 0.79  0.80  0.81  0.82  0.85  0.86  0.86  0.88  0.87  0.83  0.84  0.86
 0.77  0.78  0.79  0.80  0.83  0.84  0.85  0.86  0.85  0.81  0.81  0.84
 0.77  0.78  0.78  0.79  0.83  0.83  0.84  0.85  0.83  0.79  0.79  0.82
 0.76  0.77  0.78  0.79  0.82  0.83  0.83  0.84  0.82  0.79  0.79  0.81
 0.75  0.76  0.76  0.78  0.81  0.82  0.82  0.83  0.82  0.78  0.78  0.80
 0.74  0.75  0.76  0.76  0.79  0.80  0.81  0.83  0.81  0.78  0.78  0.80
 0.74  0.74  0.75  0.76  0.78  0.79  0.80  0.82  0.80  0.77  0.77  0.79
 0.73  0.73  0.73  0.74  0.77  0.77  0.79  0.80  0.79  0.76  0.76  0.78
 0.71  0.71  0.72  0.73  0.75  0.76  0.77  0.78  0.78  0.75  0.76  0.77
 0.68  0.69  0.70  0.71  0.73  0.73  0.75  0.76  0.76  0.74  0.74  0.76
 0.67  0.68  0.68  0.69  0.71  0.71  0.73  0.74  0.74  0.72  0.72  0.74
 0.65  0.66  0.67  0.67  0.69  0.70  0.71  0.72  0.72  0.70  0.71  0.72
 0.64  0.65  0.65  0.66  0.67  0.68  0.69  0.70  0.70  0.68  0.69  0.70
 0.62  0.63  0.64  0.64  0.65  0.65  0.67  0.68  0.67  0.66  0.66  0.68
 0.60  0.61  0.62  0.62  0.63  0.63  0.64  0.65  0.64  0.63  0.63  0.65
 0.58  0.59  0.59  0.59  0.60  0.60  0.61  0.61  0.61  0.60  0.60  0.61
 0.56  0.57  0.56  0.56  0.57  0.56  0.57  0.58  0.58  0.56  0.56  0.57
 0.53  0.53  0.53  0.53  0.53  0.53  0.54  0.55  0.54  0.53  0.53  0.54
 0.49  0.50  0.50  0.50  0.50  0.50  0.51  0.51  0.51  0.50  0.50  0.51
 0.47  0.48  0.47  0.47  0.47  0.47  0.48  0.48  0.48  0.47  0.47  0.48
 0.44  0.45  0.45  0.45  0.45  0.44  0.45  0.46  0.45  0.44  0.44  0.45
 0.41  0.42  0.42  0.42  0.42  0.42  0.42  0.43  0.43  0.42  0.42  0.43
 0.39  0.40  0.40  0.40  0.40  0.39  0.40  0.41  0.41  0.40  0.40  0.41
 0.38  0.38  0.38  0.38  0.38  0.38  0.38  0.39  0.39  0.38  0.38  0.39
 0.36  0.37  0.37  0.36  0.36  0.36  0.37  0.38  0.37  0.37  0.37  0.38
 0.34  0.35  0.35  0.35  0.35  0.34  0.35  0.36  0.36  0.35  0.35  0.36
 0.33  0.33  0.33  0.33  0.33  0.32  0.33  0.34  0.34  0.33  0.33  0.35
 0.31  0.31  0.31  0.31  0.31  0.30  0.31  0.32  0.32  0.31  0.32  0.33
 0.29  0.29  0.29  0.29  0.29  0.28  0.29  0.30  0.30  0.29  0.29  0.31
 0.26  0.27  0.27  0.26  0.26  0.26  0.27  0.27  0.27  0.27  0.27  0.28
 0.24  0.24  0.24  0.24  0.24  0.23  0.24  0.25  0.24  0.24  0.24  0.25
 0.21  0.21  0.21  0.21  0.21  0.21  0.22  0.22  0.22  0.22  0.22  0.23
 0.18  0.18  0.18  0.18  0.18  0.18  0.19  0.19  0.19  0.19  0.19  0.20
 0.16  0.16  0.16  0.15  0.15  0.16  0.16  0.17  0.16  0.16  0.16  0.17
 0.13  0.13  0.13  0.13  0.13  0.13  0.14  0.14  0.14  0.14  0.14  0.15
 0.11  0.11  0.11  0.11  0.11  0.11  0.12  0.12  0.12  0.12  0.12  0.12
 0.09  0.09  0.09  0.09  0.09  0.09  0.10  0.10  0.10  0.09  0.10  0.10
 0.08  0.08  0.08  0.07  0.07  0.08  0.08  0.08  0.08  0.08  0.08  0.08
 0.06  0.06  0.06  0.06  0.06  0.06  0.07  0.07  0.07  0.06  0.07  0.07
 0.05  0.05  0.05  0.05  0.04  0.05  0.05  0.05  0.05  0.05  0.05  0.05
 0.04  0.04  0.04  0.03  0.03  0.03  0.03  0.03  0.03  0.03  0.03  0.04
 0.03  0.03  0.03  0.02  0.02  0.02  0.02  0.02  0.02  0.02  0.02  0.02
 0.02  0.02  0.02  0.02  0.01  0.01  0.02  0.01  0.02  0.02  0.02  0.02
 0.01  0.01  0.01  0.01  0.01  0.01  0.01  0.01  0.01  0.01  0.01  0.01
 0.01  0.01  0.01  0.01  0.01  0.01  0.01  0.01  0.01  0.01  0.00  0.01
 0.01  0.01  0.01  0.00  0.00  0.00  0.00  0.00  0.00  0.00  0.00  0.00
 0.00  0.00  0.00  0.00  0.00  0.00  0.00  0.00  0.00  0.00  0.00  0.00
year 2009
  MMM   MMM   MMM   MMM   MMM   MMM   MMM   MMM   MMM   MMM   MMM   MMM
  MMM   MMM   MMM   MMM   MMM   MMM   MMM   MMM   MMM   MMM   MMM   MMM
  MMM   MMM   MMM   MMM   MMM   MMM   MMM   MMM   MMM   MMM   MMM   MMM
  MMM   MMM   MMM   MMM   MMM   MMM   MMM   MMM   MMM   MMM   MMM   MMM
  MMM   MMM   MMM   MMM   MMM   MMM   MMM   MMM   MMM   MMM   MMM   MMM
  MMM   MMM   MMM   MMM   MMM   MMM   MMM   MMM   MMM   MMM   MMM   MMM
  MMM   MMM   MMM   MMM   MMM   MMM   MMM   MMM   MMM   MMM   MMM   MMM
  MMM   MMM   MMM   MMM   MMM   MMM   MMM   MMM   MMM   MMM   MMM   MMM
  MMM   MMM   MMM   MMM   MMM   MMM   MMM   MMM   MMM   MMM   MMM   MMM
  MMM   MMM   MMM   MMM   MMM   MMM   MMM   MMM   MMM   MMM   MMM   MMM
  MMM   MMM   MMM   MMM   MMM   MMM   MMM   MMM   MMM   MMM   MMM   MMM
  MMM   MMM   MMM   MMM   MMM   MMM   MMM   MMM   MMM   MMM   MMM   MMM
  MMM   MMM   MMM   MMM   MMM   MMM   MMM   MMM   MMM   MMM   MMM   MMM
 0.00  0.00  0.00  0.00  0.00  0.00  0.00  0.00  0.00  0.00  0.00  0.00
-0.01 -0.01 -0.01 -0.01 -0.01 -0.01 -0.01 -0.01 -0.01 -0.01 -0.01 -0.01
-0.02 -0.02 -0.02 -0.02 -0.02 -0.02 -0.02 -0.02 -0.02 -0.02 -0.02 -0.02
-0.03 -0.03 -0.03 -0.03 -0.03 -0.03 -0.03 -0.03 -0.03 -0.03 -0.03 -0.03
-0.04 -0.04 -0.04 -0.04 -0.05 -0.05 -0.05 -0.05 -0.05 -0.05 -0.05 -0.05
-0.06 -0.06 -0.06 -0.06 -0.06 -0.07 -0.07 -0.07 -0.07 -0.07 -0.07 -0.07
-0.08 -0.08 -0.08 -0.08 -0.08 -0.08 -0.09 -0.09 -0.08 -0.09 -0.09 -0.08
-0.09 -0.09 -0.09 -0.09 -0.10 -0.10 -0.10 -0.10 -0.10 -0.10 -0.10 -0.10
-0.12 -0.11 -0.11 -0.11 -0.12 -0.12 -0.12 -0.12 -0.12 -0.12 -0.12 -0.12
-0.14 -0.14 -0.14 -0.14 -0.14 -0.15 -0.15 -0.14 -0.14 -0.14 -0.15 -0.14
-0.18 -0.17 -0.17 -0.17 -0.17 -0.18 -0.18 -0.18 -0.17 -0.17 -0.18 -0.18
-0.23 -0.22 -0.21 -0.21 -0.21 -0.22 -0.22 -0.21 -0.21 -0.21 -0.22 -0.21
-0.28 -0.26 -0.26 -0.26 -0.26 -0.26 -0.26 -0.26 -0.25 -0.26 -0.26 -0.26
-0.32 -0.31 -0.30 -0.30 -0.31 -0.31 -0.31 -0.31 -0.30 -0.31 -0.31 -0.31
-0.36 -0.35 -0.34 -0.35 -0.36 -0.36 -0.36 -0.36 -0.35 -0.36 -0.36 -0.36
-0.40 -0.38 -0.38 -0.38 -0.40 -0.40 -0.41 -0.41 -0.40 -0.41 -0.40 -0.40
-0.43 -0.41 -0.40 -0.42 -0.43 -0.44 -0.45 -0.45 -0.44 -0.45 -0.44 -0.44
-0.46 -0.44 -0.43 -0.45 -0.47 -0.47 -0.49 -0.49 -0.49 -0.49 -0.48 -0.48
-0.48 -0.46 -0.46 -0.48 -0.50 -0.51 -0.52 -0.53 -0.53 -0.53 -0.52 -0.52
-0.51 -0.49 -0.49 -0.51 -0.53 -0.54 -0.56 -0.57 -0.56 -0.56 -0.55 -0.54
-0.54 -0.52 -0.52 -0.54 -0.56 -0.57 -0.59 -0.60 -0.59 -0.58 -0.57 -0.56
-0.56 -0.55 -0.55 -0.57 -0.59 -0.59 -0.61 -0.63 -0.62 -0.61 -0.59 -0.58
-0.58 -0.56 -0.56 -0.58 -0.60 -0.61 -0.63 -0.65 -0.64 -0.62 -0.60 -0.59
-0.59 -0.58 -0.58 -0.60 -0.62 -0.62 -0.65 -0.67 -0.65 -0.63 -0.60 -0.58
-0.59 -0.58 -0.59 -0.61 -0.63 -0.64 -0.67 -0.68 -0.65 -0.63 -0.60 -0.57
-0.59 -0.58 -0.59 -0.61 -0.63 -0.64 -0.67 -0.68 -0.65 -0.62 -0.59 -0.56
-0.58 -0.57 -0.58 -0.59 -0.62 -0.62 -0.66 -0.67 -0.64 -0.61 -0.57 -0.54
-0.56 -0.56 -0.56 -0.58 -0.60 -0.60 -0.64 -0.65 -0.62 -0.59 -0.55 -0.52
-0.53 -0.53 -0.54 -0.55 -0.57 -0.58 -0.61 -0.63 -0.60 -0.57 -0.54 -0.51
-0.51 -0.51 -0.52 -0.53 -0.55 -0.56 -0.59 -0.62 -0.58 -0.55 -0.52 -0.49
-0.48 -0.48 -0.50 -0.51 -0.54 -0.55 -0.59 -0.61 -0.58 -0.56 -0.53 -0.50
-0.47 -0.47 -0.48 -0.50 -0.54 -0.55 -0.59 -0.61 -0.58 -0.56 -0.53 -0.50
-0.48 -0.48 -0.49 -0.51 -0.55 -0.55 -0.59 -0.62 -0.59 -0.56 -0.54 -0.51
-0.48 -0.48 -0.50 -0.52 -0.55 -0.56 -0.59 -0.62 -0.59 -0.56 -0.54 -0.51
-0.50 -0.50 -0.50 -0.52 -0.56 -0.57 -0.61 -0.63 -0.61 -0.57 -0.54 -0.52
-0.54 -0.53 -0.54 -0.55 -0.59 -0.60 -0.64 -0.67 -0.64 -0.61 -0.57 -0.54
-0.60 -0.58 -0.58 -0.59 -0.63 -0.64 -0.68 -0.72 -0.69 -0.65 -0.61 -0.58
-0.66 -0.63 -0.62 -0.63 -0.67 -0.68 -0.72 -0.76 -0.73 -0.68 -0.64 -0.60
-0.72 -0.68 -0.66 -0.67 -0.70 -0.70 -0.74 -0.78 -0.75 -0.70 -0.66 -0.63
-0.76 -0.72 -0.70 -0.71 -0.73 -0.73 -0.75 -0.78 -0.75 -0.71 -0.67 -0.66
-0.80 -0.76 -0.74 -0.75 -0.77 -0.76 -0.78 -0.81 -0.78 -0.73 -0.70 -0.69
-0.81 -0.77 -0.76 -0.77 -0.80 -0.79 -0.81 -0.84 -0.80 -0.76 -0.73 -0.74
-0.80 -0.76 -0.75 -0.76 -0.80 -0.79 -0.81 -0.84 -0.81 -0.77 -0.76 -0.77
-0.78 -0.75 -0.74 -0.75 -0.79 -0.78 -0.80 -0.84 -0.81 -0.77 -0.76 -0.78
-0.78 -0.74 -0.73 -0.74 -0.77 -0.77 -0.79 -0.82 -0.80 -0.76 -0.75 -0.78
-0.79 -0.75 -0.73 -0.74 -0.76 -0.75 -0.76 -0.79 -0.77 -0.74 -0.74 -0.76
-0.81 -0.76 -0.74 -0.74 -0.76 -0.75 -0.76 -0.79 -0.76 -0.73 -0.72 -0.76
-0.82 -0.77 -0.74 -0.74 -0.76 -0.75 -0.76 -0.79 -0.77 -0.73 -0.73 -0.76
-0.82 -0.77 -0.73 -0.73 -0.74 -0.73 -0.74 -0.77 -0.75 -0.71 -0.72 -0.76
-0.82 -0.76 -0.73 -0.72 -0.73 -0.71 -0.71 -0.74 -0.72 -0.69 -0.70 -0.75
-0.81 -0.75 -0.71 -0.70 -0.71 -0.69 -0.70 -0.73 -0.71 -0.68 -0.69 -0.74
-0.79 -0.73 -0.68 -0.67 -0.68 -0.66 -0.68 -0.71 -0.69 -0.67 -0.69 -0.74
-0.74 -0.68 -0.64 -0.62 -0.63 -0.62 -0.64 -0.67 -0.66 -0.64 -0.67 -0.74
-0.73 -0.66 -0.61 -0.59 -0.60 -0.59 -0.61 -0.65 -0.65 -0.63 -0.67 -0.75
-0.73 -0.66 -0.61 -0.59 -0.60 -0.59 -0.62 -0.65 -0.65 -0.64 -0.69 -0.76
-0.75 -0.68 -0.63 -0.60 -0.61 -0.61 -0.64 -0.68 -0.68 -0.67 -0.71 -0.78
-0.77 -0.70 -0.65 -0.62 -0.63 -0.64 -0.67 -0.71 -0.70 -0.69 -0.72 -0.79
-0.79 -0.72 -0.66 -0.64 -0.65 -0.66 -0.69 -0.73 -0.72 -0.71 -0.74 -0.81
-0.81 -0.74 -0.68 -0.66 -0.67 -0.68 -0.72 -0.76 -0.75 -0.73 -0.76 -0.82
-0.85 -0.78 -0.71 -0.68 -0.70 -0.70 -0.74 -0.78 -0.76 -0.74 -0.77 -0.83
-0.88 -0.81 -0.74 -0.71 -0.72 -0.72 -0.76 -0.79 -0.77 -0.74 -0.77 -0.83
-0.93 -0.86 -0.78 -0.74 -0.74 -0.74 -0.77 -0.79 -0.76 -0.73 -0.76 -0.81
-0.98 -0.90 -0.82 -0.77 -0.76 -0.75 -0.77 -0.78 -0.74 -0.71 -0.73 -0.79
-1.03 -0.94 -0.86 -0.80 -0.78 -0.75 -0.76 -0.75 -0.71 -0.67 -0.70 -0.76
-1.07 -0.98 -0.89 -0.83 -0.79 -0.74 -0.73 -0.71 -0.66 -0.62 -0.65 -0.71
-1.09 -1.01 -0.92 -0.84 -0.79 -0.72 -0.69 -0.65 -0.59 -0.56 -0.59 -0.65
-1.10 -1.02 -0.93 -0.84 -0.77 -0.69 -0.64 -0.59 -0.52 -0.49 -0.53 -0.60
-1.09 -1.01 -0.91 -0.83 -0.75 -0.65 -0.58 -0.52 -0.45 -0.43 -0.49 -0.56
-1.04 -0.96 -0.87 -0.79 -0.71 -0.60 -0.52 -0.44 -0.38 -0.38 -0.46 -0.54
-0.97 -0.90 -0.81 -0.74 -0.67 -0.55 -0.46 -0.38 -0.33 -0.35 -0.45 -0.55
-0.88 -0.81 -0.74 -0.68 -0.61 -0.50 -0.40 -0.33 -0.29 -0.33 -0.45 -0.55
-0.79 -0.73 -0.67 -0.61 -0.55 -0.43 -0.34 -0.28 -0.26 -0.32 -0.44 -0.54
-0.68 -0.63 -0.58 -0.53 -0.47 -0.36 -0.28 -0.23 -0.22 -0.28 -0.40 -0.48
-0.56 -0.51 -0.47 -0.43 -0.37 -0.27 -0.21 -0.17 -0.16 -0.21 -0.32 -0.38
-0.42 -0.38 -0.34 -0.32 -0.27 -0.18 -0.12 -0.08 -0.06 -0.10 -0.18 -0.22
-0.25 -0.21 -0.19 -0.19 -0.16 -0.07 -0.01  0.04  0.08  0.07  0.02  0.00
-0.04 -0.02 -0.02 -0.04 -0.02  0.05  0.12  0.19  0.26  0.29  0.27  0.27
 0.18  0.19  0.17  0.13  0.13  0.20  0.28  0.37  0.47  0.54  0.55  0.56
 0.39  0.38  0.34  0.28  0.26  0.33  0.43  0.54  0.67  0.77  0.81  0.83
 0.56  0.54  0.48  0.40  0.37  0.44  0.54  0.68  0.83  0.95  1.01  1.06
 0.70  0.66  0.59  0.50  0.46  0.53  0.64  0.78  0.94  1.07  1.16  1.22
 0.82  0.78  0.69  0.59  0.55  0.61  0.72  0.85  1.00  1.14  1.24  1.31
 0.93  0.88  0.79  0.69  0.65  0.71  0.80  0.92  1.05  1.17  1.27  1.36
 1.00  0.96  0.88  0.79  0.75  0.80  0.88  0.98  1.10  1.21  1.30  1.39
 1.06  1.02  0.96  0.88  0.85  0.90  0.97  1.05  1.15  1.25  1.33  1.42
 1.11  1.08  1.03  0.96  0.95  1.00  1.06  1.13  1.21  1.30  1.38  1.46
 1.16  1.14  1.10  1.05  1.04  1.10  1.15  1.21  1.28  1.35  1.43  1.50
 1.22  1.20  1.17  1.13  1.13  1.19  1.24  1.28  1.34  1.41  1.48  1.55
 1.28  1.28  1.26  1.22  1.23  1.28  1.32  1.36  1.40  1.46  1.53  1.59
 1.34  1.35  1.35  1.33  1.34  1.39  1.42  1.44  1.47  1.52  1.58  1.63
 1.42  1.44  1.45  1.44  1.46  1.50  1.52  1.52  1.54  1.58  1.64  1.68
 1.49  1.52  1.55  1.55  1.56  1.59  1.59  1.58  1.59  1.62  1.67  1.71
 1.55  1.58  1.62  1.62  1.63  1.65  1.63  1.61  1.61  1.64  1.69  1.72
 1.60  1.64  1.67  1.68  1.69  1.69  1.66  1.63  1.61  1.64  1.68  1.71
 1.65  1.68  1.72  1.73  1.72  1.72  1.68  1.63  1.60  1.62  1.65  1.68
 1.69  1.71  1.75  1.75  1.73  1.72  1.67  1.61  1.58  1.59  1.62  1.64
 1.72  1.73  1.76  1.76  1.73  1.71  1.65  1.58  1.55  1.56  1.58  1.59
 1.73  1.74  1.77  1.76  1.73  1.70  1.63  1.56  1.52  1.52  1.54  1.55
 1.74  1.75  1.77  1.76  1.72  1.68  1.61  1.53  1.48  1.48  1.50  1.50
 1.75  1.75  1.77  1.75  1.70  1.66  1.58  1.49  1.44  1.44  1.45  1.45
 1.75  1.74  1.76  1.75  1.69  1.64  1.56  1.46  1.41  1.40  1.42  1.42
 1.75  1.74  1.76  1.74  1.67  1.62  1.54  1.44  1.39  1.38  1.39  1.39
 1.75  1.73  1.74  1.72  1.65  1.60  1.52  1.42  1.36  1.36  1.37  1.36
 1.73  1.72  1.72  1.70  1.62  1.57  1.49  1.39  1.33  1.32  1.33  1.32
 1.72  1.70  1.70  1.67  1.59  1.54  1.46  1.35  1.29  1.28  1.28  1.27
 1.71  1.68  1.68  1.65  1.57  1.51  1.43  1.32  1.26  1.24  1.24  1.23
 1.70  1.67  1.66  1.63  1.55  1.49  1.41  1.30  1.23  1.21  1.21  1.20
 1.69  1.66  1.65  1.62  1.54  1.48  1.39  1.28  1.21  1.19  1.18  1.17
 1.68  1.65  1.64  1.61  1.53  1.47  1.38  1.26  1.20  1.18  1.17  1.16
 1.64  1.62  1.60  1.58  1.50  1.45  1.37  1.26  1.20  1.19  1.18  1.17
 1.59  1.57  1.56  1.53  1.47  1.42  1.35  1.25  1.19  1.18  1.16  1.15
 1.53  1.51  1.49  1.47  1.41  1.37  1.30  1.20  1.15  1.13  1.11  1.09
 1.46  1.44  1.42  1.39  1.33  1.29  1.23  1.14  1.10  1.08  1.05  1.02
 1.38  1.36  1.35  1.32  1.27  1.24  1.18  1.10  1.06  1.04  1.00  0.97
 1.32  1.30  1.29  1.27  1.22  1.19  1.14  1.06  1.02  1.00  0.97  0.93
 1.24  1.22  1.21  1.19  1.14  1.12  1.07  0.99  0.97  0.96  0.92  0.89
 1.13  1.12  1.11  1.09  1.04  1.03  0.99  0.93  0.92  0.91  0.88  0.85
 1.04  1.02  1.01  0.98  0.94  0.94  0.90  0.85  0.85  0.84  0.82  0.79
 0.96  0.94  0.93  0.90  0.87  0.87  0.84  0.79  0.79  0.79  0.77  0.74
 0.91  0.89  0.89  0.86  0.83  0.83  0.81  0.77  0.78  0.78  0.76  0.73
 0.87  0.86  0.85  0.83  0.80  0.80  0.79  0.76  0.78  0.79  0.77  0.75
 0.84  0.83  0.82  0.80  0.78  0.79  0.78  0.76  0.79  0.81  0.80  0.77
 0.81  0.80  0.80  0.79  0.77  0.78  0.78  0.78  0.80  0.83  0.81  0.78
 0.80  0.79  0.79  0.78  0.76  0.78  0.78  0.78  0.81  0.83  0.82  0.79
 0.79  0.78  0.78  0.77  0.75  0.77  0.78  0.78  0.81  0.84  0.83  0.80
 0.79  0.77  0.77  0.77  0.75  0.77  0.78  0.78  0.81  0.83  0.83  0.80
 0.78  0.76  0.77  0.76  0.75  0.77  0.78  0.78  0.81  0.83  0.83  0.80
 0.77  0.75  0.76  0.76  0.75  0.77  0.78  0.78  0.80  0.82  0.82  0.79
 0.76  0.74  0.75  0.75  0.74  0.76  0.77  0.77  0.79  0.81  0.80  0.78
 0.75  0.73  0.74  0.74  0.73  0.75  0.76  0.76  0.78  0.79  0.78  0.76
 0.73  0.71  0.72  0.73  0.72  0.73  0.74  0.75  0.76  0.77  0.77  0.74
 0.72  0.70  0.70  0.71  0.70  0.72  0.73  0.73  0.75  0.75  0.75  0.73
 0.69  0.68  0.68  0.69  0.69  0.70  0.71  0.72  0.73  0.73  0.73  0.71
 0.67  0.65  0.66  0.67  0.67  0.68  0.69  0.70  0.71  0.71  0.70  0.68
 0.64  0.62  0.63  0.65  0.64  0.65  0.67  0.68  0.68  0.68  0.67  0.65
 0.60  0.59  0.60  0.62  0.61  0.62  0.64  0.64  0.65  0.65  0.64  0.62
 0.57  0.55  0.56  0.58  0.57  0.58  0.60  0.61  0.61  0.61  0.60  0.58
 0.54  0.52  0.53  0.55  0.54  0.54  0.56  0.56  0.57  0.56  0.55  0.53
 0.51  0.49  0.50  0.52  0.51  0.51  0.53  0.53  0.53  0.52  0.51  0.49
 0.48  0.46  0.47  0.49  0.48  0.48  0.49  0.49  0.49  0.48  0.47  0.45
 0.45  0.44  0.44  0.46  0.45  0.45  0.46  0.46  0.46  0.45  0.43  0.42
 0.43  0.42  0.42  0.44  0.43  0.43  0.43  0.43  0.43  0.41  0.40  0.39
 0.41  0.40  0.40  0.42  0.41  0.40  0.41  0.41  0.40  0.39  0.38  0.37
 0.40  0.38  0.38  0.40  0.39  0.39  0.39  0.39  0.39  0.37  0.36  0.35
 0.38  0.37  0.37  0.38  0.37  0.37  0.38  0.37  0.37  0.36  0.34  0.33
 0.37  0.35  0.35  0.37  0.35  0.35  0.36  0.35  0.35  0.34  0.32  0.31
 0.35  0.34  0.34  0.35  0.34  0.34  0.34  0.34  0.33  0.32  0.31  0.30
 0.33  0.32  0.32  0.33  0.32  0.32  0.32  0.32  0.32  0.30  0.29  0.28
 0.31  0.30  0.30  0.31  0.30  0.30  0.30  0.30  0.29  0.28  0.27  0.26
 0.28  0.27  0.27  0.28  0.27  0.27  0.27  0.27  0.27  0.25  0.24  0.23
 0.25  0.25  0.25  0.26  0.25  0.24  0.25  0.25  0.24  0.23  0.22  0.21
 0.23  0.22  0.22  0.23  0.22  0.22  0.22  0.22  0.21  0.20  0.20  0.18
 0.20  0.20  0.20  0.20  0.19  0.19  0.19  0.19  0.19  0.18  0.17  0.16
 0.17  0.17  0.17  0.17  0.16  0.16  0.16  0.16  0.16  0.15  0.14  0.13
 0.15  0.14  0.14  0.14  0.14  0.13  0.13  0.13  0.13  0.12  0.12  0.11
 0.12  0.12  0.12  0.12  0.11  0.11  0.11  0.11  0.11  0.10  0.10  0.09
 0.10  0.10  0.10  0.10  0.09  0.09  0.09  0.09  0.09  0.08  0.08  0.07
 0.08  0.08  0.08  0.08  0.08  0.07  0.07  0.07  0.07  0.07  0.06  0.06
 0.07  0.07  0.07  0.07  0.06  0.06  0.06  0.06  0.06  0.05  0.05  0.05
 0.05  0.05  0.05  0.05  0.05  0.04  0.04  0.05  0.04  0.04  0.04  0.03
 0.04  0.04  0.04  0.04  0.04  0.03  0.03  0.03  0.03  0.03  0.03  0.03
 0.02  0.02  0.02  0.03  0.02  0.02  0.02  0.02  0.02  0.02  0.02  0.02
 0.02  0.02  0.02  0.02  0.02  0.01  0.01  0.01  0.01  0.01  0.01  0.01
 0.01  0.01  0.01  0.01  0.01  0.01  0.01  0.01  0.01  0.01  0.01  0.01
 0.01  0.00  0.00  0.00  0.00  0.00  0.00  0.00  0.00  0.00  0.00  0.00
 0.00  0.00  0.00  0.00  0.00  0.00  0.00  0.00  0.00  0.00  0.00  0.00
 0.00  0.00  0.00  0.00  0.00  0.00  0.00  0.00  0.00  0.00  0.00  0.00
year 2010
  MMM   MMM   MMM   MMM   MMM   MMM   MMM   MMM   MMM   MMM   MMM   MMM
  MMM   MMM   MMM   MMM   MMM   MMM   MMM   MMM   MMM   MMM   MMM   MMM
  MMM   MMM   MMM   MMM   MMM   MMM   MMM   MMM   MMM   MMM   MMM   MMM
  MMM   MMM   MMM   MMM   MMM   MMM   MMM   MMM   MMM   MMM   MMM   MMM
  MMM   MMM   MMM   MMM   MMM   MMM   MMM   MMM   MMM   MMM   MMM   MMM
  MMM   MMM   MMM   MMM   MMM   MMM   MMM   MMM   MMM   MMM   MMM   MMM
  MMM   MMM   MMM   MMM   MMM   MMM   MMM   MMM   MMM   MMM   MMM   MMM
  MMM   MMM   MMM   MMM   MMM   MMM   MMM   MMM   MMM   MMM   MMM   MMM
  MMM   MMM   MMM   MMM   MMM   MMM   MMM   MMM   MMM   MMM   MMM   MMM
  MMM   MMM   MMM   MMM   MMM   MMM   MMM   MMM   MMM   MMM   MMM   MMM
  MMM   MMM   MMM   MMM   MMM   MMM   MMM   MMM   MMM   MMM   MMM   MMM
  MMM   MMM   MMM   MMM   MMM   MMM   MMM   MMM   MMM   MMM   MMM   MMM
  MMM   MMM   MMM   MMM   MMM   MMM   MMM   MMM   MMM   MMM   MMM   MMM
 0.00  0.00  0.00  0.00  0.00  0.00  0.00  0.00  0.00  0.00  0.00  0.00
-0.01 -0.01 -0.01 -0.01 -0.01 -0.01 -0.01 -0.01 -0.01 -0.01 -0.01 -0.01
-0.02 -0.02 -0.02 -0.02 -0.02 -0.02 -0.02 -0.02 -0.02 -0.02 -0.02 -0.02
-0.03 -0.03 -0.03 -0.03 -0.03 -0.03 -0.03 -0.03 -0.03 -0.03 -0.03 -0.03
-0.05 -0.05 -0.05 -0.04 -0.04 -0.04 -0.04 -0.04 -0.04 -0.04 -0.04 -0.04
-0.07 -0.06 -0.06 -0.06 -0.06 -0.06 -0.06 -0.05 -0.05 -0.06 -0.05 -0.05
-0.08 -0.08 -0.08 -0.08 -0.08 -0.07 -0.07 -0.07 -0.07 -0.07 -0.07 -0.07
-0.10 -0.10 -0.10 -0.10 -0.09 -0.09 -0.09 -0.09 -0.09 -0.09 -0.09 -0.08
-0.12 -0.12 -0.12 -0.12 -0.11 -0.11 -0.11 -0.11 -0.11 -0.11 -0.11 -0.11
-0.15 -0.15 -0.14 -0.15 -0.14 -0.14 -0.14 -0.14 -0.14 -0.14 -0.14 -0.13
-0.18 -0.18 -0.18 -0.18 -0.18 -0.18 -0.18 -0.18 -0.18 -0.18 -0.17 -0.17
-0.22 -0.22 -0.22 -0.23 -0.23 -0.23 -0.23 -0.22 -0.23 -0.22 -0.22 -0.21
-0.27 -0.27 -0.28 -0.28 -0.28 -0.28 -0.28 -0.28 -0.28 -0.28 -0.27 -0.26
-0.32 -0.32 -0.33 -0.33 -0.33 -0.33 -0.32 -0.32 -0.33 -0.32 -0.31 -0.31
-0.37 -0.38 -0.38 -0.39 -0.38 -0.37 -0.37 -0.37 -0.37 -0.36 -0.36 -0.35
-0.42 -0.43 -0.43 -0.43 -0.42 -0.42 -0.41 -0.41 -0.41 -0.40 -0.40 -0.39
-0.46 -0.47 -0.47 -0.47 -0.46 -0.46 -0.45 -0.44 -0.45 -0.44 -0.43 -0.42
-0.50 -0.51 -0.51 -0.51 -0.49 -0.49 -0.48 -0.47 -0.47 -0.46 -0.46 -0.45
-0.54 -0.54 -0.54 -0.54 -0.52 -0.51 -0.50 -0.49 -0.49 -0.48 -0.48 -0.47
-0.56 -0.57 -0.56 -0.56 -0.54 -0.53 -0.52 -0.50 -0.51 -0.50 -0.50 -0.50
-0.58 -0.58 -0.58 -0.58 -0.56 -0.55 -0.53 -0.52 -0.52 -0.52 -0.52 -0.52
-0.59 -0.59 -0.59 -0.58 -0.56 -0.55 -0.53 -0.52 -0.52 -0.52 -0.53 -0.54
-0.60 -0.60 -0.59 -0.59 -0.56 -0.55 -0.53 -0.51 -0.52 -0.53 -0.54 -0.55
-0.59 -0.59 -0.58 -0.58 -0.56 -0.54 -0.52 -0.50 -0.51 -0.52 -0.54 -0.55
-0.58 -0.57 -0.56 -0.57 -0.54 -0.53 -0.50 -0.49 -0.50 -0.52 -0.53 -0.55
-0.57 -0.56 -0.55 -0.55 -0.52 -0.51 -0.49 -0.47 -0.49 -0.50 -0.52 -0.54
-0.54 -0.53 -0.52 -0.53 -0.50 -0.49 -0.47 -0.45 -0.47 -0.49 -0.50 -0.52
-0.52 -0.51 -0.49 -0.50 -0.48 -0.47 -0.45 -0.43 -0.46 -0.48 -0.49 -0.51
-0.50 -0.49 -0.47 -0.48 -0.46 -0.45 -0.43 -0.42 -0.45 -0.48 -0.49 -0.50
-0.49 -0.47 -0.46 -0.47 -0.46 -0.44 -0.42 -0.41 -0.44 -0.47 -0.48 -0.49
-0.49 -0.47 -0.45 -0.47 -0.46 -0.45 -0.42 -0.40 -0.43 -0.46 -0.46 -0.47
-0.49 -0.47 -0.46 -0.47 -0.46 -0.44 -0.42 -0.40 -0.43 -0.46 -0.45 -0.46
-0.50 -0.48 -0.46 -0.47 -0.45 -0.44 -0.42 -0.40 -0.43 -0.46 -0.45 -0.45
-0.50 -0.48 -0.46 -0.48 -0.47 -0.46 -0.44 -0.42 -0.45 -0.49 -0.48 -0.48
-0.51 -0.49 -0.48 -0.50 -0.49 -0.48 -0.46 -0.45 -0.49 -0.54 -0.53 -0.53
-0.53 -0.52 -0.51 -0.53 -0.52 -0.51 -0.49 -0.48 -0.53 -0.59 -0.59 -0.59
-0.57 -0.56 -0.56 -0.58 -0.57 -0.56 -0.54 -0.53 -0.57 -0.63 -0.64 -0.65
-0.60 -0.60 -0.61 -0.64 -0.64 -0.63 -0.61 -0.59 -0.64 -0.70 -0.70 -0.71
-0.64 -0.64 -0.65 -0.70 -0.70 -0.69 -0.68 -0.67 -0.72 -0.79 -0.80 -0.80
-0.68 -0.68 -0.70 -0.74 -0.75 -0.76 -0.76 -0.77 -0.82 -0.89 -0.89 -0.88
-0.72 -0.73 -0.76 -0.80 -0.81 -0.82 -0.84 -0.85 -0.91 -0.98 -0.98 -0.95
-0.77 -0.79 -0.82 -0.86 -0.87 -0.88 -0.90 -0.92 -0.98 -1.05 -1.05 -1.02
-0.81 -0.83 -0.86 -0.91 -0.92 -0.94 -0.96 -0.98 -1.04 -1.11 -1.10 -1.06
-0.82 -0.85 -0.89 -0.94 -0.94 -0.96 -0.99 -1.01 -1.08 -1.15 -1.13 -1.09
-0.83 -0.86 -0.90 -0.95 -0.97 -0.99 -1.02 -1.04 -1.11 -1.18 -1.16 -1.12
-0.81 -0.85 -0.90 -0.96 -0.97 -1.00 -1.04 -1.07 -1.13 -1.20 -1.19 -1.15
-0.81 -0.85 -0.90 -0.97 -0.99 -1.02 -1.05 -1.08 -1.15 -1.22 -1.20 -1.16
-0.82 -0.87 -0.92 -0.99 -1.02 -1.05 -1.09 -1.12 -1.18 -1.25 -1.23 -1.18
-0.82 -0.87 -0.93 -1.00 -1.04 -1.08 -1.12 -1.15 -1.22 -1.28 -1.26 -1.22
-0.81 -0.87 -0.93 -1.01 -1.06 -1.11 -1.16 -1.19 -1.26 -1.32 -1.30 -1.25
-0.81 -0.88 -0.95 -1.04 -1.10 -1.16 -1.21 -1.25 -1.31 -1.37 -1.35 -1.30
-0.82 -0.89 -0.98 -1.08 -1.14 -1.20 -1.26 -1.30 -1.37 -1.43 -1.40 -1.35
-0.82 -0.91 -1.00 -1.11 -1.18 -1.25 -1.32 -1.36 -1.43 -1.48 -1.45 -1.40
-0.84 -0.93 -1.03 -1.14 -1.22 -1.30 -1.37 -1.41 -1.47 -1.52 -1.49 -1.43
-0.86 -0.96 -1.06 -1.18 -1.26 -1.33 -1.40 -1.45 -1.51 -1.56 -1.53 -1.46
-0.87 -0.97 -1.07 -1.19 -1.27 -1.34 -1.41 -1.46 -1.53 -1.58 -1.55 -1.48
-0.88 -0.98 -1.08 -1.19 -1.27 -1.34 -1.41 -1.47 -1.53 -1.59 -1.56 -1.49
-0.89 -0.99 -1.08 -1.20 -1.28 -1.34 -1.41 -1.46 -1.53 -1.60 -1.57 -1.50
-0.91 -1.00 -1.10 -1.21 -1.28 -1.34 -1.41 -1.46 -1.54 -1.60 -1.57 -1.50
-0.92 -1.01 -1.10 -1.21 -1.28 -1.34 -1.41 -1.47 -1.54 -1.60 -1.57 -1.50
-0.91 -1.00 -1.10 -1.21 -1.28 -1.33 -1.40 -1.46 -1.53 -1.60 -1.57 -1.50
-0.90 -1.00 -1.09 -1.20 -1.26 -1.32 -1.38 -1.45 -1.53 -1.60 -1.57 -1.50
-0.88 -0.98 -1.07 -1.18 -1.24 -1.29 -1.37 -1.43 -1.52 -1.59 -1.57 -1.50
-0.85 -0.95 -1.05 -1.15 -1.21 -1.26 -1.34 -1.41 -1.51 -1.59 -1.57 -1.50
-0.80 -0.90 -1.00 -1.11 -1.17 -1.22 -1.30 -1.39 -1.49 -1.58 -1.57 -1.51
-0.74 -0.83 -0.94 -1.05 -1.12 -1.18 -1.27 -1.36 -1.46 -1.56 -1.56 -1.52
-0.68 -0.77 -0.88 -0.99 -1.06 -1.13 -1.23 -1.33 -1.44 -1.55 -1.55 -1.52
-0.64 -0.73 -0.82 -0.93 -1.00 -1.08 -1.19 -1.29 -1.41 -1.52 -1.53 -1.51
-0.62 -0.70 -0.79 -0.88 -0.95 -1.02 -1.14 -1.26 -1.38 -1.48 -1.49 -1.46
-0.63 -0.69 -0.75 -0.83 -0.89 -0.97 -1.09 -1.21 -1.34 -1.43 -1.42 -1.40
-0.62 -0.65 -0.69 -0.76 -0.81 -0.90 -1.03 -1.16 -1.28 -1.36 -1.34 -1.32
-0.58 -0.58 -0.60 -0.66 -0.71 -0.81 -0.94 -1.07 -1.19 -1.26 -1.23 -1.21
-0.50 -0.48 -0.49 -0.53 -0.58 -0.67 -0.81 -0.93 -1.05 -1.12 -1.09 -1.06
-0.38 -0.34 -0.33 -0.36 -0.41 -0.50 -0.63 -0.75 -0.88 -0.95 -0.92 -0.90
-0.20 -0.15 -0.13 -0.15 -0.18 -0.27 -0.41 -0.54 -0.68 -0.76 -0.75 -0.73
 0.03  0.09  0.13  0.12  0.10  0.01 -0.14 -0.30 -0.46 -0.57 -0.57 -0.55
 0.31  0.37  0.42  0.43  0.41  0.32  0.15 -0.04 -0.23 -0.37 -0.38 -0.37
 0.60  0.66  0.72  0.73  0.72  0.62  0.43  0.21 -0.02 -0.17 -0.20 -0.19
 0.87  0.94  0.99  1.02  1.02  0.91  0.68  0.43  0.18 -0.00 -0.03 -0.02
 1.10  1.16  1.22  1.25  1.25  1.13  0.88  0.60  0.32  0.13  0.09  0.10
 1.27  1.33  1.40  1.44  1.43  1.29  1.03  0.72  0.43  0.23  0.18  0.19
 1.38  1.45  1.52  1.57  1.56  1.41  1.13  0.82  0.53  0.33  0.28  0.28
 1.44  1.52  1.59  1.63  1.62  1.47  1.19  0.90  0.62  0.43  0.39  0.39
 1.47  1.54  1.61  1.64  1.62  1.47  1.21  0.94  0.69  0.52  0.50  0.51
 1.49  1.56  1.61  1.62  1.59  1.45  1.21  0.97  0.75  0.60  0.58  0.59
 1.52  1.57  1.60  1.60  1.55  1.41  1.19  1.00  0.81  0.67  0.66  0.66
 1.56  1.59  1.60  1.58  1.53  1.39  1.20  1.03  0.86  0.74  0.72  0.72
 1.60  1.62  1.62  1.59  1.54  1.41  1.23  1.08  0.93  0.81  0.79  0.79
 1.63  1.65  1.65  1.62  1.57  1.45  1.28  1.14  1.01  0.90  0.87  0.86
 1.67  1.69  1.69  1.66  1.61  1.49  1.33  1.21  1.08  0.98  0.96  0.95
 1.71  1.73  1.73  1.70  1.64  1.52  1.37  1.26  1.15  1.06  1.05  1.04
 1.74  1.75  1.74  1.70  1.65  1.54  1.40  1.31  1.21  1.13  1.13  1.11
 1.75  1.75  1.73  1.68  1.63  1.53  1.40  1.33  1.25  1.18  1.18  1.17
 1.73  1.74  1.71  1.65  1.60  1.50  1.39  1.34  1.27  1.22  1.22  1.21
 1.70  1.70  1.67  1.61  1.55  1.47  1.38  1.33  1.28  1.24  1.25  1.24
 1.66  1.66  1.62  1.56  1.51  1.44  1.35  1.32  1.29  1.26  1.28  1.27
 1.61  1.61  1.57  1.50  1.46  1.39  1.32  1.30  1.28  1.26  1.29  1.29
 1.56  1.55  1.51  1.45  1.41  1.35  1.27  1.26  1.25  1.24  1.28  1.30
 1.51  1.50  1.46  1.40  1.36  1.31  1.24  1.23  1.23  1.22  1.27  1.30
 1.46  1.45  1.42  1.36  1.34  1.29  1.22  1.22  1.21  1.22  1.27  1.29
 1.43  1.42  1.39  1.33  1.32  1.28  1.21  1.22  1.22  1.23  1.28  1.30
 1.40  1.39  1.35  1.30  1.29  1.26  1.20  1.22  1.23  1.24  1.29  1.32
 1.37  1.36  1.33  1.28  1.28  1.25  1.20  1.22  1.23  1.25  1.30  1.32
 1.33  1.33  1.29  1.24  1.25  1.23  1.18  1.21  1.23  1.24  1.28  1.30
 1.28  1.29  1.26  1.22  1.22  1.21  1.17  1.20  1.22  1.23  1.27  1.29
 1.24  1.25  1.23  1.19  1.20  1.18  1.15  1.18  1.21  1.22  1.26  1.28
 1.20  1.21  1.19  1.15  1.17  1.16  1.13  1.17  1.20  1.21  1.26  1.28
 1.17  1.18  1.16  1.13  1.15  1.15  1.12  1.17  1.20  1.21  1.26  1.28
 1.16  1.17  1.15  1.13  1.15  1.15  1.12  1.17  1.20  1.22  1.27  1.29
 1.17  1.18  1.15  1.13  1.15  1.14  1.12  1.17  1.20  1.21  1.26  1.28
 1.14  1.14  1.12  1.10  1.12  1.11  1.09  1.14  1.17  1.19  1.23  1.25
 1.08  1.09  1.07  1.06  1.09  1.09  1.07  1.13  1.16  1.18  1.23  1.25
 1.01  1.01  1.00  1.00  1.04  1.05  1.04  1.10  1.14  1.16  1.22  1.25
 0.95  0.95  0.94  0.94  0.98  1.00  1.00  1.06  1.11  1.13  1.19  1.22
 0.91  0.91  0.89  0.89  0.92  0.94  0.94  1.00  1.04  1.06  1.11  1.14
 0.87  0.86  0.84  0.84  0.88  0.88  0.88  0.94  0.97  0.98  1.03  1.05
 0.83  0.82  0.80  0.80  0.84  0.85  0.84  0.89  0.91  0.91  0.96  0.98
 0.77  0.77  0.75  0.76  0.79  0.80  0.78  0.83  0.85  0.85  0.89  0.91
 0.73  0.73  0.72  0.73  0.76  0.76  0.74  0.79  0.81  0.80  0.85  0.86
 0.72  0.72  0.71  0.71  0.74  0.73  0.71  0.76  0.77  0.76  0.80  0.81
 0.74  0.73  0.71  0.71  0.73  0.72  0.70  0.74  0.74  0.73  0.77  0.77
 0.76  0.75  0.73  0.73  0.74  0.73  0.70  0.73  0.73  0.71  0.74  0.75
 0.77  0.77  0.75  0.74  0.75  0.73  0.70  0.72  0.72  0.70  0.73  0.74
 0.79  0.78  0.76  0.75  0.76  0.74  0.70  0.73  0.73  0.71  0.74  0.74
 0.79  0.79  0.77  0.76  0.77  0.75  0.71  0.74  0.73  0.72  0.74  0.74
 0.80  0.80  0.78  0.77  0.78  0.76  0.73  0.75  0.74  0.72  0.75  0.74
 0.80  0.80  0.79  0.78  0.78  0.77  0.73  0.75  0.75  0.73  0.75  0.75
 0.79  0.79  0.78  0.77  0.78  0.76  0.73  0.75  0.75  0.73  0.75  0.75
 0.78  0.78  0.77  0.76  0.77  0.76  0.73  0.74  0.74  0.73  0.74  0.74
 0.76  0.76  0.75  0.74  0.75  0.74  0.71  0.73  0.73  0.72  0.74  0.73
 0.74  0.74  0.74  0.72  0.73  0.72  0.70  0.71  0.71  0.70  0.71  0.71
 0.72  0.73  0.72  0.70  0.71  0.70  0.68  0.69  0.68  0.68  0.69  0.68
 0.70  0.70  0.70  0.68  0.69  0.68  0.65  0.66  0.65  0.65  0.66  0.66
 0.67  0.68  0.67  0.65  0.66  0.65  0.62  0.63  0.62  0.62  0.63  0.62
 0.64  0.65  0.64  0.62  0.63  0.62  0.60  0.59  0.59  0.58  0.60  0.59
 0.61  0.61  0.61  0.59  0.60  0.59  0.57  0.56  0.55  0.55  0.56  0.56
 0.57  0.57  0.57  0.55  0.56  0.55  0.53  0.52  0.52  0.52  0.53  0.52
 0.52  0.52  0.52  0.51  0.51  0.51  0.49  0.49  0.48  0.49  0.50  0.50
 0.48  0.48  0.48  0.47  0.47  0.47  0.46  0.45  0.45  0.45  0.47  0.47
 0.44  0.44  0.44  0.43  0.43  0.44  0.42  0.42  0.42  0.43  0.44  0.44
 0.40  0.41  0.41  0.40  0.40  0.40  0.39  0.39  0.39  0.40  0.42  0.42
 0.38  0.38  0.38  0.37  0.37  0.38  0.37  0.36  0.36  0.38  0.39  0.40
 0.35  0.36  0.36  0.35  0.35  0.36  0.34  0.34  0.34  0.35  0.37  0.38
 0.34  0.34  0.34  0.33  0.34  0.34  0.33  0.32  0.33  0.34  0.36  0.36
 0.32  0.32  0.33  0.32  0.32  0.32  0.31  0.31  0.31  0.33  0.34  0.35
 0.30  0.31  0.31  0.30  0.30  0.31  0.30  0.30  0.30  0.31  0.33  0.34
 0.29  0.29  0.29  0.28  0.29  0.29  0.28  0.28  0.28  0.30  0.31  0.32
 0.27  0.27  0.28  0.27  0.27  0.27  0.26  0.26  0.26  0.28  0.29  0.30
 0.25  0.25  0.25  0.25  0.25  0.25  0.24  0.24  0.24  0.25  0.27  0.28
 0.22  0.22  0.23  0.22  0.22  0.23  0.22  0.22  0.22  0.23  0.25  0.25
 0.20  0.20  0.20  0.20  0.20  0.20  0.20  0.19  0.19  0.20  0.22  0.23
 0.17  0.18  0.18  0.17  0.18  0.18  0.17  0.17  0.17  0.18  0.19  0.20
 0.15  0.15  0.15  0.15  0.15  0.15  0.14  0.14  0.14  0.15  0.16  0.17
 0.12  0.12  0.12  0.12  0.12  0.13  0.12  0.12  0.12  0.12  0.13  0.14
 0.10  0.10  0.10  0.10  0.10  0.11  0.10  0.10  0.09  0.10  0.11  0.11
 0.08  0.08  0.08  0.08  0.09  0.09  0.08  0.08  0.07  0.08  0.09  0.09
 0.07  0.07  0.07  0.07  0.07  0.07  0.07  0.06  0.06  0.06  0.07  0.07
 0.05  0.05  0.05  0.06  0.06  0.06  0.05  0.05  0.05  0.05  0.06  0.06
 0.04  0.04  0.04  0.04  0.05  0.05  0.04  0.04  0.04  0.04  0.04  0.05
 0.03  0.03  0.03  0.03  0.03  0.03  0.03  0.03  0.03  0.03  0.03  0.03
 0.02  0.02  0.02  0.02  0.02  0.03  0.02  0.02  0.02  0.02  0.02  0.02
 0.01  0.01  0.01  0.02  0.02  0.02  0.02  0.01  0.01  0.01  0.02  0.02
 0.01  0.01  0.01  0.01  0.01  0.01  0.01  0.01  0.01  0.01  0.01  0.01
 0.00  0.00  0.00  0.01  0.01  0.01  0.01  0.00  0.00  0.00  0.01  0.01
 0.00  0.00  0.00  0.00  0.00  0.00  0.00  0.00  0.00  0.00  0.00  0.00
 0.00  0.00  0.00  0.00  0.00  0.00  0.00  0.00  0.00  0.00  0.00  0.00
 0.00  0.00  0.00  0.00  0.00  0.00  0.00  0.00  0.00  0.00  0.00  0.00
year 2011
  MMM   MMM   MMM   MMM   MMM   MMM   MMM   MMM   MMM   MMM   MMM   MMM
  MMM   MMM   MMM   MMM   MMM   MMM   MMM   MMM   MMM   MMM   MMM   MMM
  MMM   MMM   MMM   MMM   MMM   MMM   MMM   MMM   MMM   MMM   MMM   MMM
  MMM   MMM   MMM   MMM   MMM   MMM   MMM   MMM   MMM   MMM   MMM   MMM
  MMM   MMM   MMM   MMM   MMM   MMM   MMM   MMM   MMM   MMM   MMM   MMM
  MMM   MMM   MMM   MMM   MMM   MMM   MMM   MMM   MMM   MMM   MMM   MMM
  MMM   MMM   MMM   MMM   MMM   MMM   MMM   MMM   MMM   MMM   MMM   MMM
  MMM   MMM   MMM   MMM   MMM   MMM   MMM   MMM   MMM   MMM   MMM   MMM
  MMM   MMM   MMM   MMM   MMM   MMM   MMM   MMM   MMM   MMM   MMM   MMM
  MMM   MMM   MMM   MMM   MMM   MMM   MMM   MMM   MMM   MMM   MMM   MMM
  MMM   MMM   MMM   MMM   MMM   MMM   MMM   MMM   MMM   MMM   MMM   MMM
  MMM   MMM   MMM   MMM   MMM   MMM   MMM   MMM   MMM   MMM   MMM   MMM
  MMM   MMM   MMM   MMM   MMM   MMM   MMM   MMM   MMM   MMM   MMM   MMM
 0.00  0.00  0.00  0.00  0.00  0.00  0.00  0.00  0.00  0.00  0.00  0.00
-0.01 -0.01 -0.01 -0.01 -0.01 -0.01 -0.01 -0.01 -0.01 -0.01 -0.01 -0.01
-0.02 -0.02 -0.02 -0.02 -0.02 -0.02 -0.02 -0.02 -0.02 -0.02 -0.02 -0.02
-0.03 -0.03 -0.03 -0.03 -0.03 -0.03 -0.03 -0.03 -0.03 -0.03 -0.03 -0.03
-0.04 -0.04 -0.04 -0.04 -0.04 -0.04 -0.04 -0.04 -0.04 -0.04 -0.04 -0.05
-0.05 -0.05 -0.05 -0.05 -0.05 -0.05 -0.05 -0.06 -0.06 -0.06 -0.06 -0.06
-0.07 -0.06 -0.06 -0.07 -0.06 -0.06 -0.06 -0.07 -0.07 -0.07 -0.08 -0.08
-0.08 -0.08 -0.08 -0.08 -0.08 -0.08 -0.08 -0.08 -0.09 -0.09 -0.09 -0.10
-0.10 -0.10 -0.10 -0.10 -0.10 -0.09 -0.10 -0.10 -0.11 -0.11 -0.11 -0.12
-0.13 -0.13 -0.12 -0.12 -0.12 -0.11 -0.11 -0.12 -0.13 -0.13 -0.13 -0.14
-0.17 -0.16 -0.16 -0.16 -0.15 -0.14 -0.14 -0.15 -0.16 -0.16 -0.16 -0.17
-0.21 -0.20 -0.20 -0.19 -0.18 -0.18 -0.18 -0.19 -0.19 -0.19 -0.20 -0.20
-0.26 -0.25 -0.24 -0.24 -0.23 -0.22 -0.21 -0.22 -0.23 -0.23 -0.23 -0.24
-0.30 -0.29 -0.28 -0.27 -0.26 -0.25 -0.25 -0.26 -0.26 -0.27 -0.27 -0.27
-0.34 -0.33 -0.32 -0.31 -0.30 -0.29 -0.28 -0.29 -0.29 -0.30 -0.30 -0.30
-0.38 -0.37 -0.35 -0.34 -0.33 -0.31 -0.31 -0.32 -0.32 -0.33 -0.33 -0.33
-0.42 -0.40 -0.38 -0.37 -0.36 -0.34 -0.34 -0.35 -0.35 -0.36 -0.36 -0.37
-0.44 -0.43 -0.41 -0.40 -0.39 -0.37 -0.37 -0.38 -0.38 -0.39 -0.39 -0.40
-0.47 -0.46 -0.44 -0.43 -0.42 -0.40 -0.39 -0.41 -0.41 -0.41 -0.42 -0.42
-0.49 -0.48 -0.47 -0.46 -0.45 -0.43 -0.42 -0.44 -0.44 -0.44 -0.45 -0.46
-0.52 -0.51 -0.49 -0.49 -0.47 -0.45 -0.45 -0.47 -0.47 -0.46 -0.47 -0.48
-0.53 -0.53 -0.52 -0.51 -0.50 -0.48 -0.47 -0.49 -0.49 -0.49 -0.49 -0.50
-0.55 -0.54 -0.54 -0.53 -0.52 -0.50 -0.49 -0.51 -0.51 -0.50 -0.51 -0.51
-0.56 -0.55 -0.55 -0.54 -0.53 -0.51 -0.49 -0.51 -0.51 -0.50 -0.50 -0.51
-0.56 -0.56 -0.55 -0.54 -0.52 -0.50 -0.49 -0.51 -0.51 -0.49 -0.50 -0.51
-0.55 -0.55 -0.54 -0.53 -0.52 -0.50 -0.49 -0.51 -0.51 -0.49 -0.50 -0.51
-0.53 -0.52 -0.52 -0.51 -0.49 -0.47 -0.46 -0.49 -0.49 -0.47 -0.49 -0.51
-0.51 -0.50 -0.50 -0.49 -0.47 -0.44 -0.44 -0.47 -0.46 -0.45 -0.46 -0.48
-0.50 -0.49 -0.49 -0.47 -0.45 -0.42 -0.41 -0.44 -0.44 -0.42 -0.43 -0.46
-0.49 -0.47 -0.47 -0.45 -0.43 -0.40 -0.40 -0.43 -0.42 -0.40 -0.41 -0.44
-0.47 -0.46 -0.45 -0.43 -0.41 -0.39 -0.38 -0.41 -0.41 -0.38 -0.40 -0.43
-0.46 -0.44 -0.43 -0.41 -0.39 -0.36 -0.36 -0.40 -0.39 -0.37 -0.39 -0.42
-0.45 -0.42 -0.41 -0.39 -0.37 -0.35 -0.34 -0.38 -0.39 -0.36 -0.38 -0.41
-0.47 -0.44 -0.42 -0.40 -0.37 -0.35 -0.34 -0.38 -0.38 -0.35 -0.37 -0.41
-0.53 -0.49 -0.47 -0.44 -0.41 -0.38 -0.37 -0.40 -0.40 -0.36 -0.37 -0.41
-0.58 -0.54 -0.51 -0.48 -0.46 -0.43 -0.42 -0.45 -0.43 -0.38 -0.38 -0.41
-0.64 -0.60 -0.57 -0.53 -0.52 -0.48 -0.47 -0.49 -0.47 -0.41 -0.41 -0.44
-0.70 -0.66 -0.62 -0.58 -0.55 -0.52 -0.49 -0.52 -0.51 -0.46 -0.46 -0.50
-0.78 -0.73 -0.68 -0.63 -0.60 -0.56 -0.54 -0.56 -0.54 -0.48 -0.49 -0.53
-0.85 -0.80 -0.75 -0.70 -0.67 -0.62 -0.59 -0.60 -0.57 -0.52 -0.52 -0.56
-0.92 -0.86 -0.81 -0.75 -0.73 -0.68 -0.64 -0.65 -0.61 -0.56 -0.57 -0.61
-0.98 -0.91 -0.86 -0.80 -0.77 -0.72 -0.68 -0.69 -0.65 -0.60 -0.61 -0.65
-1.02 -0.96 -0.90 -0.84 -0.80 -0.75 -0.72 -0.72 -0.68 -0.63 -0.64 -0.68
-1.05 -0.98 -0.92 -0.86 -0.83 -0.77 -0.74 -0.75 -0.71 -0.66 -0.68 -0.72
-1.08 -1.01 -0.95 -0.88 -0.84 -0.79 -0.76 -0.77 -0.74 -0.70 -0.72 -0.77
-1.11 -1.04 -0.97 -0.90 -0.86 -0.81 -0.78 -0.80 -0.77 -0.73 -0.75 -0.79
-1.12 -1.04 -0.97 -0.90 -0.86 -0.81 -0.80 -0.81 -0.78 -0.75 -0.78 -0.82
-1.13 -1.05 -0.97 -0.90 -0.86 -0.80 -0.79 -0.81 -0.79 -0.76 -0.79 -0.84
-1.16 -1.08 -1.00 -0.92 -0.87 -0.81 -0.80 -0.82 -0.79 -0.77 -0.80 -0.84
-1.20 -1.11 -1.03 -0.94 -0.89 -0.82 -0.81 -0.83 -0.80 -0.78 -0.81 -0.85
-1.24 -1.15 -1.06 -0.97 -0.91 -0.84 -0.82 -0.83 -0.80 -0.78 -0.80 -0.84
-1.29 -1.19 -1.09 -1.00 -0.93 -0.85 -0.83 -0.83 -0.79 -0.76 -0.79 -0.82
-1.33 -1.22 -1.11 -1.01 -0.94 -0.86 -0.83 -0.82 -0.79 -0.76 -0.78 -0.81
-1.36 -1.24 -1.13 -1.02 -0.94 -0.85 -0.81 -0.80 -0.77 -0.74 -0.76 -0.79
-1.38 -1.26 -1.14 -1.02 -0.93 -0.84 -0.79 -0.78 -0.74 -0.71 -0.73 -0.76
-1.40 -1.27 -1.14 -1.03 -0.93 -0.84 -0.79 -0.77 -0.73 -0.69 -0.72 -0.74
-1.41 -1.27 -1.14 -1.03 -0.93 -0.84 -0.80 -0.77 -0.73 -0.70 -0.72 -0.75
-1.41 -1.27 -1.14 -1.03 -0.94 -0.86 -0.81 -0.79 -0.74 -0.70 -0.73 -0.76
-1.41 -1.27 -1.15 -1.04 -0.96 -0.87 -0.83 -0.80 -0.75 -0.71 -0.73 -0.76
-1.41 -1.27 -1.15 -1.04 -0.96 -0.89 -0.84 -0.82 -0.76 -0.72 -0.74 -0.78
-1.41 -1.27 -1.14 -1.04 -0.96 -0.89 -0.85 -0.83 -0.78 -0.73 -0.75 -0.78
-1.40 -1.26 -1.14 -1.04 -0.97 -0.90 -0.86 -0.84 -0.79 -0.74 -0.76 -0.78
-1.40 -1.26 -1.15 -1.05 -0.99 -0.93 -0.89 -0.87 -0.81 -0.76 -0.76 -0.78
-1.41 -1.28 -1.17 -1.08 -1.03 -0.97 -0.94 -0.92 -0.85 -0.79 -0.78 -0.79
-1.43 -1.31 -1.21 -1.12 -1.07 -1.02 -1.00 -0.97 -0.91 -0.83 -0.80 -0.79
-1.45 -1.35 -1.26 -1.17 -1.12 -1.07 -1.05 -1.02 -0.95 -0.86 -0.81 -0.78
-1.47 -1.38 -1.30 -1.22 -1.17 -1.12 -1.09 -1.06 -0.98 -0.88 -0.81 -0.76
-1.46 -1.39 -1.32 -1.25 -1.20 -1.15 -1.12 -1.08 -0.99 -0.87 -0.79 -0.73
-1.43 -1.38 -1.32 -1.26 -1.22 -1.17 -1.13 -1.09 -0.98 -0.85 -0.76 -0.68
-1.38 -1.35 -1.32 -1.26 -1.23 -1.17 -1.12 -1.06 -0.95 -0.81 -0.70 -0.62
-1.31 -1.31 -1.29 -1.25 -1.21 -1.15 -1.09 -1.01 -0.88 -0.74 -0.63 -0.54
-1.21 -1.22 -1.23 -1.19 -1.15 -1.08 -1.01 -0.93 -0.79 -0.64 -0.53 -0.44
-1.08 -1.11 -1.12 -1.09 -1.05 -0.98 -0.90 -0.81 -0.66 -0.51 -0.40 -0.32
-0.92 -0.96 -0.99 -0.97 -0.94 -0.86 -0.77 -0.66 -0.51 -0.36 -0.26 -0.19
-0.76 -0.81 -0.84 -0.83 -0.79 -0.71 -0.62 -0.50 -0.35 -0.20 -0.11 -0.05
-0.58 -0.63 -0.67 -0.65 -0.62 -0.53 -0.42 -0.30 -0.14  0.00  0.08  0.13
-0.40 -0.43 -0.46 -0.44 -0.40 -0.31 -0.19 -0.06  0.10  0.23  0.30  0.33
-0.20 -0.22 -0.24 -0.22 -0.17 -0.07  0.06  0.20  0.36  0.48  0.53  0.55
-0.02 -0.02 -0.03 -0.01  0.05  0.16  0.30  0.45  0.60  0.71  0.74  0.74
 0.11  0.12  0.12  0.15  0.20  0.33  0.48  0.64  0.80  0.90  0.91  0.89
 0.21  0.22  0.22  0.25  0.32  0.45  0.63  0.80  0.96  1.06  1.05  1.01
 0.30  0.31  0.31  0.34  0.41  0.56  0.75  0.94  1.11  1.20  1.18  1.13
 0.41  0.42  0.41  0.44  0.51  0.67  0.87  1.06  1.23  1.31  1.29  1.23
 0.52  0.52  0.51  0.54  0.62  0.77  0.98  1.17  1.32  1.39  1.36  1.30
 0.61  0.61  0.60  0.64  0.71  0.87  1.07  1.25  1.39  1.45  1.41  1.35
 0.67  0.68  0.69  0.73  0.81  0.96  1.15  1.32  1.44  1.49  1.45  1.39
 0.73  0.75  0.76  0.81  0.90  1.04  1.21  1.36  1.47  1.51  1.47  1.42
 0.79  0.81  0.83  0.89  0.97  1.10  1.26  1.39  1.49  1.53  1.49  1.45
 0.86  0.87  0.89  0.95  1.03  1.16  1.31  1.43  1.51  1.55  1.50  1.46
 0.94  0.93  0.94  0.99  1.07  1.20  1.34  1.45  1.53  1.56  1.52  1.48
 1.02  1.00  0.99  1.04  1.12  1.24  1.38  1.48  1.55  1.58  1.54  1.51
 1.09  1.06  1.04  1.08  1.16  1.27  1.41  1.50  1.56  1.59  1.55  1.52
 1.14  1.11  1.09  1.12  1.20  1.30  1.43  1.51  1.57  1.59  1.55  1.52
 1.18  1.14  1.12  1.15  1.22  1.31  1.43  1.51  1.56  1.58  1.54  1.51
 1.21  1.18  1.15  1.18  1.24  1.32  1.42  1.49  1.54  1.56  1.53  1.50
 1.25  1.21  1.19  1.21  1.26  1.33  1.42  1.48  1.52  1.54  1.50  1.47
 1.27  1.24  1.21  1.23  1.28  1.34  1.43  1.48  1.51  1.52  1.48  1.45
 1.29  1.26  1.24  1.26  1.31  1.36  1.45  1.50  1.52  1.52  1.48  1.45
 1.29  1.28  1.26  1.28  1.33  1.38  1.47  1.53  1.55  1.56  1.51  1.47
 1.30  1.29  1.28  1.30  1.35  1.41  1.49  1.55  1.58  1.59  1.54  1.51
 1.31  1.31  1.30  1.33  1.38  1.43  1.52  1.58  1.61  1.62  1.57  1.54
 1.32  1.32  1.31  1.35  1.40  1.45  1.53  1.59  1.61  1.61  1.57  1.53
 1.32  1.32  1.31  1.35  1.39  1.44  1.52  1.57  1.58  1.58  1.53  1.50
 1.30  1.30  1.29  1.33  1.37  1.41  1.48  1.53  1.54  1.54  1.50  1.48
 1.28  1.28  1.27  1.31  1.35  1.38  1.46  1.51  1.52  1.52  1.48  1.46
 1.27  1.27  1.27  1.30  1.34  1.37  1.45  1.49  1.50  1.50  1.47  1.45
 1.28  1.27  1.27  1.31  1.34  1.37  1.44  1.48  1.48  1.48  1.45  1.43
 1.28  1.28  1.28  1.31  1.34  1.37  1.43  1.47  1.46  1.46  1.43  1.41
 1.29  1.28  1.28  1.30  1.32  1.35  1.41  1.44  1.42  1.42  1.38  1.36
 1.27  1.26  1.26  1.27  1.29  1.31  1.36  1.39  1.37  1.36  1.32  1.30
 1.25  1.24  1.23  1.25  1.26  1.27  1.32  1.33  1.31  1.30  1.27  1.25
 1.25  1.24  1.23  1.22  1.22  1.22  1.26  1.26  1.24  1.23  1.20  1.18
 1.25  1.24  1.22  1.20  1.17  1.16  1.19  1.19  1.16  1.15  1.12  1.10
 1.22  1.20  1.18  1.16  1.13  1.11  1.14  1.12  1.09  1.08  1.05  1.03
 1.13  1.11  1.10  1.08  1.05  1.04  1.06  1.05  1.01  1.00  0.97  0.95
 1.04  1.03  1.01  1.00  0.97  0.95  0.97  0.95  0.92  0.91  0.89  0.87
 0.97  0.95  0.94  0.92  0.88  0.85  0.87  0.85  0.81  0.82  0.80  0.79
 0.90  0.88  0.86  0.84  0.79  0.77  0.79  0.76  0.73  0.74  0.72  0.71
 0.84  0.82  0.80  0.77  0.72  0.70  0.72  0.69  0.66  0.66  0.64  0.64
 0.79  0.77  0.75  0.72  0.67  0.64  0.66  0.63  0.60  0.60  0.58  0.58
 0.75  0.73  0.71  0.68  0.64  0.61  0.63  0.60  0.56  0.56  0.54  0.53
 0.73  0.71  0.69  0.67  0.62  0.59  0.62  0.58  0.54  0.54  0.52  0.52
 0.72  0.71  0.69  0.67  0.62  0.59  0.61  0.58  0.54  0.54  0.52  0.52
 0.73  0.71  0.69  0.67  0.63  0.60  0.62  0.58  0.54  0.54  0.52  0.53
 0.73  0.71  0.69  0.68  0.64  0.60  0.63  0.59  0.55  0.55  0.54  0.54
 0.73  0.72  0.70  0.68  0.64  0.61  0.64  0.60  0.56  0.56  0.55  0.55
 0.74  0.72  0.70  0.69  0.65  0.62  0.64  0.61  0.57  0.57  0.56  0.56
 0.73  0.72  0.70  0.68  0.65  0.62  0.64  0.61  0.58  0.58  0.56  0.57
 0.73  0.71  0.69  0.67  0.64  0.61  0.63  0.61  0.57  0.57  0.56  0.57
 0.72  0.70  0.68  0.66  0.63  0.60  0.62  0.60  0.57  0.57  0.56  0.57
 0.70  0.69  0.66  0.65  0.62  0.59  0.62  0.60  0.57  0.57  0.56  0.57
 0.68  0.66  0.64  0.63  0.60  0.58  0.60  0.59  0.56  0.56  0.55  0.56
 0.65  0.64  0.62  0.61  0.58  0.56  0.58  0.57  0.54  0.54  0.54  0.55
 0.62  0.61  0.59  0.58  0.56  0.54  0.56  0.55  0.53  0.52  0.52  0.53
 0.59  0.58  0.56  0.55  0.53  0.51  0.53  0.53  0.51  0.50  0.50  0.51
 0.55  0.55  0.53  0.53  0.51  0.49  0.51  0.51  0.49  0.49  0.49  0.50
 0.52  0.52  0.50  0.50  0.49  0.47  0.48  0.48  0.47  0.47  0.47  0.47
 0.50  0.49  0.48  0.47  0.46  0.44  0.46  0.46  0.45  0.44  0.45  0.45
 0.47  0.47  0.45  0.45  0.44  0.42  0.44  0.44  0.43  0.43  0.43  0.43
 0.45  0.45  0.43  0.43  0.42  0.41  0.42  0.43  0.42  0.42  0.42  0.42
 0.43  0.43  0.41  0.41  0.41  0.39  0.41  0.42  0.41  0.41  0.41  0.40
 0.40  0.41  0.39  0.39  0.39  0.38  0.39  0.41  0.40  0.40  0.39  0.39
 0.39  0.39  0.38  0.37  0.37  0.37  0.38  0.39  0.39  0.39  0.38  0.37
 0.37  0.37  0.36  0.36  0.36  0.35  0.36  0.38  0.38  0.37  0.37  0.36
 0.36  0.36  0.35  0.35  0.35  0.34  0.35  0.37  0.36  0.36  0.35  0.34
 0.34  0.35  0.34  0.34  0.34  0.33  0.34  0.36  0.35  0.35  0.34  0.33
 0.33  0.33  0.32  0.32  0.33  0.32  0.33  0.34  0.34  0.34  0.33  0.32
 0.31  0.31  0.30  0.30  0.31  0.31  0.31  0.32  0.32  0.32  0.31  0.30
 0.28  0.29  0.28  0.28  0.29  0.28  0.29  0.30  0.30  0.30  0.29  0.28
 0.26  0.26  0.25  0.26  0.26  0.26  0.26  0.27  0.27  0.27  0.26  0.25
 0.23  0.23  0.23  0.23  0.23  0.23  0.23  0.24  0.24  0.24  0.23  0.23
 0.20  0.20  0.19  0.19  0.20  0.20  0.20  0.21  0.21  0.21  0.20  0.19
 0.17  0.17  0.16  0.16  0.17  0.17  0.17  0.18  0.18  0.18  0.17  0.16
 0.14  0.14  0.14  0.14  0.14  0.14  0.14  0.15  0.15  0.15  0.14  0.14
 0.12  0.12  0.11  0.11  0.12  0.12  0.12  0.13  0.13  0.13  0.12  0.12
 0.09  0.09  0.09  0.09  0.09  0.09  0.10  0.10  0.11  0.11  0.10  0.09
 0.08  0.08  0.07  0.07  0.07  0.07  0.08  0.08  0.09  0.09  0.08  0.08
 0.06  0.06  0.06  0.06  0.06  0.06  0.06  0.07  0.07  0.07  0.07  0.06
 0.05  0.05  0.04  0.04  0.04  0.04  0.05  0.05  0.06  0.06  0.05  0.05
 0.04  0.03  0.03  0.03  0.03  0.03  0.03  0.04  0.04  0.04  0.04  0.04
 0.02  0.02  0.02  0.02  0.02  0.02  0.02  0.02  0.03  0.03  0.02  0.02
 0.02  0.02  0.01  0.01  0.01  0.01  0.01  0.02  0.02  0.02  0.01  0.01
 0.01  0.01  0.01  0.01  0.01  0.01  0.01  0.01  0.01  0.01  0.01  0.01
 0.01  0.01  0.00  0.00  0.00  0.00  0.00  0.00  0.01  0.01  0.00  0.00
 0.00  0.00  0.00  0.00  0.00  0.00  0.00  0.00  0.00  0.00  0.00  0.00
 0.00  0.00  0.00  0.00  0.00  0.00  0.00  0.00  0.00  0.00  0.00  0.00
 0.00  0.00  0.00  0.00  0.00  0.00  0.00  0.00  0.00  0.00  0.00  0.00
year 2012
  MMM   MMM   MMM   MMM   MMM   MMM   MMM   MMM   MMM   MMM   MMM   MMM
  MMM   MMM   MMM   MMM   MMM   MMM   MMM   MMM   MMM   MMM   MMM   MMM
  MMM   MMM   MMM   MMM   MMM   MMM   MMM   MMM   MMM   MMM   MMM   MMM
  MMM   MMM   MMM   MMM   MMM   MMM   MMM   MMM   MMM   MMM   MMM   MMM
  MMM   MMM   MMM   MMM   MMM   MMM   MMM   MMM   MMM   MMM   MMM   MMM
  MMM   MMM   MMM   MMM   MMM   MMM   MMM   MMM   MMM   MMM   MMM   MMM
  MMM   MMM   MMM   MMM   MMM   MMM   MMM   MMM   MMM   MMM   MMM   MMM
  MMM   MMM   MMM   MMM   MMM   MMM   MMM   MMM   MMM   MMM   MMM   MMM
  MMM   MMM   MMM   MMM   MMM   MMM   MMM   MMM   MMM   MMM   MMM   MMM
  MMM   MMM   MMM   MMM   MMM   MMM   MMM   MMM   MMM   MMM   MMM   MMM
  MMM   MMM   MMM   MMM   MMM   MMM   MMM   MMM   MMM   MMM   MMM   MMM
  MMM   MMM   MMM   MMM   MMM   MMM   MMM   MMM   MMM   MMM   MMM   MMM
  MMM   MMM   MMM   MMM   MMM   MMM   MMM   MMM   MMM   MMM   MMM   MMM
 0.00  0.00  0.00  0.00  0.00  0.00  0.00  0.00  0.00  0.00  0.00  0.00
-0.01 -0.01 -0.01 -0.01 -0.01 -0.01 -0.01 -0.01 -0.01 -0.01 -0.01 -0.01
-0.02 -0.02 -0.02 -0.02 -0.02 -0.02 -0.02 -0.02 -0.02 -0.02 -0.02 -0.02
-0.03 -0.03 -0.03 -0.03 -0.03 -0.03 -0.03 -0.03 -0.03 -0.03 -0.03 -0.03
-0.05 -0.05 -0.05 -0.05 -0.05 -0.05 -0.05 -0.05 -0.05 -0.05 -0.05 -0.05
-0.06 -0.07 -0.07 -0.07 -0.07 -0.07 -0.07 -0.07 -0.07 -0.06 -0.06 -0.06
-0.08 -0.08 -0.09 -0.09 -0.09 -0.09 -0.09 -0.09 -0.09 -0.08 -0.08 -0.08
-0.10 -0.10 -0.11 -0.11 -0.11 -0.12 -0.11 -0.11 -0.11 -0.10 -0.10 -0.10
-0.12 -0.13 -0.13 -0.13 -0.14 -0.14 -0.14 -0.13 -0.13 -0.13 -0.13 -0.13
-0.14 -0.15 -0.15 -0.16 -0.17 -0.17 -0.16 -0.16 -0.15 -0.15 -0.15 -0.15
-0.17 -0.18 -0.18 -0.19 -0.20 -0.20 -0.20 -0.19 -0.18 -0.18 -0.18 -0.18
-0.20 -0.21 -0.22 -0.22 -0.23 -0.24 -0.23 -0.22 -0.22 -0.21 -0.21 -0.21
-0.24 -0.24 -0.25 -0.26 -0.27 -0.27 -0.27 -0.26 -0.26 -0.25 -0.25 -0.25
-0.27 -0.28 -0.29 -0.29 -0.31 -0.31 -0.30 -0.29 -0.29 -0.29 -0.29 -0.28
-0.30 -0.31 -0.32 -0.33 -0.34 -0.34 -0.33 -0.32 -0.32 -0.32 -0.31 -0.31
-0.33 -0.34 -0.35 -0.35 -0.37 -0.37 -0.36 -0.35 -0.35 -0.35 -0.34 -0.34
-0.37 -0.37 -0.38 -0.38 -0.40 -0.40 -0.39 -0.37 -0.37 -0.37 -0.37 -0.36
-0.40 -0.40 -0.41 -0.41 -0.42 -0.43 -0.42 -0.40 -0.40 -0.40 -0.39 -0.39
-0.42 -0.42 -0.43 -0.43 -0.45 -0.46 -0.45 -0.43 -0.43 -0.43 -0.42 -0.41
-0.45 -0.45 -0.45 -0.46 -0.47 -0.48 -0.47 -0.45 -0.45 -0.45 -0.44 -0.42
-0.48 -0.47 -0.47 -0.48 -0.50 -0.51 -0.50 -0.48 -0.48 -0.47 -0.45 -0.44
-0.50 -0.49 -0.49 -0.49 -0.51 -0.53 -0.52 -0.50 -0.50 -0.49 -0.47 -0.45
-0.51 -0.50 -0.49 -0.50 -0.52 -0.54 -0.54 -0.52 -0.51 -0.50 -0.47 -0.45
-0.51 -0.50 -0.49 -0.51 -0.53 -0.56 -0.56 -0.53 -0.53 -0.52 -0.49 -0.46
-0.51 -0.50 -0.50 -0.51 -0.54 -0.57 -0.57 -0.54 -0.53 -0.52 -0.49 -0.46
-0.52 -0.51 -0.51 -0.52 -0.55 -0.57 -0.56 -0.53 -0.52 -0.51 -0.48 -0.44
-0.51 -0.51 -0.51 -0.52 -0.54 -0.56 -0.55 -0.51 -0.50 -0.50 -0.46 -0.42
-0.49 -0.49 -0.49 -0.50 -0.52 -0.54 -0.53 -0.49 -0.48 -0.47 -0.43 -0.39
-0.47 -0.48 -0.47 -0.47 -0.49 -0.51 -0.50 -0.46 -0.45 -0.44 -0.40 -0.35
-0.46 -0.47 -0.45 -0.45 -0.46 -0.48 -0.46 -0.42 -0.41 -0.41 -0.37 -0.32
-0.45 -0.45 -0.43 -0.43 -0.43 -0.44 -0.43 -0.38 -0.37 -0.37 -0.34 -0.30
-0.44 -0.44 -0.42 -0.42 -0.41 -0.42 -0.40 -0.35 -0.34 -0.34 -0.31 -0.26
-0.43 -0.44 -0.42 -0.40 -0.39 -0.39 -0.37 -0.32 -0.31 -0.31 -0.28 -0.23
-0.43 -0.44 -0.42 -0.40 -0.38 -0.38 -0.36 -0.31 -0.30 -0.31 -0.27 -0.22
-0.43 -0.44 -0.42 -0.40 -0.38 -0.38 -0.36 -0.31 -0.30 -0.31 -0.28 -0.22
-0.44 -0.45 -0.44 -0.42 -0.39 -0.39 -0.37 -0.32 -0.32 -0.34 -0.31 -0.26
-0.47 -0.48 -0.47 -0.45 -0.41 -0.41 -0.39 -0.35 -0.36 -0.38 -0.36 -0.30
-0.52 -0.54 -0.53 -0.51 -0.48 -0.48 -0.46 -0.41 -0.42 -0.44 -0.42 -0.36
-0.57 -0.60 -0.59 -0.58 -0.55 -0.56 -0.54 -0.50 -0.51 -0.53 -0.50 -0.43
-0.61 -0.64 -0.64 -0.63 -0.60 -0.61 -0.60 -0.57 -0.59 -0.61 -0.57 -0.49
-0.65 -0.68 -0.68 -0.66 -0.63 -0.64 -0.63 -0.60 -0.63 -0.65 -0.61 -0.53
-0.69 -0.72 -0.71 -0.69 -0.67 -0.68 -0.67 -0.64 -0.67 -0.68 -0.65 -0.58
-0.73 -0.75 -0.74 -0.72 -0.70 -0.71 -0.71 -0.68 -0.71 -0.73 -0.69 -0.62
-0.77 -0.79 -0.78 -0.77 -0.74 -0.76 -0.75 -0.72 -0.75 -0.76 -0.71 -0.65
-0.81 -0.84 -0.83 -0.81 -0.78 -0.80 -0.78 -0.75 -0.77 -0.77 -0.72 -0.65
-0.84 -0.87 -0.86 -0.84 -0.82 -0.84 -0.82 -0.79 -0.81 -0.80 -0.74 -0.67
-0.87 -0.90 -0.89 -0.88 -0.86 -0.87 -0.86 -0.82 -0.84 -0.82 -0.76 -0.69
-0.88 -0.92 -0.92 -0.91 -0.89 -0.91 -0.88 -0.85 -0.86 -0.84 -0.77 -0.70
-0.89 -0.92 -0.92 -0.91 -0.90 -0.92 -0.90 -0.87 -0.88 -0.86 -0.79 -0.73
-0.89 -0.92 -0.92 -0.91 -0.90 -0.93 -0.91 -0.88 -0.89 -0.87 -0.81 -0.75
-0.88 -0.91 -0.92 -0.91 -0.90 -0.93 -0.91 -0.88 -0.90 -0.87 -0.81 -0.76
-0.86 -0.90 -0.91 -0.91 -0.90 -0.92 -0.90 -0.88 -0.89 -0.87 -0.81 -0.76
-0.84 -0.88 -0.90 -0.90 -0.89 -0.91 -0.89 -0.87 -0.88 -0.85 -0.80 -0.76
-0.82 -0.85 -0.87 -0.88 -0.87 -0.90 -0.87 -0.85 -0.87 -0.84 -0.79 -0.75
-0.79 -0.83 -0.85 -0.86 -0.85 -0.88 -0.86 -0.83 -0.85 -0.82 -0.78 -0.73
-0.78 -0.82 -0.85 -0.86 -0.85 -0.88 -0.85 -0.82 -0.83 -0.80 -0.76 -0.72
-0.78 -0.83 -0.86 -0.87 -0.86 -0.88 -0.85 -0.82 -0.83 -0.80 -0.76 -0.72
-0.80 -0.84 -0.87 -0.88 -0.86 -0.88 -0.84 -0.81 -0.82 -0.79 -0.75 -0.72
-0.80 -0.85 -0.88 -0.89 -0.86 -0.88 -0.84 -0.81 -0.82 -0.79 -0.75 -0.72
-0.81 -0.86 -0.88 -0.89 -0.87 -0.88 -0.84 -0.81 -0.82 -0.79 -0.76 -0.73
-0.82 -0.86 -0.88 -0.89 -0.86 -0.88 -0.84 -0.81 -0.82 -0.80 -0.77 -0.75
-0.82 -0.85 -0.88 -0.88 -0.86 -0.87 -0.84 -0.81 -0.83 -0.81 -0.78 -0.76
-0.81 -0.84 -0.87 -0.87 -0.85 -0.86 -0.83 -0.80 -0.82 -0.80 -0.77 -0.75
-0.80 -0.83 -0.84 -0.84 -0.83 -0.84 -0.81 -0.78 -0.79 -0.78 -0.76 -0.75
-0.79 -0.80 -0.81 -0.81 -0.80 -0.81 -0.77 -0.74 -0.75 -0.75 -0.74 -0.74
-0.77 -0.77 -0.77 -0.76 -0.75 -0.76 -0.72 -0.69 -0.72 -0.72 -0.72 -0.72
-0.74 -0.72 -0.71 -0.70 -0.69 -0.70 -0.66 -0.64 -0.68 -0.70 -0.71 -0.71
-0.69 -0.66 -0.64 -0.63 -0.61 -0.63 -0.60 -0.60 -0.65 -0.69 -0.70 -0.70
-0.63 -0.59 -0.56 -0.55 -0.54 -0.55 -0.54 -0.55 -0.63 -0.68 -0.70 -0.69
-0.56 -0.51 -0.48 -0.47 -0.46 -0.48 -0.48 -0.51 -0.61 -0.68 -0.70 -0.68
-0.47 -0.43 -0.40 -0.40 -0.40 -0.42 -0.42 -0.46 -0.58 -0.65 -0.67 -0.65
-0.38 -0.34 -0.31 -0.32 -0.32 -0.35 -0.36 -0.41 -0.52 -0.60 -0.62 -0.59
-0.26 -0.23 -0.21 -0.22 -0.23 -0.26 -0.27 -0.33 -0.44 -0.51 -0.53 -0.49
-0.14 -0.11 -0.10 -0.11 -0.12 -0.16 -0.17 -0.22 -0.33 -0.39 -0.40 -0.36
-0.01  0.01  0.02  0.01 -0.00 -0.04 -0.05 -0.09 -0.18 -0.23 -0.23 -0.19
 0.16  0.17  0.18  0.16  0.15  0.11  0.11  0.08  0.00 -0.03 -0.02  0.01
 0.35  0.35  0.34  0.33  0.32  0.28  0.29  0.27  0.22  0.20  0.22  0.25
 0.54  0.53  0.52  0.50  0.49  0.47  0.48  0.48  0.45  0.44  0.46  0.50
 0.72  0.69  0.68  0.66  0.66  0.64  0.67  0.68  0.66  0.67  0.69  0.73
 0.85  0.82  0.81  0.80  0.80  0.78  0.81  0.84  0.83  0.85  0.88  0.91
 0.97  0.93  0.92  0.91  0.91  0.89  0.92  0.95  0.95  0.98  1.02  1.06
 1.08  1.04  1.03  1.02  1.02  1.00  1.02  1.04  1.05  1.09  1.13  1.17
 1.17  1.14  1.13  1.13  1.12  1.11  1.12  1.13  1.14  1.17  1.22  1.26
 1.25  1.22  1.22  1.22  1.23  1.20  1.21  1.21  1.20  1.23  1.28  1.31
 1.31  1.30  1.31  1.32  1.32  1.30  1.29  1.28  1.26  1.29  1.32  1.35
 1.37  1.37  1.39  1.39  1.40  1.37  1.37  1.35  1.32  1.34  1.38  1.40
 1.40  1.41  1.44  1.45  1.45  1.43  1.42  1.40  1.38  1.40  1.44  1.46
 1.43  1.45  1.48  1.49  1.49  1.46  1.46  1.44  1.42  1.45  1.49  1.51
 1.46  1.47  1.50  1.51  1.50  1.48  1.47  1.46  1.45  1.47  1.52  1.56
 1.48  1.50  1.53  1.53  1.51  1.49  1.48  1.47  1.47  1.50  1.55  1.60
 1.50  1.52  1.55  1.54  1.52  1.50  1.49  1.49  1.49  1.52  1.58  1.63
 1.52  1.53  1.55  1.54  1.52  1.49  1.49  1.49  1.49  1.52  1.58  1.64
 1.52  1.53  1.55  1.54  1.51  1.49  1.48  1.48  1.48  1.51  1.57  1.63
 1.51  1.52  1.54  1.52  1.50  1.48  1.47  1.46  1.46  1.48  1.54  1.61
 1.50  1.51  1.52  1.51  1.49  1.46  1.46  1.44  1.43  1.45  1.51  1.58
 1.47  1.49  1.50  1.49  1.47  1.45  1.45  1.43  1.42  1.44  1.50  1.56
 1.45  1.47  1.49  1.48  1.47  1.45  1.45  1.43  1.42  1.44  1.49  1.55
 1.45  1.46  1.48  1.48  1.47  1.45  1.45  1.43  1.42  1.43  1.48  1.52
 1.47  1.47  1.49  1.48  1.47  1.46  1.45  1.42  1.40  1.41  1.45  1.49
 1.50  1.49  1.50  1.50  1.48  1.46  1.44  1.41  1.39  1.39  1.42  1.45
 1.52  1.51  1.52  1.51  1.49  1.46  1.43  1.39  1.36  1.35  1.38  1.41
 1.51  1.50  1.51  1.50  1.48  1.44  1.41  1.36  1.32  1.32  1.35  1.37
 1.49  1.48  1.49  1.49  1.47  1.44  1.40  1.34  1.31  1.30  1.34  1.36
 1.47  1.46  1.48  1.48  1.46  1.43  1.39  1.33  1.30  1.29  1.33  1.35
 1.46  1.46  1.48  1.48  1.45  1.42  1.38  1.32  1.29  1.28  1.31  1.34
 1.45  1.45  1.47  1.47  1.44  1.41  1.36  1.30  1.27  1.26  1.29  1.31
 1.43  1.43  1.45  1.44  1.42  1.38  1.33  1.27  1.24  1.24  1.27  1.29
 1.40  1.41  1.42  1.42  1.39  1.35  1.30  1.24  1.21  1.21  1.24  1.26
 1.36  1.37  1.38  1.39  1.36  1.32  1.27  1.21  1.19  1.20  1.23  1.25
 1.31  1.32  1.34  1.35  1.34  1.30  1.25  1.20  1.17  1.18  1.22  1.24
 1.25  1.27  1.30  1.31  1.30  1.27  1.22  1.16  1.14  1.15  1.18  1.20
 1.18  1.19  1.22  1.25  1.25  1.22  1.18  1.12  1.10  1.11  1.14  1.16
 1.10  1.12  1.15  1.18  1.20  1.17  1.13  1.07  1.05  1.06  1.08  1.10
 1.03  1.05  1.09  1.12  1.14  1.12  1.08  1.02  1.00  1.00  1.03  1.05
 0.96  0.98  1.02  1.06  1.08  1.06  1.02  0.97  0.95  0.95  0.97  1.00
 0.88  0.91  0.96  1.00  1.03  1.01  0.97  0.93  0.91  0.91  0.93  0.95
 0.80  0.84  0.89  0.94  0.97  0.96  0.93  0.89  0.86  0.86  0.88  0.90
 0.73  0.77  0.81  0.87  0.91  0.91  0.87  0.83  0.81  0.81  0.83  0.85
 0.66  0.70  0.75  0.81  0.86  0.85  0.82  0.78  0.77  0.77  0.79  0.81
 0.60  0.64  0.69  0.75  0.80  0.81  0.77  0.74  0.73  0.74  0.77  0.78
 0.56  0.60  0.65  0.72  0.77  0.78  0.75  0.73  0.73  0.74  0.77  0.79
 0.54  0.58  0.63  0.70  0.76  0.78  0.75  0.74  0.74  0.75  0.78  0.79
 0.54  0.58  0.63  0.70  0.76  0.77  0.75  0.74  0.74  0.75  0.78  0.79
 0.55  0.59  0.64  0.70  0.76  0.78  0.75  0.74  0.75  0.76  0.78  0.79
 0.56  0.60  0.65  0.71  0.77  0.78  0.76  0.75  0.76  0.77  0.79  0.80
 0.57  0.61  0.66  0.72  0.77  0.79  0.76  0.76  0.77  0.78  0.80  0.80
 0.58  0.62  0.66  0.72  0.77  0.79  0.76  0.76  0.77  0.78  0.80  0.80
 0.59  0.62  0.66  0.72  0.77  0.78  0.76  0.75  0.76  0.77  0.79  0.79
 0.59  0.62  0.66  0.71  0.76  0.77  0.74  0.74  0.75  0.76  0.78  0.78
 0.59  0.62  0.66  0.71  0.75  0.76  0.73  0.73  0.74  0.75  0.76  0.76
 0.59  0.62  0.66  0.70  0.74  0.75  0.72  0.71  0.72  0.73  0.74  0.74
 0.58  0.61  0.64  0.68  0.72  0.73  0.70  0.70  0.71  0.72  0.72  0.72
 0.56  0.59  0.62  0.66  0.70  0.71  0.68  0.68  0.69  0.70  0.70  0.70
 0.55  0.57  0.60  0.63  0.67  0.68  0.65  0.65  0.67  0.68  0.68  0.68
 0.53  0.55  0.57  0.60  0.64  0.65  0.63  0.62  0.64  0.65  0.65  0.65
 0.51  0.53  0.55  0.58  0.61  0.61  0.60  0.59  0.61  0.62  0.62  0.62
 0.48  0.50  0.52  0.54  0.57  0.58  0.56  0.56  0.57  0.58  0.58  0.58
 0.46  0.47  0.49  0.51  0.53  0.54  0.52  0.52  0.53  0.54  0.54  0.54
 0.44  0.45  0.46  0.48  0.50  0.51  0.49  0.48  0.50  0.50  0.50  0.50
 0.42  0.43  0.44  0.45  0.47  0.48  0.46  0.45  0.46  0.47  0.47  0.47
 0.40  0.41  0.42  0.43  0.45  0.45  0.44  0.43  0.43  0.44  0.44  0.44
 0.38  0.39  0.40  0.42  0.43  0.43  0.42  0.40  0.41  0.42  0.41  0.42
 0.37  0.38  0.39  0.40  0.41  0.41  0.40  0.38  0.39  0.39  0.39  0.40
 0.36  0.36  0.37  0.39  0.40  0.40  0.39  0.37  0.37  0.38  0.38  0.38
 0.34  0.35  0.36  0.37  0.38  0.38  0.37  0.36  0.36  0.36  0.36  0.37
 0.33  0.34  0.35  0.36  0.37  0.37  0.35  0.34  0.34  0.35  0.35  0.35
 0.32  0.32  0.33  0.34  0.35  0.35  0.34  0.32  0.33  0.33  0.33  0.33
 0.30  0.31  0.31  0.32  0.33  0.33  0.32  0.31  0.31  0.31  0.31  0.31
 0.28  0.28  0.29  0.30  0.30  0.30  0.29  0.28  0.29  0.29  0.29  0.29
 0.25  0.26  0.26  0.27  0.27  0.27  0.27  0.26  0.26  0.26  0.26  0.27
 0.22  0.23  0.23  0.24  0.25  0.24  0.24  0.24  0.24  0.24  0.24  0.24
 0.19  0.20  0.20  0.21  0.21  0.21  0.21  0.21  0.21  0.21  0.21  0.21
 0.16  0.17  0.17  0.18  0.18  0.18  0.18  0.18  0.18  0.18  0.18  0.19
 0.14  0.14  0.14  0.15  0.16  0.15  0.15  0.15  0.16  0.15  0.15  0.16
 0.11  0.12  0.12  0.13  0.13  0.13  0.13  0.13  0.13  0.13  0.13  0.13
 0.09  0.10  0.10  0.10  0.11  0.11  0.11  0.11  0.11  0.10  0.10  0.11
 0.08  0.08  0.08  0.08  0.09  0.09  0.09  0.09  0.08  0.08  0.08  0.08
 0.06  0.06  0.07  0.07  0.07  0.07  0.07  0.07  0.07  0.07  0.06  0.07
 0.05  0.05  0.05  0.06  0.06  0.06  0.06  0.05  0.05  0.05  0.05  0.05
 0.04  0.04  0.04  0.04  0.04  0.04  0.04  0.04  0.04  0.04  0.04  0.04
 0.02  0.02  0.03  0.03  0.03  0.03  0.03  0.03  0.03  0.03  0.03  0.03
 0.01  0.02  0.02  0.02  0.02  0.02  0.02  0.02  0.02  0.02  0.02  0.02
 0.01  0.01  0.01  0.01  0.01  0.01  0.01  0.01  0.01  0.01  0.01  0.01
 0.00  0.00  0.00  0.01  0.01  0.00  0.00  0.00  0.00  0.01  0.01  0.01
 0.00  0.00  0.00  0.00  0.00  0.00  0.00  0.00  0.00  0.00  0.00  0.00
 0.00  0.00  0.00  0.00  0.00  0.00  0.00  0.00  0.00  0.00  0.00  0.00
 0.00  0.00  0.00  0.00  0.00  0.00  0.00  0.00  0.00  0.00  0.00  0.00
year 2013
  MMM   MMM   MMM   MMM   MMM   MMM   MMM   MMM   MMM   MMM   MMM   MMM
  MMM   MMM   MMM   MMM   MMM   MMM   MMM   MMM   MMM   MMM   MMM   MMM
  MMM   MMM   MMM   MMM   MMM   MMM   MMM   MMM   MMM   MMM   MMM   MMM
  MMM   MMM   MMM   MMM   MMM   MMM   MMM   MMM   MMM   MMM   MMM   MMM
  MMM   MMM   MMM   MMM   MMM   MMM   MMM   MMM   MMM   MMM   MMM   MMM
  MMM   MMM   MMM   MMM   MMM   MMM   MMM   MMM   MMM   MMM   MMM   MMM
  MMM   MMM   MMM   MMM   MMM   MMM   MMM   MMM   MMM   MMM   MMM   MMM
  MMM   MMM   MMM   MMM   MMM   MMM   MMM   MMM   MMM   MMM   MMM   MMM
  MMM   MMM   MMM   MMM   MMM   MMM   MMM   MMM   MMM   MMM   MMM   MMM
  MMM   MMM   MMM   MMM   MMM   MMM   MMM   MMM   MMM   MMM   MMM   MMM
  MMM   MMM   MMM   MMM   MMM   MMM   MMM   MMM   MMM   MMM   MMM   MMM
  MMM   MMM   MMM   MMM   MMM   MMM   MMM   MMM   MMM   MMM   MMM   MMM
  MMM   MMM   MMM   MMM   MMM   MMM   MMM   MMM   MMM   MMM   MMM   MMM
 0.00  0.00  0.00  0.00  0.00  0.00  0.00  0.00  0.00  0.00  0.00  0.00
-0.01 -0.01 -0.01 -0.01 -0.01 -0.01 -0.01 -0.01 -0.01 -0.01 -0.01 -0.01
-0.02 -0.01 -0.02 -0.02 -0.02 -0.02 -0.02 -0.01 -0.01 -0.01 -0.01 -0.01
-0.03 -0.03 -0.03 -0.03 -0.03 -0.03 -0.03 -0.03 -0.03 -0.03 -0.02 -0.02
-0.04 -0.04 -0.04 -0.04 -0.04 -0.04 -0.04 -0.04 -0.04 -0.04 -0.04 -0.04
-0.06 -0.06 -0.06 -0.06 -0.06 -0.06 -0.06 -0.05 -0.05 -0.05 -0.05 -0.05
-0.08 -0.08 -0.08 -0.08 -0.07 -0.07 -0.07 -0.07 -0.07 -0.07 -0.07 -0.07
-0.10 -0.10 -0.10 -0.10 -0.09 -0.09 -0.09 -0.09 -0.09 -0.09 -0.09 -0.09
-0.12 -0.12 -0.12 -0.12 -0.11 -0.11 -0.11 -0.11 -0.10 -0.11 -0.10 -0.10
-0.15 -0.14 -0.14 -0.14 -0.13 -0.13 -0.13 -0.13 -0.12 -0.12 -0.12 -0.12
-0.18 -0.17 -0.17 -0.16 -0.15 -0.15 -0.16 -0.15 -0.15 -0.15 -0.15 -0.15
-0.21 -0.21 -0.20 -0.20 -0.18 -0.19 -0.19 -0.19 -0.18 -0.18 -0.19 -0.19
-0.25 -0.25 -0.24 -0.23 -0.22 -0.22 -0.23 -0.22 -0.22 -0.22 -0.22 -0.23
-0.28 -0.28 -0.27 -0.26 -0.24 -0.25 -0.26 -0.25 -0.25 -0.25 -0.25 -0.26
-0.31 -0.30 -0.30 -0.28 -0.27 -0.27 -0.28 -0.28 -0.27 -0.28 -0.28 -0.29
-0.34 -0.33 -0.33 -0.31 -0.30 -0.30 -0.32 -0.31 -0.30 -0.31 -0.31 -0.32
-0.36 -0.36 -0.35 -0.34 -0.32 -0.33 -0.35 -0.34 -0.33 -0.33 -0.34 -0.35
-0.39 -0.39 -0.38 -0.36 -0.35 -0.35 -0.37 -0.37 -0.36 -0.36 -0.36 -0.37
-0.41 -0.41 -0.40 -0.38 -0.36 -0.37 -0.39 -0.39 -0.38 -0.38 -0.38 -0.40
-0.42 -0.42 -0.41 -0.39 -0.37 -0.38 -0.40 -0.40 -0.39 -0.39 -0.40 -0.41
-0.43 -0.43 -0.42 -0.39 -0.37 -0.38 -0.40 -0.40 -0.40 -0.40 -0.41 -0.42
-0.44 -0.44 -0.42 -0.40 -0.38 -0.38 -0.40 -0.40 -0.40 -0.40 -0.42 -0.43
-0.44 -0.44 -0.42 -0.40 -0.38 -0.38 -0.40 -0.41 -0.40 -0.41 -0.43 -0.45
-0.45 -0.44 -0.42 -0.39 -0.37 -0.38 -0.40 -0.41 -0.41 -0.42 -0.44 -0.46
-0.44 -0.43 -0.41 -0.37 -0.35 -0.36 -0.39 -0.40 -0.41 -0.42 -0.44 -0.46
-0.41 -0.40 -0.38 -0.35 -0.34 -0.35 -0.38 -0.39 -0.40 -0.41 -0.44 -0.46
-0.39 -0.37 -0.35 -0.33 -0.31 -0.33 -0.36 -0.38 -0.39 -0.40 -0.43 -0.46
-0.36 -0.34 -0.33 -0.30 -0.29 -0.30 -0.34 -0.36 -0.37 -0.38 -0.41 -0.43
-0.32 -0.31 -0.30 -0.27 -0.27 -0.28 -0.32 -0.34 -0.35 -0.35 -0.38 -0.39
-0.29 -0.28 -0.27 -0.25 -0.25 -0.26 -0.30 -0.32 -0.32 -0.32 -0.33 -0.35
-0.26 -0.25 -0.24 -0.22 -0.22 -0.24 -0.27 -0.29 -0.28 -0.28 -0.29 -0.31
-0.23 -0.21 -0.21 -0.19 -0.19 -0.21 -0.25 -0.27 -0.26 -0.25 -0.27 -0.29
-0.19 -0.18 -0.18 -0.17 -0.18 -0.20 -0.24 -0.26 -0.25 -0.24 -0.27 -0.28
-0.17 -0.15 -0.15 -0.14 -0.16 -0.19 -0.22 -0.25 -0.24 -0.24 -0.25 -0.26
-0.17 -0.15 -0.14 -0.13 -0.15 -0.18 -0.22 -0.24 -0.24 -0.24 -0.25 -0.26
-0.20 -0.17 -0.15 -0.14 -0.16 -0.19 -0.23 -0.25 -0.25 -0.25 -0.27 -0.28
-0.24 -0.21 -0.19 -0.17 -0.20 -0.23 -0.27 -0.30 -0.30 -0.29 -0.30 -0.31
-0.29 -0.25 -0.23 -0.21 -0.24 -0.27 -0.32 -0.36 -0.36 -0.35 -0.35 -0.35
-0.35 -0.30 -0.28 -0.25 -0.28 -0.31 -0.35 -0.39 -0.39 -0.38 -0.39 -0.39
-0.40 -0.36 -0.33 -0.31 -0.33 -0.36 -0.39 -0.43 -0.43 -0.42 -0.42 -0.42
-0.45 -0.41 -0.39 -0.37 -0.39 -0.42 -0.46 -0.49 -0.49 -0.48 -0.48 -0.47
-0.50 -0.47 -0.45 -0.44 -0.46 -0.49 -0.52 -0.55 -0.54 -0.52 -0.52 -0.51
-0.55 -0.52 -0.51 -0.50 -0.53 -0.55 -0.57 -0.59 -0.58 -0.56 -0.56 -0.54
-0.58 -0.55 -0.54 -0.53 -0.55 -0.58 -0.60 -0.62 -0.60 -0.58 -0.57 -0.56
-0.59 -0.56 -0.55 -0.54 -0.56 -0.59 -0.61 -0.62 -0.60 -0.57 -0.57 -0.56
-0.60 -0.57 -0.56 -0.55 -0.57 -0.59 -0.61 -0.62 -0.59 -0.57 -0.56 -0.55
-0.62 -0.59 -0.58 -0.56 -0.58 -0.60 -0.62 -0.62 -0.60 -0.57 -0.57 -0.56
-0.64 -0.61 -0.59 -0.58 -0.60 -0.61 -0.63 -0.63 -0.60 -0.57 -0.57 -0.57
-0.67 -0.64 -0.62 -0.61 -0.62 -0.63 -0.64 -0.63 -0.60 -0.57 -0.57 -0.57
-0.69 -0.66 -0.65 -0.63 -0.64 -0.64 -0.64 -0.63 -0.60 -0.57 -0.58 -0.57
-0.70 -0.67 -0.65 -0.62 -0.63 -0.64 -0.64 -0.63 -0.60 -0.58 -0.58 -0.58
-0.71 -0.68 -0.65 -0.62 -0.63 -0.63 -0.63 -0.62 -0.60 -0.58 -0.58 -0.58
-0.71 -0.69 -0.65 -0.62 -0.63 -0.63 -0.62 -0.60 -0.59 -0.57 -0.57 -0.57
-0.71 -0.69 -0.65 -0.62 -0.62 -0.63 -0.62 -0.60 -0.59 -0.57 -0.57 -0.57
-0.70 -0.68 -0.64 -0.61 -0.62 -0.62 -0.62 -0.61 -0.60 -0.59 -0.58 -0.58
-0.69 -0.68 -0.64 -0.61 -0.62 -0.63 -0.62 -0.61 -0.61 -0.60 -0.59 -0.59
-0.70 -0.69 -0.65 -0.62 -0.63 -0.64 -0.63 -0.62 -0.61 -0.61 -0.60 -0.59
-0.70 -0.69 -0.67 -0.64 -0.65 -0.66 -0.66 -0.65 -0.64 -0.63 -0.62 -0.61
-0.71 -0.71 -0.68 -0.66 -0.67 -0.69 -0.69 -0.68 -0.68 -0.67 -0.67 -0.66
-0.72 -0.73 -0.70 -0.68 -0.70 -0.71 -0.72 -0.72 -0.72 -0.72 -0.71 -0.71
-0.74 -0.75 -0.73 -0.71 -0.73 -0.74 -0.75 -0.75 -0.75 -0.75 -0.75 -0.75
-0.75 -0.77 -0.75 -0.73 -0.76 -0.78 -0.79 -0.78 -0.78 -0.79 -0.79 -0.79
-0.76 -0.77 -0.76 -0.74 -0.78 -0.80 -0.81 -0.81 -0.81 -0.81 -0.82 -0.82
-0.76 -0.77 -0.76 -0.75 -0.78 -0.81 -0.82 -0.82 -0.82 -0.82 -0.83 -0.83
-0.75 -0.77 -0.75 -0.74 -0.77 -0.81 -0.82 -0.82 -0.82 -0.82 -0.83 -0.84
-0.74 -0.75 -0.73 -0.72 -0.76 -0.79 -0.81 -0.81 -0.80 -0.81 -0.82 -0.84
-0.71 -0.72 -0.70 -0.69 -0.73 -0.77 -0.79 -0.78 -0.78 -0.78 -0.79 -0.83
-0.69 -0.68 -0.65 -0.64 -0.69 -0.73 -0.76 -0.75 -0.74 -0.74 -0.76 -0.82
-0.67 -0.64 -0.60 -0.59 -0.64 -0.69 -0.72 -0.72 -0.71 -0.70 -0.73 -0.80
-0.64 -0.60 -0.55 -0.54 -0.59 -0.64 -0.68 -0.68 -0.67 -0.67 -0.71 -0.78
-0.59 -0.54 -0.48 -0.47 -0.53 -0.59 -0.63 -0.64 -0.63 -0.63 -0.67 -0.75
-0.53 -0.47 -0.41 -0.40 -0.45 -0.52 -0.56 -0.58 -0.57 -0.58 -0.62 -0.70
-0.44 -0.37 -0.30 -0.29 -0.35 -0.42 -0.47 -0.49 -0.50 -0.51 -0.55 -0.64
-0.31 -0.24 -0.18 -0.17 -0.23 -0.30 -0.35 -0.39 -0.41 -0.42 -0.47 -0.56
-0.14 -0.08 -0.03 -0.02 -0.09 -0.16 -0.22 -0.27 -0.31 -0.33 -0.38 -0.46
 0.06  0.11  0.15  0.15  0.08  0.00 -0.07 -0.13 -0.18 -0.22 -0.26 -0.33
 0.28  0.32  0.36  0.35  0.27  0.19  0.11  0.03 -0.03 -0.07 -0.12 -0.17
 0.52  0.55  0.57  0.55  0.47  0.38  0.30  0.21  0.13  0.09  0.06  0.02
 0.74  0.76  0.77  0.74  0.65  0.56  0.47  0.37  0.28  0.23  0.21  0.19
 0.92  0.93  0.93  0.89  0.80  0.71  0.61  0.50  0.39  0.34  0.33  0.32
 1.06  1.06  1.05  1.01  0.93  0.83  0.73  0.60  0.48  0.42  0.41  0.41
 1.18  1.16  1.15  1.11  1.03  0.94  0.83  0.70  0.57  0.51  0.50  0.50
 1.26  1.24  1.22  1.17  1.09  1.01  0.91  0.78  0.66  0.60  0.59  0.60
 1.30  1.28  1.25  1.20  1.12  1.05  0.96  0.84  0.74  0.70  0.71  0.72
 1.33  1.30  1.26  1.21  1.13  1.06  0.98  0.88  0.81  0.80  0.82  0.84
 1.38  1.33  1.28  1.22  1.14  1.08  1.01  0.93  0.89  0.89  0.93  0.95
 1.43  1.38  1.32  1.25  1.17  1.12  1.06  1.00  0.97  1.00  1.04  1.07
 1.49  1.43  1.37  1.29  1.22  1.18  1.14  1.10  1.08  1.12  1.17  1.20
 1.54  1.50  1.44  1.37  1.30  1.27  1.24  1.21  1.20  1.24  1.29  1.32
 1.60  1.57  1.53  1.47  1.41  1.38  1.36  1.33  1.32  1.35  1.40  1.42
 1.64  1.63  1.61  1.57  1.52  1.49  1.47  1.43  1.43  1.45  1.49  1.51
 1.66  1.67  1.67  1.64  1.61  1.58  1.56  1.53  1.52  1.54  1.56  1.58
 1.66  1.69  1.70  1.69  1.68  1.66  1.64  1.61  1.60  1.62  1.63  1.64
 1.64  1.68  1.71  1.72  1.72  1.71  1.70  1.68  1.68  1.69  1.70  1.70
 1.62  1.66  1.70  1.72  1.73  1.74  1.74  1.74  1.74  1.75  1.75  1.75
 1.59  1.63  1.68  1.71  1.73  1.74  1.75  1.76  1.77  1.79  1.79  1.79
 1.57  1.61  1.65  1.67  1.70  1.72  1.73  1.75  1.77  1.79  1.79  1.80
 1.54  1.57  1.61  1.63  1.65  1.67  1.69  1.72  1.74  1.77  1.77  1.79
 1.50  1.53  1.56  1.58  1.60  1.62  1.65  1.68  1.71  1.73  1.74  1.77
 1.46  1.48  1.51  1.53  1.55  1.57  1.60  1.62  1.65  1.68  1.69  1.71
 1.41  1.44  1.46  1.48  1.49  1.51  1.54  1.57  1.60  1.63  1.64  1.66
 1.37  1.40  1.41  1.43  1.45  1.47  1.50  1.54  1.57  1.60  1.61  1.64
 1.36  1.38  1.39  1.40  1.42  1.45  1.48  1.52  1.55  1.58  1.60  1.62
 1.35  1.37  1.38  1.39  1.42  1.44  1.48  1.51  1.54  1.57  1.57  1.59
 1.33  1.35  1.36  1.38  1.40  1.43  1.46  1.49  1.52  1.55  1.55  1.56
 1.31  1.32  1.33  1.35  1.38  1.41  1.44  1.47  1.50  1.53  1.53  1.53
 1.29  1.30  1.31  1.33  1.35  1.39  1.42  1.45  1.48  1.50  1.49  1.49
 1.27  1.28  1.29  1.31  1.33  1.37  1.41  1.44  1.46  1.48  1.47  1.46
 1.26  1.28  1.28  1.30  1.33  1.36  1.40  1.43  1.45  1.46  1.45  1.44
 1.25  1.26  1.27  1.28  1.31  1.34  1.38  1.41  1.43  1.44  1.43  1.42
 1.21  1.23  1.24  1.24  1.26  1.30  1.34  1.37  1.39  1.40  1.38  1.38
 1.17  1.18  1.19  1.19  1.21  1.24  1.27  1.30  1.32  1.32  1.31  1.30
 1.11  1.12  1.12  1.12  1.14  1.17  1.20  1.23  1.25  1.25  1.23  1.23
 1.06  1.08  1.08  1.08  1.09  1.12  1.15  1.18  1.19  1.19  1.18  1.18
 1.01  1.03  1.03  1.02  1.02  1.05  1.08  1.11  1.12  1.12  1.10  1.10
 0.96  0.97  0.97  0.95  0.94  0.95  0.98  1.00  1.02  1.02  1.00  1.01
 0.91  0.91  0.90  0.87  0.86  0.87  0.89  0.92  0.93  0.92  0.91  0.91
 0.85  0.86  0.85  0.81  0.79  0.79  0.81  0.83  0.84  0.83  0.81  0.82
 0.81  0.81  0.79  0.75  0.72  0.72  0.74  0.75  0.76  0.74  0.73  0.73
 0.79  0.79  0.76  0.72  0.69  0.70  0.71  0.72  0.72  0.70  0.68  0.69
 0.79  0.79  0.77  0.73  0.69  0.69  0.70  0.70  0.70  0.68  0.66  0.67
 0.80  0.79  0.77  0.73  0.69  0.68  0.68  0.68  0.68  0.66  0.65  0.66
 0.79  0.79  0.77  0.73  0.69  0.68  0.68  0.68  0.68  0.66  0.64  0.65
 0.79  0.78  0.77  0.73  0.69  0.68  0.68  0.68  0.68  0.66  0.65  0.66
 0.80  0.79  0.78  0.73  0.69  0.69  0.69  0.68  0.68  0.66  0.65  0.66
 0.80  0.80  0.78  0.73  0.70  0.69  0.69  0.68  0.68  0.67  0.65  0.67
 0.80  0.80  0.78  0.74  0.70  0.70  0.69  0.68  0.68  0.67  0.66  0.68
 0.79  0.78  0.77  0.73  0.69  0.69  0.69  0.68  0.68  0.67  0.66  0.68
 0.77  0.77  0.75  0.71  0.68  0.69  0.69  0.68  0.68  0.67  0.66  0.68
 0.75  0.75  0.73  0.69  0.66  0.67  0.67  0.66  0.66  0.66  0.66  0.67
 0.73  0.73  0.71  0.68  0.65  0.66  0.66  0.65  0.64  0.64  0.64  0.66
 0.72  0.71  0.70  0.66  0.63  0.64  0.64  0.63  0.63  0.63  0.63  0.64
 0.70  0.69  0.68  0.65  0.62  0.63  0.63  0.62  0.62  0.62  0.61  0.63
 0.67  0.67  0.66  0.63  0.60  0.62  0.62  0.60  0.60  0.60  0.60  0.61
 0.65  0.64  0.63  0.60  0.58  0.60  0.60  0.58  0.58  0.58  0.58  0.59
 0.62  0.61  0.60  0.58  0.56  0.57  0.57  0.56  0.55  0.55  0.55  0.57
 0.58  0.57  0.57  0.54  0.52  0.54  0.54  0.53  0.52  0.52  0.53  0.54
 0.54  0.54  0.53  0.51  0.49  0.51  0.51  0.50  0.49  0.49  0.50  0.52
 0.50  0.50  0.50  0.48  0.46  0.47  0.48  0.47  0.46  0.47  0.47  0.49
 0.47  0.47  0.47  0.45  0.43  0.44  0.45  0.45  0.44  0.44  0.45  0.47
 0.44  0.44  0.44  0.43  0.41  0.42  0.43  0.43  0.42  0.43  0.43  0.45
 0.42  0.42  0.42  0.41  0.39  0.41  0.42  0.41  0.41  0.41  0.42  0.43
 0.40  0.41  0.41  0.39  0.38  0.39  0.40  0.40  0.39  0.39  0.40  0.41
 0.39  0.39  0.39  0.38  0.36  0.38  0.39  0.38  0.38  0.38  0.39  0.40
 0.38  0.38  0.38  0.37  0.35  0.37  0.38  0.37  0.37  0.37  0.37  0.38
 0.36  0.37  0.36  0.35  0.34  0.36  0.36  0.36  0.35  0.35  0.36  0.37
 0.34  0.35  0.35  0.34  0.33  0.34  0.35  0.35  0.34  0.34  0.35  0.36
 0.32  0.33  0.33  0.32  0.31  0.32  0.33  0.33  0.32  0.32  0.33  0.34
 0.30  0.31  0.31  0.30  0.29  0.30  0.31  0.30  0.30  0.30  0.31  0.32
 0.28  0.28  0.28  0.28  0.27  0.28  0.28  0.28  0.27  0.27  0.28  0.29
 0.25  0.26  0.26  0.25  0.24  0.25  0.25  0.25  0.24  0.25  0.25  0.26
 0.22  0.23  0.23  0.23  0.22  0.23  0.23  0.22  0.22  0.22  0.23  0.23
 0.20  0.20  0.20  0.20  0.19  0.20  0.20  0.20  0.19  0.20  0.20  0.20
 0.17  0.17  0.18  0.17  0.16  0.17  0.17  0.17  0.16  0.17  0.17  0.18
 0.14  0.14  0.15  0.14  0.14  0.14  0.15  0.14  0.14  0.14  0.15  0.15
 0.11  0.12  0.12  0.12  0.12  0.12  0.12  0.12  0.11  0.12  0.12  0.13
 0.09  0.09  0.10  0.10  0.09  0.10  0.10  0.10  0.09  0.10  0.10  0.10
 0.07  0.08  0.08  0.08  0.08  0.08  0.08  0.08  0.08  0.08  0.08  0.09
 0.05  0.06  0.06  0.06  0.06  0.06  0.06  0.06  0.06  0.06  0.07  0.07
 0.04  0.04  0.05  0.04  0.04  0.04  0.05  0.04  0.04  0.05  0.05  0.05
 0.03  0.03  0.03  0.03  0.03  0.03  0.03  0.03  0.03  0.03  0.03  0.03
 0.02  0.02  0.02  0.02  0.02  0.02  0.02  0.02  0.02  0.02  0.02  0.02
 0.01  0.01  0.01  0.01  0.01  0.02  0.02  0.02  0.01  0.01  0.02  0.02
 0.01  0.01  0.01  0.01  0.01  0.01  0.01  0.01  0.01  0.01  0.01  0.01
 0.00  0.01  0.01  0.01  0.01  0.01  0.01  0.01  0.01  0.01  0.01  0.01
 0.00  0.00  0.00  0.00  0.00  0.00  0.00  0.00  0.00  0.00  0.00  0.00
 0.00  0.00  0.00  0.00  0.00  0.00  0.00  0.00  0.00  0.00  0.00  0.00
year 2014
  MMM   MMM   MMM   MMM   MMM   MMM   MMM   MMM   MMM   MMM   MMM   MMM
  MMM   MMM   MMM   MMM   MMM   MMM   MMM   MMM   MMM   MMM   MMM   MMM
  MMM   MMM   MMM   MMM   MMM   MMM   MMM   MMM   MMM   MMM   MMM   MMM
  MMM   MMM   MMM   MMM   MMM   MMM   MMM   MMM   MMM   MMM   MMM   MMM
  MMM   MMM   MMM   MMM   MMM   MMM   MMM   MMM   MMM   MMM   MMM   MMM
  MMM   MMM   MMM   MMM   MMM   MMM   MMM   MMM   MMM   MMM   MMM   MMM
  MMM   MMM   MMM   MMM   MMM   MMM   MMM   MMM   MMM   MMM   MMM   MMM
  MMM   MMM   MMM   MMM   MMM   MMM   MMM   MMM   MMM   MMM   MMM   MMM
  MMM   MMM   MMM   MMM   MMM   MMM   MMM   MMM   MMM   MMM   MMM   MMM
  MMM   MMM   MMM   MMM   MMM   MMM   MMM   MMM   MMM   MMM   MMM   MMM
  MMM   MMM   MMM   MMM   MMM   MMM   MMM   MMM   MMM   MMM   MMM   MMM
  MMM   MMM   MMM   MMM   MMM   MMM   MMM   MMM   MMM   MMM   MMM   MMM
  MMM   MMM   MMM   MMM   MMM   MMM   MMM   MMM   MMM   MMM   MMM   MMM
 0.00  0.00  0.00  0.00  0.00  0.00  0.00  0.00  0.00  0.00  0.00  0.00
-0.01 -0.01 -0.01 -0.01 -0.01 -0.01 -0.01 -0.01 -0.01 -0.01 -0.01 -0.01
-0.01 -0.01 -0.01 -0.01 -0.01 -0.01 -0.01 -0.01 -0.01 -0.01 -0.01 -0.02
-0.03 -0.02 -0.02 -0.02 -0.02 -0.02 -0.02 -0.02 -0.02 -0.02 -0.02 -0.03
-0.04 -0.04 -0.03 -0.03 -0.03 -0.03 -0.03 -0.03 -0.03 -0.03 -0.03 -0.04
-0.05 -0.05 -0.05 -0.04 -0.04 -0.04 -0.04 -0.05 -0.05 -0.04 -0.05 -0.05
-0.07 -0.06 -0.06 -0.06 -0.06 -0.06 -0.06 -0.06 -0.06 -0.06 -0.06 -0.06
-0.09 -0.08 -0.08 -0.07 -0.07 -0.07 -0.07 -0.08 -0.08 -0.07 -0.07 -0.07
-0.10 -0.10 -0.09 -0.09 -0.09 -0.09 -0.09 -0.10 -0.10 -0.09 -0.09 -0.09
-0.12 -0.12 -0.11 -0.11 -0.12 -0.12 -0.12 -0.12 -0.12 -0.12 -0.12 -0.12
-0.15 -0.15 -0.14 -0.14 -0.15 -0.15 -0.15 -0.15 -0.15 -0.15 -0.14 -0.14
-0.18 -0.18 -0.18 -0.18 -0.19 -0.18 -0.18 -0.18 -0.19 -0.18 -0.18 -0.18
-0.22 -0.22 -0.22 -0.22 -0.23 -0.23 -0.23 -0.23 -0.23 -0.22 -0.22 -0.22
-0.26 -0.26 -0.26 -0.26 -0.27 -0.27 -0.26 -0.27 -0.27 -0.26 -0.26 -0.25
-0.29 -0.29 -0.29 -0.29 -0.30 -0.30 -0.30 -0.30 -0.30 -0.30 -0.29 -0.28
-0.31 -0.31 -0.32 -0.32 -0.33 -0.33 -0.33 -0.33 -0.33 -0.33 -0.33 -0.32
-0.34 -0.34 -0.35 -0.36 -0.37 -0.36 -0.36 -0.36 -0.36 -0.36 -0.36 -0.34
-0.37 -0.37 -0.38 -0.39 -0.39 -0.39 -0.38 -0.39 -0.39 -0.39 -0.39 -0.37
-0.39 -0.39 -0.40 -0.41 -0.42 -0.42 -0.41 -0.41 -0.41 -0.41 -0.41 -0.39
-0.41 -0.41 -0.42 -0.44 -0.45 -0.44 -0.43 -0.43 -0.43 -0.43 -0.43 -0.41
-0.42 -0.43 -0.44 -0.46 -0.47 -0.47 -0.46 -0.45 -0.44 -0.45 -0.45 -0.42
-0.44 -0.44 -0.46 -0.49 -0.49 -0.49 -0.48 -0.47 -0.46 -0.46 -0.46 -0.44
-0.46 -0.46 -0.49 -0.51 -0.51 -0.51 -0.49 -0.49 -0.47 -0.47 -0.47 -0.44
-0.46 -0.47 -0.49 -0.52 -0.52 -0.51 -0.50 -0.49 -0.48 -0.48 -0.47 -0.44
-0.47 -0.47 -0.50 -0.52 -0.52 -0.51 -0.50 -0.49 -0.48 -0.48 -0.47 -0.44
-0.47 -0.47 -0.49 -0.51 -0.51 -0.50 -0.48 -0.47 -0.46 -0.46 -0.45 -0.41
-0.46 -0.46 -0.47 -0.49 -0.48 -0.47 -0.45 -0.44 -0.43 -0.43 -0.42 -0.38
-0.43 -0.43 -0.45 -0.46 -0.45 -0.43 -0.42 -0.41 -0.40 -0.41 -0.40 -0.36
-0.39 -0.39 -0.41 -0.42 -0.41 -0.40 -0.38 -0.37 -0.36 -0.38 -0.37 -0.34
-0.34 -0.34 -0.36 -0.37 -0.36 -0.35 -0.34 -0.34 -0.34 -0.36 -0.36 -0.33
-0.30 -0.31 -0.34 -0.35 -0.34 -0.33 -0.32 -0.32 -0.32 -0.36 -0.35 -0.32
-0.28 -0.29 -0.32 -0.33 -0.32 -0.31 -0.31 -0.31 -0.32 -0.35 -0.34 -0.30
-0.28 -0.29 -0.31 -0.31 -0.29 -0.29 -0.29 -0.30 -0.30 -0.33 -0.33 -0.28
-0.26 -0.27 -0.29 -0.30 -0.29 -0.29 -0.30 -0.30 -0.31 -0.34 -0.33 -0.29
-0.25 -0.26 -0.29 -0.30 -0.30 -0.30 -0.31 -0.32 -0.32 -0.36 -0.36 -0.32
-0.27 -0.29 -0.31 -0.32 -0.32 -0.32 -0.33 -0.34 -0.34 -0.38 -0.37 -0.33
-0.30 -0.32 -0.35 -0.36 -0.35 -0.35 -0.36 -0.36 -0.36 -0.40 -0.40 -0.37
-0.34 -0.36 -0.39 -0.40 -0.40 -0.40 -0.40 -0.39 -0.39 -0.42 -0.43 -0.40
-0.38 -0.40 -0.43 -0.45 -0.44 -0.44 -0.44 -0.43 -0.42 -0.46 -0.47 -0.45
-0.41 -0.43 -0.46 -0.47 -0.47 -0.47 -0.47 -0.46 -0.45 -0.49 -0.51 -0.50
-0.46 -0.47 -0.50 -0.51 -0.50 -0.50 -0.50 -0.48 -0.46 -0.50 -0.53 -0.53
-0.49 -0.50 -0.53 -0.53 -0.53 -0.52 -0.51 -0.50 -0.48 -0.52 -0.55 -0.55
-0.52 -0.53 -0.55 -0.55 -0.54 -0.53 -0.53 -0.52 -0.50 -0.55 -0.58 -0.58
-0.54 -0.54 -0.56 -0.56 -0.55 -0.54 -0.54 -0.53 -0.51 -0.56 -0.59 -0.60
-0.54 -0.54 -0.56 -0.56 -0.55 -0.54 -0.54 -0.53 -0.51 -0.57 -0.60 -0.60
-0.53 -0.54 -0.55 -0.56 -0.55 -0.54 -0.54 -0.53 -0.52 -0.57 -0.61 -0.61
-0.54 -0.55 -0.56 -0.56 -0.56 -0.54 -0.55 -0.54 -0.52 -0.58 -0.61 -0.61
-0.55 -0.56 -0.57 -0.57 -0.57 -0.55 -0.56 -0.56 -0.54 -0.59 -0.63 -0.62
-0.55 -0.56 -0.58 -0.58 -0.57 -0.57 -0.58 -0.59 -0.58 -0.63 -0.66 -0.65
-0.55 -0.57 -0.58 -0.58 -0.58 -0.58 -0.60 -0.61 -0.61 -0.65 -0.68 -0.67
-0.56 -0.58 -0.60 -0.60 -0.59 -0.59 -0.61 -0.62 -0.60 -0.64 -0.67 -0.66
-0.56 -0.57 -0.59 -0.59 -0.59 -0.58 -0.60 -0.61 -0.59 -0.63 -0.65 -0.64
-0.55 -0.56 -0.58 -0.58 -0.57 -0.57 -0.59 -0.60 -0.57 -0.60 -0.62 -0.61
-0.55 -0.55 -0.57 -0.57 -0.56 -0.56 -0.58 -0.58 -0.55 -0.57 -0.59 -0.59
-0.55 -0.56 -0.57 -0.56 -0.55 -0.55 -0.57 -0.57 -0.54 -0.56 -0.58 -0.58
-0.56 -0.55 -0.57 -0.55 -0.54 -0.53 -0.55 -0.55 -0.53 -0.55 -0.58 -0.58
-0.55 -0.55 -0.55 -0.54 -0.52 -0.51 -0.53 -0.53 -0.51 -0.53 -0.56 -0.56
-0.58 -0.56 -0.56 -0.54 -0.52 -0.51 -0.51 -0.51 -0.48 -0.50 -0.53 -0.53
-0.62 -0.60 -0.60 -0.57 -0.54 -0.52 -0.51 -0.50 -0.46 -0.47 -0.49 -0.49
-0.67 -0.65 -0.64 -0.61 -0.58 -0.54 -0.52 -0.50 -0.45 -0.45 -0.46 -0.46
-0.72 -0.69 -0.68 -0.65 -0.60 -0.56 -0.53 -0.50 -0.44 -0.43 -0.44 -0.43
-0.76 -0.73 -0.72 -0.68 -0.63 -0.58 -0.54 -0.50 -0.44 -0.43 -0.44 -0.42
-0.80 -0.77 -0.76 -0.72 -0.66 -0.60 -0.55 -0.51 -0.45 -0.44 -0.44 -0.42
-0.82 -0.81 -0.80 -0.75 -0.69 -0.62 -0.57 -0.53 -0.47 -0.45 -0.45 -0.42
-0.83 -0.83 -0.83 -0.79 -0.72 -0.64 -0.59 -0.55 -0.49 -0.47 -0.46 -0.43
-0.84 -0.85 -0.86 -0.82 -0.75 -0.67 -0.62 -0.58 -0.52 -0.49 -0.47 -0.44
-0.85 -0.88 -0.89 -0.86 -0.80 -0.72 -0.66 -0.62 -0.55 -0.52 -0.50 -0.45
-0.86 -0.90 -0.93 -0.91 -0.84 -0.76 -0.71 -0.66 -0.59 -0.55 -0.52 -0.47
-0.87 -0.92 -0.96 -0.94 -0.88 -0.80 -0.74 -0.68 -0.61 -0.57 -0.53 -0.48
-0.86 -0.92 -0.96 -0.95 -0.89 -0.81 -0.75 -0.68 -0.60 -0.55 -0.51 -0.46
-0.83 -0.90 -0.94 -0.93 -0.86 -0.78 -0.72 -0.65 -0.57 -0.52 -0.49 -0.43
-0.79 -0.85 -0.89 -0.88 -0.82 -0.74 -0.67 -0.60 -0.52 -0.48 -0.44 -0.39
-0.71 -0.77 -0.82 -0.80 -0.74 -0.66 -0.59 -0.52 -0.44 -0.40 -0.36 -0.31
-0.63 -0.68 -0.71 -0.70 -0.64 -0.55 -0.49 -0.41 -0.33 -0.29 -0.26 -0.21
-0.52 -0.56 -0.59 -0.57 -0.51 -0.43 -0.36 -0.28 -0.20 -0.16 -0.14 -0.10
-0.38 -0.41 -0.44 -0.42 -0.36 -0.27 -0.20 -0.12 -0.03 -0.01  0.00  0.03
-0.20 -0.23 -0.26 -0.25 -0.18 -0.09 -0.02  0.07  0.15  0.16  0.16  0.18
-0.00 -0.02 -0.06 -0.06  0.00  0.09  0.17  0.25  0.33  0.34  0.32  0.32
 0.18  0.16  0.12  0.12  0.18  0.27  0.35  0.43  0.51  0.51  0.48  0.46
 0.32  0.30  0.25  0.25  0.31  0.41  0.49  0.59  0.66  0.65  0.61  0.58
 0.42  0.41  0.36  0.36  0.43  0.53  0.62  0.71  0.78  0.77  0.72  0.68
 0.51  0.50  0.47  0.47  0.54  0.64  0.73  0.82  0.89  0.87  0.82  0.78
 0.60  0.61  0.58  0.60  0.66  0.75  0.84  0.92  0.98  0.96  0.91  0.88
 0.73  0.73  0.72  0.74  0.80  0.88  0.95  1.02  1.07  1.04  1.01  0.99
 0.85  0.86  0.85  0.88  0.94  1.01  1.07  1.12  1.15  1.13  1.10  1.09
 0.97  0.99  0.99  1.01  1.07  1.14  1.19  1.23  1.25  1.22  1.20  1.21
 1.09  1.11  1.11  1.14  1.20  1.26  1.30  1.34  1.35  1.32  1.31  1.33
 1.21  1.22  1.22  1.25  1.30  1.36  1.39  1.42  1.44  1.42  1.43  1.46
 1.32  1.32  1.32  1.34  1.39  1.43  1.46  1.48  1.51  1.50  1.52  1.57
 1.42  1.42  1.40  1.42  1.46  1.50  1.51  1.53  1.56  1.57  1.60  1.65
 1.51  1.49  1.48  1.49  1.52  1.55  1.55  1.57  1.60  1.62  1.66  1.72
 1.57  1.56  1.54  1.54  1.57  1.58  1.58  1.59  1.62  1.65  1.70  1.76
 1.63  1.61  1.59  1.59  1.61  1.61  1.60  1.60  1.63  1.66  1.71  1.77
 1.69  1.67  1.64  1.64  1.64  1.64  1.62  1.61  1.63  1.65  1.70  1.76
 1.74  1.71  1.68  1.67  1.66  1.64  1.62  1.61  1.62  1.63  1.68  1.73
 1.78  1.75  1.71  1.69  1.67  1.65  1.62  1.60  1.61  1.62  1.66  1.71
 1.79  1.76  1.73  1.71  1.69  1.66  1.63  1.60  1.60  1.61  1.64  1.69
 1.79  1.77  1.73  1.71  1.69  1.67  1.63  1.60  1.59  1.59  1.61  1.65
 1.77  1.75  1.71  1.69  1.67  1.65  1.61  1.58  1.57  1.55  1.57  1.60
 1.72  1.69  1.66  1.64  1.63  1.61  1.58  1.56  1.55  1.53  1.54  1.56
 1.67  1.65  1.61  1.60  1.59  1.58  1.56  1.54  1.54  1.52  1.53  1.55
 1.64  1.62  1.59  1.58  1.57  1.56  1.54  1.53  1.52  1.51  1.52  1.53
 1.63  1.61  1.58  1.57  1.56  1.55  1.53  1.52  1.51  1.49  1.50  1.51
 1.60  1.58  1.55  1.54  1.53  1.52  1.50  1.48  1.48  1.47  1.48  1.49
 1.57  1.55  1.52  1.51  1.50  1.48  1.46  1.44  1.44  1.43  1.44  1.45
 1.53  1.51  1.48  1.47  1.45  1.43  1.41  1.39  1.39  1.38  1.39  1.40
 1.49  1.47  1.44  1.42  1.40  1.38  1.36  1.34  1.34  1.33  1.35  1.36
 1.46  1.43  1.40  1.39  1.36  1.33  1.31  1.30  1.29  1.29  1.31  1.33
 1.44  1.42  1.39  1.37  1.33  1.30  1.28  1.26  1.26  1.27  1.29  1.30
 1.42  1.40  1.37  1.35  1.31  1.27  1.24  1.22  1.22  1.22  1.24  1.26
 1.38  1.36  1.34  1.31  1.27  1.22  1.19  1.17  1.16  1.17  1.19  1.21
 1.31  1.30  1.28  1.25  1.21  1.17  1.15  1.13  1.13  1.14  1.16  1.17
 1.24  1.23  1.22  1.20  1.16  1.12  1.10  1.08  1.09  1.11  1.13  1.14
 1.18  1.17  1.16  1.14  1.11  1.07  1.05  1.03  1.02  1.05  1.07  1.09
 1.11  1.10  1.09  1.08  1.04  1.01  0.99  0.98  0.98  1.00  1.02  1.03
 1.02  1.02  1.01  1.00  0.98  0.95  0.94  0.93  0.93  0.95  0.97  0.96
 0.92  0.93  0.92  0.91  0.89  0.87  0.86  0.86  0.85  0.87  0.89  0.89
 0.83  0.82  0.82  0.82  0.81  0.79  0.78  0.78  0.78  0.80  0.82  0.82
 0.74  0.75  0.75  0.75  0.74  0.73  0.73  0.73  0.72  0.75  0.76  0.76
 0.70  0.71  0.71  0.72  0.71  0.70  0.70  0.69  0.69  0.71  0.72  0.72
 0.68  0.68  0.69  0.70  0.70  0.68  0.68  0.68  0.67  0.69  0.71  0.70
 0.67  0.68  0.69  0.70  0.69  0.68  0.68  0.68  0.67  0.69  0.70  0.69
 0.67  0.68  0.69  0.70  0.70  0.68  0.69  0.69  0.67  0.69  0.69  0.69
 0.68  0.68  0.69  0.70  0.70  0.68  0.69  0.69  0.67  0.68  0.69  0.68
 0.68  0.68  0.69  0.70  0.70  0.68  0.69  0.69  0.67  0.68  0.68  0.68
 0.69  0.69  0.69  0.70  0.70  0.67  0.69  0.69  0.67  0.67  0.68  0.67
 0.69  0.69  0.69  0.70  0.70  0.67  0.68  0.69  0.66  0.67  0.67  0.66
 0.70  0.69  0.70  0.71  0.70  0.67  0.68  0.69  0.66  0.67  0.67  0.66
 0.70  0.69  0.70  0.71  0.71  0.68  0.69  0.69  0.67  0.67  0.67  0.66
 0.69  0.69  0.69  0.71  0.70  0.67  0.68  0.68  0.66  0.66  0.66  0.65
 0.67  0.67  0.68  0.70  0.69  0.66  0.67  0.67  0.66  0.65  0.65  0.64
 0.66  0.65  0.66  0.68  0.67  0.64  0.65  0.66  0.64  0.64  0.63  0.62
 0.64  0.64  0.65  0.66  0.65  0.62  0.63  0.64  0.62  0.62  0.62  0.61
 0.63  0.62  0.63  0.64  0.63  0.60  0.61  0.62  0.60  0.60  0.59  0.58
 0.60  0.60  0.61  0.62  0.61  0.58  0.58  0.59  0.58  0.57  0.57  0.56
 0.58  0.58  0.58  0.60  0.59  0.55  0.56  0.56  0.55  0.54  0.54  0.53
 0.56  0.55  0.56  0.57  0.56  0.52  0.52  0.53  0.52  0.52  0.51  0.51
 0.53  0.52  0.53  0.54  0.53  0.50  0.49  0.50  0.49  0.49  0.49  0.48
 0.50  0.50  0.50  0.51  0.50  0.47  0.47  0.48  0.47  0.46  0.46  0.45
 0.48  0.47  0.48  0.49  0.48  0.45  0.45  0.45  0.45  0.44  0.44  0.43
 0.46  0.45  0.45  0.46  0.46  0.43  0.42  0.43  0.43  0.42  0.42  0.42
 0.44  0.43  0.43  0.44  0.43  0.41  0.40  0.41  0.41  0.41  0.41  0.40
 0.42  0.41  0.41  0.41  0.41  0.39  0.38  0.39  0.39  0.39  0.39  0.38
 0.40  0.39  0.39  0.40  0.39  0.37  0.36  0.37  0.38  0.38  0.38  0.37
 0.39  0.38  0.38  0.38  0.38  0.36  0.35  0.36  0.36  0.37  0.37  0.36
 0.37  0.37  0.36  0.37  0.37  0.35  0.34  0.35  0.35  0.36  0.36  0.35
 0.36  0.35  0.35  0.35  0.35  0.33  0.33  0.33  0.34  0.34  0.34  0.34
 0.34  0.33  0.33  0.33  0.33  0.31  0.31  0.32  0.32  0.32  0.32  0.32
 0.32  0.31  0.30  0.30  0.30  0.29  0.28  0.29  0.30  0.30  0.30  0.29
 0.29  0.28  0.28  0.28  0.28  0.26  0.26  0.26  0.27  0.27  0.27  0.26
 0.26  0.25  0.25  0.25  0.25  0.24  0.23  0.23  0.24  0.24  0.24  0.23
 0.23  0.22  0.22  0.22  0.22  0.21  0.20  0.20  0.21  0.21  0.20  0.20
 0.20  0.19  0.19  0.19  0.19  0.18  0.17  0.17  0.17  0.17  0.17  0.17
 0.18  0.17  0.17  0.16  0.16  0.15  0.14  0.14  0.14  0.14  0.14  0.14
 0.15  0.14  0.14  0.14  0.14  0.13  0.12  0.12  0.12  0.12  0.12  0.11
 0.13  0.12  0.12  0.11  0.11  0.10  0.09  0.09  0.10  0.09  0.09  0.09
 0.11  0.10  0.10  0.09  0.09  0.08  0.08  0.08  0.08  0.08  0.08  0.07
 0.09  0.08  0.08  0.08  0.07  0.07  0.06  0.06  0.06  0.06  0.06  0.06
 0.07  0.07  0.06  0.06  0.06  0.06  0.05  0.05  0.05  0.05  0.05  0.05
 0.05  0.05  0.05  0.05  0.05  0.04  0.04  0.04  0.04  0.04  0.04  0.03
 0.03  0.03  0.03  0.03  0.03  0.03  0.03  0.03  0.03  0.03  0.03  0.02
 0.02  0.02  0.02  0.02  0.02  0.02  0.02  0.02  0.02  0.02  0.02  0.02
 0.02  0.01  0.01  0.01  0.01  0.01  0.01  0.01  0.01  0.01  0.01  0.01
 0.01  0.01  0.01  0.01  0.01  0.01  0.01  0.01  0.01  0.01  0.01  0.01
 0.01  0.00  0.00  0.00  0.00  0.00  0.00  0.00  0.00  0.00  0.00  0.00
 0.00  0.00  0.00  0.00  0.00  0.00  0.00  0.00  0.00  0.00  0.00  0.00
 0.00  0.00  0.00  0.00  0.00  0.00  0.00  0.00  0.00  0.00  0.00  0.00
year 2015
  MMM   MMM   MMM   MMM   MMM   MMM   MMM   MMM   MMM   MMM   MMM   MMM
  MMM   MMM   MMM   MMM   MMM   MMM   MMM   MMM   MMM   MMM   MMM   MMM
  MMM   MMM   MMM   MMM   MMM   MMM   MMM   MMM   MMM   MMM   MMM   MMM
  MMM   MMM   MMM   MMM   MMM   MMM   MMM   MMM   MMM   MMM   MMM   MMM
  MMM   MMM   MMM   MMM   MMM   MMM   MMM   MMM   MMM   MMM   MMM   MMM
  MMM   MMM   MMM   MMM   MMM   MMM   MMM   MMM   MMM   MMM   MMM   MMM
  MMM   MMM   MMM   MMM   MMM   MMM   MMM   MMM   MMM   MMM   MMM   MMM
  MMM   MMM   MMM   MMM   MMM   MMM   MMM   MMM   MMM   MMM   MMM   MMM
  MMM   MMM   MMM   MMM   MMM   MMM   MMM   MMM   MMM   MMM   MMM   MMM
  MMM   MMM   MMM   MMM   MMM   MMM   MMM   MMM   MMM   MMM   MMM   MMM
  MMM   MMM   MMM   MMM   MMM   MMM   MMM   MMM   MMM   MMM   MMM   MMM
  MMM   MMM   MMM   MMM   MMM   MMM   MMM   MMM   MMM   MMM   MMM   MMM
  MMM   MMM   MMM   MMM   MMM   MMM   MMM   MMM   MMM   MMM   MMM   MMM
 0.00  0.00  0.00  0.00  0.00  0.00  0.00  0.00  0.00  0.00  0.00  0.00
-0.01 -0.01 -0.01 -0.01 -0.01 -0.01 -0.01 -0.01 -0.01 -0.01 -0.01 -0.01
-0.02 -0.02 -0.02 -0.02 -0.02 -0.02 -0.02 -0.02 -0.02 -0.02 -0.02 -0.02
-0.03 -0.03 -0.03 -0.03 -0.03 -0.03 -0.03 -0.03 -0.03 -0.03 -0.03 -0.03
-0.04 -0.04 -0.04 -0.04 -0.04 -0.04 -0.04 -0.04 -0.04 -0.04 -0.04 -0.04
-0.05 -0.05 -0.05 -0.05 -0.05 -0.05 -0.05 -0.05 -0.05 -0.05 -0.05 -0.05
-0.06 -0.06 -0.06 -0.07 -0.07 -0.06 -0.06 -0.06 -0.07 -0.07 -0.07 -0.07
-0.07 -0.07 -0.08 -0.08 -0.08 -0.08 -0.08 -0.08 -0.08 -0.08 -0.08 -0.08
-0.09 -0.09 -0.10 -0.10 -0.10 -0.10 -0.10 -0.10 -0.10 -0.11 -0.10 -0.10
-0.12 -0.12 -0.12 -0.12 -0.12 -0.12 -0.12 -0.12 -0.13 -0.13 -0.12 -0.12
-0.15 -0.14 -0.15 -0.15 -0.15 -0.15 -0.15 -0.15 -0.15 -0.16 -0.15 -0.15
-0.18 -0.18 -0.18 -0.18 -0.19 -0.18 -0.18 -0.18 -0.19 -0.19 -0.18 -0.17
-0.22 -0.22 -0.22 -0.23 -0.23 -0.23 -0.22 -0.22 -0.23 -0.23 -0.22 -0.21
-0.25 -0.25 -0.26 -0.27 -0.27 -0.27 -0.26 -0.26 -0.27 -0.27 -0.25 -0.24
-0.29 -0.29 -0.30 -0.31 -0.31 -0.31 -0.30 -0.30 -0.31 -0.30 -0.29 -0.28
-0.32 -0.32 -0.33 -0.34 -0.34 -0.34 -0.33 -0.33 -0.34 -0.34 -0.32 -0.32
-0.35 -0.35 -0.35 -0.37 -0.37 -0.37 -0.36 -0.37 -0.38 -0.38 -0.36 -0.35
-0.38 -0.38 -0.38 -0.39 -0.40 -0.40 -0.40 -0.40 -0.41 -0.42 -0.40 -0.39
-0.39 -0.39 -0.40 -0.41 -0.42 -0.42 -0.42 -0.42 -0.44 -0.45 -0.43 -0.43
-0.41 -0.41 -0.41 -0.42 -0.43 -0.44 -0.44 -0.45 -0.47 -0.48 -0.47 -0.47
-0.43 -0.43 -0.43 -0.44 -0.45 -0.46 -0.46 -0.48 -0.50 -0.51 -0.50 -0.50
-0.45 -0.45 -0.44 -0.45 -0.46 -0.48 -0.48 -0.50 -0.52 -0.54 -0.53 -0.53
-0.45 -0.45 -0.44 -0.46 -0.47 -0.49 -0.49 -0.51 -0.53 -0.55 -0.54 -0.54
-0.45 -0.45 -0.44 -0.46 -0.47 -0.49 -0.50 -0.51 -0.53 -0.54 -0.54 -0.55
-0.45 -0.45 -0.43 -0.45 -0.46 -0.47 -0.48 -0.49 -0.51 -0.53 -0.53 -0.54
-0.43 -0.43 -0.41 -0.43 -0.44 -0.46 -0.46 -0.47 -0.50 -0.51 -0.51 -0.52
-0.40 -0.41 -0.39 -0.41 -0.43 -0.45 -0.45 -0.46 -0.48 -0.49 -0.48 -0.49
-0.38 -0.38 -0.37 -0.38 -0.41 -0.43 -0.44 -0.45 -0.47 -0.47 -0.46 -0.46
-0.36 -0.36 -0.34 -0.37 -0.40 -0.42 -0.43 -0.44 -0.45 -0.45 -0.43 -0.44
-0.35 -0.36 -0.34 -0.36 -0.40 -0.42 -0.44 -0.45 -0.45 -0.44 -0.43 -0.42
-0.34 -0.34 -0.32 -0.34 -0.38 -0.42 -0.44 -0.45 -0.45 -0.44 -0.43 -0.43
-0.32 -0.33 -0.30 -0.33 -0.38 -0.41 -0.43 -0.43 -0.44 -0.43 -0.42 -0.42
-0.30 -0.30 -0.28 -0.31 -0.36 -0.40 -0.43 -0.44 -0.44 -0.43 -0.43 -0.43
-0.32 -0.32 -0.29 -0.33 -0.38 -0.42 -0.45 -0.45 -0.46 -0.45 -0.45 -0.46
-0.35 -0.36 -0.33 -0.36 -0.41 -0.45 -0.48 -0.49 -0.50 -0.49 -0.48 -0.49
-0.37 -0.39 -0.37 -0.41 -0.46 -0.50 -0.53 -0.54 -0.55 -0.54 -0.53 -0.54
-0.41 -0.43 -0.41 -0.46 -0.51 -0.55 -0.58 -0.59 -0.59 -0.58 -0.57 -0.58
-0.45 -0.48 -0.46 -0.50 -0.55 -0.60 -0.63 -0.63 -0.64 -0.63 -0.63 -0.64
-0.51 -0.54 -0.52 -0.56 -0.61 -0.66 -0.70 -0.71 -0.72 -0.71 -0.70 -0.69
-0.57 -0.60 -0.59 -0.63 -0.69 -0.73 -0.78 -0.80 -0.82 -0.80 -0.78 -0.77
-0.60 -0.64 -0.63 -0.68 -0.74 -0.79 -0.84 -0.87 -0.89 -0.88 -0.85 -0.84
-0.62 -0.65 -0.65 -0.70 -0.76 -0.82 -0.88 -0.91 -0.93 -0.92 -0.90 -0.88
-0.64 -0.67 -0.66 -0.71 -0.77 -0.82 -0.88 -0.91 -0.94 -0.93 -0.91 -0.89
-0.66 -0.68 -0.66 -0.71 -0.77 -0.82 -0.88 -0.91 -0.94 -0.93 -0.91 -0.89
-0.66 -0.67 -0.65 -0.70 -0.75 -0.81 -0.86 -0.90 -0.93 -0.93 -0.91 -0.89
-0.65 -0.66 -0.64 -0.68 -0.73 -0.78 -0.83 -0.87 -0.91 -0.91 -0.89 -0.88
-0.65 -0.65 -0.62 -0.66 -0.70 -0.75 -0.80 -0.84 -0.87 -0.88 -0.86 -0.86
-0.66 -0.66 -0.62 -0.66 -0.70 -0.74 -0.79 -0.82 -0.85 -0.85 -0.84 -0.84
-0.69 -0.68 -0.64 -0.67 -0.71 -0.75 -0.78 -0.81 -0.83 -0.83 -0.82 -0.82
-0.70 -0.69 -0.65 -0.67 -0.71 -0.74 -0.77 -0.79 -0.81 -0.81 -0.80 -0.81
-0.69 -0.67 -0.63 -0.65 -0.69 -0.72 -0.75 -0.77 -0.79 -0.79 -0.78 -0.80
-0.66 -0.64 -0.60 -0.62 -0.66 -0.69 -0.72 -0.73 -0.76 -0.76 -0.76 -0.78
-0.64 -0.61 -0.57 -0.59 -0.62 -0.65 -0.68 -0.70 -0.73 -0.74 -0.74 -0.77
-0.61 -0.59 -0.55 -0.57 -0.61 -0.64 -0.67 -0.69 -0.71 -0.73 -0.73 -0.77
-0.60 -0.59 -0.55 -0.57 -0.61 -0.64 -0.67 -0.69 -0.71 -0.72 -0.73 -0.76
-0.60 -0.59 -0.55 -0.57 -0.61 -0.65 -0.68 -0.69 -0.71 -0.72 -0.72 -0.75
-0.59 -0.57 -0.54 -0.56 -0.60 -0.64 -0.68 -0.70 -0.72 -0.72 -0.71 -0.74
-0.55 -0.54 -0.51 -0.54 -0.59 -0.63 -0.68 -0.70 -0.73 -0.73 -0.72 -0.74
-0.51 -0.50 -0.48 -0.51 -0.57 -0.63 -0.68 -0.72 -0.74 -0.75 -0.74 -0.75
-0.48 -0.47 -0.45 -0.48 -0.55 -0.62 -0.69 -0.73 -0.75 -0.76 -0.74 -0.75
-0.45 -0.44 -0.42 -0.46 -0.54 -0.62 -0.69 -0.74 -0.76 -0.77 -0.74 -0.74
-0.43 -0.42 -0.40 -0.45 -0.54 -0.63 -0.70 -0.75 -0.77 -0.77 -0.74 -0.73
-0.42 -0.41 -0.40 -0.44 -0.54 -0.64 -0.72 -0.76 -0.78 -0.78 -0.74 -0.72
-0.42 -0.41 -0.40 -0.45 -0.55 -0.65 -0.73 -0.78 -0.80 -0.80 -0.76 -0.72
-0.42 -0.41 -0.40 -0.45 -0.56 -0.66 -0.75 -0.79 -0.81 -0.81 -0.76 -0.71
-0.43 -0.41 -0.40 -0.45 -0.57 -0.67 -0.75 -0.79 -0.81 -0.81 -0.75 -0.69
-0.44 -0.42 -0.41 -0.46 -0.57 -0.67 -0.74 -0.77 -0.79 -0.78 -0.72 -0.65
-0.45 -0.43 -0.41 -0.46 -0.57 -0.65 -0.71 -0.73 -0.74 -0.73 -0.66 -0.59
-0.45 -0.42 -0.41 -0.45 -0.55 -0.62 -0.66 -0.68 -0.68 -0.66 -0.59 -0.51
-0.43 -0.41 -0.40 -0.44 -0.53 -0.59 -0.62 -0.62 -0.62 -0.59 -0.52 -0.43
-0.40 -0.39 -0.37 -0.41 -0.50 -0.55 -0.56 -0.56 -0.54 -0.51 -0.42 -0.32
-0.35 -0.34 -0.33 -0.37 -0.44 -0.49 -0.49 -0.47 -0.45 -0.40 -0.30 -0.18
-0.27 -0.26 -0.26 -0.30 -0.37 -0.41 -0.40 -0.37 -0.33 -0.27 -0.16 -0.03
-0.18 -0.18 -0.19 -0.23 -0.30 -0.33 -0.30 -0.26 -0.21 -0.13 -0.00  0.13
-0.08 -0.09 -0.10 -0.15 -0.21 -0.24 -0.20 -0.13 -0.06  0.04  0.19  0.32
 0.04  0.02  0.00 -0.04 -0.11 -0.12 -0.07  0.03  0.13  0.26  0.42  0.56
 0.17  0.15  0.13  0.09  0.03  0.02  0.10  0.22  0.36  0.52  0.69  0.83
 0.31  0.28  0.27  0.23  0.18  0.18  0.28  0.44  0.62  0.81  0.99  1.13
 0.43  0.40  0.39  0.36  0.32  0.34  0.46  0.65  0.87  1.10  1.28  1.42
 0.54  0.51  0.50  0.47  0.43  0.47  0.61  0.84  1.09  1.34  1.54  1.67
 0.64  0.61  0.60  0.57  0.54  0.59  0.75  1.00  1.29  1.55  1.75  1.88
 0.74  0.72  0.70  0.68  0.65  0.70  0.88  1.15  1.44  1.71  1.90  2.02
 0.86  0.84  0.82  0.79  0.76  0.82  0.99  1.26  1.54  1.80  1.97  2.08
 0.98  0.96  0.93  0.89  0.86  0.91  1.07  1.32  1.58  1.81  1.97  2.06
 1.09  1.07  1.04  1.00  0.96  1.00  1.14  1.35  1.57  1.77  1.91  2.00
 1.22  1.20  1.17  1.12  1.08  1.10  1.20  1.37  1.55  1.72  1.83  1.90
 1.35  1.35  1.31  1.25  1.20  1.20  1.28  1.40  1.54  1.67  1.75  1.81
 1.49  1.48  1.45  1.38  1.32  1.31  1.36  1.45  1.55  1.64  1.69  1.73
 1.60  1.60  1.56  1.49  1.42  1.41  1.45  1.52  1.58  1.63  1.66  1.69
 1.69  1.68  1.64  1.58  1.52  1.50  1.54  1.59  1.62  1.65  1.66  1.67
 1.75  1.75  1.71  1.66  1.61  1.61  1.64  1.67  1.68  1.69  1.67  1.68
 1.79  1.79  1.77  1.74  1.71  1.71  1.74  1.75  1.74  1.73  1.70  1.70
 1.81  1.82  1.80  1.78  1.77  1.78  1.80  1.81  1.79  1.77  1.73  1.71
 1.80  1.81  1.81  1.81  1.81  1.83  1.85  1.85  1.83  1.80  1.76  1.73
 1.78  1.80  1.81  1.83  1.84  1.87  1.89  1.89  1.86  1.83  1.79  1.76
 1.76  1.78  1.81  1.84  1.86  1.88  1.91  1.91  1.89  1.86  1.81  1.78
 1.74  1.77  1.81  1.84  1.85  1.88  1.91  1.91  1.89  1.87  1.82  1.79
 1.70  1.74  1.78  1.81  1.83  1.85  1.88  1.88  1.87  1.86  1.82  1.79
 1.64  1.68  1.74  1.77  1.79  1.81  1.84  1.84  1.84  1.84  1.81  1.79
 1.60  1.65  1.70  1.75  1.76  1.78  1.81  1.82  1.81  1.81  1.79  1.78
 1.59  1.63  1.69  1.73  1.74  1.76  1.79  1.80  1.79  1.80  1.77  1.77
 1.57  1.62  1.68  1.71  1.72  1.73  1.77  1.78  1.77  1.77  1.75  1.75
 1.55  1.60  1.66  1.69  1.69  1.70  1.74  1.75  1.73  1.73  1.71  1.72
 1.52  1.57  1.62  1.65  1.65  1.65  1.69  1.69  1.68  1.67  1.66  1.66
 1.48  1.53  1.58  1.61  1.61  1.61  1.64  1.64  1.62  1.62  1.61  1.61
 1.44  1.49  1.55  1.57  1.57  1.57  1.60  1.60  1.58  1.58  1.57  1.58
 1.40  1.45  1.51  1.54  1.54  1.54  1.57  1.57  1.54  1.54  1.53  1.54
 1.36  1.42  1.47  1.50  1.50  1.50  1.53  1.53  1.50  1.50  1.49  1.51
 1.33  1.38  1.43  1.45  1.46  1.46  1.49  1.48  1.45  1.45  1.44  1.45
 1.28  1.33  1.37  1.39  1.40  1.41  1.44  1.44  1.41  1.40  1.39  1.40
 1.23  1.27  1.32  1.34  1.35  1.36  1.39  1.39  1.36  1.36  1.35  1.35
 1.20  1.24  1.28  1.29  1.30  1.31  1.34  1.34  1.31  1.30  1.30  1.30
 1.17  1.20  1.23  1.24  1.24  1.26  1.28  1.27  1.25  1.23  1.23  1.23
 1.11  1.14  1.17  1.18  1.18  1.19  1.21  1.20  1.18  1.17  1.16  1.16
 1.05  1.08  1.10  1.11  1.11  1.12  1.13  1.12  1.09  1.07  1.07  1.08
 0.98  1.00  1.03  1.04  1.04  1.04  1.03  1.00  0.98  0.96  0.96  0.98
 0.91  0.93  0.95  0.96  0.95  0.95  0.94  0.90  0.88  0.87  0.87  0.88
 0.83  0.86  0.87  0.87  0.86  0.86  0.85  0.82  0.79  0.78  0.78  0.79
 0.77  0.79  0.80  0.80  0.79  0.79  0.78  0.75  0.73  0.71  0.71  0.72
 0.73  0.74  0.75  0.75  0.74  0.75  0.74  0.71  0.70  0.69  0.69  0.70
 0.71  0.72  0.73  0.73  0.71  0.73  0.72  0.70  0.70  0.69  0.69  0.70
 0.70  0.71  0.71  0.71  0.70  0.72  0.71  0.70  0.70  0.69  0.70  0.70
 0.69  0.70  0.71  0.70  0.70  0.72  0.71  0.70  0.71  0.70  0.70  0.71
 0.68  0.69  0.70  0.69  0.69  0.71  0.70  0.69  0.70  0.70  0.71  0.71
 0.68  0.69  0.69  0.68  0.68  0.70  0.69  0.69  0.70  0.70  0.71  0.71
 0.67  0.68  0.68  0.67  0.67  0.69  0.68  0.68  0.70  0.70  0.71  0.72
 0.66  0.67  0.67  0.66  0.66  0.69  0.68  0.68  0.70  0.71  0.72  0.72
 0.66  0.66  0.66  0.65  0.65  0.68  0.67  0.68  0.70  0.70  0.71  0.72
 0.65  0.65  0.65  0.63  0.63  0.66  0.65  0.65  0.68  0.69  0.70  0.70
 0.64  0.65  0.64  0.62  0.62  0.64  0.63  0.64  0.66  0.67  0.68  0.68
 0.63  0.63  0.62  0.60  0.60  0.62  0.61  0.62  0.64  0.65  0.66  0.66
 0.61  0.61  0.60  0.58  0.58  0.60  0.60  0.60  0.62  0.63  0.64  0.65
 0.59  0.59  0.58  0.56  0.57  0.59  0.58  0.58  0.60  0.61  0.63  0.63
 0.57  0.57  0.56  0.54  0.55  0.57  0.56  0.57  0.59  0.60  0.61  0.62
 0.55  0.55  0.54  0.52  0.53  0.55  0.55  0.55  0.57  0.58  0.60  0.60
 0.52  0.53  0.52  0.50  0.51  0.52  0.52  0.53  0.55  0.56  0.57  0.58
 0.50  0.50  0.49  0.48  0.48  0.50  0.50  0.51  0.52  0.53  0.54  0.55
 0.47  0.47  0.47  0.45  0.46  0.47  0.47  0.48  0.49  0.50  0.51  0.51
 0.45  0.45  0.44  0.43  0.44  0.45  0.45  0.45  0.46  0.47  0.48  0.48
 0.43  0.43  0.42  0.41  0.42  0.43  0.43  0.43  0.44  0.44  0.45  0.45
 0.41  0.41  0.40  0.39  0.40  0.41  0.41  0.42  0.42  0.42  0.43  0.43
 0.39  0.40  0.39  0.38  0.39  0.40  0.40  0.40  0.40  0.40  0.41  0.41
 0.38  0.38  0.37  0.37  0.37  0.38  0.38  0.38  0.38  0.39  0.39  0.39
 0.36  0.37  0.36  0.35  0.36  0.37  0.37  0.37  0.37  0.37  0.37  0.37
 0.36  0.36  0.35  0.34  0.35  0.36  0.36  0.36  0.36  0.36  0.36  0.36
 0.34  0.35  0.34  0.33  0.34  0.35  0.35  0.34  0.34  0.34  0.34  0.34
 0.33  0.33  0.33  0.32  0.33  0.33  0.34  0.33  0.33  0.33  0.33  0.32
 0.31  0.31  0.31  0.30  0.31  0.32  0.32  0.31  0.31  0.31  0.31  0.31
 0.29  0.29  0.28  0.28  0.28  0.29  0.29  0.29  0.28  0.28  0.28  0.28
 0.26  0.26  0.25  0.25  0.25  0.26  0.26  0.26  0.25  0.25  0.25  0.25
 0.22  0.23  0.22  0.22  0.22  0.22  0.22  0.23  0.22  0.22  0.22  0.22
 0.19  0.19  0.19  0.19  0.19  0.19  0.20  0.20  0.19  0.19  0.19  0.19
 0.16  0.16  0.16  0.16  0.16  0.16  0.17  0.17  0.16  0.16  0.16  0.16
 0.13  0.13  0.13  0.13  0.13  0.13  0.14  0.14  0.14  0.14  0.14  0.14
 0.11  0.11  0.10  0.10  0.11  0.11  0.12  0.12  0.12  0.12  0.12  0.12
 0.08  0.08  0.08  0.08  0.09  0.09  0.09  0.10  0.09  0.09  0.09  0.09
 0.07  0.07  0.06  0.06  0.07  0.07  0.07  0.08  0.07  0.07  0.07  0.07
 0.05  0.05  0.05  0.05  0.05  0.05  0.05  0.06  0.06  0.05  0.05  0.05
 0.04  0.04  0.04  0.04  0.04  0.04  0.04  0.04  0.04  0.04  0.04  0.04
 0.03  0.03  0.03  0.03  0.03  0.03  0.03  0.03  0.03  0.03  0.03  0.03
 0.02  0.02  0.02  0.02  0.02  0.02  0.02  0.02  0.02  0.02  0.02  0.02
 0.01  0.01  0.01  0.01  0.01  0.01  0.01  0.02  0.01  0.01  0.01  0.01
 0.01  0.01  0.01  0.01  0.01  0.01  0.01  0.01  0.01  0.01  0.01  0.01
 0.00  0.00  0.00  0.00  0.00  0.00  0.01  0.01  0.01  0.00  0.01  0.01
 0.00  0.00  0.00  0.00  0.00  0.00  0.00  0.00  0.00  0.00  0.00  0.00
 0.00  0.00  0.00  0.00  0.00  0.00  0.00  0.00  0.00  0.00  0.00  0.00
 0.00  0.00  0.00  0.00  0.00  0.00  0.00  0.00  0.00  0.00  0.00  0.00
year 2016
  MMM   MMM   MMM   MMM   MMM   MMM   MMM   MMM   MMM   MMM   MMM   MMM
  MMM   MMM   MMM   MMM   MMM   MMM   MMM   MMM   MMM   MMM   MMM   MMM
  MMM   MMM   MMM   MMM   MMM   MMM   MMM   MMM   MMM   MMM   MMM   MMM
  MMM   MMM   MMM   MMM   MMM   MMM   MMM   MMM   MMM   MMM   MMM   MMM
  MMM   MMM   MMM   MMM   MMM   MMM   MMM   MMM   MMM   MMM   MMM   MMM
  MMM   MMM   MMM   MMM   MMM   MMM   MMM   MMM   MMM   MMM   MMM   MMM
  MMM   MMM   MMM   MMM   MMM   MMM   MMM   MMM   MMM   MMM   MMM   MMM
  MMM   MMM   MMM   MMM   MMM   MMM   MMM   MMM   MMM   MMM   MMM   MMM
  MMM   MMM   MMM   MMM   MMM   MMM   MMM   MMM   MMM   MMM   MMM   MMM
  MMM   MMM   MMM   MMM   MMM   MMM   MMM   MMM   MMM   MMM   MMM   MMM
  MMM   MMM   MMM   MMM   MMM   MMM   MMM   MMM   MMM   MMM   MMM   MMM
  MMM   MMM   MMM   MMM   MMM   MMM   MMM   MMM   MMM   MMM   MMM   MMM
  MMM   MMM   MMM   MMM   MMM   MMM   MMM   MMM   MMM   MMM   MMM   MMM
 0.00  0.00  0.00  0.00  0.00   MMM   MMM   MMM   MMM   MMM   MMM   MMM
-0.01 -0.01 -0.01 -0.01 -0.01   MMM   MMM   MMM   MMM   MMM   MMM   MMM
-0.02 -0.02 -0.02 -0.02 -0.02   MMM   MMM   MMM   MMM   MMM   MMM   MMM
-0.03 -0.03 -0.03 -0.03 -0.03   MMM   MMM   MMM   MMM   MMM   MMM   MMM
-0.04 -0.04 -0.04 -0.04 -0.04   MMM   MMM   MMM   MMM   MMM   MMM   MMM
-0.05 -0.05 -0.05 -0.05 -0.05   MMM   MMM   MMM   MMM   MMM   MMM   MMM
-0.07 -0.07 -0.07 -0.07 -0.07   MMM   MMM   MMM   MMM   MMM   MMM   MMM
-0.08 -0.08 -0.08 -0.08 -0.08   MMM   MMM   MMM   MMM   MMM   MMM   MMM
-0.10 -0.10 -0.10 -0.10 -0.10   MMM   MMM   MMM   MMM   MMM   MMM   MMM
-0.12 -0.12 -0.12 -0.12 -0.12   MMM   MMM   MMM   MMM   MMM   MMM   MMM
-0.14 -0.14 -0.14 -0.15 -0.15   MMM   MMM   MMM   MMM   MMM   MMM   MMM
-0.17 -0.17 -0.17 -0.17 -0.17   MMM   MMM   MMM   MMM   MMM   MMM   MMM
-0.21 -0.20 -0.20 -0.20 -0.20   MMM   MMM   MMM   MMM   MMM   MMM   MMM
-0.24 -0.23 -0.23 -0.23 -0.23   MMM   MMM   MMM   MMM   MMM   MMM   MMM
-0.28 -0.27 -0.27 -0.27 -0.27   MMM   MMM   MMM   MMM   MMM   MMM   MMM
-0.32 -0.31 -0.31 -0.31 -0.31   MMM   MMM   MMM   MMM   MMM   MMM   MMM
-0.36 -0.35 -0.35 -0.35 -0.35   MMM   MMM   MMM   MMM   MMM   MMM   MMM
-0.39 -0.39 -0.39 -0.39 -0.39   MMM   MMM   MMM   MMM   MMM   MMM   MMM
-0.43 -0.43 -0.44 -0.44 -0.43   MMM   MMM   MMM   MMM   MMM   MMM   MMM
-0.47 -0.47 -0.48 -0.48 -0.47   MMM   MMM   MMM   MMM   MMM   MMM   MMM
-0.51 -0.51 -0.52 -0.52 -0.51   MMM   MMM   MMM   MMM   MMM   MMM   MMM
-0.53 -0.53 -0.54 -0.55 -0.53   MMM   MMM   MMM   MMM   MMM   MMM   MMM
-0.55 -0.55 -0.56 -0.57 -0.55   MMM   MMM   MMM   MMM   MMM   MMM   MMM
-0.56 -0.56 -0.58 -0.58 -0.56   MMM   MMM   MMM   MMM   MMM   MMM   MMM
-0.55 -0.55 -0.57 -0.57 -0.56   MMM   MMM   MMM   MMM   MMM   MMM   MMM
-0.52 -0.52 -0.55 -0.55 -0.54   MMM   MMM   MMM   MMM   MMM   MMM   MMM
-0.49 -0.49 -0.52 -0.52 -0.51   MMM   MMM   MMM   MMM   MMM   MMM   MMM
-0.46 -0.45 -0.48 -0.48 -0.47   MMM   MMM   MMM   MMM   MMM   MMM   MMM
-0.42 -0.42 -0.44 -0.44 -0.42   MMM   MMM   MMM   MMM   MMM   MMM   MMM
-0.41 -0.40 -0.42 -0.42 -0.39   MMM   MMM   MMM   MMM   MMM   MMM   MMM
-0.41 -0.40 -0.42 -0.42 -0.38   MMM   MMM   MMM   MMM   MMM   MMM   MMM
-0.41 -0.40 -0.42 -0.41 -0.36   MMM   MMM   MMM   MMM   MMM   MMM   MMM
-0.42 -0.42 -0.44 -0.42 -0.37   MMM   MMM   MMM   MMM   MMM   MMM   MMM
-0.45 -0.45 -0.46 -0.44 -0.38   MMM   MMM   MMM   MMM   MMM   MMM   MMM
-0.47 -0.47 -0.48 -0.46 -0.40   MMM   MMM   MMM   MMM   MMM   MMM   MMM
-0.52 -0.51 -0.52 -0.49 -0.42   MMM   MMM   MMM   MMM   MMM   MMM   MMM
-0.56 -0.55 -0.56 -0.52 -0.46   MMM   MMM   MMM   MMM   MMM   MMM   MMM
-0.61 -0.60 -0.61 -0.58 -0.51   MMM   MMM   MMM   MMM   MMM   MMM   MMM
-0.66 -0.65 -0.66 -0.63 -0.56   MMM   MMM   MMM   MMM   MMM   MMM   MMM
-0.73 -0.71 -0.71 -0.67 -0.60   MMM   MMM   MMM   MMM   MMM   MMM   MMM
-0.80 -0.78 -0.77 -0.73 -0.65   MMM   MMM   MMM   MMM   MMM   MMM   MMM
-0.85 -0.83 -0.83 -0.78 -0.70   MMM   MMM   MMM   MMM   MMM   MMM   MMM
-0.86 -0.85 -0.85 -0.81 -0.74   MMM   MMM   MMM   MMM   MMM   MMM   MMM
-0.86 -0.86 -0.86 -0.82 -0.75   MMM   MMM   MMM   MMM   MMM   MMM   MMM
-0.87 -0.88 -0.89 -0.85 -0.78   MMM   MMM   MMM   MMM   MMM   MMM   MMM
-0.87 -0.89 -0.90 -0.86 -0.80   MMM   MMM   MMM   MMM   MMM   MMM   MMM
-0.86 -0.88 -0.90 -0.87 -0.81   MMM   MMM   MMM   MMM   MMM   MMM   MMM
-0.84 -0.87 -0.89 -0.86 -0.80   MMM   MMM   MMM   MMM   MMM   MMM   MMM
-0.82 -0.86 -0.88 -0.85 -0.79   MMM   MMM   MMM   MMM   MMM   MMM   MMM
-0.81 -0.84 -0.86 -0.84 -0.78   MMM   MMM   MMM   MMM   MMM   MMM   MMM
-0.80 -0.84 -0.86 -0.84 -0.80   MMM   MMM   MMM   MMM   MMM   MMM   MMM
-0.80 -0.84 -0.87 -0.86 -0.82   MMM   MMM   MMM   MMM   MMM   MMM   MMM
-0.79 -0.84 -0.88 -0.87 -0.84   MMM   MMM   MMM   MMM   MMM   MMM   MMM
-0.79 -0.84 -0.88 -0.88 -0.85   MMM   MMM   MMM   MMM   MMM   MMM   MMM
-0.78 -0.83 -0.87 -0.88 -0.85   MMM   MMM   MMM   MMM   MMM   MMM   MMM
-0.77 -0.82 -0.87 -0.88 -0.85   MMM   MMM   MMM   MMM   MMM   MMM   MMM
-0.77 -0.82 -0.87 -0.88 -0.86   MMM   MMM   MMM   MMM   MMM   MMM   MMM
-0.77 -0.82 -0.87 -0.88 -0.86   MMM   MMM   MMM   MMM   MMM   MMM   MMM
-0.77 -0.82 -0.87 -0.88 -0.86   MMM   MMM   MMM   MMM   MMM   MMM   MMM
-0.77 -0.82 -0.87 -0.88 -0.85   MMM   MMM   MMM   MMM   MMM   MMM   MMM
-0.76 -0.81 -0.87 -0.87 -0.83   MMM   MMM   MMM   MMM   MMM   MMM   MMM
-0.74 -0.79 -0.85 -0.84 -0.80   MMM   MMM   MMM   MMM   MMM   MMM   MMM
-0.72 -0.76 -0.81 -0.81 -0.76   MMM   MMM   MMM   MMM   MMM   MMM   MMM
-0.71 -0.74 -0.78 -0.78 -0.73   MMM   MMM   MMM   MMM   MMM   MMM   MMM
-0.69 -0.71 -0.75 -0.74 -0.70   MMM   MMM   MMM   MMM   MMM   MMM   MMM
-0.65 -0.67 -0.71 -0.70 -0.65   MMM   MMM   MMM   MMM   MMM   MMM   MMM
-0.61 -0.62 -0.65 -0.64 -0.59   MMM   MMM   MMM   MMM   MMM   MMM   MMM
-0.54 -0.55 -0.58 -0.56 -0.52   MMM   MMM   MMM   MMM   MMM   MMM   MMM
-0.46 -0.46 -0.49 -0.47 -0.43   MMM   MMM   MMM   MMM   MMM   MMM   MMM
-0.37 -0.36 -0.38 -0.37 -0.33   MMM   MMM   MMM   MMM   MMM   MMM   MMM
-0.25 -0.24 -0.25 -0.24 -0.21   MMM   MMM   MMM   MMM   MMM   MMM   MMM
-0.11 -0.09 -0.11 -0.10 -0.07   MMM   MMM   MMM   MMM   MMM   MMM   MMM
 0.05  0.06  0.05  0.06  0.09   MMM   MMM   MMM   MMM   MMM   MMM   MMM
 0.21  0.24  0.24  0.25  0.27   MMM   MMM   MMM   MMM   MMM   MMM   MMM
 0.41  0.45  0.46  0.49  0.51   MMM   MMM   MMM   MMM   MMM   MMM   MMM
 0.65  0.70  0.73  0.76  0.77   MMM   MMM   MMM   MMM   MMM   MMM   MMM
 0.92  0.98  1.02  1.06  1.07   MMM   MMM   MMM   MMM   MMM   MMM   MMM
 1.22  1.28  1.33  1.37  1.37   MMM   MMM   MMM   MMM   MMM   MMM   MMM
 1.51  1.57  1.63  1.67  1.66   MMM   MMM   MMM   MMM   MMM   MMM   MMM
 1.75  1.82  1.88  1.92  1.90   MMM   MMM   MMM   MMM   MMM   MMM   MMM
 1.96  2.03  2.09  2.12  2.09   MMM   MMM   MMM   MMM   MMM   MMM   MMM
 2.10  2.16  2.22  2.25  2.21   MMM   MMM   MMM   MMM   MMM   MMM   MMM
 2.15  2.21  2.27  2.31  2.27   MMM   MMM   MMM   MMM   MMM   MMM   MMM
 2.13  2.19  2.26  2.30  2.26   MMM   MMM   MMM   MMM   MMM   MMM   MMM
 2.06  2.12  2.19  2.24  2.22   MMM   MMM   MMM   MMM   MMM   MMM   MMM
 1.96  2.02  2.09  2.15  2.15   MMM   MMM   MMM   MMM   MMM   MMM   MMM
 1.86  1.91  1.98  2.05  2.06   MMM   MMM   MMM   MMM   MMM   MMM   MMM
 1.78  1.82  1.89  1.96  1.  MMM.  MMM.  MMM.  MMM.  MMM.  MMM.  MMM.99
 1.72  1.77  1.84  1.92  1.96   MMM   MMM   MMM   MMM   MMM   MMM   MMM
 1.70  1.75  1.82  1.90  1.96   MMM   MMM   MMM   MMM   MMM   MMM   MMM
 1.71  1.75  1.81  1.89  1.95   MMM   MMM   MMM   MMM   MMM   MMM   MMM
 1.71  1.74  1.80  1.87  1.93   MMM   MMM   MMM   MMM   MMM   MMM   MMM
 1.72  1.75  1.80  1.86  1.91   MMM   MMM   MMM   MMM   MMM   MMM   MMM
 1.74  1.76  1.79  1.84  1.89   MMM   MMM   MMM   MMM   MMM   MMM   MMM
 1.76  1.77  1.80  1.84  1.87   MMM   MMM   MMM   MMM   MMM   MMM   MMM
 1.78  1.79  1.81  1.84  1.87   MMM   MMM   MMM   MMM   MMM   MMM   MMM
 1.79  1.79  1.81  1.83  1.86   MMM   MMM   MMM   MMM   MMM   MMM   MMM
 1.79  1.79  1.80  1.82  1.85   MMM   MMM   MMM   MMM   MMM   MMM   MMM
 1.79  1.79  1.80  1.82  1.85   MMM   MMM   MMM   MMM   MMM   MMM   MMM
 1.79  1.80  1.80  1.82  1.85   MMM   MMM   MMM   MMM   MMM   MMM   MMM
 1.80  1.81  1.81  1.83  1.85   MMM   MMM   MMM   MMM   MMM   MMM   MMM
 1.78  1.79  1.79  1.81  1.83   MMM   MMM   MMM   MMM   MMM   MMM   MMM
 1.74  1.75  1.75  1.76  1.79   MMM   MMM   MMM   MMM   MMM   MMM   MMM
 1.69  1.70  1.69  1.70  1.73   MMM   MMM   MMM   MMM   MMM   MMM   MMM
 1.64  1.65  1.64  1.65  1.68   MMM   MMM   MMM   MMM   MMM   MMM   MMM
 1.61  1.61  1.60  1.62  1.65   MMM   MMM   MMM   MMM   MMM   MMM   MMM
 1.58  1.58  1.57  1.59  1.62   MMM   MMM   MMM   MMM   MMM   MMM   MMM
 1.54  1.55  1.54  1.55  1.59   MMM   MMM   MMM   MMM   MMM   MMM   MMM
 1.49  1.49  1.49  1.51  1.54   MMM   MMM   MMM   MMM   MMM   MMM   MMM
 1.43  1.43  1.43  1.45  1.49   MMM   MMM   MMM   MMM   MMM   MMM   MMM
 1.37  1.37  1.37  1.39  1.43   MMM   MMM   MMM   MMM   MMM   MMM   MMM
 1.32  1.32  1.31  1.33  1.37   MMM   MMM   MMM   MMM   MMM   MMM   MMM
 1.25  1.25  1.25  1.28  1.31   MMM   MMM   MMM   MMM   MMM   MMM   MMM
 1.18  1.18  1.18  1.21  1.25   MMM   MMM   MMM   MMM   MMM   MMM   MMM
 1.10  1.10  1.10  1.13  1.17   MMM   MMM   MMM   MMM   MMM   MMM   MMM
 1.00  1.01  1.01  1.04  1.07   MMM   MMM   MMM   MMM   MMM   MMM   MMM
 0.90  0.90  0.90  0.93  0.96   MMM   MMM   MMM   MMM   MMM   MMM   MMM
 0.79  0.79  0.80  0.83  0.87   MMM   MMM   MMM   MMM   MMM   MMM   MMM
 0.73  0.72  0.72  0.75  0.79   MMM   MMM   MMM   MMM   MMM   MMM   MMM
 0.70  0.69  0.68  0.71  0.73   MMM   MMM   MMM   MMM   MMM   MMM   MMM
 0.69  0.68  0.67  0.69  0.71   MMM   MMM   MMM   MMM   MMM   MMM   MMM
 0.70  0.68  0.68  0.69  0.71   MMM   MMM   MMM   MMM   MMM   MMM   MMM
 0.71  0.70  0.69  0.71  0.73   MMM   MMM   MMM   MMM   MMM   MMM   MMM
 0.71  0.70  0.70  0.72  0.74   MMM   MMM   MMM   MMM   MMM   MMM   MMM
 0.71  0.71  0.70  0.73  0.75   MMM   MMM   MMM   MMM   MMM   MMM   MMM
 0.72  0.72  0.72  0.74  0.76   MMM   MMM   MMM   MMM   MMM   MMM   MMM
 0.73  0.73  0.73  0.75  0.77   MMM   MMM   MMM   MMM   MMM   MMM   MMM
 0.72  0.72  0.73  0.75  0.76   MMM   MMM   MMM   MMM   MMM   MMM   MMM
 0.70  0.71  0.71  0.73  0.74   MMM   MMM   MMM   MMM   MMM   MMM   MMM
 0.68  0.68  0.69  0.71  0.72   MMM   MMM   MMM   MMM   MMM   MMM   MMM
 0.67  0.67  0.67  0.69  0.70   MMM   MMM   MMM   MMM   MMM   MMM   MMM
 0.65  0.65  0.66  0.68  0.69   MMM   MMM   MMM   MMM   MMM   MMM   MMM
 0.64  0.64  0.65  0.66  0.67   MMM   MMM   MMM   MMM   MMM   MMM   MMM
 0.62  0.63  0.63  0.65  0.65   MMM   MMM   MMM   MMM   MMM   MMM   MMM
 0.60  0.61  0.62  0.63  0.63   MMM   MMM   MMM   MMM   MMM   MMM   MMM
 0.58  0.59  0.60  0.61  0.61   MMM   MMM   MMM   MMM   MMM   MMM   MMM
 0.55  0.56  0.57  0.58  0.58   MMM   MMM   MMM   MMM   MMM   MMM   MMM
 0.52  0.52  0.53  0.54  0.54   MMM   MMM   MMM   MMM   MMM   MMM   MMM
 0.48  0.49  0.50  0.51  0.50   MMM   MMM   MMM   MMM   MMM   MMM   MMM
 0.45  0.46  0.47  0.48  0.47   MMM   MMM   MMM   MMM   MMM   MMM   MMM
 0.43  0.44  0.45  0.45  0.45   MMM   MMM   MMM   MMM   MMM   MMM   MMM
 0.41  0.42  0.43  0.43  0.42   MMM   MMM   MMM   MMM   MMM   MMM   MMM
 0.39  0.40  0.41  0.41  0.40   MMM   MMM   MMM   MMM   MMM   MMM   MMM
 0.37  0.38  0.39  0.40  0.38   MMM   MMM   MMM   MMM   MMM   MMM   MMM
 0.36  0.37  0.38  0.38  0.37   MMM   MMM   MMM   MMM   MMM   MMM   MMM
 0.34  0.35  0.36  0.36  0.35   MMM   MMM   MMM   MMM   MMM   MMM   MMM
 0.33  0.33  0.35  0.35  0.34   MMM   MMM   MMM   MMM   MMM   MMM   MMM
 0.31  0.31  0.33  0.32  0.31   MMM   MMM   MMM   MMM   MMM   MMM   MMM
 0.28  0.29  0.30  0.30  0.29   MMM   MMM   MMM   MMM   MMM   MMM   MMM
 0.25  0.26  0.27  0.27  0.26   MMM   MMM   MMM   MMM   MMM   MMM   MMM
 0.22  0.23  0.24  0.24  0.23   MMM   MMM   MMM   MMM   MMM   MMM   MMM
 0.19  0.20  0.21  0.21  0.20   MMM   MMM   MMM   MMM   MMM   MMM   MMM
 0.17  0.17  0.18  0.18  0.18   MMM   MMM   MMM   MMM   MMM   MMM   MMM
 0.14  0.15  0.16  0.16  0.15   MMM   MMM   MMM   MMM   MMM   MMM   MMM
 0.12  0.12  0.13  0.14  0.13   MMM   MMM   MMM   MMM   MMM   MMM   MMM
 0.10  0.10  0.11  0.11  0.11   MMM   MMM   MMM   MMM   MMM   MMM   MMM
 0.07  0.08  0.08  0.09  0.09   MMM   MMM   MMM   MMM   MMM   MMM   MMM
 0.06  0.06  0.07  0.07  0.07   MMM   MMM   MMM   MMM   MMM   MMM   MMM
 0.04  0.04  0.05  0.06  0.05   MMM   MMM   MMM   MMM   MMM   MMM   MMM
 0.03  0.03  0.04  0.04  0.04   MMM   MMM   MMM   MMM   MMM   MMM   MMM
 0.02  0.02  0.03  0.03  0.03   MMM   MMM   MMM   MMM   MMM   MMM   MMM
 0.01  0.01  0.02  0.02  0.02   MMM   MMM   MMM   MMM   MMM   MMM   MMM
 0.01  0.01  0.01  0.01  0.01   MMM   MMM   MMM   MMM   MMM   MMM   MMM
 0.01  0.01  0.01  0.01  0.01   MMM   MMM   MMM   MMM   MMM   MMM   MMM
 0.00  0.00  0.00  0.00  0.00   MMM   MMM   MMM   MMM   MMM   MMM   MMM
 0.00  0.00  0.00  0.00  0.00   MMM   MMM   MMM   MMM   MMM   MMM   MMM
 0.00  0.00  0.00  0.00  0.00   MMM   MMM   MMM   MMM   MMM   MMM   MMM
