Fig. 10b. Zonal and ensemble 12 month running mean monthly MHT anomalies (PW) for the  Indo-Pacific ocean (latitude 33.5S - 64.5N, 2000 - 2016, January - December, missing is MMM).  The columns are January to December, and the rows are every 0.5 degrees -33.5, -33.0, ... 64.5N.

year 2000
  MMM   MMM   MMM   MMM   MMM   MMM -0.37 -0.31 -0.29 -0.25 -0.20 -0.19
  MMM   MMM   MMM   MMM   MMM   MMM -0.38 -0.32 -0.29 -0.25 -0.20 -0.19
  MMM   MMM   MMM   MMM   MMM   MMM -0.39 -0.33 -0.30 -0.26 -0.20 -0.19
  MMM   MMM   MMM   MMM   MMM   MMM -0.41 -0.35 -0.31 -0.27 -0.21 -0.20
  MMM   MMM   MMM   MMM   MMM   MMM -0.43 -0.37 -0.33 -0.28 -0.22 -0.21
  MMM   MMM   MMM   MMM   MMM   MMM -0.46 -0.39 -0.35 -0.29 -0.23 -0.22
  MMM   MMM   MMM   MMM   MMM   MMM -0.47 -0.41 -0.37 -0.31 -0.25 -0.23
  MMM   MMM   MMM   MMM   MMM   MMM -0.49 -0.43 -0.38 -0.31 -0.25 -0.23
  MMM   MMM   MMM   MMM   MMM   MMM -0.51 -0.45 -0.40 -0.33 -0.25 -0.23
  MMM   MMM   MMM   MMM   MMM   MMM -0.54 -0.47 -0.42 -0.35 -0.27 -0.25
  MMM   MMM   MMM   MMM   MMM   MMM -0.55 -0.49 -0.43 -0.35 -0.27 -0.25
  MMM   MMM   MMM   MMM   MMM   MMM -0.56 -0.49 -0.44 -0.35 -0.27 -0.24
  MMM   MMM   MMM   MMM   MMM   MMM -0.57 -0.50 -0.44 -0.35 -0.26 -0.23
  MMM   MMM   MMM   MMM   MMM   MMM -0.57 -0.51 -0.45 -0.36 -0.26 -0.23
  MMM   MMM   MMM   MMM   MMM   MMM -0.57 -0.50 -0.45 -0.35 -0.26 -0.23
  MMM   MMM   MMM   MMM   MMM   MMM -0.56 -0.49 -0.44 -0.34 -0.24 -0.21
  MMM   MMM   MMM   MMM   MMM   MMM -0.54 -0.48 -0.42 -0.32 -0.22 -0.19
  MMM   MMM   MMM   MMM   MMM   MMM -0.53 -0.46 -0.40 -0.31 -0.21 -0.18
  MMM   MMM   MMM   MMM   MMM   MMM -0.51 -0.45 -0.41 -0.32 -0.23 -0.20
  MMM   MMM   MMM   MMM   MMM   MMM -0.50 -0.45 -0.41 -0.33 -0.25 -0.22
  MMM   MMM   MMM   MMM   MMM   MMM -0.49 -0.45 -0.43 -0.36 -0.28 -0.25
  MMM   MMM   MMM   MMM   MMM   MMM -0.49 -0.46 -0.44 -0.38 -0.31 -0.27
  MMM   MMM   MMM   MMM   MMM   MMM -0.48 -0.46 -0.45 -0.40 -0.34 -0.30
  MMM   MMM   MMM   MMM   MMM   MMM -0.46 -0.44 -0.45 -0.41 -0.35 -0.32
  MMM   MMM   MMM   MMM   MMM   MMM -0.43 -0.42 -0.44 -0.41 -0.36 -0.32
  MMM   MMM   MMM   MMM   MMM   MMM -0.40 -0.40 -0.42 -0.40 -0.36 -0.32
  MMM   MMM   MMM   MMM   MMM   MMM -0.37 -0.38 -0.41 -0.40 -0.35 -0.32
  MMM   MMM   MMM   MMM   MMM   MMM -0.34 -0.35 -0.39 -0.38 -0.33 -0.30
  MMM   MMM   MMM   MMM   MMM   MMM -0.32 -0.32 -0.36 -0.35 -0.31 -0.28
  MMM   MMM   MMM   MMM   MMM   MMM -0.29 -0.29 -0.33 -0.32 -0.28 -0.26
  MMM   MMM   MMM   MMM   MMM   MMM -0.27 -0.26 -0.29 -0.28 -0.25 -0.23
  MMM   MMM   MMM   MMM   MMM   MMM -0.25 -0.23 -0.25 -0.24 -0.21 -0.20
  MMM   MMM   MMM   MMM   MMM   MMM -0.24 -0.20 -0.21 -0.20 -0.17 -0.18
  MMM   MMM   MMM   MMM   MMM   MMM -0.23 -0.18 -0.18 -0.17 -0.15 -0.16
  MMM   MMM   MMM   MMM   MMM   MMM -0.23 -0.16 -0.16 -0.14 -0.13 -0.15
  MMM   MMM   MMM   MMM   MMM   MMM -0.22 -0.15 -0.13 -0.12 -0.11 -0.13
  MMM   MMM   MMM   MMM   MMM   MMM -0.22 -0.13 -0.11 -0.10 -0.09 -0.12
  MMM   MMM   MMM   MMM   MMM   MMM -0.21 -0.12 -0.09 -0.08 -0.08 -0.11
  MMM   MMM   MMM   MMM   MMM   MMM -0.20 -0.10 -0.08 -0.06 -0.06 -0.10
  MMM   MMM   MMM   MMM   MMM   MMM -0.18 -0.08 -0.06 -0.04 -0.04 -0.08
  MMM   MMM   MMM   MMM   MMM   MMM -0.15 -0.06 -0.04 -0.02 -0.03 -0.07
  MMM   MMM   MMM   MMM   MMM   MMM -0.11 -0.02 -0.01 -0.00 -0.01 -0.05
  MMM   MMM   MMM   MMM   MMM   MMM -0.07  0.01  0.01  0.01  0.01 -0.03
  MMM   MMM   MMM   MMM   MMM   MMM -0.04  0.04  0.03  0.03  0.02 -0.01
  MMM   MMM   MMM   MMM   MMM   MMM -0.02  0.05  0.05  0.04  0.03 -0.00
  MMM   MMM   MMM   MMM   MMM   MMM -0.02  0.06  0.05  0.05  0.05  0.01
  MMM   MMM   MMM   MMM   MMM   MMM -0.01  0.07  0.06  0.06  0.06  0.03
  MMM   MMM   MMM   MMM   MMM   MMM -0.01  0.07  0.07  0.07  0.08  0.04
  MMM   MMM   MMM   MMM   MMM   MMM -0.01  0.07  0.07  0.08  0.08  0.05
  MMM   MMM   MMM   MMM   MMM   MMM -0.01  0.07  0.07  0.08  0.09  0.06
  MMM   MMM   MMM   MMM   MMM   MMM -0.01  0.07  0.07  0.08  0.10  0.08
  MMM   MMM   MMM   MMM   MMM   MMM  0.00  0.07  0.07  0.08  0.09  0.07
  MMM   MMM   MMM   MMM   MMM   MMM  0.01  0.08  0.08  0.08  0.09  0.07
  MMM   MMM   MMM   MMM   MMM   MMM  0.02  0.08  0.07  0.07  0.08  0.06
  MMM   MMM   MMM   MMM   MMM   MMM  0.02  0.08  0.07  0.07  0.07  0.05
  MMM   MMM   MMM   MMM   MMM   MMM  0.02  0.07  0.06  0.06  0.07  0.04
  MMM   MMM   MMM   MMM   MMM   MMM  0.02  0.07  0.06  0.06  0.06  0.04
  MMM   MMM   MMM   MMM   MMM   MMM  0.02  0.07  0.06  0.06  0.07  0.05
  MMM   MMM   MMM   MMM   MMM   MMM  0.03  0.07  0.06  0.06  0.08  0.06
  MMM   MMM   MMM   MMM   MMM   MMM  0.03  0.07  0.06  0.06  0.08  0.06
  MMM   MMM   MMM   MMM   MMM   MMM  0.03  0.06  0.05  0.05  0.07  0.06
  MMM   MMM   MMM   MMM   MMM   MMM  0.02  0.06  0.04  0.05  0.07  0.06
  MMM   MMM   MMM   MMM   MMM   MMM  0.02  0.06  0.05  0.06  0.08  0.08
  MMM   MMM   MMM   MMM   MMM   MMM  0.03  0.07  0.05  0.07  0.09  0.08
  MMM   MMM   MMM   MMM   MMM   MMM  0.03  0.06  0.05  0.06  0.08  0.08
  MMM   MMM   MMM   MMM   MMM   MMM  0.03  0.06  0.04  0.05  0.07  0.07
  MMM   MMM   MMM   MMM   MMM   MMM  0.02  0.05  0.04  0.05  0.07  0.07
  MMM   MMM   MMM   MMM   MMM   MMM  0.01  0.04  0.04  0.06  0.08  0.08
  MMM   MMM   MMM   MMM   MMM   MMM  0.01  0.04  0.04  0.06  0.08  0.09
  MMM   MMM   MMM   MMM   MMM   MMM  0.00  0.03  0.03  0.04  0.05  0.05
  MMM   MMM   MMM   MMM   MMM   MMM -0.01  0.01  0.01  0.02  0.04  0.04
  MMM   MMM   MMM   MMM   MMM   MMM -0.04 -0.01 -0.01  0.01  0.03  0.03
  MMM   MMM   MMM   MMM   MMM   MMM -0.03 -0.01 -0.01  0.00  0.02  0.02
  MMM   MMM   MMM   MMM   MMM   MMM -0.03 -0.01 -0.00  0.00  0.02  0.02
  MMM   MMM   MMM   MMM   MMM   MMM -0.02 -0.00  0.00  0.01  0.02  0.02
  MMM   MMM   MMM   MMM   MMM   MMM -0.01  0.01  0.01  0.02  0.02  0.02
  MMM   MMM   MMM   MMM   MMM   MMM -0.01  0.01  0.01  0.02  0.02  0.02
  MMM   MMM   MMM   MMM   MMM   MMM -0.00  0.01  0.01  0.02  0.02  0.02
  MMM   MMM   MMM   MMM   MMM   MMM -0.01  0.01  0.01  0.01  0.02  0.01
  MMM   MMM   MMM   MMM   MMM   MMM -0.01  0.01  0.01  0.01  0.02  0.01
  MMM   MMM   MMM   MMM   MMM   MMM -0.01  0.01  0.01  0.01  0.02  0.01
  MMM   MMM   MMM   MMM   MMM   MMM -0.00  0.01  0.02  0.01  0.02  0.01
  MMM   MMM   MMM   MMM   MMM   MMM -0.01  0.01  0.01  0.01  0.02  0.01
  MMM   MMM   MMM   MMM   MMM   MMM -0.01  0.01  0.01  0.01  0.01  0.01
  MMM   MMM   MMM   MMM   MMM   MMM -0.01  0.00  0.01  0.01  0.01  0.01
  MMM   MMM   MMM   MMM   MMM   MMM -0.01 -0.00  0.00  0.00  0.00  0.00
  MMM   MMM   MMM   MMM   MMM   MMM -0.02 -0.00 -0.00 -0.00 -0.00 -0.00
  MMM   MMM   MMM   MMM   MMM   MMM -0.02 -0.01 -0.00 -0.00 -0.00 -0.00
  MMM   MMM   MMM   MMM   MMM   MMM -0.02 -0.01 -0.01 -0.00 -0.00 -0.00
  MMM   MMM   MMM   MMM   MMM   MMM -0.01 -0.01 -0.01 -0.00 -0.00 -0.00
  MMM   MMM   MMM   MMM   MMM   MMM -0.01 -0.00 -0.00 -0.00 -0.00 -0.00
  MMM   MMM   MMM   MMM   MMM   MMM -0.01 -0.00 -0.00 -0.00  0.00  0.00
  MMM   MMM   MMM   MMM   MMM   MMM -0.01 -0.00 -0.00  0.00  0.00  0.00
  MMM   MMM   MMM   MMM   MMM   MMM -0.01 -0.00 -0.00  0.00  0.00  0.00
  MMM   MMM   MMM   MMM   MMM   MMM -0.01 -0.00  0.00  0.00  0.00  0.00
  MMM   MMM   MMM   MMM   MMM   MMM -0.00 -0.00 -0.00  0.00  0.00  0.00
  MMM   MMM   MMM   MMM   MMM   MMM -0.00 -0.00 -0.00  0.00  0.00  0.00
  MMM   MMM   MMM   MMM   MMM   MMM -0.00 -0.00 -0.00  0.00  0.00  0.00
  MMM   MMM   MMM   MMM   MMM   MMM -0.00 -0.00 -0.00 -0.00  0.00  0.00
year 2001
-0.19 -0.23 -0.25 -0.27 -0.32 -0.30 -0.25 -0.25 -0.24 -0.18 -0.13 -0.05
-0.20 -0.23 -0.25 -0.27 -0.33 -0.31 -0.26 -0.26 -0.24 -0.18 -0.12 -0.05
-0.20 -0.24 -0.26 -0.27 -0.33 -0.31 -0.25 -0.26 -0.24 -0.18 -0.12 -0.04
-0.21 -0.24 -0.26 -0.28 -0.33 -0.31 -0.25 -0.25 -0.23 -0.17 -0.10 -0.02
-0.21 -0.24 -0.25 -0.27 -0.32 -0.30 -0.24 -0.24 -0.21 -0.15 -0.08 -0.01
-0.22 -0.25 -0.25 -0.27 -0.31 -0.29 -0.23 -0.22 -0.19 -0.12 -0.05  0.02
-0.23 -0.25 -0.26 -0.27 -0.31 -0.29 -0.22 -0.20 -0.17 -0.10 -0.03  0.04
-0.22 -0.24 -0.25 -0.25 -0.30 -0.27 -0.21 -0.19 -0.15 -0.08 -0.01  0.06
-0.23 -0.24 -0.24 -0.25 -0.29 -0.26 -0.19 -0.17 -0.13 -0.05  0.02  0.09
-0.24 -0.25 -0.25 -0.25 -0.28 -0.25 -0.18 -0.16 -0.11 -0.04  0.03  0.10
-0.25 -0.25 -0.25 -0.24 -0.27 -0.24 -0.17 -0.15 -0.11 -0.03  0.04  0.10
-0.23 -0.24 -0.24 -0.23 -0.26 -0.22 -0.15 -0.13 -0.09 -0.02  0.04  0.10
-0.23 -0.23 -0.22 -0.21 -0.24 -0.21 -0.13 -0.11 -0.07 -0.01  0.05  0.11
-0.22 -0.22 -0.21 -0.20 -0.22 -0.18 -0.11 -0.09 -0.05  0.01  0.06  0.11
-0.21 -0.20 -0.19 -0.17 -0.19 -0.16 -0.08 -0.06 -0.03  0.03  0.07  0.11
-0.18 -0.17 -0.16 -0.14 -0.17 -0.13 -0.06 -0.04 -0.02  0.03  0.07  0.11
-0.16 -0.15 -0.14 -0.13 -0.15 -0.12 -0.05 -0.03 -0.01  0.03  0.06  0.09
-0.16 -0.14 -0.14 -0.13 -0.15 -0.12 -0.05 -0.04 -0.01  0.02  0.05  0.08
-0.17 -0.16 -0.15 -0.14 -0.17 -0.13 -0.06 -0.05 -0.02  0.02  0.04  0.07
-0.19 -0.18 -0.17 -0.16 -0.18 -0.15 -0.07 -0.05 -0.02  0.02  0.04  0.07
-0.21 -0.20 -0.19 -0.18 -0.20 -0.15 -0.07 -0.05 -0.01  0.03  0.05  0.08
-0.23 -0.22 -0.21 -0.19 -0.21 -0.15 -0.07 -0.04  0.00  0.05  0.08  0.11
-0.25 -0.24 -0.23 -0.20 -0.20 -0.14 -0.05 -0.02  0.02  0.07  0.10  0.13
-0.27 -0.26 -0.24 -0.20 -0.19 -0.13 -0.03  0.00  0.05  0.10  0.13  0.16
-0.28 -0.27 -0.24 -0.19 -0.17 -0.10 -0.00  0.03  0.07  0.12  0.14  0.17
-0.28 -0.26 -0.23 -0.16 -0.13 -0.06  0.03  0.06  0.09  0.12  0.14  0.16
-0.27 -0.24 -0.20 -0.13 -0.10 -0.02  0.06  0.08  0.10  0.12  0.13  0.14
-0.25 -0.22 -0.18 -0.11 -0.07  0.00  0.08  0.09  0.09  0.10  0.10  0.12
-0.23 -0.21 -0.17 -0.10 -0.06  0.01  0.08  0.08  0.07  0.08  0.08  0.09
-0.22 -0.20 -0.16 -0.09 -0.05  0.01  0.07  0.06  0.05  0.05  0.05  0.07
-0.21 -0.19 -0.15 -0.08 -0.04  0.02  0.07  0.04  0.02  0.02  0.03  0.05
-0.19 -0.18 -0.14 -0.07 -0.04  0.02  0.06  0.02 -0.00 -0.00  0.01  0.03
-0.17 -0.17 -0.13 -0.06 -0.04  0.00  0.03 -0.01 -0.03 -0.03 -0.02  0.00
-0.15 -0.16 -0.13 -0.07 -0.06 -0.02  0.00 -0.04 -0.06 -0.06 -0.05 -0.03
-0.15 -0.16 -0.13 -0.09 -0.08 -0.05 -0.04 -0.08 -0.10 -0.09 -0.09 -0.07
-0.14 -0.16 -0.14 -0.11 -0.11 -0.09 -0.07 -0.12 -0.13 -0.12 -0.11 -0.11
-0.14 -0.16 -0.15 -0.12 -0.14 -0.12 -0.11 -0.15 -0.16 -0.15 -0.14 -0.14
-0.13 -0.16 -0.15 -0.14 -0.16 -0.15 -0.14 -0.19 -0.20 -0.19 -0.18 -0.18
-0.13 -0.15 -0.15 -0.15 -0.17 -0.16 -0.17 -0.22 -0.24 -0.23 -0.22 -0.22
-0.12 -0.15 -0.15 -0.14 -0.16 -0.16 -0.17 -0.23 -0.26 -0.26 -0.25 -0.24
-0.10 -0.13 -0.13 -0.12 -0.14 -0.13 -0.15 -0.22 -0.26 -0.26 -0.25 -0.23
-0.08 -0.11 -0.11 -0.10 -0.11 -0.10 -0.12 -0.20 -0.23 -0.23 -0.22 -0.20
-0.06 -0.09 -0.08 -0.07 -0.08 -0.07 -0.09 -0.16 -0.19 -0.19 -0.17 -0.15
-0.04 -0.06 -0.06 -0.05 -0.06 -0.05 -0.06 -0.12 -0.15 -0.13 -0.11 -0.09
-0.02 -0.05 -0.05 -0.04 -0.06 -0.04 -0.04 -0.09 -0.10 -0.07 -0.05 -0.03
-0.01 -0.03 -0.04 -0.03 -0.05 -0.04 -0.03 -0.07 -0.07 -0.04 -0.01  0.01
 0.00 -0.02 -0.03 -0.03 -0.05 -0.04 -0.03 -0.06 -0.06 -0.02  0.01  0.04
 0.02 -0.01 -0.02 -0.02 -0.05 -0.04 -0.04 -0.06 -0.05 -0.01  0.02  0.06
 0.03  0.00 -0.01 -0.02 -0.05 -0.05 -0.04 -0.07 -0.06 -0.01  0.02  0.06
 0.04  0.01 -0.01 -0.02 -0.05 -0.05 -0.04 -0.07 -0.06 -0.02  0.01  0.05
 0.05  0.02  0.00 -0.01 -0.04 -0.04 -0.04 -0.08 -0.07 -0.04 -0.01  0.03
 0.05  0.02  0.00 -0.01 -0.04 -0.05 -0.05 -0.08 -0.08 -0.05 -0.02  0.02
 0.04  0.02 -0.01 -0.02 -0.05 -0.05 -0.05 -0.08 -0.08 -0.05 -0.02  0.02
 0.04  0.01 -0.02 -0.03 -0.05 -0.05 -0.05 -0.07 -0.07 -0.03 -0.01  0.02
 0.03  0.01 -0.02 -0.03 -0.05 -0.04 -0.04 -0.06 -0.05 -0.02  0.01  0.04
 0.02 -0.00 -0.02 -0.03 -0.04 -0.04 -0.03 -0.05 -0.04 -0.00  0.02  0.05
 0.02 -0.00 -0.02 -0.02 -0.03 -0.02 -0.02 -0.03 -0.02  0.01  0.03  0.06
 0.03  0.01 -0.01 -0.01 -0.01 -0.01 -0.01 -0.02 -0.02  0.01  0.03  0.05
 0.04  0.02  0.00  0.00  0.00  0.00  0.00 -0.01 -0.01  0.01  0.02  0.04
 0.04  0.03  0.01  0.01  0.01  0.01  0.01 -0.00  0.00  0.02  0.03  0.04
 0.05  0.03  0.02  0.03  0.03  0.04  0.03  0.02  0.03  0.05  0.05  0.06
 0.06  0.05  0.04  0.06  0.06  0.07  0.07  0.05  0.06  0.08  0.08  0.09
 0.08  0.07  0.07  0.08  0.08  0.09  0.08  0.07  0.08  0.10  0.10  0.10
 0.09  0.08  0.07  0.09  0.09  0.09  0.09  0.08  0.09  0.11  0.11  0.10
 0.09  0.08  0.07  0.08  0.08  0.09  0.09  0.08  0.10  0.12  0.12  0.11
 0.08  0.07  0.06  0.07  0.08  0.09  0.09  0.09  0.11  0.13  0.13  0.13
 0.07  0.06  0.06  0.07  0.08  0.09  0.10  0.10  0.12  0.14  0.15  0.14
 0.09  0.08  0.07  0.09  0.09  0.11  0.11  0.11  0.13  0.15  0.14  0.14
 0.09  0.08  0.08  0.09  0.10  0.11  0.11  0.11  0.12  0.13  0.13  0.12
 0.06  0.06  0.06  0.08  0.08  0.09  0.09  0.09  0.10  0.11  0.10  0.09
 0.05  0.04  0.04  0.05  0.06  0.07  0.07  0.06  0.08  0.08  0.07  0.06
 0.04  0.03  0.03  0.04  0.05  0.07  0.07  0.07  0.08  0.09  0.07  0.06
 0.03  0.02  0.02  0.03  0.04  0.06  0.07  0.07  0.09  0.09  0.08  0.07
 0.02  0.01  0.01  0.03  0.04  0.06  0.06  0.06  0.08  0.08  0.07  0.06
 0.02  0.01  0.01  0.03  0.03  0.05  0.06  0.06  0.07  0.07  0.06  0.05
 0.02  0.01  0.01  0.02  0.03  0.04  0.04  0.04  0.05  0.05  0.04  0.04
 0.02  0.01  0.01  0.01  0.01  0.03  0.03  0.02  0.03  0.04  0.03  0.02
 0.01  0.00  0.00  0.01  0.00  0.02  0.02  0.01  0.02  0.02  0.01  0.01
 0.01 -0.00 -0.01 -0.00 -0.00  0.01  0.01  0.01  0.01  0.01  0.01  0.01
 0.01 -0.00 -0.01 -0.01 -0.01  0.00 -0.00 -0.00  0.01  0.01 -0.00 -0.00
 0.01 -0.00 -0.01 -0.01 -0.01 -0.00 -0.00 -0.00  0.00  0.00 -0.00 -0.01
 0.01 -0.00 -0.01 -0.01 -0.01 -0.00 -0.01 -0.01  0.00  0.00 -0.00 -0.01
 0.01 -0.00 -0.01 -0.01 -0.01 -0.01 -0.01 -0.01  0.00  0.00 -0.01 -0.01
 0.01 -0.00 -0.01 -0.01 -0.02 -0.01 -0.01 -0.01 -0.00 -0.00 -0.01 -0.01
 0.00 -0.00 -0.01 -0.01 -0.02 -0.01 -0.01 -0.01 -0.00 -0.00 -0.01 -0.01
-0.00 -0.01 -0.01 -0.01 -0.02 -0.01 -0.01 -0.01  0.00 -0.00 -0.01 -0.01
-0.00 -0.01 -0.01 -0.01 -0.01 -0.01 -0.00 -0.00  0.00  0.00 -0.00 -0.00
-0.00 -0.01 -0.01 -0.01 -0.01 -0.00  0.00  0.00  0.01  0.01  0.00 -0.00
-0.00 -0.00 -0.01 -0.01 -0.01  0.00  0.00  0.00  0.01  0.00  0.00 -0.00
-0.01 -0.01 -0.01 -0.01 -0.01  0.00  0.00  0.00  0.00  0.00 -0.00 -0.00
-0.00 -0.00 -0.00 -0.00 -0.00  0.00  0.00  0.00  0.00  0.00 -0.00 -0.00
 0.00  0.00  0.00  0.00  0.00  0.01  0.01  0.00  0.00  0.00 -0.00 -0.00
 0.00  0.00  0.00  0.01  0.01  0.01  0.01  0.01  0.00  0.00 -0.00 -0.00
 0.00  0.00  0.00  0.01  0.01  0.01  0.01  0.01  0.00  0.00  0.00  0.00
 0.00  0.00  0.00  0.01  0.00  0.01  0.01  0.01  0.00  0.00  0.00  0.00
 0.00  0.00  0.00  0.00  0.00  0.01  0.01  0.01  0.00  0.00  0.00  0.00
 0.00  0.00  0.00  0.00  0.00  0.00  0.00  0.00  0.00  0.00  0.00  0.00
 0.00  0.00  0.00  0.00  0.00  0.00  0.00  0.00  0.00  0.00  0.00  0.00
 0.00  0.00  0.00  0.00  0.00  0.00  0.00  0.00  0.00  0.00  0.00  0.00
year 2002
 0.05  0.16  0.25  0.30  0.39  0.43  0.41  0.40  0.37  0.33  0.29  0.24
 0.05  0.16  0.25  0.31  0.40  0.44  0.42  0.40  0.39  0.34  0.31  0.26
 0.06  0.17  0.26  0.32  0.40  0.44  0.42  0.40  0.39  0.35  0.32  0.27
 0.07  0.17  0.26  0.32  0.40  0.44  0.42  0.40  0.38  0.34  0.31  0.26
 0.09  0.18  0.27  0.33  0.40  0.44  0.42  0.40  0.38  0.34  0.31  0.26
 0.11  0.20  0.28  0.34  0.41  0.44  0.42  0.39  0.37  0.33  0.30  0.25
 0.13  0.21  0.29  0.34  0.41  0.44  0.42  0.39  0.37  0.33  0.29  0.24
 0.15  0.23  0.30  0.35  0.41  0.44  0.41  0.38  0.36  0.32  0.29  0.24
 0.16  0.24  0.30  0.35  0.41  0.44  0.41  0.38  0.36  0.32  0.29  0.24
 0.18  0.24  0.30  0.35  0.41  0.43  0.41  0.38  0.36  0.33  0.30  0.25
 0.17  0.24  0.30  0.34  0.40  0.42  0.40  0.38  0.36  0.33  0.31  0.26
 0.17  0.23  0.29  0.33  0.38  0.40  0.38  0.36  0.35  0.32  0.30  0.26
 0.17  0.23  0.28  0.32  0.37  0.39  0.37  0.35  0.33  0.32  0.30  0.26
 0.17  0.21  0.26  0.29  0.34  0.37  0.35  0.33  0.33  0.31  0.30  0.27
 0.16  0.20  0.24  0.27  0.31  0.34  0.33  0.32  0.32  0.31  0.31  0.29
 0.15  0.18  0.22  0.24  0.28  0.31  0.30  0.29  0.30  0.31  0.32  0.30
 0.13  0.16  0.20  0.22  0.26  0.28  0.27  0.27  0.29  0.31  0.32  0.32
 0.12  0.14  0.18  0.20  0.24  0.26  0.25  0.25  0.28  0.30  0.33  0.33
 0.10  0.13  0.16  0.18  0.22  0.24  0.24  0.24  0.28  0.31  0.33  0.34
 0.10  0.13  0.17  0.18  0.22  0.24  0.23  0.24  0.27  0.31  0.34  0.34
 0.12  0.15  0.19  0.20  0.23  0.25  0.23  0.24  0.28  0.31  0.33  0.34
 0.14  0.17  0.21  0.23  0.25  0.25  0.24  0.24  0.28  0.31  0.33  0.33
 0.17  0.19  0.23  0.24  0.25  0.26  0.24  0.24  0.27  0.29  0.31  0.32
 0.18  0.21  0.24  0.24  0.25  0.25  0.23  0.23  0.26  0.28  0.30  0.31
 0.19  0.21  0.24  0.24  0.24  0.23  0.21  0.21  0.24  0.26  0.28  0.30
 0.18  0.21  0.24  0.22  0.21  0.20  0.18  0.19  0.22  0.24  0.26  0.29
 0.16  0.19  0.22  0.20  0.18  0.16  0.15  0.17  0.21  0.22  0.24  0.28
 0.14  0.17  0.20  0.18  0.16  0.14  0.13  0.15  0.20  0.21  0.23  0.26
 0.12  0.16  0.19  0.16  0.14  0.12  0.11  0.14  0.18  0.20  0.21  0.25
 0.11  0.14  0.16  0.13  0.10  0.08  0.08  0.12  0.17  0.19  0.20  0.23
 0.09  0.13  0.14  0.09  0.06  0.05  0.05  0.10  0.16  0.18  0.19  0.22
 0.07  0.10  0.10  0.05  0.02  0.01  0.03  0.09  0.16  0.18  0.18  0.22
 0.04  0.06  0.06  0.01 -0.02 -0.01  0.02  0.09  0.17  0.19  0.19  0.22
-0.00  0.01 -0.00 -0.05 -0.07 -0.04  0.02  0.10  0.18  0.20  0.20  0.23
-0.05 -0.04 -0.06 -0.11 -0.11 -0.06  0.02  0.12  0.20  0.22  0.21  0.23
-0.09 -0.10 -0.13 -0.17 -0.15 -0.08  0.03  0.14  0.22  0.23  0.22  0.23
-0.13 -0.15 -0.18 -0.22 -0.18 -0.08  0.04  0.16  0.25  0.25  0.23  0.24
-0.17 -0.18 -0.21 -0.24 -0.20 -0.08  0.07  0.19  0.28  0.28  0.26  0.26
-0.20 -0.21 -0.23 -0.25 -0.19 -0.06  0.09  0.22  0.30  0.31  0.28  0.29
-0.21 -0.21 -0.22 -0.23 -0.17 -0.04  0.11  0.23  0.31  0.31  0.29  0.29
-0.19 -0.18 -0.19 -0.19 -0.13 -0.01  0.12  0.23  0.30  0.30  0.27  0.28
-0.16 -0.15 -0.14 -0.14 -0.08  0.03  0.14  0.23  0.29  0.28  0.26  0.26
-0.12 -0.10 -0.10 -0.09 -0.02  0.07  0.16  0.23  0.27  0.26  0.23  0.24
-0.06 -0.05 -0.04 -0.03  0.03  0.11  0.17  0.21  0.24  0.23  0.21  0.23
-0.00  0.01  0.01  0.03  0.08  0.13  0.17  0.19  0.21  0.19  0.19  0.21
 0.04  0.05  0.06  0.07  0.11  0.15  0.17  0.17  0.17  0.16  0.16  0.20
 0.07  0.08  0.09  0.10  0.13  0.16  0.16  0.15  0.15  0.13  0.14  0.18
 0.10  0.12  0.13  0.13  0.16  0.18  0.17  0.15  0.14  0.12  0.13  0.17
 0.11  0.13  0.15  0.16  0.18  0.20  0.18  0.15  0.14  0.12  0.12  0.16
 0.10  0.13  0.15  0.16  0.19  0.20  0.19  0.16  0.14  0.12  0.12  0.16
 0.08  0.12  0.15  0.16  0.18  0.20  0.19  0.16  0.14  0.11  0.12  0.15
 0.07  0.11  0.14  0.16  0.18  0.19  0.18  0.15  0.13  0.10  0.11  0.14
 0.07  0.10  0.14  0.16  0.18  0.19  0.17  0.14  0.11  0.08  0.08  0.12
 0.07  0.11  0.14  0.16  0.18  0.19  0.16  0.12  0.08  0.05  0.05  0.08
 0.08  0.12  0.15  0.16  0.18  0.18  0.15  0.10  0.05  0.01  0.01  0.04
 0.10  0.13  0.16  0.16  0.17  0.16  0.13  0.08  0.03 -0.01 -0.03  0.00
 0.10  0.12  0.15  0.15  0.15  0.14  0.11  0.05  0.00 -0.04 -0.06 -0.04
 0.09  0.11  0.13  0.13  0.12  0.11  0.08  0.02 -0.03 -0.07 -0.09 -0.07
 0.07  0.09  0.11  0.10  0.09  0.08  0.04 -0.01 -0.06 -0.10 -0.11 -0.09
 0.06  0.08  0.10  0.09  0.08  0.06  0.02 -0.03 -0.08 -0.12 -0.13 -0.10
 0.08  0.09  0.11  0.09  0.07  0.06  0.02 -0.04 -0.08 -0.12 -0.13 -0.11
 0.10  0.11  0.12  0.10  0.07  0.05  0.01 -0.04 -0.09 -0.12 -0.14 -0.11
 0.11  0.12  0.12  0.09  0.07  0.05  0.01 -0.05 -0.10 -0.13 -0.14 -0.12
 0.11  0.11  0.12  0.09  0.06  0.04  0.01 -0.05 -0.09 -0.12 -0.13 -0.12
 0.11  0.12  0.12  0.09  0.06  0.04  0.01 -0.04 -0.08 -0.11 -0.12 -0.10
 0.13  0.14  0.14  0.11  0.08  0.05  0.02 -0.03 -0.07 -0.10 -0.11 -0.10
 0.15  0.16  0.16  0.13  0.09  0.06  0.03 -0.02 -0.06 -0.09 -0.10 -0.09
 0.15  0.16  0.16  0.13  0.09  0.06  0.03 -0.02 -0.06 -0.08 -0.09 -0.09
 0.13  0.14  0.14  0.10  0.07  0.04  0.02 -0.04 -0.07 -0.08 -0.09 -0.08
 0.10  0.10  0.10  0.06  0.03  0.01 -0.00 -0.04 -0.07 -0.07 -0.07 -0.06
 0.07  0.08  0.07  0.05  0.02  0.01  0.01 -0.03 -0.05 -0.06 -0.05 -0.04
 0.07  0.09  0.09  0.06  0.04  0.03  0.02 -0.02 -0.04 -0.04 -0.04 -0.03
 0.08  0.09  0.09  0.06  0.04  0.03  0.02 -0.02 -0.04 -0.04 -0.04 -0.03
 0.07  0.08  0.07  0.05  0.03  0.02  0.02 -0.01 -0.03 -0.03 -0.03 -0.02
 0.06  0.07  0.07  0.05  0.02  0.02  0.02 -0.01 -0.02 -0.02 -0.02 -0.02
 0.05  0.06  0.06  0.04  0.02  0.02  0.02  0.00 -0.01 -0.01 -0.01 -0.01
 0.03  0.05  0.05  0.04  0.03  0.03  0.04  0.01  0.00  0.00  0.00 -0.00
 0.02  0.04  0.04  0.04  0.03  0.03  0.04  0.02  0.01  0.01  0.01  0.01
 0.02  0.04  0.04  0.04  0.03  0.03  0.04  0.02  0.01  0.02  0.01  0.01
 0.01  0.03  0.04  0.04  0.03  0.04  0.05  0.03  0.02  0.02  0.02  0.02
 0.01  0.02  0.03  0.04  0.03  0.04  0.05  0.04  0.02  0.03  0.03  0.03
 0.01  0.02  0.03  0.04  0.04  0.05  0.05  0.04  0.03  0.03  0.03  0.03
 0.01  0.02  0.03  0.04  0.04  0.05  0.06  0.04  0.03  0.04  0.03  0.03
 0.00  0.02  0.03  0.04  0.04  0.05  0.05  0.04  0.03  0.04  0.03  0.04
 0.00  0.02  0.03  0.03  0.04  0.04  0.05  0.04  0.03  0.03  0.03  0.03
 0.00  0.01  0.02  0.03  0.03  0.04  0.04  0.04  0.03  0.03  0.03  0.03
 0.00  0.01  0.02  0.03  0.03  0.03  0.04  0.03  0.03  0.03  0.03  0.03
 0.01  0.02  0.02  0.03  0.03  0.03  0.03  0.03  0.02  0.03  0.03  0.03
 0.01  0.01  0.02  0.02  0.02  0.02  0.03  0.02  0.02  0.02  0.02  0.02
 0.00  0.01  0.01  0.02  0.02  0.02  0.02  0.02  0.02  0.02  0.02  0.02
 0.00  0.00  0.01  0.01  0.01  0.01  0.01  0.01  0.01  0.02  0.02  0.02
-0.00  0.00  0.00  0.01  0.01  0.01  0.01  0.01  0.01  0.01  0.01  0.01
 0.00  0.00  0.00  0.00  0.01  0.01  0.00  0.01  0.01  0.01  0.01  0.01
 0.00  0.00  0.00  0.00  0.01  0.00  0.00  0.01  0.01  0.01  0.01  0.01
 0.00  0.00  0.00  0.00  0.00  0.00  0.00  0.00  0.00  0.00  0.00  0.00
 0.00  0.00  0.00  0.00  0.00  0.00  0.00  0.00  0.00  0.00  0.00  0.00
 0.00  0.00  0.00  0.00  0.00  0.00  0.00  0.00  0.00  0.00  0.00  0.00
 0.00  0.00  0.00  0.00  0.00  0.00  0.00  0.00  0.00  0.00  0.00  0.00
 0.00  0.00  0.00  0.00  0.00  0.00  0.00  0.00  0.00  0.00  0.00  0.00
year 2003
 0.18  0.11  0.03 -0.01 -0.01 -0.01 -0.00  0.03  0.06  0.07  0.08  0.13
 0.20  0.14  0.05  0.02  0.02  0.03  0.04  0.07  0.10  0.11  0.10  0.15
 0.21  0.15  0.07  0.04  0.05  0.05  0.06  0.10  0.13  0.13  0.13  0.17
 0.21  0.17  0.09  0.07  0.08  0.08  0.09  0.12  0.15  0.15  0.14  0.19
 0.21  0.17  0.09  0.07  0.08  0.09  0.10  0.13  0.16  0.16  0.15  0.20
 0.20  0.16  0.08  0.06  0.07  0.08  0.09  0.12  0.15  0.15  0.14  0.19
 0.19  0.15  0.08  0.06  0.07  0.08  0.09  0.12  0.14  0.14  0.13  0.18
 0.19  0.16  0.09  0.08  0.09  0.10  0.10  0.13  0.16  0.14  0.14  0.18
 0.20  0.17  0.11  0.10  0.11  0.12  0.12  0.15  0.18  0.16  0.15  0.19
 0.21  0.19  0.14  0.13  0.14  0.14  0.14  0.17  0.19  0.17  0.16  0.20
 0.23  0.21  0.16  0.15  0.16  0.16  0.15  0.18  0.20  0.17  0.16  0.20
 0.23  0.22  0.18  0.17  0.18  0.18  0.17  0.20  0.21  0.19  0.17  0.20
 0.24  0.24  0.20  0.19  0.20  0.20  0.19  0.22  0.23  0.20  0.19  0.22
 0.26  0.26  0.23  0.22  0.23  0.23  0.22  0.24  0.25  0.22  0.20  0.22
 0.28  0.28  0.26  0.26  0.27  0.27  0.25  0.27  0.27  0.23  0.20  0.22
 0.29  0.31  0.29  0.29  0.31  0.31  0.28  0.29  0.29  0.24  0.21  0.22
 0.31  0.32  0.30  0.31  0.33  0.33  0.30  0.31  0.30  0.25  0.20  0.22
 0.32  0.33  0.31  0.32  0.33  0.33  0.31  0.31  0.30  0.25  0.20  0.22
 0.33  0.33  0.31  0.31  0.33  0.33  0.30  0.31  0.30  0.24  0.21  0.22
 0.33  0.33  0.30  0.30  0.32  0.32  0.29  0.30  0.29  0.24  0.21  0.22
 0.32  0.32  0.29  0.29  0.30  0.31  0.28  0.29  0.28  0.23  0.20  0.22
 0.32  0.32  0.29  0.28  0.30  0.30  0.28  0.28  0.28  0.23  0.20  0.21
 0.32  0.32  0.29  0.29  0.31  0.31  0.28  0.28  0.27  0.22  0.19  0.20
 0.32  0.32  0.29  0.30  0.32  0.32  0.28  0.28  0.27  0.22  0.20  0.20
 0.31  0.33  0.30  0.30  0.33  0.34  0.30  0.29  0.27  0.23  0.21  0.21
 0.31  0.32  0.30  0.31  0.34  0.35  0.31  0.29  0.28  0.23  0.22  0.22
 0.30  0.32  0.30  0.31  0.35  0.36  0.32  0.29  0.27  0.24  0.23  0.24
 0.29  0.31  0.30  0.31  0.36  0.37  0.32  0.29  0.27  0.24  0.24  0.25
 0.28  0.30  0.29  0.31  0.36  0.37  0.32  0.29  0.27  0.24  0.25  0.26
 0.27  0.29  0.29  0.32  0.38  0.39  0.33  0.30  0.28  0.25  0.26  0.26
 0.26  0.29  0.29  0.33  0.39  0.40  0.34  0.30  0.28  0.25  0.25  0.25
 0.25  0.29  0.29  0.34  0.40  0.40  0.34  0.29  0.26  0.23  0.23  0.23
 0.25  0.29  0.30  0.34  0.40  0.40  0.32  0.27  0.23  0.20  0.21  0.21
 0.25  0.29  0.31  0.35  0.40  0.39  0.30  0.24  0.20  0.17  0.18  0.18
 0.25  0.30  0.32  0.36  0.40  0.37  0.27  0.20  0.16  0.13  0.14  0.15
 0.25  0.30  0.33  0.38  0.40  0.36  0.24  0.16  0.11  0.09  0.10  0.12
 0.26  0.31  0.35  0.39  0.41  0.34  0.22  0.13  0.08  0.05  0.07  0.10
 0.28  0.33  0.37  0.40  0.41  0.33  0.20  0.10  0.05  0.03  0.05  0.08
 0.30  0.35  0.38  0.41  0.41  0.32  0.18  0.09  0.04  0.02  0.04  0.06
 0.31  0.35  0.38  0.40  0.39  0.29  0.15  0.07  0.03  0.01  0.03  0.04
 0.29  0.34  0.36  0.37  0.35  0.26  0.13  0.05  0.02  0.01  0.03  0.04
 0.28  0.32  0.34  0.34  0.31  0.22  0.10  0.04  0.02  0.02  0.03  0.04
 0.26  0.31  0.32  0.31  0.28  0.19  0.08  0.04  0.03  0.03  0.04  0.03
 0.25  0.29  0.29  0.27  0.24  0.16  0.07  0.05  0.05  0.05  0.05  0.03
 0.23  0.26  0.26  0.24  0.21  0.14  0.06  0.06  0.07  0.07  0.06  0.03
 0.22  0.24  0.23  0.20  0.18  0.13  0.07  0.08  0.10  0.09  0.08  0.04
 0.20  0.22  0.21  0.19  0.18  0.13  0.08  0.10  0.12  0.11  0.09  0.05
 0.19  0.21  0.20  0.18  0.18  0.14  0.10  0.11  0.13  0.12  0.11  0.07
 0.18  0.20  0.19  0.17  0.17  0.14  0.10  0.12  0.14  0.13  0.12  0.08
 0.17  0.20  0.19  0.17  0.17  0.14  0.10  0.12  0.14  0.14  0.13  0.10
 0.17  0.19  0.18  0.16  0.17  0.14  0.10  0.11  0.14  0.14  0.13  0.10
 0.16  0.18  0.17  0.15  0.16  0.13  0.09  0.11  0.13  0.13  0.12  0.10
 0.14  0.16  0.14  0.12  0.13  0.11  0.07  0.09  0.12  0.13  0.12  0.10
 0.10  0.12  0.10  0.08  0.10  0.08  0.05  0.07  0.11  0.12  0.12  0.11
 0.06  0.08  0.05  0.04  0.06  0.05  0.02  0.05  0.09  0.11  0.12  0.10
 0.02  0.03  0.01  0.00  0.03  0.03  0.01  0.04  0.08  0.10  0.11  0.10
-0.02 -0.01 -0.03 -0.03  0.00  0.01 -0.00  0.03  0.07  0.09  0.11  0.11
-0.06 -0.04 -0.06 -0.05 -0.01  0.00 -0.01  0.03  0.08  0.10  0.12  0.12
-0.07 -0.06 -0.07 -0.06 -0.01  0.00  0.00  0.05  0.09  0.11  0.14  0.13
-0.08 -0.07 -0.08 -0.07 -0.01  0.01  0.02  0.06  0.10  0.12  0.14  0.13
-0.09 -0.08 -0.09 -0.07 -0.01  0.01  0.02  0.07  0.11  0.12  0.14  0.14
-0.10 -0.09 -0.10 -0.08 -0.02  0.02  0.03  0.07  0.11  0.12  0.14  0.13
-0.10 -0.09 -0.10 -0.08 -0.02  0.02  0.03  0.08  0.10  0.11  0.13  0.12
-0.10 -0.08 -0.10 -0.07 -0.00  0.03  0.04  0.08  0.10  0.10  0.12  0.11
-0.08 -0.07 -0.08 -0.06  0.01  0.04  0.05  0.08  0.09  0.09  0.10  0.09
-0.08 -0.07 -0.08 -0.05  0.01  0.04  0.05  0.08  0.09  0.08  0.09  0.09
-0.08 -0.07 -0.08 -0.05  0.01  0.04  0.05  0.08  0.09  0.09  0.09  0.09
-0.08 -0.07 -0.08 -0.06  0.01  0.04  0.05  0.08  0.09  0.08  0.09  0.08
-0.07 -0.06 -0.08 -0.05  0.01  0.04  0.05  0.08  0.09  0.08  0.07  0.06
-0.05 -0.04 -0.05 -0.03  0.03  0.06  0.07  0.09  0.09  0.07  0.06  0.04
-0.02 -0.02 -0.03 -0.01  0.04  0.07  0.07  0.09  0.08  0.06  0.05  0.03
-0.02 -0.02 -0.03 -0.02  0.03  0.05  0.06  0.07  0.07  0.05  0.05  0.04
-0.03 -0.02 -0.04 -0.02  0.02  0.05  0.05  0.07  0.07  0.05  0.05  0.04
-0.02 -0.02 -0.03 -0.02  0.02  0.04  0.04  0.06  0.06  0.04  0.04  0.03
-0.02 -0.02 -0.03 -0.02  0.02  0.04  0.04  0.05  0.04  0.03  0.03  0.03
-0.01 -0.01 -0.03 -0.02  0.02  0.03  0.03  0.04  0.03  0.02  0.02  0.02
-0.00 -0.00 -0.02 -0.01  0.01  0.03  0.02  0.03  0.02  0.01  0.01  0.01
 0.00  0.00 -0.01 -0.01  0.01  0.02  0.02  0.02  0.01  0.00  0.00  0.00
 0.01  0.00 -0.01 -0.01  0.01  0.02  0.01  0.01  0.01 -0.00  0.00  0.00
 0.02  0.01  0.00 -0.00  0.01  0.02  0.01  0.01  0.00 -0.00 -0.00  0.00
 0.02  0.02  0.01  0.00  0.02  0.02  0.01  0.01  0.00 -0.00 -0.00  0.00
 0.03  0.03  0.02  0.01  0.02  0.02  0.01  0.01  0.00 -0.00 -0.00  0.00
 0.03  0.03  0.02  0.01  0.02  0.02  0.01  0.01  0.00 -0.00 -0.00  0.00
 0.03  0.03  0.02  0.02  0.02  0.02  0.01  0.01  0.01  0.00  0.00  0.00
 0.03  0.03  0.02  0.02  0.02  0.02  0.01  0.01  0.01  0.00  0.00  0.01
 0.03  0.03  0.02  0.02  0.02  0.02  0.01  0.01  0.01  0.00  0.00  0.01
 0.03  0.03  0.02  0.02  0.02  0.02  0.01  0.01  0.00  0.00 -0.00  0.00
 0.03  0.02  0.02  0.02  0.02  0.02  0.01  0.01  0.01  0.00 -0.00  0.00
 0.02  0.02  0.02  0.02  0.02  0.02  0.01  0.01  0.01  0.00  0.00  0.00
 0.02  0.02  0.02  0.02  0.02  0.02  0.01  0.01  0.01  0.01  0.00  0.01
 0.02  0.02  0.02  0.02  0.02  0.02  0.01  0.01  0.01  0.01  0.01  0.01
 0.01  0.01  0.02  0.01  0.01  0.01  0.01  0.01  0.01  0.01  0.01  0.01
 0.01  0.01  0.01  0.01  0.01  0.01  0.01  0.01  0.01  0.01  0.00  0.00
 0.01  0.01  0.01  0.01  0.01  0.01  0.01  0.01  0.01  0.01  0.00  0.00
 0.00  0.01  0.01  0.01  0.01  0.00  0.00  0.00  0.00  0.00  0.00  0.00
 0.00  0.00  0.00  0.00  0.00  0.00  0.00  0.00  0.00  0.00  0.00  0.00
 0.00  0.00  0.00  0.00  0.00  0.00  0.00  0.00  0.00  0.00  0.00  0.00
 0.00  0.00  0.00  0.00  0.00  0.00  0.00  0.00  0.00  0.00  0.00  0.00
 0.00  0.00  0.00  0.00  0.00  0.00  0.00  0.00  0.00  0.00  0.00  0.00
year 2004
 0.15  0.14  0.14  0.10  0.06  0.02  0.01  0.00 -0.02 -0.06 -0.11 -0.19
 0.17  0.16  0.16  0.12  0.07  0.03  0.02  0.01 -0.01 -0.05 -0.09 -0.17
 0.19  0.18  0.17  0.14  0.08  0.04  0.02  0.02 -0.00 -0.03 -0.07 -0.14
 0.20  0.18  0.18  0.14  0.08  0.04  0.02  0.01 -0.00 -0.03 -0.06 -0.12
 0.21  0.20  0.19  0.15  0.10  0.06  0.03  0.02  0.01 -0.01 -0.04 -0.10
 0.21  0.20  0.20  0.16  0.10  0.06  0.05  0.04  0.03  0.01 -0.01 -0.07
 0.20  0.19  0.18  0.14  0.09  0.05  0.03  0.03  0.03  0.01 -0.01 -0.07
 0.19  0.17  0.16  0.11  0.06  0.02  0.00  0.00 -0.01 -0.03 -0.05 -0.10
 0.19  0.17  0.15  0.09  0.03 -0.01 -0.03 -0.04 -0.05 -0.06 -0.08 -0.13
 0.20  0.17  0.15  0.09  0.03 -0.02 -0.04 -0.05 -0.06 -0.08 -0.10 -0.14
 0.19  0.16  0.14  0.08  0.02 -0.02 -0.04 -0.05 -0.07 -0.08 -0.10 -0.14
 0.20  0.16  0.14  0.08  0.01 -0.03 -0.05 -0.06 -0.07 -0.08 -0.10 -0.15
 0.21  0.17  0.14  0.08  0.01 -0.04 -0.06 -0.07 -0.08 -0.09 -0.11 -0.16
 0.21  0.17  0.13  0.06 -0.00 -0.05 -0.08 -0.09 -0.10 -0.11 -0.13 -0.18
 0.21  0.16  0.12  0.05 -0.01 -0.07 -0.09 -0.10 -0.12 -0.12 -0.15 -0.20
 0.20  0.15  0.11  0.04 -0.03 -0.09 -0.11 -0.12 -0.13 -0.14 -0.17 -0.22
 0.20  0.15  0.10  0.03 -0.04 -0.10 -0.13 -0.14 -0.15 -0.15 -0.18 -0.24
 0.21  0.16  0.11  0.04 -0.03 -0.09 -0.12 -0.14 -0.15 -0.15 -0.18 -0.24
 0.21  0.16  0.11  0.05 -0.02 -0.08 -0.11 -0.12 -0.13 -0.13 -0.17 -0.24
 0.21  0.16  0.12  0.05 -0.01 -0.07 -0.09 -0.11 -0.11 -0.12 -0.16 -0.24
 0.20  0.15  0.11  0.05 -0.02 -0.07 -0.09 -0.10 -0.11 -0.11 -0.16 -0.24
 0.19  0.13  0.09  0.03 -0.03 -0.08 -0.09 -0.10 -0.11 -0.11 -0.17 -0.25
 0.17  0.12  0.07  0.01 -0.05 -0.10 -0.11 -0.11 -0.11 -0.11 -0.17 -0.26
 0.17  0.11  0.06 -0.00 -0.07 -0.11 -0.12 -0.12 -0.11 -0.11 -0.17 -0.26
 0.18  0.12  0.07  0.00 -0.06 -0.11 -0.12 -0.12 -0.11 -0.10 -0.17 -0.26
 0.19  0.14  0.09  0.02 -0.06 -0.10 -0.11 -0.11 -0.10 -0.10 -0.17 -0.27
 0.21  0.15  0.10  0.02 -0.06 -0.11 -0.11 -0.10 -0.09 -0.10 -0.18 -0.29
 0.22  0.16  0.10  0.01 -0.07 -0.12 -0.12 -0.12 -0.11 -0.12 -0.21 -0.31
 0.22  0.16  0.09 -0.00 -0.09 -0.14 -0.14 -0.13 -0.13 -0.14 -0.24 -0.34
 0.21  0.14  0.07 -0.02 -0.11 -0.15 -0.15 -0.16 -0.16 -0.17 -0.26 -0.36
 0.20  0.12  0.05 -0.05 -0.13 -0.17 -0.18 -0.18 -0.19 -0.20 -0.29 -0.37
 0.18  0.10  0.02 -0.07 -0.15 -0.19 -0.20 -0.21 -0.22 -0.23 -0.30 -0.37
 0.16  0.08  0.00 -0.08 -0.17 -0.21 -0.21 -0.23 -0.24 -0.24 -0.31 -0.37
 0.13  0.06 -0.02 -0.10 -0.18 -0.22 -0.23 -0.25 -0.25 -0.25 -0.31 -0.36
 0.11  0.03 -0.04 -0.13 -0.20 -0.24 -0.25 -0.27 -0.27 -0.26 -0.31 -0.35
 0.09  0.01 -0.07 -0.15 -0.22 -0.26 -0.27 -0.28 -0.28 -0.27 -0.31 -0.33
 0.07 -0.01 -0.09 -0.16 -0.23 -0.27 -0.28 -0.29 -0.28 -0.27 -0.29 -0.31
 0.05 -0.03 -0.11 -0.18 -0.24 -0.28 -0.29 -0.30 -0.28 -0.26 -0.27 -0.27
 0.03 -0.05 -0.12 -0.19 -0.24 -0.27 -0.28 -0.29 -0.28 -0.24 -0.24 -0.23
 0.01 -0.06 -0.13 -0.19 -0.24 -0.27 -0.28 -0.29 -0.26 -0.22 -0.21 -0.18
 0.01 -0.06 -0.13 -0.19 -0.23 -0.26 -0.26 -0.27 -0.24 -0.19 -0.17 -0.13
-0.00 -0.07 -0.13 -0.18 -0.22 -0.24 -0.24 -0.25 -0.22 -0.16 -0.12 -0.07
-0.01 -0.09 -0.15 -0.18 -0.22 -0.23 -0.23 -0.23 -0.19 -0.12 -0.08 -0.03
-0.03 -0.10 -0.16 -0.19 -0.22 -0.22 -0.22 -0.22 -0.17 -0.10 -0.05 -0.00
-0.03 -0.11 -0.16 -0.19 -0.21 -0.22 -0.21 -0.21 -0.16 -0.09 -0.04  0.00
-0.03 -0.10 -0.15 -0.17 -0.20 -0.21 -0.20 -0.20 -0.15 -0.09 -0.05 -0.01
-0.01 -0.09 -0.13 -0.16 -0.19 -0.19 -0.19 -0.19 -0.15 -0.09 -0.07 -0.04
 0.01 -0.07 -0.11 -0.14 -0.17 -0.18 -0.17 -0.18 -0.15 -0.10 -0.08 -0.07
 0.03 -0.04 -0.09 -0.11 -0.14 -0.15 -0.15 -0.16 -0.14 -0.10 -0.09 -0.10
 0.05 -0.02 -0.06 -0.08 -0.11 -0.12 -0.12 -0.14 -0.13 -0.09 -0.10 -0.11
 0.05 -0.01 -0.04 -0.05 -0.08 -0.09 -0.10 -0.13 -0.12 -0.09 -0.11 -0.13
 0.06  0.00 -0.03 -0.04 -0.06 -0.08 -0.09 -0.12 -0.12 -0.10 -0.12 -0.14
 0.06  0.01 -0.02 -0.02 -0.05 -0.06 -0.07 -0.10 -0.11 -0.10 -0.12 -0.16
 0.07  0.02  0.00 -0.00 -0.02 -0.03 -0.04 -0.08 -0.09 -0.08 -0.12 -0.16
 0.07  0.03  0.02  0.03  0.01 -0.00 -0.01 -0.05 -0.06 -0.06 -0.10 -0.14
 0.08  0.04  0.04  0.04  0.02  0.02  0.02 -0.02 -0.04 -0.04 -0.08 -0.12
 0.09  0.06  0.05  0.06  0.04  0.04  0.04  0.00 -0.02 -0.02 -0.07 -0.11
 0.10  0.07  0.07  0.07  0.05  0.05  0.05  0.01 -0.01 -0.02 -0.06 -0.09
 0.11  0.09  0.09  0.09  0.07  0.06  0.06  0.02 -0.00 -0.01 -0.05 -0.08
 0.11  0.09  0.10  0.10  0.08  0.07  0.07  0.03  0.01 -0.01 -0.04 -0.07
 0.11  0.10  0.10  0.11  0.09  0.08  0.07  0.03  0.01 -0.01 -0.04 -0.07
 0.11  0.09  0.10  0.11  0.08  0.07  0.06  0.02 -0.00 -0.02 -0.05 -0.08
 0.10  0.09  0.10  0.10  0.08  0.06  0.05  0.02 -0.01 -0.02 -0.05 -0.08
 0.09  0.08  0.09  0.09  0.06  0.05  0.04  0.01 -0.01 -0.02 -0.05 -0.07
 0.07  0.06  0.07  0.08  0.05  0.03  0.02 -0.00 -0.01 -0.02 -0.05 -0.07
 0.07  0.06  0.08  0.08  0.05  0.03  0.02  0.00 -0.01 -0.02 -0.05 -0.07
 0.07  0.07  0.08  0.08  0.05  0.04  0.02 -0.00 -0.02 -0.04 -0.06 -0.08
 0.06  0.06  0.07  0.07  0.05  0.03  0.02 -0.01 -0.02 -0.03 -0.06 -0.07
 0.04  0.03  0.05  0.05  0.03  0.02  0.01 -0.01 -0.02 -0.02 -0.03 -0.04
 0.02  0.01  0.03  0.03  0.02  0.00 -0.00 -0.01 -0.01  0.00  0.01  0.00
 0.02  0.02  0.03  0.04  0.02  0.01  0.01  0.01  0.02  0.04  0.04  0.03
 0.03  0.03  0.05  0.06  0.05  0.04  0.03  0.03  0.04  0.05  0.04  0.04
 0.03  0.03  0.04  0.06  0.05  0.04  0.04  0.04  0.04  0.05  0.05  0.04
 0.03  0.03  0.04  0.05  0.05  0.04  0.04  0.04  0.05  0.05  0.05  0.04
 0.02  0.02  0.03  0.04  0.04  0.03  0.03  0.04  0.05  0.05  0.05  0.04
 0.01  0.01  0.02  0.03  0.03  0.03  0.03  0.04  0.05  0.06  0.06  0.05
 0.00  0.00  0.01  0.02  0.02  0.02  0.02  0.03  0.04  0.06  0.06  0.05
 0.00 -0.00  0.01  0.02  0.01  0.01  0.02  0.03  0.04  0.05  0.06  0.05
 0.00 -0.00  0.01  0.02  0.01  0.01  0.01  0.02  0.03  0.04  0.05  0.05
-0.00 -0.00  0.00  0.01  0.00  0.00  0.00  0.01  0.02  0.03  0.04  0.04
-0.00 -0.01 -0.00  0.00 -0.00 -0.01 -0.00  0.01  0.01  0.03  0.03  0.03
 0.00 -0.01 -0.00  0.00 -0.01 -0.01 -0.01  0.00  0.01  0.02  0.03  0.02
 0.00 -0.00 -0.00 -0.00 -0.01 -0.01 -0.01 -0.00  0.00  0.02  0.02  0.02
 0.00 -0.00 -0.00 -0.00 -0.01 -0.02 -0.01 -0.01 -0.00  0.01  0.02  0.02
 0.01  0.00 -0.00 -0.00 -0.01 -0.01 -0.01 -0.01 -0.00  0.01  0.02  0.02
 0.01  0.00  0.00 -0.00 -0.01 -0.01 -0.01 -0.01 -0.00  0.01  0.02  0.02
 0.00  0.00 -0.00 -0.00 -0.01 -0.01 -0.01 -0.01 -0.00  0.01  0.02  0.02
 0.00  0.00 -0.00 -0.00 -0.01 -0.01 -0.01 -0.01 -0.00  0.00  0.01  0.01
 0.01  0.00  0.00 -0.00 -0.01 -0.01 -0.01 -0.01 -0.00  0.00  0.01  0.01
 0.01  0.01  0.00  0.00 -0.01 -0.01 -0.01 -0.01 -0.00  0.00  0.01  0.01
 0.01  0.01  0.01  0.00 -0.00 -0.00 -0.00 -0.00 -0.00  0.00  0.01  0.01
 0.01  0.01  0.00  0.00 -0.00 -0.00 -0.00 -0.00 -0.00  0.00  0.01  0.01
 0.00  0.00  0.00  0.00 -0.00 -0.00 -0.00 -0.00  0.00  0.00  0.01  0.01
 0.00  0.00  0.00  0.00 -0.00 -0.00  0.00  0.00  0.00  0.00  0.01  0.01
 0.00  0.00  0.00  0.00  0.00  0.00  0.00  0.00  0.00  0.00  0.00  0.01
 0.00  0.00  0.00  0.00  0.00  0.00  0.00  0.00  0.00  0.00  0.00  0.00
 0.00  0.00  0.00  0.00  0.00  0.00  0.00  0.00  0.00  0.00  0.00  0.00
 0.00  0.00  0.00  0.00  0.00  0.00  0.00  0.00  0.00  0.00  0.00  0.00
 0.00  0.00  0.00  0.00  0.00  0.00  0.00  0.00  0.00  0.00  0.00  0.00
year 2005
-0.22 -0.22 -0.21 -0.18 -0.20 -0.20 -0.14 -0.12 -0.14 -0.13 -0.09 -0.10
-0.19 -0.20 -0.20 -0.17 -0.19 -0.19 -0.13 -0.12 -0.14 -0.13 -0.09 -0.10
-0.16 -0.18 -0.18 -0.15 -0.17 -0.17 -0.11 -0.09 -0.12 -0.11 -0.08 -0.09
-0.14 -0.16 -0.16 -0.14 -0.16 -0.16 -0.09 -0.07 -0.10 -0.09 -0.06 -0.08
-0.13 -0.15 -0.16 -0.14 -0.16 -0.16 -0.09 -0.07 -0.10 -0.09 -0.06 -0.07
-0.10 -0.13 -0.14 -0.13 -0.15 -0.15 -0.10 -0.08 -0.11 -0.10 -0.08 -0.09
-0.09 -0.12 -0.14 -0.12 -0.14 -0.14 -0.09 -0.07 -0.11 -0.10 -0.08 -0.09
-0.12 -0.15 -0.16 -0.13 -0.15 -0.14 -0.09 -0.07 -0.11 -0.10 -0.08 -0.09
-0.15 -0.18 -0.19 -0.16 -0.17 -0.15 -0.10 -0.08 -0.12 -0.12 -0.10 -0.10
-0.16 -0.20 -0.21 -0.19 -0.20 -0.18 -0.12 -0.11 -0.15 -0.14 -0.13 -0.13
-0.16 -0.20 -0.22 -0.19 -0.21 -0.20 -0.14 -0.13 -0.17 -0.17 -0.16 -0.16
-0.17 -0.21 -0.23 -0.20 -0.21 -0.20 -0.15 -0.14 -0.18 -0.19 -0.17 -0.17
-0.18 -0.22 -0.24 -0.21 -0.22 -0.20 -0.15 -0.15 -0.20 -0.20 -0.19 -0.19
-0.20 -0.24 -0.25 -0.23 -0.23 -0.22 -0.16 -0.16 -0.21 -0.23 -0.21 -0.21
-0.22 -0.25 -0.27 -0.25 -0.25 -0.24 -0.18 -0.19 -0.24 -0.26 -0.24 -0.23
-0.24 -0.27 -0.29 -0.26 -0.26 -0.24 -0.19 -0.20 -0.26 -0.27 -0.25 -0.24
-0.25 -0.28 -0.30 -0.26 -0.27 -0.25 -0.19 -0.20 -0.26 -0.28 -0.26 -0.25
-0.26 -0.29 -0.30 -0.27 -0.28 -0.26 -0.20 -0.21 -0.27 -0.30 -0.28 -0.27
-0.26 -0.29 -0.31 -0.28 -0.29 -0.28 -0.23 -0.23 -0.30 -0.32 -0.30 -0.30
-0.26 -0.30 -0.32 -0.30 -0.32 -0.30 -0.25 -0.26 -0.33 -0.36 -0.33 -0.32
-0.27 -0.31 -0.34 -0.33 -0.35 -0.34 -0.29 -0.29 -0.36 -0.38 -0.36 -0.34
-0.28 -0.33 -0.37 -0.35 -0.37 -0.36 -0.31 -0.31 -0.38 -0.40 -0.37 -0.36
-0.29 -0.34 -0.38 -0.36 -0.37 -0.36 -0.31 -0.32 -0.39 -0.42 -0.39 -0.37
-0.30 -0.35 -0.38 -0.36 -0.37 -0.35 -0.31 -0.32 -0.39 -0.43 -0.39 -0.38
-0.31 -0.36 -0.40 -0.37 -0.37 -0.35 -0.31 -0.32 -0.39 -0.42 -0.38 -0.37
-0.32 -0.38 -0.41 -0.38 -0.38 -0.35 -0.31 -0.31 -0.38 -0.40 -0.36 -0.35
-0.34 -0.40 -0.43 -0.39 -0.38 -0.34 -0.30 -0.30 -0.35 -0.36 -0.31 -0.30
-0.36 -0.42 -0.44 -0.39 -0.37 -0.33 -0.28 -0.27 -0.31 -0.31 -0.25 -0.25
-0.38 -0.43 -0.43 -0.38 -0.36 -0.32 -0.27 -0.25 -0.27 -0.25 -0.19 -0.19
-0.39 -0.42 -0.42 -0.36 -0.34 -0.31 -0.26 -0.22 -0.23 -0.20 -0.14 -0.16
-0.39 -0.41 -0.40 -0.34 -0.32 -0.29 -0.24 -0.20 -0.19 -0.17 -0.11 -0.13
-0.38 -0.39 -0.37 -0.30 -0.28 -0.26 -0.21 -0.16 -0.16 -0.14 -0.09 -0.13
-0.36 -0.37 -0.34 -0.27 -0.24 -0.22 -0.17 -0.13 -0.14 -0.13 -0.09 -0.14
-0.34 -0.34 -0.30 -0.23 -0.20 -0.18 -0.14 -0.11 -0.13 -0.14 -0.11 -0.16
-0.32 -0.31 -0.27 -0.19 -0.16 -0.14 -0.10 -0.08 -0.13 -0.15 -0.13 -0.19
-0.30 -0.28 -0.23 -0.15 -0.12 -0.09 -0.06 -0.06 -0.12 -0.16 -0.15 -0.22
-0.26 -0.23 -0.18 -0.10 -0.06 -0.04 -0.02 -0.02 -0.10 -0.16 -0.17 -0.24
-0.22 -0.18 -0.12 -0.04 -0.01  0.01  0.03  0.02 -0.07 -0.15 -0.16 -0.24
-0.16 -0.11 -0.05  0.03  0.06  0.07  0.08  0.06 -0.03 -0.11 -0.14 -0.23
-0.10 -0.05  0.01  0.09  0.11  0.12  0.13  0.11  0.02 -0.07 -0.10 -0.21
-0.04  0.01  0.07  0.13  0.15  0.15  0.16  0.14  0.05 -0.04 -0.09 -0.20
 0.01  0.06  0.11  0.16  0.17  0.17  0.18  0.17  0.07 -0.03 -0.08 -0.19
 0.06  0.11  0.15  0.20  0.20  0.19  0.20  0.19  0.09 -0.02 -0.08 -0.18
 0.08  0.13  0.18  0.22  0.22  0.21  0.22  0.20  0.10 -0.01 -0.07 -0.16
 0.08  0.13  0.18  0.21  0.22  0.21  0.22  0.21  0.10 -0.01 -0.06 -0.15
 0.06  0.11  0.15  0.19  0.20  0.20  0.21  0.19  0.10 -0.01 -0.05 -0.12
 0.02  0.07  0.10  0.14  0.15  0.15  0.17  0.16  0.08 -0.02 -0.05 -0.10
-0.02  0.02  0.05  0.08  0.09  0.09  0.11  0.12  0.05 -0.03 -0.05 -0.09
-0.06 -0.03 -0.00  0.02  0.03  0.02  0.05  0.08  0.02 -0.04 -0.05 -0.08
-0.09 -0.07 -0.06 -0.04 -0.04 -0.04 -0.01  0.02 -0.01 -0.07 -0.06 -0.08
-0.12 -0.11 -0.10 -0.09 -0.10 -0.11 -0.07 -0.03 -0.05 -0.09 -0.08 -0.08
-0.14 -0.13 -0.13 -0.13 -0.14 -0.15 -0.12 -0.07 -0.08 -0.11 -0.09 -0.08
-0.16 -0.15 -0.14 -0.15 -0.16 -0.17 -0.14 -0.09 -0.10 -0.13 -0.09 -0.08
-0.16 -0.15 -0.14 -0.15 -0.17 -0.18 -0.16 -0.11 -0.11 -0.13 -0.09 -0.07
-0.15 -0.14 -0.13 -0.14 -0.16 -0.18 -0.16 -0.11 -0.11 -0.12 -0.08 -0.05
-0.13 -0.12 -0.12 -0.13 -0.15 -0.17 -0.16 -0.11 -0.11 -0.11 -0.07 -0.04
-0.11 -0.11 -0.10 -0.11 -0.13 -0.16 -0.15 -0.11 -0.10 -0.10 -0.05 -0.02
-0.10 -0.09 -0.09 -0.10 -0.12 -0.15 -0.14 -0.10 -0.09 -0.09 -0.04 -0.02
-0.09 -0.09 -0.08 -0.10 -0.12 -0.15 -0.15 -0.11 -0.10 -0.10 -0.06 -0.03
-0.08 -0.08 -0.08 -0.11 -0.13 -0.16 -0.17 -0.14 -0.13 -0.12 -0.08 -0.06
-0.08 -0.08 -0.09 -0.12 -0.15 -0.18 -0.19 -0.16 -0.15 -0.13 -0.10 -0.08
-0.09 -0.09 -0.10 -0.13 -0.16 -0.19 -0.21 -0.18 -0.16 -0.15 -0.11 -0.09
-0.09 -0.10 -0.11 -0.14 -0.17 -0.20 -0.21 -0.18 -0.17 -0.14 -0.11 -0.09
-0.09 -0.09 -0.11 -0.14 -0.16 -0.19 -0.21 -0.18 -0.16 -0.13 -0.09 -0.08
-0.08 -0.09 -0.10 -0.13 -0.16 -0.19 -0.21 -0.19 -0.17 -0.14 -0.10 -0.08
-0.09 -0.10 -0.11 -0.14 -0.17 -0.21 -0.23 -0.21 -0.19 -0.15 -0.11 -0.09
-0.10 -0.11 -0.12 -0.15 -0.17 -0.22 -0.24 -0.21 -0.19 -0.16 -0.12 -0.10
-0.08 -0.09 -0.10 -0.13 -0.15 -0.19 -0.21 -0.19 -0.18 -0.16 -0.12 -0.11
-0.04 -0.05 -0.07 -0.09 -0.11 -0.14 -0.16 -0.14 -0.13 -0.12 -0.09 -0.07
-0.00 -0.01 -0.03 -0.04 -0.05 -0.08 -0.10 -0.08 -0.07 -0.05 -0.03 -0.01
 0.02  0.01  0.01 -0.00 -0.01 -0.04 -0.06 -0.04 -0.03 -0.02  0.01  0.02
 0.03  0.02  0.02  0.01  0.00 -0.03 -0.06 -0.03 -0.02 -0.01  0.01  0.03
 0.03  0.03  0.03  0.02  0.01 -0.02 -0.05 -0.02 -0.01  0.00  0.03  0.04
 0.04  0.04  0.04  0.04  0.04  0.00 -0.02  0.00  0.01  0.01  0.04  0.05
 0.04  0.04  0.04  0.04  0.05  0.02 -0.00  0.02  0.02  0.02  0.04  0.06
 0.05  0.05  0.05  0.05  0.05  0.02 -0.00  0.02  0.02  0.02  0.04  0.05
 0.05  0.05  0.05  0.05  0.05  0.02  0.00  0.02  0.02  0.01  0.03  0.04
 0.05  0.05  0.05  0.04  0.05  0.02  0.00  0.02  0.01  0.01  0.02  0.03
 0.04  0.05  0.04  0.04  0.04  0.02  0.00  0.02  0.02  0.01  0.02  0.02
 0.04  0.04  0.03  0.03  0.03  0.01 -0.00  0.02  0.01  0.01  0.01  0.02
 0.03  0.03  0.02  0.02  0.02  0.01 -0.01  0.01  0.01  0.00  0.01  0.02
 0.02  0.02  0.02  0.01  0.02  0.00 -0.01  0.01  0.01  0.00  0.01  0.01
 0.02  0.02  0.01  0.00  0.01 -0.00 -0.01  0.01  0.01  0.00  0.01  0.01
 0.01  0.01  0.01  0.00  0.01 -0.00 -0.01  0.01  0.01  0.00  0.01  0.01
 0.01  0.01  0.01 -0.00  0.01 -0.00 -0.01  0.01  0.01  0.00  0.01  0.01
 0.01  0.01  0.01  0.00  0.01  0.00 -0.00  0.01  0.01  0.01  0.01  0.01
 0.01  0.01  0.01  0.00  0.01  0.00  0.00  0.01  0.01  0.01  0.01  0.01
 0.01  0.01  0.00 -0.00  0.00  0.00  0.00  0.01  0.01  0.01  0.01  0.01
 0.01  0.01  0.00 -0.00  0.00  0.00  0.00  0.01  0.01  0.01  0.01  0.01
 0.00  0.00 -0.00 -0.01  0.00  0.00  0.00  0.01  0.01  0.01  0.01  0.01
 0.00  0.00  0.00 -0.00  0.00  0.00  0.00  0.01  0.01  0.01  0.01  0.01
 0.01  0.01  0.00 -0.00  0.00  0.01  0.01  0.01  0.01  0.01  0.01  0.01
 0.01  0.01  0.01  0.00  0.01  0.01  0.01  0.01  0.01  0.01  0.01  0.01
 0.01  0.01  0.01  0.00  0.01  0.01  0.01  0.01  0.01  0.00  0.01  0.01
 0.00  0.00  0.00  0.00  0.00  0.01  0.01  0.00  0.00  0.00  0.00  0.00
 0.00  0.00  0.00  0.00  0.00  0.00  0.00  0.00  0.00  0.00  0.00  0.00
 0.00  0.00  0.00 -0.00  0.00  0.00  0.00  0.00  0.00  0.00  0.00  0.00
 0.00  0.00  0.00 -0.00  0.00  0.00  0.00  0.00  0.00  0.00  0.00  0.00
 0.00  0.00 -0.00 -0.00  0.00  0.00  0.00  0.00  0.00  0.00  0.00  0.00
year 2006
-0.14 -0.15 -0.14 -0.12 -0.09 -0.09 -0.11 -0.12 -0.10 -0.08 -0.10 -0.11
-0.14 -0.16 -0.15 -0.13 -0.10 -0.09 -0.11 -0.12 -0.11 -0.09 -0.12 -0.12
-0.14 -0.15 -0.14 -0.12 -0.09 -0.09 -0.11 -0.13 -0.11 -0.10 -0.13 -0.14
-0.12 -0.13 -0.12 -0.10 -0.08 -0.08 -0.10 -0.12 -0.11 -0.11 -0.14 -0.16
-0.11 -0.12 -0.11 -0.09 -0.07 -0.07 -0.10 -0.12 -0.11 -0.11 -0.15 -0.17
-0.12 -0.12 -0.11 -0.08 -0.06 -0.06 -0.08 -0.10 -0.10 -0.10 -0.14 -0.16
-0.12 -0.12 -0.10 -0.08 -0.05 -0.05 -0.07 -0.09 -0.08 -0.08 -0.12 -0.15
-0.11 -0.11 -0.09 -0.07 -0.04 -0.04 -0.06 -0.08 -0.08 -0.07 -0.12 -0.15
-0.12 -0.11 -0.09 -0.06 -0.03 -0.04 -0.07 -0.09 -0.09 -0.09 -0.13 -0.16
-0.14 -0.13 -0.10 -0.06 -0.04 -0.05 -0.08 -0.10 -0.11 -0.10 -0.14 -0.17
-0.17 -0.16 -0.12 -0.08 -0.05 -0.06 -0.09 -0.11 -0.11 -0.11 -0.14 -0.17
-0.18 -0.17 -0.13 -0.10 -0.07 -0.08 -0.11 -0.13 -0.13 -0.11 -0.14 -0.16
-0.20 -0.19 -0.14 -0.11 -0.09 -0.10 -0.13 -0.15 -0.14 -0.12 -0.14 -0.16
-0.22 -0.20 -0.16 -0.13 -0.11 -0.13 -0.16 -0.17 -0.16 -0.13 -0.15 -0.16
-0.24 -0.22 -0.18 -0.15 -0.13 -0.15 -0.18 -0.19 -0.17 -0.14 -0.16 -0.17
-0.25 -0.24 -0.19 -0.17 -0.15 -0.18 -0.21 -0.21 -0.18 -0.15 -0.17 -0.18
-0.27 -0.25 -0.21 -0.18 -0.18 -0.20 -0.23 -0.23 -0.20 -0.17 -0.18 -0.19
-0.29 -0.27 -0.22 -0.20 -0.20 -0.23 -0.25 -0.25 -0.22 -0.18 -0.19 -0.19
-0.31 -0.29 -0.24 -0.21 -0.21 -0.24 -0.27 -0.26 -0.23 -0.18 -0.18 -0.19
-0.33 -0.31 -0.25 -0.22 -0.21 -0.24 -0.27 -0.26 -0.22 -0.18 -0.17 -0.17
-0.35 -0.32 -0.25 -0.22 -0.21 -0.23 -0.26 -0.26 -0.22 -0.16 -0.16 -0.16
-0.36 -0.33 -0.26 -0.21 -0.20 -0.23 -0.26 -0.25 -0.21 -0.15 -0.15 -0.15
-0.38 -0.34 -0.26 -0.22 -0.21 -0.24 -0.27 -0.26 -0.21 -0.16 -0.15 -0.14
-0.39 -0.35 -0.27 -0.23 -0.22 -0.25 -0.28 -0.27 -0.23 -0.18 -0.16 -0.15
-0.38 -0.34 -0.27 -0.22 -0.22 -0.26 -0.30 -0.30 -0.26 -0.20 -0.18 -0.17
-0.36 -0.32 -0.25 -0.22 -0.22 -0.27 -0.31 -0.32 -0.29 -0.23 -0.22 -0.20
-0.32 -0.29 -0.24 -0.21 -0.22 -0.28 -0.33 -0.35 -0.32 -0.28 -0.26 -0.23
-0.27 -0.26 -0.22 -0.20 -0.22 -0.28 -0.34 -0.36 -0.35 -0.31 -0.30 -0.25
-0.23 -0.23 -0.20 -0.20 -0.23 -0.29 -0.35 -0.38 -0.38 -0.34 -0.32 -0.27
-0.21 -0.23 -0.21 -0.22 -0.25 -0.31 -0.36 -0.39 -0.39 -0.35 -0.32 -0.26
-0.20 -0.23 -0.23 -0.25 -0.29 -0.33 -0.37 -0.39 -0.39 -0.35 -0.32 -0.24
-0.21 -0.25 -0.26 -0.29 -0.33 -0.37 -0.39 -0.40 -0.39 -0.34 -0.31 -0.22
-0.23 -0.28 -0.31 -0.35 -0.38 -0.41 -0.41 -0.40 -0.37 -0.32 -0.28 -0.18
-0.27 -0.32 -0.35 -0.40 -0.43 -0.45 -0.43 -0.39 -0.34 -0.27 -0.22 -0.13
-0.30 -0.36 -0.40 -0.44 -0.48 -0.48 -0.43 -0.37 -0.30 -0.22 -0.17 -0.07
-0.32 -0.39 -0.44 -0.49 -0.52 -0.51 -0.44 -0.34 -0.25 -0.16 -0.10 -0.00
-0.35 -0.42 -0.47 -0.53 -0.56 -0.53 -0.43 -0.31 -0.20 -0.09 -0.03  0.07
-0.36 -0.44 -0.50 -0.56 -0.58 -0.54 -0.42 -0.28 -0.15 -0.04  0.02  0.12
-0.36 -0.45 -0.52 -0.58 -0.60 -0.54 -0.40 -0.25 -0.12 -0.01  0.06  0.16
-0.36 -0.45 -0.53 -0.58 -0.59 -0.52 -0.37 -0.22 -0.09  0.01  0.07  0.18
-0.35 -0.45 -0.52 -0.57 -0.56 -0.48 -0.34 -0.19 -0.08  0.02  0.08  0.18
-0.33 -0.43 -0.49 -0.53 -0.51 -0.43 -0.30 -0.18 -0.07  0.02  0.08  0.17
-0.31 -0.39 -0.44 -0.48 -0.46 -0.38 -0.26 -0.16 -0.07  0.02  0.07  0.15
-0.28 -0.34 -0.39 -0.41 -0.40 -0.33 -0.23 -0.14 -0.07  0.01  0.05  0.12
-0.24 -0.30 -0.33 -0.36 -0.35 -0.29 -0.20 -0.13 -0.07  0.00  0.04  0.10
-0.21 -0.25 -0.28 -0.31 -0.30 -0.25 -0.17 -0.12 -0.07 -0.01  0.02  0.08
-0.18 -0.21 -0.23 -0.26 -0.26 -0.21 -0.14 -0.10 -0.06 -0.01  0.01  0.05
-0.15 -0.18 -0.19 -0.21 -0.21 -0.16 -0.10 -0.07 -0.05 -0.01  0.00  0.04
-0.13 -0.15 -0.16 -0.17 -0.17 -0.12 -0.07 -0.04 -0.02  0.00  0.01  0.04
-0.12 -0.13 -0.14 -0.14 -0.13 -0.08 -0.03 -0.00  0.01  0.03  0.02  0.04
-0.11 -0.12 -0.12 -0.12 -0.10 -0.04  0.01  0.03  0.05  0.06  0.04  0.05
-0.10 -0.11 -0.10 -0.10 -0.07 -0.01  0.04  0.06  0.08  0.08  0.06  0.07
-0.09 -0.09 -0.08 -0.07 -0.04  0.02  0.07  0.09  0.10  0.11  0.08  0.08
-0.07 -0.07 -0.06 -0.05 -0.02  0.04  0.09  0.11  0.12  0.12  0.09  0.08
-0.05 -0.05 -0.04 -0.03 -0.00  0.05  0.10  0.12  0.13  0.13  0.09  0.08
-0.03 -0.03 -0.02 -0.01  0.01  0.06  0.11  0.13  0.14  0.14  0.10  0.08
-0.02 -0.01 -0.01  0.00  0.02  0.07  0.11  0.12  0.14  0.13  0.09  0.07
-0.02 -0.01 -0.01 -0.00  0.02  0.06  0.10  0.11  0.12  0.11  0.07  0.05
-0.03 -0.03 -0.02 -0.01  0.00  0.05  0.09  0.11  0.11  0.10  0.06  0.04
-0.05 -0.05 -0.04 -0.03 -0.01  0.04  0.09  0.11  0.12  0.10  0.06  0.04
-0.07 -0.07 -0.06 -0.04 -0.01  0.04  0.09  0.11  0.12  0.10  0.06  0.05
-0.08 -0.07 -0.06 -0.04 -0.01  0.05  0.11  0.13  0.14  0.12  0.08  0.07
-0.07 -0.06 -0.05 -0.02  0.01  0.07  0.12  0.15  0.15  0.13  0.10  0.08
-0.06 -0.05 -0.04 -0.01  0.02  0.07  0.13  0.15  0.14  0.12  0.09  0.07
-0.06 -0.05 -0.04 -0.01  0.01  0.07  0.13  0.14  0.13  0.11  0.07  0.05
-0.07 -0.06 -0.05 -0.03  0.00  0.06  0.12  0.13  0.12  0.10  0.06  0.04
-0.08 -0.08 -0.07 -0.04 -0.01  0.05  0.12  0.13  0.12  0.10  0.05  0.03
-0.08 -0.08 -0.06 -0.04 -0.02  0.04  0.10  0.11  0.11  0.09  0.05  0.03
-0.05 -0.04 -0.03 -0.02 -0.01  0.03  0.09  0.09  0.10  0.08  0.04  0.02
 0.01  0.01  0.02  0.02  0.02  0.05  0.10  0.09  0.09  0.07  0.03  0.02
 0.03  0.03  0.03  0.03  0.03  0.06  0.10  0.09  0.07  0.05  0.02  0.00
 0.04  0.04  0.03  0.04  0.03  0.07  0.10  0.09  0.07  0.05  0.01 -0.01
 0.05  0.05  0.05  0.05  0.04  0.08  0.11  0.09  0.07  0.05  0.01 -0.01
 0.06  0.06  0.06  0.06  0.05  0.07  0.11  0.08  0.07  0.04  0.01 -0.01
 0.06  0.06  0.06  0.06  0.05  0.07  0.10  0.08  0.06  0.05  0.01  0.00
 0.06  0.05  0.05  0.05  0.04  0.06  0.09  0.07  0.06  0.05  0.02  0.01
 0.05  0.05  0.05  0.05  0.04  0.05  0.08  0.06  0.05  0.04  0.01  0.00
 0.04  0.04  0.04  0.05  0.04  0.05  0.08  0.05  0.05  0.04  0.01  0.00
 0.03  0.03  0.04  0.05  0.04  0.05  0.07  0.05  0.04  0.03  0.01  0.01
 0.02  0.03  0.03  0.04  0.04  0.05  0.07  0.04  0.04  0.03  0.01  0.01
 0.02  0.02  0.03  0.04  0.03  0.05  0.06  0.04  0.03  0.03  0.01  0.01
 0.01  0.01  0.02  0.03  0.03  0.04  0.06  0.03  0.03  0.02  0.00  0.00
 0.01  0.01  0.02  0.03  0.03  0.04  0.05  0.03  0.02  0.02 -0.00 -0.00
 0.01  0.01  0.02  0.03  0.03  0.04  0.05  0.03  0.02  0.01 -0.00 -0.00
 0.01  0.01  0.02  0.03  0.03  0.03  0.04  0.02  0.02  0.01 -0.00 -0.00
 0.01  0.01  0.01  0.03  0.02  0.03  0.04  0.02  0.01  0.01 -0.01 -0.00
 0.01  0.01  0.01  0.02  0.02  0.03  0.03  0.02  0.01  0.01 -0.01 -0.00
 0.01  0.01  0.01  0.02  0.02  0.02  0.03  0.01  0.01  0.01 -0.01 -0.00
 0.01  0.01  0.01  0.02  0.02  0.02  0.03  0.01  0.01  0.01 -0.00 -0.00
 0.01  0.01  0.01  0.02  0.02  0.02  0.02  0.01  0.01  0.01 -0.01 -0.00
 0.01  0.01  0.01  0.02  0.01  0.02  0.02  0.01  0.01  0.00 -0.00 -0.00
 0.01  0.01  0.01  0.01  0.01  0.01  0.01  0.01  0.01  0.00 -0.00 -0.00
 0.01  0.01  0.01  0.01  0.01  0.01  0.01  0.01  0.01  0.00 -0.00 -0.00
 0.00  0.00  0.00  0.01  0.01  0.00  0.01  0.00  0.00  0.00 -0.00 -0.00
 0.00  0.00  0.00  0.00  0.00  0.00  0.00  0.00  0.00  0.00 -0.00 -0.00
 0.00  0.00  0.00  0.00  0.00  0.00  0.00  0.00  0.00  0.00 -0.00 -0.00
 0.00  0.00  0.00  0.00  0.00  0.00  0.00  0.00  0.00  0.00 -0.00 -0.00
 0.00  0.00  0.00  0.00  0.00  0.00  0.00  0.00  0.00  0.00  0.00  0.00
 0.00  0.00  0.00  0.00  0.00  0.00  0.00  0.00  0.00  0.00  0.00  0.00
year 2007
-0.06 -0.03 -0.02 -0.04 -0.07 -0.09 -0.13 -0.13 -0.13 -0.19 -0.19 -0.15
-0.09 -0.05 -0.05 -0.07 -0.10 -0.12 -0.18 -0.17 -0.17 -0.23 -0.22 -0.18
-0.11 -0.08 -0.08 -0.11 -0.13 -0.16 -0.21 -0.21 -0.21 -0.26 -0.24 -0.20
-0.14 -0.11 -0.11 -0.13 -0.15 -0.18 -0.24 -0.23 -0.23 -0.27 -0.25 -0.20
-0.15 -0.13 -0.13 -0.15 -0.17 -0.20 -0.25 -0.24 -0.24 -0.28 -0.25 -0.19
-0.15 -0.13 -0.14 -0.17 -0.19 -0.22 -0.27 -0.26 -0.25 -0.29 -0.26 -0.20
-0.14 -0.12 -0.13 -0.17 -0.18 -0.22 -0.28 -0.27 -0.26 -0.29 -0.27 -0.20
-0.15 -0.13 -0.14 -0.18 -0.19 -0.22 -0.28 -0.27 -0.26 -0.29 -0.26 -0.19
-0.16 -0.15 -0.16 -0.20 -0.22 -0.25 -0.30 -0.29 -0.27 -0.29 -0.26 -0.19
-0.17 -0.16 -0.18 -0.22 -0.24 -0.27 -0.32 -0.30 -0.28 -0.30 -0.27 -0.20
-0.16 -0.16 -0.18 -0.22 -0.24 -0.27 -0.32 -0.30 -0.28 -0.31 -0.28 -0.21
-0.15 -0.15 -0.17 -0.21 -0.23 -0.26 -0.31 -0.30 -0.28 -0.31 -0.28 -0.23
-0.15 -0.14 -0.17 -0.22 -0.23 -0.25 -0.30 -0.29 -0.28 -0.31 -0.29 -0.24
-0.16 -0.15 -0.18 -0.23 -0.23 -0.25 -0.30 -0.28 -0.27 -0.31 -0.29 -0.25
-0.16 -0.17 -0.20 -0.24 -0.24 -0.25 -0.29 -0.28 -0.28 -0.32 -0.30 -0.26
-0.18 -0.18 -0.22 -0.26 -0.25 -0.25 -0.28 -0.27 -0.27 -0.32 -0.31 -0.27
-0.19 -0.20 -0.23 -0.26 -0.24 -0.23 -0.26 -0.25 -0.25 -0.31 -0.30 -0.26
-0.19 -0.20 -0.24 -0.26 -0.23 -0.21 -0.23 -0.21 -0.22 -0.29 -0.28 -0.25
-0.18 -0.20 -0.23 -0.25 -0.20 -0.17 -0.18 -0.17 -0.19 -0.26 -0.26 -0.24
-0.17 -0.18 -0.21 -0.22 -0.17 -0.13 -0.14 -0.13 -0.16 -0.24 -0.25 -0.23
-0.15 -0.17 -0.20 -0.20 -0.15 -0.10 -0.10 -0.09 -0.13 -0.22 -0.25 -0.24
-0.14 -0.16 -0.19 -0.19 -0.13 -0.07 -0.07 -0.06 -0.10 -0.21 -0.24 -0.24
-0.13 -0.15 -0.18 -0.18 -0.11 -0.05 -0.04 -0.03 -0.07 -0.19 -0.23 -0.23
-0.13 -0.14 -0.17 -0.17 -0.10 -0.03 -0.01 -0.00 -0.04 -0.16 -0.21 -0.21
-0.14 -0.15 -0.17 -0.16 -0.09 -0.01  0.01  0.03 -0.01 -0.12 -0.17 -0.18
-0.17 -0.16 -0.18 -0.16 -0.07  0.00  0.03  0.05  0.02 -0.08 -0.13 -0.14
-0.19 -0.17 -0.17 -0.14 -0.06  0.02  0.05  0.08  0.06 -0.04 -0.10 -0.12
-0.19 -0.16 -0.15 -0.12 -0.04  0.04  0.07  0.11  0.09 -0.01 -0.08 -0.11
-0.19 -0.14 -0.13 -0.09 -0.00  0.07  0.11  0.15  0.13  0.03 -0.05 -0.11
-0.17 -0.11 -0.09 -0.04  0.05  0.13  0.16  0.20  0.17  0.06 -0.04 -0.11
-0.14 -0.07 -0.04  0.02  0.11  0.18  0.20  0.23  0.20  0.09 -0.02 -0.10
-0.11 -0.03  0.02  0.08  0.18  0.23  0.25  0.26  0.23  0.10 -0.00 -0.09
-0.06  0.03  0.09  0.16  0.25  0.29  0.28  0.27  0.22  0.09 -0.01 -0.10
-0.00  0.11  0.18  0.25  0.33  0.35  0.31  0.27  0.20  0.07 -0.04 -0.12
 0.06  0.18  0.26  0.34  0.40  0.40  0.33  0.26  0.17  0.03 -0.08 -0.15
 0.14  0.26  0.35  0.42  0.48  0.45  0.35  0.25  0.13 -0.02 -0.12 -0.18
 0.21  0.34  0.44  0.51  0.55  0.50  0.37  0.23  0.09 -0.06 -0.15 -0.21
 0.27  0.41  0.51  0.58  0.61  0.54  0.38  0.22  0.06 -0.09 -0.18 -0.23
 0.31  0.45  0.56  0.63  0.65  0.56  0.39  0.21  0.05 -0.11 -0.19 -0.24
 0.33  0.46  0.57  0.64  0.65  0.56  0.38  0.20  0.05 -0.10 -0.18 -0.22
 0.32  0.45  0.55  0.61  0.62  0.53  0.35  0.20  0.06 -0.08 -0.15 -0.19
 0.30  0.41  0.50  0.55  0.56  0.47  0.32  0.19  0.07 -0.05 -0.11 -0.15
 0.26  0.36  0.43  0.47  0.48  0.39  0.27  0.17  0.08 -0.02 -0.08 -0.12
 0.22  0.30  0.35  0.38  0.39  0.33  0.23  0.16  0.10  0.01 -0.04 -0.08
 0.19  0.25  0.29  0.31  0.33  0.28  0.20  0.16  0.11  0.04 -0.01 -0.05
 0.15  0.20  0.23  0.26  0.28  0.24  0.19  0.16  0.13  0.07  0.02 -0.02
 0.12  0.16  0.18  0.21  0.23  0.20  0.16  0.16  0.14  0.09  0.05  0.01
 0.09  0.13  0.15  0.17  0.20  0.17  0.14  0.14  0.13  0.09  0.06  0.02
 0.08  0.11  0.12  0.15  0.17  0.14  0.12  0.12  0.12  0.08  0.06  0.02
 0.08  0.10  0.11  0.13  0.15  0.13  0.10  0.11  0.10  0.07  0.05  0.02
 0.09  0.10  0.11  0.13  0.15  0.12  0.09  0.09  0.08  0.05  0.04  0.01
 0.09  0.10  0.11  0.12  0.14  0.11  0.08  0.08  0.07  0.04  0.03  0.01
 0.10  0.10  0.09  0.10  0.11  0.08  0.06  0.07  0.05  0.03  0.02  0.00
 0.09  0.09  0.08  0.08  0.09  0.06  0.04  0.04  0.03  0.01  0.01 -0.00
 0.08  0.07  0.06  0.06  0.06  0.03  0.02  0.02  0.00 -0.01 -0.01 -0.00
 0.07  0.06  0.04  0.04  0.04  0.02  0.01  0.00 -0.01 -0.02 -0.01 -0.00
 0.06  0.05  0.03  0.03  0.03  0.01  0.00  0.00 -0.01 -0.02 -0.00  0.01
 0.05  0.03  0.01  0.02  0.02  0.00  0.00  0.01 -0.01 -0.01  0.01  0.03
 0.04  0.03  0.01  0.01  0.02  0.00  0.00  0.01  0.00  0.00  0.03  0.05
 0.04  0.03  0.02  0.02  0.02  0.01  0.01  0.02  0.02  0.02  0.05  0.07
 0.05  0.04  0.03  0.03  0.04  0.02  0.02  0.03  0.03  0.04  0.07  0.10
 0.07  0.07  0.05  0.05  0.06  0.04  0.03  0.04  0.04  0.05  0.08  0.10
 0.08  0.07  0.06  0.06  0.06  0.04  0.03  0.04  0.03  0.03  0.06  0.08
 0.07  0.06  0.04  0.04  0.04  0.02  0.01  0.02  0.02  0.02  0.05  0.07
 0.05  0.04  0.03  0.03  0.03  0.01  0.00  0.01  0.01  0.01  0.04  0.07
 0.04  0.03  0.02  0.02  0.03  0.01 -0.00  0.00  0.00  0.01  0.04  0.07
 0.03  0.02  0.01  0.02  0.02  0.00 -0.01 -0.00 -0.00  0.01  0.04  0.07
 0.02  0.02  0.01  0.01  0.02  0.00 -0.00  0.01  0.01  0.02  0.06  0.08
 0.02  0.01  0.01  0.01  0.02  0.01  0.01  0.02  0.02  0.03  0.05  0.08
 0.01  0.01 -0.00  0.00  0.01  0.00 -0.00  0.00 -0.00  0.00  0.02  0.05
-0.00 -0.01 -0.01 -0.01 -0.01 -0.02 -0.02 -0.02 -0.02 -0.01  0.02  0.04
-0.01 -0.01 -0.03 -0.03 -0.03 -0.04 -0.04 -0.03 -0.03 -0.01  0.01  0.03
-0.02 -0.02 -0.03 -0.04 -0.04 -0.05 -0.05 -0.03 -0.03 -0.02  0.01  0.02
-0.01 -0.02 -0.03 -0.04 -0.04 -0.05 -0.05 -0.03 -0.03 -0.02  0.00  0.02
-0.00 -0.01 -0.02 -0.03 -0.04 -0.05 -0.05 -0.04 -0.04 -0.02 -0.01  0.01
 0.00 -0.00 -0.01 -0.03 -0.03 -0.04 -0.05 -0.04 -0.04 -0.03 -0.01 -0.00
 0.00 -0.00 -0.01 -0.03 -0.03 -0.04 -0.04 -0.04 -0.04 -0.03 -0.02 -0.01
 0.00  0.00 -0.01 -0.03 -0.04 -0.05 -0.05 -0.05 -0.05 -0.04 -0.02 -0.02
 0.01  0.00 -0.01 -0.03 -0.04 -0.05 -0.05 -0.05 -0.05 -0.04 -0.03 -0.02
 0.01  0.00 -0.01 -0.02 -0.04 -0.04 -0.05 -0.04 -0.05 -0.04 -0.03 -0.03
 0.01  0.01 -0.01 -0.02 -0.03 -0.04 -0.05 -0.04 -0.05 -0.04 -0.03 -0.03
 0.01  0.00 -0.01 -0.02 -0.03 -0.04 -0.05 -0.04 -0.05 -0.04 -0.03 -0.03
 0.00  0.00 -0.01 -0.02 -0.03 -0.04 -0.05 -0.05 -0.05 -0.04 -0.04 -0.04
 0.00  0.00 -0.01 -0.02 -0.03 -0.04 -0.04 -0.04 -0.05 -0.04 -0.03 -0.03
 0.00 -0.00 -0.01 -0.02 -0.03 -0.04 -0.04 -0.04 -0.04 -0.04 -0.03 -0.04
-0.00 -0.00 -0.01 -0.02 -0.03 -0.04 -0.04 -0.04 -0.04 -0.04 -0.03 -0.04
-0.00 -0.00 -0.01 -0.02 -0.03 -0.03 -0.04 -0.04 -0.04 -0.04 -0.03 -0.03
-0.00 -0.00 -0.01 -0.01 -0.02 -0.03 -0.03 -0.03 -0.03 -0.03 -0.03 -0.03
-0.00 -0.00 -0.01 -0.01 -0.02 -0.02 -0.03 -0.03 -0.03 -0.03 -0.03 -0.03
-0.00 -0.00 -0.01 -0.01 -0.02 -0.02 -0.03 -0.03 -0.03 -0.03 -0.03 -0.03
-0.00 -0.00 -0.01 -0.01 -0.02 -0.02 -0.02 -0.02 -0.03 -0.03 -0.02 -0.02
-0.00 -0.00 -0.01 -0.01 -0.01 -0.02 -0.02 -0.02 -0.02 -0.02 -0.02 -0.02
-0.00 -0.00 -0.01 -0.01 -0.01 -0.01 -0.02 -0.02 -0.02 -0.02 -0.02 -0.02
-0.00 -0.00 -0.00 -0.01 -0.01 -0.01 -0.01 -0.01 -0.01 -0.01 -0.01 -0.01
-0.00 -0.00 -0.00 -0.00 -0.00 -0.01 -0.01 -0.01 -0.01 -0.01 -0.01 -0.01
-0.00 -0.00 -0.00 -0.00 -0.00 -0.00 -0.00 -0.00 -0.00 -0.00 -0.00 -0.00
 0.00  0.00 -0.00 -0.00 -0.00 -0.00 -0.00 -0.00 -0.00 -0.00 -0.00 -0.00
 0.00  0.00 -0.00 -0.00 -0.00 -0.00 -0.00 -0.00 -0.00 -0.00 -0.00 -0.00
 0.00  0.00 -0.00 -0.00 -0.00 -0.00 -0.00 -0.00 -0.00 -0.00 -0.00 -0.00
year 2008
-0.14 -0.15 -0.17 -0.18 -0.19 -0.18 -0.13 -0.10 -0.07 -0.01 -0.01 -0.01
-0.15 -0.16 -0.18 -0.19 -0.19 -0.18 -0.12 -0.09 -0.07 -0.01 -0.00 -0.01
-0.17 -0.18 -0.20 -0.20 -0.21 -0.19 -0.13 -0.10 -0.07 -0.01 -0.01 -0.02
-0.17 -0.18 -0.20 -0.21 -0.21 -0.19 -0.13 -0.10 -0.07 -0.02 -0.01 -0.02
-0.16 -0.17 -0.20 -0.20 -0.21 -0.18 -0.12 -0.09 -0.06 -0.01 -0.01 -0.02
-0.16 -0.17 -0.20 -0.20 -0.20 -0.18 -0.12 -0.09 -0.06 -0.01 -0.01 -0.02
-0.16 -0.17 -0.20 -0.20 -0.20 -0.18 -0.12 -0.09 -0.07 -0.02 -0.02 -0.03
-0.15 -0.16 -0.18 -0.19 -0.19 -0.16 -0.10 -0.08 -0.06 -0.02 -0.02 -0.03
-0.15 -0.15 -0.17 -0.17 -0.17 -0.14 -0.07 -0.05 -0.04  0.00  0.00 -0.01
-0.16 -0.16 -0.18 -0.17 -0.17 -0.13 -0.06 -0.04 -0.02  0.02  0.03  0.02
-0.18 -0.18 -0.19 -0.19 -0.18 -0.14 -0.07 -0.04 -0.02  0.02  0.03  0.03
-0.20 -0.19 -0.21 -0.21 -0.20 -0.16 -0.08 -0.05 -0.03  0.02  0.03  0.03
-0.21 -0.21 -0.22 -0.23 -0.22 -0.18 -0.10 -0.07 -0.05  0.00  0.02  0.02
-0.22 -0.22 -0.23 -0.24 -0.23 -0.19 -0.12 -0.09 -0.06 -0.01  0.00  0.00
-0.24 -0.23 -0.25 -0.25 -0.25 -0.21 -0.13 -0.10 -0.07 -0.02 -0.01 -0.01
-0.25 -0.24 -0.26 -0.26 -0.26 -0.22 -0.15 -0.12 -0.09 -0.04 -0.02 -0.02
-0.25 -0.24 -0.26 -0.27 -0.28 -0.25 -0.18 -0.15 -0.11 -0.06 -0.05 -0.04
-0.24 -0.23 -0.26 -0.28 -0.30 -0.28 -0.22 -0.19 -0.15 -0.10 -0.08 -0.07
-0.23 -0.24 -0.27 -0.31 -0.34 -0.33 -0.27 -0.24 -0.20 -0.15 -0.13 -0.11
-0.24 -0.24 -0.28 -0.33 -0.37 -0.37 -0.32 -0.30 -0.26 -0.20 -0.18 -0.16
-0.24 -0.24 -0.28 -0.34 -0.39 -0.41 -0.37 -0.35 -0.32 -0.25 -0.22 -0.20
-0.24 -0.24 -0.27 -0.34 -0.41 -0.44 -0.42 -0.41 -0.38 -0.30 -0.26 -0.23
-0.23 -0.23 -0.27 -0.34 -0.42 -0.47 -0.46 -0.46 -0.43 -0.34 -0.29 -0.26
-0.22 -0.22 -0.26 -0.34 -0.44 -0.50 -0.50 -0.50 -0.46 -0.37 -0.31 -0.27
-0.19 -0.19 -0.24 -0.34 -0.44 -0.51 -0.52 -0.53 -0.49 -0.38 -0.32 -0.29
-0.16 -0.18 -0.24 -0.34 -0.45 -0.52 -0.53 -0.54 -0.49 -0.39 -0.32 -0.28
-0.15 -0.18 -0.25 -0.34 -0.45 -0.51 -0.53 -0.53 -0.48 -0.37 -0.29 -0.26
-0.17 -0.21 -0.26 -0.35 -0.44 -0.50 -0.51 -0.51 -0.45 -0.34 -0.26 -0.23
-0.18 -0.22 -0.28 -0.35 -0.44 -0.49 -0.50 -0.49 -0.43 -0.31 -0.24 -0.21
-0.18 -0.23 -0.28 -0.34 -0.42 -0.47 -0.48 -0.47 -0.41 -0.30 -0.23 -0.20
-0.18 -0.23 -0.27 -0.33 -0.40 -0.45 -0.45 -0.44 -0.39 -0.29 -0.23 -0.21
-0.18 -0.23 -0.28 -0.33 -0.38 -0.42 -0.42 -0.42 -0.37 -0.28 -0.23 -0.22
-0.19 -0.25 -0.28 -0.32 -0.36 -0.39 -0.39 -0.39 -0.35 -0.27 -0.23 -0.22
-0.21 -0.26 -0.28 -0.31 -0.34 -0.36 -0.35 -0.35 -0.32 -0.24 -0.21 -0.21
-0.22 -0.27 -0.29 -0.30 -0.31 -0.32 -0.32 -0.31 -0.28 -0.21 -0.19 -0.19
-0.25 -0.28 -0.29 -0.29 -0.29 -0.29 -0.28 -0.28 -0.24 -0.18 -0.16 -0.18
-0.27 -0.30 -0.29 -0.27 -0.27 -0.26 -0.25 -0.25 -0.21 -0.15 -0.15 -0.17
-0.28 -0.30 -0.29 -0.27 -0.25 -0.24 -0.22 -0.22 -0.18 -0.13 -0.14 -0.17
-0.28 -0.31 -0.29 -0.26 -0.24 -0.22 -0.20 -0.19 -0.16 -0.11 -0.13 -0.17
-0.27 -0.29 -0.28 -0.25 -0.22 -0.20 -0.18 -0.17 -0.14 -0.10 -0.12 -0.18
-0.24 -0.26 -0.25 -0.22 -0.20 -0.18 -0.16 -0.16 -0.14 -0.11 -0.14 -0.20
-0.20 -0.22 -0.20 -0.17 -0.16 -0.14 -0.13 -0.15 -0.14 -0.12 -0.16 -0.21
-0.16 -0.17 -0.15 -0.12 -0.10 -0.10 -0.10 -0.14 -0.15 -0.13 -0.17 -0.23
-0.12 -0.13 -0.10 -0.06 -0.05 -0.06 -0.09 -0.14 -0.16 -0.15 -0.19 -0.24
-0.09 -0.09 -0.06 -0.03 -0.03 -0.05 -0.08 -0.14 -0.17 -0.16 -0.20 -0.24
-0.06 -0.06 -0.04 -0.01 -0.02 -0.05 -0.09 -0.15 -0.18 -0.17 -0.21 -0.24
-0.03 -0.04 -0.02 -0.01 -0.02 -0.05 -0.10 -0.16 -0.18 -0.17 -0.21 -0.24
-0.02 -0.03 -0.02 -0.02 -0.03 -0.06 -0.10 -0.16 -0.18 -0.17 -0.20 -0.23
-0.02 -0.03 -0.03 -0.03 -0.05 -0.08 -0.11 -0.15 -0.17 -0.16 -0.19 -0.21
-0.02 -0.03 -0.03 -0.04 -0.06 -0.09 -0.11 -0.15 -0.15 -0.14 -0.17 -0.18
-0.02 -0.03 -0.04 -0.05 -0.07 -0.09 -0.10 -0.13 -0.13 -0.12 -0.14 -0.15
-0.02 -0.03 -0.04 -0.05 -0.07 -0.08 -0.09 -0.11 -0.10 -0.09 -0.11 -0.11
-0.02 -0.02 -0.03 -0.04 -0.06 -0.07 -0.07 -0.09 -0.08 -0.06 -0.08 -0.08
-0.02 -0.02 -0.02 -0.03 -0.04 -0.04 -0.04 -0.06 -0.05 -0.03 -0.04 -0.04
-0.01  0.00  0.00 -0.01 -0.02 -0.02 -0.01 -0.02 -0.01  0.01 -0.01 -0.02
 0.00  0.02  0.02  0.01 -0.00  0.01  0.02  0.01  0.03  0.04  0.02  0.01
 0.02  0.04  0.04  0.03  0.02  0.03  0.04  0.04  0.06  0.06  0.04  0.03
 0.04  0.06  0.06  0.05  0.04  0.05  0.07  0.06  0.08  0.08  0.06  0.05
 0.06  0.08  0.08  0.07  0.06  0.07  0.08  0.08  0.10  0.10  0.07  0.06
 0.09  0.10  0.10  0.09  0.09  0.09  0.10  0.10  0.12  0.12  0.09  0.08
 0.11  0.12  0.12  0.11  0.10  0.11  0.12  0.12  0.13  0.13  0.11  0.10
 0.11  0.12  0.12  0.11  0.11  0.12  0.13  0.13  0.15  0.15  0.12  0.11
 0.09  0.10  0.11  0.10  0.10  0.11  0.13  0.13  0.15  0.16  0.13  0.13
 0.08  0.10  0.10  0.09  0.10  0.12  0.13  0.14  0.16  0.17  0.15  0.14
 0.08  0.09  0.10  0.09  0.10  0.12  0.13  0.15  0.18  0.18  0.16  0.16
 0.08  0.09  0.10  0.09  0.10  0.12  0.13  0.15  0.18  0.19  0.17  0.17
 0.09  0.10  0.11  0.10  0.10  0.11  0.13  0.14  0.17  0.17  0.16  0.16
 0.09  0.10  0.11  0.10  0.09  0.10  0.11  0.12  0.15  0.16  0.15  0.14
 0.08  0.09  0.10  0.09  0.08  0.09  0.10  0.11  0.15  0.15  0.14  0.14
 0.05  0.07  0.08  0.07  0.07  0.08  0.09  0.10  0.13  0.13  0.12  0.12
 0.04  0.05  0.06  0.06  0.06  0.08  0.08  0.09  0.11  0.11  0.09  0.09
 0.03  0.04  0.05  0.04  0.05  0.06  0.06  0.07  0.10  0.09  0.08  0.09
 0.03  0.03  0.04  0.03  0.04  0.05  0.04  0.05  0.08  0.08  0.07  0.07
 0.02  0.02  0.03  0.02  0.03  0.04  0.03  0.04  0.07  0.06  0.06  0.06
 0.01  0.02  0.02  0.02  0.02  0.04  0.03  0.04  0.06  0.06  0.05  0.06
-0.00  0.01  0.02  0.01  0.02  0.03  0.03  0.04  0.05  0.05  0.05  0.05
-0.01 -0.00  0.00  0.00  0.02  0.03  0.02  0.03  0.05  0.04  0.03  0.04
-0.02 -0.01 -0.00 -0.00  0.01  0.03  0.02  0.03  0.04  0.03  0.03  0.04
-0.02 -0.02 -0.01 -0.01  0.01  0.02  0.02  0.02  0.03  0.03  0.02  0.03
-0.03 -0.02 -0.02 -0.01  0.00  0.02  0.01  0.02  0.03  0.02  0.01  0.02
-0.03 -0.03 -0.02 -0.02 -0.00  0.01  0.01  0.02  0.02  0.02  0.01  0.01
-0.04 -0.03 -0.03 -0.02 -0.00  0.01  0.01  0.01  0.02  0.01  0.01  0.01
-0.04 -0.03 -0.03 -0.02 -0.01  0.01  0.00  0.01  0.02  0.01  0.01  0.01
-0.04 -0.03 -0.03 -0.02 -0.01  0.00  0.00  0.01  0.01  0.01  0.00  0.00
-0.04 -0.03 -0.03 -0.02 -0.01  0.00  0.00  0.01  0.01  0.01  0.00  0.00
-0.04 -0.03 -0.03 -0.02 -0.01  0.00  0.00  0.01  0.01  0.01  0.00  0.01
-0.04 -0.03 -0.03 -0.02 -0.01  0.00  0.00  0.01  0.01  0.01  0.00  0.01
-0.03 -0.03 -0.02 -0.02 -0.01 -0.00 -0.00  0.01  0.01  0.01  0.00  0.00
-0.03 -0.03 -0.02 -0.02 -0.01 -0.00 -0.00  0.00  0.01  0.00  0.00  0.00
-0.03 -0.03 -0.02 -0.02 -0.01 -0.00 -0.00  0.00  0.00  0.00 -0.00  0.00
-0.03 -0.02 -0.02 -0.01 -0.01 -0.00 -0.00 -0.00  0.00  0.00 -0.00 -0.00
-0.02 -0.02 -0.02 -0.01 -0.01 -0.01 -0.01 -0.00  0.00 -0.00 -0.00 -0.00
-0.02 -0.02 -0.02 -0.01 -0.01 -0.01 -0.01 -0.00 -0.00 -0.00 -0.00 -0.00
-0.01 -0.01 -0.01 -0.01 -0.01 -0.00 -0.01 -0.00 -0.00 -0.00 -0.00 -0.00
-0.01 -0.01 -0.01 -0.01 -0.00 -0.00 -0.00 -0.00 -0.00 -0.00 -0.00 -0.00
-0.00 -0.01 -0.00 -0.00 -0.00 -0.00 -0.00 -0.00 -0.00 -0.00 -0.00 -0.00
-0.00 -0.00 -0.00 -0.00 -0.00  0.00 -0.00 -0.00 -0.00 -0.00 -0.00 -0.00
-0.00 -0.00 -0.00 -0.00  0.00  0.00  0.00 -0.00 -0.00 -0.00 -0.00 -0.00
-0.00 -0.00 -0.00 -0.00  0.00  0.00  0.00 -0.00 -0.00 -0.00 -0.00 -0.00
year 2009
 0.02  0.06  0.09  0.09  0.10  0.10  0.06  0.05  0.08  0.11  0.13  0.10
 0.03  0.07  0.10  0.11  0.12  0.12  0.08  0.08  0.10  0.13  0.15  0.12
 0.02  0.07  0.10  0.11  0.13  0.13  0.10  0.09  0.12  0.15  0.17  0.13
 0.01  0.07  0.10  0.12  0.13  0.14  0.11  0.11  0.14  0.17  0.18  0.14
 0.01  0.07  0.11  0.12  0.14  0.14  0.11  0.11  0.14  0.17  0.17  0.13
 0.02  0.08  0.12  0.14  0.16  0.16  0.13  0.13  0.15  0.18  0.18  0.13
 0.01  0.08  0.12  0.14  0.16  0.17  0.14  0.14  0.16  0.19  0.18  0.13
 0.02  0.08  0.12  0.15  0.17  0.17  0.14  0.14  0.16  0.19  0.18  0.12
 0.04  0.10  0.14  0.17  0.19  0.19  0.15  0.15  0.17  0.19  0.17  0.11
 0.07  0.13  0.18  0.20  0.22  0.22  0.18  0.18  0.19  0.20  0.18  0.11
 0.08  0.15  0.20  0.23  0.25  0.24  0.20  0.19  0.20  0.21  0.17  0.10
 0.08  0.15  0.20  0.23  0.25  0.24  0.20  0.18  0.19  0.19  0.16  0.07
 0.07  0.14  0.19  0.23  0.24  0.23  0.18  0.16  0.17  0.18  0.14  0.06
 0.06  0.13  0.18  0.22  0.23  0.21  0.16  0.15  0.16  0.17  0.13  0.05
 0.05  0.12  0.18  0.21  0.23  0.20  0.15  0.14  0.15  0.16  0.12  0.05
 0.04  0.11  0.17  0.21  0.22  0.20  0.14  0.13  0.14  0.15  0.12  0.04
 0.02  0.10  0.16  0.20  0.22  0.19  0.14  0.13  0.14  0.15  0.12  0.05
-0.01  0.07  0.14  0.19  0.21  0.19  0.14  0.14  0.16  0.17  0.14  0.06
-0.04  0.04  0.11  0.17  0.20  0.18  0.14  0.15  0.17  0.19  0.16  0.08
-0.08  0.00  0.08  0.14  0.19  0.18  0.15  0.17  0.21  0.23  0.19  0.11
-0.12 -0.03  0.05  0.12  0.18  0.19  0.17  0.20  0.25  0.27  0.24  0.15
-0.16 -0.07  0.02  0.10  0.16  0.19  0.19  0.24  0.30  0.32  0.29  0.20
-0.18 -0.10 -0.01  0.07  0.16  0.20  0.22  0.28  0.35  0.37  0.33  0.24
-0.21 -0.13 -0.04  0.06  0.15  0.21  0.25  0.33  0.39  0.41  0.36  0.27
-0.22 -0.14 -0.05  0.04  0.14  0.22  0.28  0.36  0.43  0.44  0.37  0.27
-0.22 -0.14 -0.05  0.04  0.14  0.23  0.30  0.39  0.45  0.44  0.36  0.24
-0.19 -0.12 -0.04  0.04  0.14  0.23  0.30  0.40  0.44  0.41  0.30  0.18
-0.16 -0.10 -0.03  0.04  0.13  0.22  0.29  0.38  0.41  0.36  0.24  0.12
-0.15 -0.10 -0.04  0.02  0.11  0.20  0.26  0.33  0.36  0.30  0.17  0.06
-0.16 -0.11 -0.06 -0.01  0.08  0.16  0.21  0.27  0.29  0.23  0.11  0.01
-0.17 -0.13 -0.09 -0.04  0.03  0.10  0.14  0.20  0.22  0.17  0.07 -0.00
-0.18 -0.15 -0.13 -0.09 -0.03  0.03  0.06  0.12  0.16  0.14  0.06  0.01
-0.19 -0.17 -0.16 -0.15 -0.11 -0.06 -0.02  0.05  0.11  0.12  0.08  0.06
-0.19 -0.19 -0.20 -0.22 -0.19 -0.15 -0.10 -0.00  0.09  0.14  0.13  0.13
-0.18 -0.20 -0.23 -0.27 -0.27 -0.23 -0.17 -0.04  0.08  0.16  0.19  0.21
-0.18 -0.21 -0.27 -0.33 -0.34 -0.30 -0.22 -0.07  0.08  0.19  0.25  0.28
-0.19 -0.23 -0.31 -0.39 -0.41 -0.37 -0.28 -0.11  0.06  0.21  0.30  0.35
-0.20 -0.26 -0.35 -0.44 -0.47 -0.43 -0.33 -0.15  0.04  0.20  0.32  0.39
-0.21 -0.27 -0.37 -0.47 -0.51 -0.47 -0.37 -0.19  0.00  0.17  0.30  0.39
-0.21 -0.28 -0.38 -0.48 -0.52 -0.48 -0.39 -0.22 -0.04  0.12  0.25  0.35
-0.23 -0.29 -0.38 -0.48 -0.50 -0.47 -0.39 -0.24 -0.08  0.08  0.21  0.30
-0.25 -0.30 -0.38 -0.46 -0.48 -0.45 -0.38 -0.24 -0.10  0.05  0.17  0.27
-0.26 -0.31 -0.37 -0.44 -0.45 -0.42 -0.36 -0.24 -0.10  0.03  0.15  0.24
-0.26 -0.30 -0.36 -0.42 -0.42 -0.39 -0.33 -0.22 -0.10  0.03  0.14  0.23
-0.26 -0.29 -0.34 -0.39 -0.38 -0.35 -0.30 -0.20 -0.09  0.03  0.14  0.22
-0.25 -0.27 -0.31 -0.35 -0.33 -0.30 -0.26 -0.17 -0.08  0.03  0.14  0.21
-0.24 -0.25 -0.27 -0.30 -0.28 -0.24 -0.22 -0.14 -0.06  0.04  0.14  0.21
-0.22 -0.22 -0.23 -0.24 -0.22 -0.19 -0.17 -0.11 -0.04  0.06  0.15  0.21
-0.19 -0.18 -0.18 -0.19 -0.16 -0.14 -0.13 -0.08 -0.02  0.07  0.15  0.20
-0.17 -0.15 -0.14 -0.14 -0.11 -0.09 -0.10 -0.07 -0.02  0.07  0.15  0.19
-0.13 -0.12 -0.10 -0.09 -0.06 -0.05 -0.07 -0.05 -0.01  0.06  0.14  0.18
-0.10 -0.08 -0.06 -0.05 -0.02 -0.02 -0.05 -0.04 -0.02  0.05  0.12  0.15
-0.06 -0.05 -0.02 -0.01  0.00 -0.01 -0.04 -0.04 -0.02  0.04  0.10  0.12
-0.03 -0.02  0.01  0.01  0.02  0.00 -0.04 -0.05 -0.04  0.01  0.07  0.09
-0.01  0.00  0.03  0.03  0.04  0.01 -0.04 -0.06 -0.06 -0.00  0.05  0.06
 0.01  0.02  0.04  0.05  0.05  0.02 -0.03 -0.06 -0.07 -0.03  0.02  0.03
 0.02  0.03  0.05  0.06  0.05  0.02 -0.04 -0.08 -0.09 -0.05 -0.00  0.00
 0.04  0.04  0.07  0.07  0.06  0.02 -0.04 -0.08 -0.10 -0.06 -0.02 -0.01
 0.06  0.06  0.09  0.09  0.07  0.03 -0.03 -0.08 -0.10 -0.06 -0.02 -0.02
 0.08  0.08  0.10  0.10  0.08  0.05 -0.02 -0.07 -0.10 -0.06 -0.03 -0.03
 0.09  0.09  0.12  0.11  0.09  0.05 -0.01 -0.07 -0.10 -0.07 -0.04 -0.05
 0.11  0.10  0.12  0.12  0.09  0.05 -0.01 -0.08 -0.12 -0.09 -0.07 -0.07
 0.12  0.11  0.13  0.12  0.09  0.05 -0.02 -0.08 -0.12 -0.10 -0.08 -0.09
 0.13  0.13  0.14  0.13  0.10  0.05 -0.01 -0.08 -0.12 -0.10 -0.09 -0.10
 0.15  0.14  0.15  0.14  0.11  0.06 -0.00 -0.07 -0.12 -0.10 -0.09 -0.10
 0.16  0.15  0.16  0.15  0.12  0.07  0.01 -0.06 -0.11 -0.09 -0.08 -0.09
 0.15  0.15  0.16  0.15  0.12  0.08  0.02 -0.04 -0.08 -0.06 -0.05 -0.06
 0.14  0.14  0.15  0.14  0.12  0.09  0.04 -0.02 -0.06 -0.04 -0.04 -0.05
 0.13  0.13  0.13  0.12  0.10  0.08  0.03 -0.03 -0.07 -0.06 -0.06 -0.07
 0.12  0.11  0.11  0.10  0.08  0.05  0.01 -0.05 -0.09 -0.08 -0.09 -0.10
 0.10  0.09  0.10  0.09  0.07  0.05  0.01 -0.05 -0.09 -0.09 -0.09 -0.11
 0.09  0.09  0.10  0.09  0.08  0.06  0.02 -0.04 -0.07 -0.06 -0.07 -0.09
 0.08  0.08  0.09  0.08  0.07  0.05  0.02 -0.03 -0.06 -0.05 -0.06 -0.08
 0.07  0.06  0.07  0.06  0.06  0.04  0.01 -0.03 -0.05 -0.04 -0.05 -0.07
 0.06  0.06  0.07  0.06  0.05  0.04  0.02 -0.02 -0.05 -0.04 -0.05 -0.07
 0.06  0.05  0.06  0.05  0.05  0.04  0.02 -0.02 -0.04 -0.03 -0.04 -0.05
 0.05  0.05  0.06  0.05  0.05  0.04  0.02 -0.00 -0.02 -0.01 -0.02 -0.03
 0.04  0.05  0.06  0.05  0.05  0.04  0.03  0.00 -0.01  0.01  0.00 -0.01
 0.03  0.04  0.05  0.04  0.04  0.04  0.02  0.01  0.00  0.02  0.02  0.00
 0.02  0.03  0.04  0.03  0.03  0.03  0.02  0.01  0.00  0.02  0.02  0.01
 0.02  0.02  0.03  0.02  0.02  0.03  0.02  0.01  0.01  0.02  0.03  0.01
 0.01  0.01  0.02  0.02  0.02  0.02  0.01  0.01  0.00  0.02  0.03  0.02
 0.01  0.01  0.01  0.01  0.01  0.02  0.01  0.00  0.00  0.02  0.03  0.02
 0.00  0.00  0.01  0.01  0.01  0.01  0.01  0.00  0.00  0.02  0.03  0.02
 0.00  0.00  0.01  0.00  0.01  0.01  0.01  0.00  0.00  0.02  0.03  0.02
 0.01  0.00  0.01  0.01  0.01  0.01  0.01  0.00  0.01  0.02  0.03  0.02
 0.01  0.00  0.01  0.01  0.01  0.01  0.01  0.00  0.01  0.02  0.02  0.02
 0.00  0.00  0.01  0.01  0.01  0.01  0.01  0.01  0.01  0.02  0.02  0.02
 0.00  0.00  0.01  0.00  0.01  0.01  0.01  0.01  0.01  0.02  0.02  0.02
 0.00 -0.00  0.00  0.00  0.00  0.01  0.01  0.01  0.01  0.02  0.02  0.02
-0.00 -0.00  0.00  0.00  0.00  0.01  0.01  0.01  0.01  0.02  0.02  0.02
-0.00 -0.00  0.00  0.00  0.00  0.00  0.01  0.01  0.01  0.02  0.02  0.02
-0.00 -0.00 -0.00 -0.00  0.00  0.00  0.00  0.01  0.01  0.01  0.02  0.01
-0.00 -0.00 -0.00 -0.00 -0.00  0.00  0.00  0.00  0.01  0.01  0.01  0.01
-0.00 -0.00 -0.00 -0.00 -0.00 -0.00  0.00  0.00  0.00  0.01  0.01  0.01
-0.00 -0.00 -0.00 -0.00 -0.00 -0.00  0.00  0.00  0.00  0.00  0.00  0.00
-0.00 -0.00 -0.00 -0.00 -0.00 -0.00 -0.00 -0.00 -0.00  0.00 -0.00 -0.00
-0.00 -0.00 -0.00 -0.00 -0.00 -0.00 -0.00 -0.00 -0.00 -0.00 -0.00 -0.00
-0.00 -0.00 -0.00 -0.00 -0.00 -0.00 -0.00 -0.00 -0.00 -0.00 -0.00 -0.00
year 2010
 0.05  0.01 -0.05 -0.09 -0.09 -0.11 -0.10 -0.12 -0.19 -0.25 -0.26 -0.22
 0.06  0.01 -0.05 -0.10 -0.10 -0.13 -0.12 -0.14 -0.21 -0.27 -0.28 -0.23
 0.06  0.02 -0.05 -0.10 -0.11 -0.14 -0.13 -0.16 -0.23 -0.29 -0.29 -0.25
 0.07  0.02 -0.05 -0.10 -0.12 -0.15 -0.15 -0.18 -0.25 -0.31 -0.31 -0.27
 0.06  0.00 -0.07 -0.13 -0.14 -0.18 -0.18 -0.21 -0.28 -0.33 -0.33 -0.28
 0.05 -0.01 -0.08 -0.14 -0.17 -0.21 -0.21 -0.24 -0.30 -0.35 -0.35 -0.30
 0.05 -0.01 -0.09 -0.16 -0.19 -0.24 -0.25 -0.27 -0.33 -0.38 -0.38 -0.32
 0.03 -0.04 -0.12 -0.20 -0.24 -0.29 -0.30 -0.33 -0.38 -0.43 -0.42 -0.36
 0.02 -0.06 -0.15 -0.23 -0.28 -0.34 -0.35 -0.39 -0.44 -0.48 -0.47 -0.41
 0.01 -0.08 -0.18 -0.27 -0.32 -0.39 -0.41 -0.44 -0.49 -0.53 -0.52 -0.45
-0.01 -0.11 -0.21 -0.31 -0.37 -0.44 -0.46 -0.49 -0.54 -0.57 -0.55 -0.48
-0.04 -0.14 -0.24 -0.34 -0.40 -0.47 -0.49 -0.53 -0.57 -0.60 -0.58 -0.50
-0.05 -0.15 -0.25 -0.34 -0.40 -0.47 -0.49 -0.53 -0.58 -0.61 -0.59 -0.51
-0.06 -0.15 -0.24 -0.33 -0.40 -0.46 -0.48 -0.52 -0.58 -0.61 -0.59 -0.51
-0.06 -0.15 -0.24 -0.33 -0.39 -0.45 -0.47 -0.51 -0.57 -0.61 -0.59 -0.50
-0.06 -0.16 -0.24 -0.32 -0.38 -0.44 -0.46 -0.50 -0.55 -0.60 -0.57 -0.49
-0.06 -0.15 -0.24 -0.32 -0.37 -0.42 -0.44 -0.49 -0.54 -0.59 -0.56 -0.47
-0.04 -0.14 -0.23 -0.30 -0.35 -0.40 -0.43 -0.47 -0.53 -0.58 -0.55 -0.46
-0.02 -0.12 -0.21 -0.28 -0.33 -0.38 -0.40 -0.45 -0.52 -0.57 -0.54 -0.45
 0.01 -0.09 -0.18 -0.26 -0.30 -0.35 -0.37 -0.44 -0.50 -0.56 -0.54 -0.44
 0.04 -0.06 -0.15 -0.23 -0.27 -0.31 -0.34 -0.41 -0.49 -0.55 -0.53 -0.45
 0.09 -0.01 -0.11 -0.19 -0.23 -0.27 -0.31 -0.39 -0.47 -0.54 -0.54 -0.46
 0.13  0.04 -0.06 -0.14 -0.19 -0.24 -0.28 -0.37 -0.46 -0.54 -0.54 -0.48
 0.17  0.08 -0.02 -0.10 -0.15 -0.21 -0.27 -0.36 -0.46 -0.54 -0.55 -0.50
 0.18  0.09  0.00 -0.07 -0.13 -0.19 -0.25 -0.36 -0.46 -0.55 -0.56 -0.52
 0.15  0.07 -0.00 -0.06 -0.11 -0.18 -0.25 -0.36 -0.47 -0.55 -0.56 -0.51
 0.09  0.04 -0.01 -0.06 -0.10 -0.17 -0.25 -0.36 -0.47 -0.54 -0.54 -0.49
 0.04  0.02 -0.01 -0.04 -0.08 -0.16 -0.24 -0.35 -0.46 -0.52 -0.51 -0.47
 0.01  0.01  0.00 -0.02 -0.05 -0.13 -0.21 -0.33 -0.43 -0.49 -0.48 -0.44
-0.01  0.02  0.03  0.02 -0.01 -0.08 -0.16 -0.28 -0.39 -0.45 -0.44 -0.41
-0.00  0.05  0.07  0.07  0.05 -0.01 -0.09 -0.21 -0.33 -0.40 -0.40 -0.37
 0.03  0.10  0.15  0.16  0.15  0.09  0.00 -0.13 -0.26 -0.36 -0.37 -0.35
 0.10  0.18  0.24  0.28  0.28  0.21  0.11 -0.04 -0.21 -0.33 -0.36 -0.35
 0.18  0.27  0.35  0.40  0.41  0.33  0.21  0.02 -0.18 -0.33 -0.37 -0.37
 0.27  0.37  0.45  0.51  0.52  0.44  0.29  0.07 -0.17 -0.35 -0.40 -0.40
 0.35  0.45  0.54  0.61  0.63  0.53  0.35  0.09 -0.17 -0.37 -0.44 -0.43
 0.42  0.52  0.62  0.70  0.72  0.61  0.40  0.11 -0.19 -0.40 -0.48 -0.47
 0.47  0.58  0.68  0.76  0.78  0.65  0.42  0.11 -0.21 -0.44 -0.53 -0.52
 0.48  0.59  0.70  0.79  0.80  0.67  0.42  0.10 -0.22 -0.46 -0.56 -0.55
 0.45  0.56  0.67  0.76  0.77  0.63  0.39  0.07 -0.23 -0.46 -0.55 -0.55
 0.40  0.52  0.61  0.69  0.69  0.55  0.32  0.04 -0.25 -0.46 -0.53 -0.52
 0.36  0.46  0.54  0.60  0.59  0.45  0.24 -0.01 -0.26 -0.45 -0.52 -0.51
 0.33  0.41  0.47  0.51  0.48  0.35  0.17 -0.05 -0.27 -0.45 -0.51 -0.50
 0.30  0.37  0.41  0.43  0.40  0.27  0.11 -0.08 -0.28 -0.44 -0.50 -0.50
 0.29  0.35  0.38  0.39  0.36  0.23  0.08 -0.09 -0.27 -0.42 -0.49 -0.49
 0.28  0.34  0.37  0.38  0.35  0.22  0.08 -0.08 -0.25 -0.39 -0.46 -0.47
 0.27  0.33  0.37  0.38  0.34  0.22  0.08 -0.07 -0.22 -0.36 -0.42 -0.44
 0.27  0.33  0.36  0.37  0.32  0.20  0.07 -0.06 -0.21 -0.34 -0.39 -0.40
 0.26  0.31  0.34  0.34  0.29  0.18  0.06 -0.06 -0.20 -0.31 -0.36 -0.37
 0.24  0.29  0.30  0.29  0.24  0.13  0.03 -0.07 -0.19 -0.29 -0.34 -0.35
 0.22  0.26  0.26  0.24  0.19  0.09 -0.00 -0.09 -0.19 -0.28 -0.32 -0.33
 0.19  0.22  0.22  0.19  0.14  0.05 -0.03 -0.10 -0.18 -0.26 -0.29 -0.30
 0.16  0.18  0.17  0.14  0.09  0.01 -0.06 -0.11 -0.18 -0.25 -0.27 -0.28
 0.12  0.13  0.12  0.09  0.04 -0.03 -0.09 -0.13 -0.18 -0.24 -0.25 -0.25
 0.08  0.09  0.07  0.04 -0.01 -0.08 -0.13 -0.15 -0.19 -0.24 -0.24 -0.23
 0.04  0.05  0.03 -0.00 -0.04 -0.11 -0.15 -0.17 -0.20 -0.24 -0.23 -0.21
 0.02  0.02  0.00 -0.03 -0.06 -0.11 -0.15 -0.17 -0.19 -0.23 -0.22 -0.20
 0.00  0.00 -0.02 -0.05 -0.07 -0.12 -0.15 -0.16 -0.18 -0.21 -0.20 -0.18
-0.01 -0.01 -0.04 -0.06 -0.08 -0.13 -0.15 -0.15 -0.16 -0.18 -0.18 -0.15
-0.02 -0.02 -0.05 -0.08 -0.10 -0.13 -0.15 -0.14 -0.15 -0.17 -0.17 -0.15
-0.04 -0.04 -0.07 -0.10 -0.11 -0.14 -0.16 -0.15 -0.15 -0.17 -0.17 -0.16
-0.06 -0.06 -0.09 -0.11 -0.12 -0.15 -0.16 -0.14 -0.14 -0.17 -0.17 -0.15
-0.08 -0.08 -0.10 -0.12 -0.13 -0.15 -0.16 -0.14 -0.13 -0.15 -0.16 -0.14
-0.09 -0.09 -0.11 -0.13 -0.13 -0.15 -0.15 -0.13 -0.12 -0.14 -0.14 -0.13
-0.09 -0.09 -0.11 -0.12 -0.12 -0.13 -0.13 -0.10 -0.09 -0.11 -0.11 -0.10
-0.08 -0.08 -0.10 -0.10 -0.10 -0.11 -0.10 -0.07 -0.06 -0.08 -0.08 -0.07
-0.05 -0.05 -0.07 -0.08 -0.07 -0.09 -0.08 -0.05 -0.04 -0.06 -0.07 -0.06
-0.04 -0.04 -0.07 -0.07 -0.06 -0.08 -0.07 -0.04 -0.03 -0.05 -0.06 -0.05
-0.07 -0.06 -0.08 -0.07 -0.05 -0.06 -0.05 -0.01 -0.01 -0.02 -0.02 -0.02
-0.10 -0.10 -0.11 -0.09 -0.06 -0.06 -0.04  0.00  0.02  0.01  0.02  0.04
-0.12 -0.12 -0.13 -0.11 -0.09 -0.07 -0.04  0.01  0.03  0.03  0.04  0.05
-0.10 -0.11 -0.13 -0.11 -0.09 -0.08 -0.05  0.00  0.02  0.01  0.02  0.03
-0.09 -0.10 -0.11 -0.09 -0.08 -0.07 -0.04 -0.00  0.01 -0.00  0.01  0.02
-0.08 -0.09 -0.10 -0.08 -0.07 -0.07 -0.04 -0.00  0.01 -0.00  0.00  0.01
-0.07 -0.08 -0.09 -0.08 -0.07 -0.08 -0.05 -0.02 -0.00 -0.02 -0.01  0.00
-0.06 -0.07 -0.09 -0.08 -0.08 -0.08 -0.06 -0.02 -0.01 -0.02 -0.01 -0.00
-0.04 -0.05 -0.07 -0.07 -0.07 -0.08 -0.06 -0.03 -0.02 -0.03 -0.02 -0.01
-0.02 -0.04 -0.05 -0.05 -0.06 -0.07 -0.05 -0.03 -0.02 -0.03 -0.03 -0.02
-0.01 -0.02 -0.04 -0.04 -0.04 -0.06 -0.05 -0.02 -0.02 -0.03 -0.03 -0.03
 0.00 -0.01 -0.02 -0.02 -0.03 -0.05 -0.04 -0.02 -0.02 -0.03 -0.03 -0.02
 0.01 -0.00 -0.02 -0.02 -0.03 -0.04 -0.03 -0.01 -0.01 -0.03 -0.02 -0.02
 0.01  0.00 -0.01 -0.01 -0.02 -0.03 -0.03 -0.01 -0.01 -0.02 -0.02 -0.01
 0.02  0.01 -0.00 -0.00 -0.01 -0.03 -0.02 -0.00 -0.00 -0.02 -0.02 -0.01
 0.02  0.01  0.00  0.00 -0.00 -0.02 -0.01  0.00  0.00 -0.01 -0.01 -0.01
 0.02  0.01  0.01  0.01 -0.00 -0.01 -0.01  0.00  0.00 -0.01 -0.01 -0.00
 0.02  0.02  0.01  0.01  0.00 -0.01 -0.01  0.00  0.00 -0.01 -0.01 -0.00
 0.02  0.01  0.01  0.01  0.00 -0.01 -0.00  0.01  0.00 -0.01 -0.00 -0.00
 0.02  0.01  0.01  0.01  0.00 -0.01 -0.00  0.00  0.00 -0.01 -0.01 -0.00
 0.02  0.01  0.01  0.01  0.00 -0.01 -0.00  0.00  0.00 -0.01 -0.01 -0.00
 0.02  0.01  0.01  0.01  0.00 -0.01 -0.00  0.00 -0.00 -0.01 -0.01 -0.01
 0.02  0.02  0.01  0.01  0.00 -0.00 -0.00 -0.00 -0.00 -0.01 -0.01 -0.01
 0.02  0.01  0.01  0.01  0.00 -0.00 -0.00 -0.00 -0.01 -0.01 -0.01 -0.01
 0.01  0.01  0.01  0.01  0.00 -0.00 -0.00 -0.00 -0.00 -0.01 -0.01 -0.01
 0.01  0.01  0.01  0.01  0.00  0.00  0.00  0.00 -0.00 -0.00 -0.01 -0.01
 0.01  0.01  0.01  0.00  0.00  0.00 -0.00 -0.00 -0.00 -0.00 -0.00 -0.00
 0.00  0.00  0.00  0.00 -0.00 -0.00 -0.00 -0.00 -0.00 -0.00 -0.00 -0.00
 0.00  0.00  0.00 -0.00 -0.00 -0.00 -0.00 -0.00 -0.00 -0.00 -0.00 -0.00
-0.00  0.00 -0.00 -0.00 -0.00 -0.00 -0.00 -0.00 -0.00 -0.00 -0.00 -0.00
-0.00 -0.00 -0.00 -0.00 -0.00 -0.00 -0.00 -0.00 -0.00 -0.00 -0.00 -0.00
year 2011
-0.18 -0.13 -0.03  0.04  0.03  0.08  0.08  0.05  0.09  0.13  0.10  0.05
-0.20 -0.14 -0.05  0.03  0.03  0.08  0.07  0.04  0.08  0.11  0.07  0.03
-0.22 -0.16 -0.06  0.01  0.02  0.07  0.07  0.03  0.07  0.10  0.06  0.02
-0.23 -0.17 -0.07  0.01  0.02  0.08  0.07  0.04  0.07  0.10  0.06  0.02
-0.24 -0.18 -0.07  0.02  0.03  0.09  0.09  0.05  0.08  0.10  0.07  0.03
-0.26 -0.19 -0.08  0.01  0.03  0.10  0.10  0.06  0.10  0.11  0.08  0.05
-0.28 -0.21 -0.09  0.00  0.03  0.10  0.10  0.07  0.11  0.12  0.10  0.07
-0.31 -0.24 -0.11 -0.01  0.02  0.10  0.11  0.09  0.13  0.15  0.12  0.09
-0.36 -0.27 -0.14 -0.04  0.01  0.10  0.11  0.10  0.15  0.17  0.15  0.13
-0.39 -0.30 -0.16 -0.05  0.01  0.10  0.12  0.11  0.16  0.19  0.17  0.15
-0.42 -0.32 -0.18 -0.06  0.01  0.12  0.15  0.15  0.20  0.22  0.20  0.19
-0.43 -0.33 -0.18 -0.05  0.02  0.14  0.17  0.18  0.24  0.26  0.24  0.23
-0.44 -0.33 -0.18 -0.05  0.03  0.15  0.19  0.20  0.26  0.29  0.27  0.26
-0.43 -0.33 -0.17 -0.04  0.04  0.15  0.19  0.21  0.27  0.30  0.28  0.26
-0.43 -0.32 -0.17 -0.04  0.03  0.14  0.18  0.20  0.27  0.30  0.28  0.26
-0.41 -0.30 -0.16 -0.04  0.02  0.13  0.17  0.20  0.27  0.30  0.29  0.26
-0.39 -0.29 -0.14 -0.03  0.03  0.13  0.17  0.19  0.26  0.30  0.28  0.26
-0.38 -0.27 -0.13 -0.02  0.04  0.13  0.17  0.19  0.26  0.30  0.29  0.26
-0.37 -0.26 -0.12 -0.02  0.04  0.13  0.16  0.19  0.26  0.30  0.29  0.27
-0.36 -0.26 -0.13 -0.03  0.02  0.10  0.14  0.16  0.24  0.30  0.30  0.28
-0.37 -0.28 -0.15 -0.06 -0.02  0.06  0.09  0.12  0.21  0.27  0.29  0.29
-0.40 -0.31 -0.19 -0.10 -0.07  0.00  0.03  0.06  0.16  0.24  0.27  0.29
-0.43 -0.36 -0.25 -0.16 -0.13 -0.06 -0.03  0.00  0.10  0.19  0.25  0.29
-0.46 -0.41 -0.31 -0.23 -0.20 -0.13 -0.10 -0.06  0.05  0.16  0.23  0.29
-0.49 -0.45 -0.37 -0.29 -0.27 -0.19 -0.16 -0.11  0.01  0.13  0.22  0.29
-0.50 -0.47 -0.41 -0.35 -0.32 -0.25 -0.21 -0.15 -0.01  0.12  0.21  0.30
-0.49 -0.49 -0.45 -0.40 -0.38 -0.30 -0.25 -0.18 -0.03  0.11  0.22  0.31
-0.49 -0.51 -0.49 -0.44 -0.42 -0.34 -0.27 -0.19 -0.03  0.12  0.23  0.33
-0.47 -0.52 -0.51 -0.47 -0.45 -0.36 -0.29 -0.20 -0.03  0.13  0.24  0.34
-0.45 -0.51 -0.51 -0.48 -0.46 -0.37 -0.30 -0.20 -0.02  0.14  0.26  0.35
-0.43 -0.50 -0.51 -0.49 -0.48 -0.39 -0.31 -0.20 -0.01  0.15  0.26  0.35
-0.41 -0.50 -0.52 -0.51 -0.50 -0.41 -0.32 -0.20 -0.01  0.15  0.25  0.33
-0.42 -0.50 -0.52 -0.52 -0.51 -0.41 -0.32 -0.19  0.01  0.16  0.26  0.33
-0.43 -0.50 -0.52 -0.51 -0.50 -0.40 -0.29 -0.15  0.04  0.19  0.27  0.32
-0.44 -0.50 -0.51 -0.50 -0.49 -0.38 -0.26 -0.12  0.08  0.22  0.28  0.31
-0.46 -0.50 -0.51 -0.50 -0.48 -0.36 -0.23 -0.08  0.12  0.24  0.29  0.30
-0.49 -0.52 -0.52 -0.51 -0.49 -0.36 -0.22 -0.05  0.15  0.27  0.29  0.28
-0.53 -0.55 -0.55 -0.54 -0.51 -0.37 -0.21 -0.03  0.18  0.29  0.30  0.28
-0.56 -0.57 -0.57 -0.56 -0.53 -0.38 -0.20 -0.00  0.21  0.32  0.32  0.28
-0.55 -0.57 -0.56 -0.55 -0.52 -0.37 -0.18  0.02  0.23  0.33  0.32  0.28
-0.53 -0.54 -0.54 -0.53 -0.50 -0.34 -0.16  0.04  0.23  0.32  0.31  0.26
-0.51 -0.52 -0.52 -0.50 -0.47 -0.31 -0.13  0.05  0.22  0.30  0.27  0.22
-0.51 -0.52 -0.51 -0.48 -0.44 -0.30 -0.13  0.03  0.19  0.25  0.22  0.18
-0.51 -0.51 -0.50 -0.46 -0.42 -0.28 -0.13  0.01  0.15  0.20  0.17  0.13
-0.50 -0.51 -0.49 -0.45 -0.41 -0.28 -0.14 -0.02  0.10  0.14  0.11  0.08
-0.49 -0.51 -0.49 -0.46 -0.41 -0.29 -0.16 -0.06  0.05  0.09  0.06  0.03
-0.47 -0.50 -0.50 -0.47 -0.43 -0.30 -0.19 -0.09  0.01  0.04  0.00 -0.03
-0.44 -0.49 -0.51 -0.48 -0.44 -0.32 -0.21 -0.12 -0.03 -0.00 -0.04 -0.07
-0.41 -0.47 -0.50 -0.48 -0.44 -0.32 -0.22 -0.15 -0.07 -0.04 -0.08 -0.11
-0.39 -0.45 -0.47 -0.46 -0.43 -0.32 -0.23 -0.16 -0.09 -0.08 -0.11 -0.14
-0.37 -0.43 -0.45 -0.44 -0.41 -0.32 -0.24 -0.18 -0.12 -0.10 -0.13 -0.16
-0.34 -0.40 -0.42 -0.41 -0.39 -0.31 -0.24 -0.20 -0.14 -0.12 -0.15 -0.18
-0.31 -0.36 -0.38 -0.38 -0.36 -0.29 -0.24 -0.20 -0.16 -0.14 -0.17 -0.20
-0.28 -0.32 -0.34 -0.34 -0.32 -0.26 -0.22 -0.20 -0.16 -0.15 -0.19 -0.21
-0.25 -0.28 -0.30 -0.29 -0.28 -0.23 -0.19 -0.17 -0.14 -0.14 -0.18 -0.20
-0.22 -0.25 -0.26 -0.25 -0.24 -0.19 -0.15 -0.13 -0.10 -0.10 -0.14 -0.16
-0.20 -0.21 -0.22 -0.20 -0.19 -0.15 -0.11 -0.09 -0.06 -0.06 -0.09 -0.11
-0.17 -0.18 -0.18 -0.16 -0.14 -0.11 -0.07 -0.05 -0.02 -0.02 -0.05 -0.08
-0.15 -0.15 -0.14 -0.12 -0.11 -0.07 -0.04 -0.03 -0.01 -0.01 -0.04 -0.06
-0.15 -0.15 -0.13 -0.11 -0.10 -0.07 -0.04 -0.02 -0.01 -0.01 -0.03 -0.05
-0.15 -0.15 -0.13 -0.11 -0.09 -0.07 -0.04 -0.02 -0.01 -0.01 -0.03 -0.04
-0.15 -0.15 -0.13 -0.10 -0.09 -0.06 -0.04 -0.02  0.00  0.00 -0.01 -0.02
-0.14 -0.14 -0.12 -0.09 -0.07 -0.05 -0.02 -0.01  0.01  0.02  0.01  0.00
-0.12 -0.12 -0.10 -0.06 -0.05 -0.03 -0.01 -0.00  0.01  0.02  0.01  0.01
-0.10 -0.10 -0.08 -0.05 -0.04 -0.03 -0.01 -0.00  0.01  0.01  0.01  0.00
-0.08 -0.08 -0.06 -0.04 -0.04 -0.03 -0.02 -0.01 -0.01 -0.01 -0.01 -0.02
-0.07 -0.08 -0.06 -0.05 -0.05 -0.04 -0.03 -0.03 -0.03 -0.03 -0.04 -0.04
-0.06 -0.07 -0.05 -0.04 -0.05 -0.04 -0.04 -0.04 -0.04 -0.04 -0.04 -0.04
-0.02 -0.03 -0.02 -0.02 -0.04 -0.04 -0.05 -0.05 -0.06 -0.06 -0.06 -0.06
 0.03  0.02  0.02  0.00 -0.02 -0.04 -0.05 -0.07 -0.08 -0.08 -0.09 -0.08
 0.04  0.04  0.03  0.01 -0.02 -0.04 -0.05 -0.07 -0.09 -0.09 -0.10 -0.09
 0.02  0.02  0.01  0.00 -0.02 -0.04 -0.06 -0.08 -0.09 -0.09 -0.09 -0.09
 0.01  0.00  0.00 -0.00 -0.03 -0.04 -0.06 -0.08 -0.09 -0.09 -0.09 -0.09
 0.01  0.00 -0.00 -0.01 -0.03 -0.05 -0.07 -0.09 -0.09 -0.09 -0.09 -0.08
-0.00 -0.01 -0.01 -0.02 -0.04 -0.05 -0.07 -0.09 -0.09 -0.08 -0.08 -0.08
-0.01 -0.01 -0.01 -0.02 -0.04 -0.05 -0.07 -0.08 -0.09 -0.08 -0.08 -0.08
-0.02 -0.02 -0.02 -0.03 -0.04 -0.05 -0.06 -0.07 -0.08 -0.08 -0.08 -0.07
-0.03 -0.03 -0.03 -0.03 -0.04 -0.05 -0.05 -0.07 -0.07 -0.07 -0.07 -0.07
-0.03 -0.03 -0.03 -0.03 -0.04 -0.05 -0.05 -0.06 -0.07 -0.06 -0.07 -0.07
-0.03 -0.03 -0.03 -0.03 -0.04 -0.05 -0.05 -0.06 -0.06 -0.06 -0.07 -0.07
-0.02 -0.02 -0.02 -0.02 -0.03 -0.04 -0.04 -0.05 -0.05 -0.05 -0.06 -0.06
-0.01 -0.02 -0.02 -0.02 -0.03 -0.03 -0.03 -0.04 -0.05 -0.05 -0.05 -0.05
-0.01 -0.01 -0.01 -0.01 -0.02 -0.03 -0.02 -0.03 -0.04 -0.04 -0.04 -0.04
-0.01 -0.01 -0.01 -0.01 -0.02 -0.02 -0.02 -0.03 -0.04 -0.04 -0.04 -0.04
-0.00 -0.01 -0.01 -0.01 -0.02 -0.02 -0.02 -0.03 -0.03 -0.03 -0.04 -0.04
-0.00 -0.00 -0.01 -0.01 -0.02 -0.02 -0.02 -0.03 -0.03 -0.03 -0.03 -0.03
-0.00 -0.00 -0.00 -0.01 -0.01 -0.02 -0.02 -0.02 -0.02 -0.02 -0.03 -0.03
-0.00 -0.00 -0.00 -0.01 -0.01 -0.01 -0.01 -0.02 -0.02 -0.02 -0.02 -0.02
-0.00 -0.00 -0.00 -0.01 -0.01 -0.01 -0.01 -0.01 -0.01 -0.01 -0.01 -0.01
-0.00 -0.00 -0.00 -0.01 -0.01 -0.01 -0.01 -0.01 -0.01 -0.01 -0.01 -0.01
-0.01 -0.01 -0.01 -0.01 -0.01 -0.01 -0.01 -0.01 -0.01 -0.01 -0.01 -0.01
-0.01 -0.01 -0.01 -0.01 -0.01 -0.01 -0.01 -0.01 -0.01 -0.01 -0.01 -0.01
-0.01 -0.01 -0.01 -0.01 -0.01 -0.01 -0.01 -0.01 -0.01 -0.01 -0.01 -0.01
-0.01 -0.01 -0.01 -0.01 -0.01 -0.01 -0.01 -0.01 -0.01 -0.01 -0.01 -0.01
-0.00 -0.00 -0.01 -0.01 -0.00 -0.00 -0.00 -0.01 -0.01 -0.01 -0.01 -0.01
-0.00 -0.00 -0.00 -0.00 -0.00 -0.00 -0.00 -0.00 -0.00 -0.00 -0.00 -0.00
-0.00 -0.00 -0.00 -0.00 -0.00 -0.00 -0.00 -0.00 -0.00 -0.00 -0.00 -0.00
-0.00 -0.00 -0.00 -0.00 -0.00 -0.00 -0.00 -0.00 -0.00 -0.00 -0.00 -0.00
-0.00 -0.00 -0.00 -0.00 -0.00 -0.00 -0.00 -0.00 -0.00 -0.00 -0.00 -0.00
year 2012
 0.01 -0.04 -0.06 -0.07 -0.08 -0.10 -0.07 -0.02 -0.05 -0.09 -0.05  0.02
-0.01 -0.06 -0.08 -0.09 -0.11 -0.12 -0.09 -0.04 -0.07 -0.10 -0.06  0.01
-0.02 -0.06 -0.09 -0.10 -0.12 -0.14 -0.11 -0.07 -0.09 -0.12 -0.07 -0.00
-0.01 -0.06 -0.09 -0.10 -0.12 -0.15 -0.12 -0.08 -0.10 -0.13 -0.08 -0.02
-0.00 -0.05 -0.08 -0.09 -0.12 -0.14 -0.11 -0.08 -0.11 -0.12 -0.08 -0.02
 0.02 -0.02 -0.05 -0.07 -0.10 -0.13 -0.10 -0.07 -0.10 -0.12 -0.08 -0.03
 0.04  0.00 -0.02 -0.04 -0.08 -0.11 -0.08 -0.05 -0.09 -0.11 -0.07 -0.03
 0.07  0.04  0.01 -0.01 -0.04 -0.08 -0.05 -0.03 -0.06 -0.08 -0.05 -0.01
 0.11  0.07  0.04  0.02 -0.02 -0.05 -0.02 -0.00 -0.04 -0.06 -0.03  0.00
 0.13  0.10  0.06  0.04  0.00 -0.03 -0.01  0.01 -0.03 -0.05 -0.02  0.01
 0.17  0.14  0.10  0.07  0.03 -0.01  0.01  0.03 -0.01 -0.03 -0.01  0.02
 0.21  0.18  0.13  0.10  0.05  0.01  0.04  0.05  0.01 -0.01  0.01  0.03
 0.24  0.20  0.15  0.11  0.07  0.02  0.05  0.07  0.03  0.01  0.02  0.04
 0.24  0.20  0.15  0.11  0.07  0.03  0.06  0.08  0.05  0.03  0.04  0.06
 0.24  0.20  0.15  0.12  0.08  0.04  0.08  0.11  0.07  0.05  0.06  0.08
 0.24  0.21  0.16  0.12  0.09  0.06  0.10  0.12  0.08  0.06  0.07  0.09
 0.24  0.21  0.16  0.13  0.10  0.07  0.10  0.13  0.09  0.07  0.08  0.09
 0.25  0.22  0.17  0.14  0.11  0.07  0.11  0.14  0.10  0.07  0.08  0.08
 0.26  0.23  0.19  0.15  0.12  0.08  0.12  0.14  0.10  0.07  0.08  0.08
 0.27  0.25  0.21  0.17  0.14  0.10  0.13  0.16  0.12  0.09  0.09  0.09
 0.29  0.28  0.24  0.21  0.17  0.13  0.17  0.20  0.16  0.12  0.12  0.11
 0.31  0.31  0.28  0.24  0.21  0.17  0.21  0.25  0.21  0.16  0.14  0.13
 0.32  0.33  0.31  0.28  0.25  0.22  0.26  0.29  0.25  0.19  0.17  0.15
 0.33  0.35  0.34  0.32  0.29  0.27  0.30  0.33  0.27  0.20  0.17  0.15
 0.35  0.38  0.38  0.36  0.33  0.30  0.34  0.35  0.27  0.19  0.15  0.14
 0.36  0.40  0.41  0.39  0.36  0.33  0.36  0.35  0.25  0.15  0.11  0.11
 0.39  0.43  0.44  0.42  0.38  0.34  0.36  0.34  0.22  0.11  0.06  0.07
 0.41  0.45  0.45  0.43  0.38  0.34  0.35  0.32  0.19  0.07  0.03  0.04
 0.42  0.46  0.45  0.42  0.37  0.32  0.33  0.29  0.16  0.04  0.00  0.02
 0.42  0.45  0.44  0.40  0.35  0.31  0.31  0.28  0.14  0.03 -0.01  0.01
 0.41  0.43  0.42  0.38  0.33  0.29  0.30  0.26  0.14  0.03 -0.00  0.02
 0.39  0.40  0.38  0.35  0.30  0.26  0.28  0.25  0.14  0.05  0.02  0.04
 0.37  0.37  0.35  0.31  0.27  0.23  0.26  0.24  0.15  0.07  0.05  0.07
 0.35  0.34  0.31  0.27  0.23  0.21  0.24  0.24  0.17  0.10  0.09  0.11
 0.32  0.30  0.27  0.23  0.20  0.19  0.23  0.25  0.19  0.14  0.13  0.15
 0.29  0.26  0.22  0.20  0.18  0.17  0.22  0.26  0.22  0.18  0.18  0.19
 0.26  0.22  0.19  0.17  0.15  0.15  0.21  0.26  0.23  0.20  0.20  0.22
 0.24  0.20  0.16  0.15  0.13  0.13  0.19  0.24  0.22  0.20  0.21  0.23
 0.24  0.18  0.15  0.13  0.11  0.11  0.17  0.21  0.20  0.19  0.20  0.22
 0.23  0.17  0.14  0.13  0.11  0.10  0.15  0.19  0.18  0.17  0.19  0.20
 0.21  0.16  0.14  0.13  0.12  0.11  0.15  0.18  0.16  0.15  0.16  0.17
 0.19  0.16  0.15  0.15  0.14  0.13  0.16  0.18  0.15  0.13  0.15  0.15
 0.16  0.15  0.15  0.16  0.14  0.14  0.17  0.18  0.15  0.13  0.14  0.14
 0.12  0.12  0.13  0.14  0.13  0.13  0.16  0.18  0.15  0.13  0.14  0.14
 0.07  0.08  0.10  0.11  0.10  0.09  0.13  0.15  0.13  0.12  0.14  0.13
 0.02  0.04  0.05  0.06  0.04  0.04  0.08  0.11  0.10  0.09  0.12  0.12
-0.03 -0.01  0.01  0.01 -0.02 -0.02  0.02  0.06  0.06  0.06  0.09  0.11
-0.07 -0.05 -0.04 -0.04 -0.07 -0.08 -0.03  0.01  0.02  0.02  0.06  0.09
-0.10 -0.09 -0.08 -0.09 -0.12 -0.13 -0.08 -0.03 -0.02 -0.02  0.02  0.06
-0.14 -0.13 -0.12 -0.13 -0.17 -0.17 -0.12 -0.08 -0.07 -0.06 -0.01  0.03
-0.16 -0.15 -0.15 -0.16 -0.20 -0.21 -0.16 -0.12 -0.11 -0.10 -0.06 -0.02
-0.18 -0.18 -0.18 -0.19 -0.23 -0.23 -0.18 -0.15 -0.15 -0.14 -0.10 -0.06
-0.20 -0.20 -0.20 -0.21 -0.24 -0.24 -0.20 -0.17 -0.16 -0.16 -0.13 -0.09
-0.21 -0.21 -0.21 -0.22 -0.25 -0.24 -0.19 -0.17 -0.16 -0.17 -0.13 -0.10
-0.21 -0.21 -0.21 -0.21 -0.24 -0.23 -0.19 -0.16 -0.16 -0.17 -0.14 -0.12
-0.17 -0.19 -0.19 -0.19 -0.22 -0.21 -0.17 -0.16 -0.16 -0.17 -0.16 -0.14
-0.13 -0.15 -0.15 -0.17 -0.20 -0.20 -0.16 -0.16 -0.17 -0.18 -0.17 -0.16
-0.10 -0.12 -0.13 -0.15 -0.18 -0.19 -0.16 -0.16 -0.18 -0.20 -0.19 -0.18
-0.08 -0.11 -0.12 -0.14 -0.18 -0.18 -0.17 -0.18 -0.19 -0.21 -0.20 -0.19
-0.07 -0.10 -0.11 -0.12 -0.16 -0.17 -0.16 -0.17 -0.19 -0.20 -0.19 -0.19
-0.05 -0.07 -0.08 -0.10 -0.13 -0.14 -0.13 -0.15 -0.16 -0.18 -0.17 -0.17
-0.02 -0.04 -0.05 -0.06 -0.10 -0.11 -0.10 -0.12 -0.14 -0.16 -0.16 -0.16
 0.00 -0.02 -0.03 -0.04 -0.08 -0.09 -0.09 -0.11 -0.13 -0.15 -0.15 -0.15
 0.01 -0.01 -0.02 -0.04 -0.07 -0.08 -0.09 -0.11 -0.13 -0.14 -0.14 -0.15
 0.00 -0.02 -0.03 -0.04 -0.07 -0.09 -0.09 -0.12 -0.13 -0.14 -0.14 -0.14
-0.02 -0.03 -0.03 -0.05 -0.08 -0.09 -0.10 -0.12 -0.13 -0.14 -0.14 -0.14
-0.03 -0.04 -0.04 -0.05 -0.07 -0.08 -0.09 -0.11 -0.12 -0.13 -0.13 -0.13
-0.04 -0.04 -0.04 -0.04 -0.07 -0.08 -0.08 -0.11 -0.12 -0.13 -0.13 -0.13
-0.05 -0.06 -0.05 -0.05 -0.07 -0.08 -0.09 -0.11 -0.12 -0.13 -0.13 -0.13
-0.08 -0.08 -0.07 -0.06 -0.07 -0.08 -0.08 -0.11 -0.11 -0.12 -0.12 -0.12
-0.09 -0.08 -0.07 -0.06 -0.07 -0.07 -0.08 -0.10 -0.11 -0.12 -0.12 -0.11
-0.08 -0.08 -0.07 -0.05 -0.06 -0.07 -0.07 -0.09 -0.10 -0.11 -0.11 -0.10
-0.08 -0.08 -0.06 -0.05 -0.05 -0.05 -0.06 -0.08 -0.08 -0.09 -0.09 -0.08
-0.08 -0.07 -0.05 -0.03 -0.04 -0.03 -0.04 -0.06 -0.07 -0.08 -0.08 -0.07
-0.07 -0.06 -0.04 -0.02 -0.02 -0.01 -0.02 -0.04 -0.05 -0.07 -0.06 -0.05
-0.07 -0.06 -0.04 -0.02 -0.01 -0.01 -0.01 -0.03 -0.04 -0.05 -0.04 -0.04
-0.07 -0.06 -0.04 -0.01 -0.00  0.00 -0.00 -0.02 -0.03 -0.04 -0.03 -0.02
-0.06 -0.06 -0.03 -0.01  0.00  0.01 -0.00 -0.02 -0.03 -0.03 -0.03 -0.02
-0.06 -0.05 -0.03 -0.00  0.01  0.01  0.00 -0.02 -0.02 -0.03 -0.02 -0.01
-0.06 -0.05 -0.03 -0.00  0.01  0.01  0.00 -0.02 -0.02 -0.02 -0.02 -0.01
-0.05 -0.05 -0.03 -0.00  0.01  0.01  0.00 -0.02 -0.02 -0.02 -0.02 -0.01
-0.05 -0.04 -0.02  0.00  0.01  0.01  0.00 -0.01 -0.01 -0.02 -0.01 -0.01
-0.04 -0.04 -0.02  0.00  0.01  0.01  0.00 -0.01 -0.01 -0.02 -0.01 -0.01
-0.04 -0.04 -0.02  0.00  0.01  0.01  0.01 -0.01 -0.01 -0.01 -0.01 -0.01
-0.04 -0.03 -0.02  0.00  0.01  0.01  0.01 -0.00 -0.01 -0.01 -0.01 -0.01
-0.03 -0.03 -0.02  0.00  0.01  0.01  0.01 -0.00 -0.00 -0.01 -0.00 -0.00
-0.03 -0.02 -0.01  0.01  0.01  0.01  0.01  0.00 -0.00 -0.01 -0.00 -0.00
-0.02 -0.02 -0.01  0.01  0.01  0.02  0.01  0.00  0.00 -0.00 -0.00 -0.00
-0.01 -0.01 -0.00  0.01  0.01  0.02  0.01  0.00  0.00 -0.00  0.00 -0.00
-0.01 -0.01 -0.00  0.01  0.01  0.01  0.01  0.00  0.00 -0.00  0.00 -0.00
-0.01 -0.01 -0.00  0.01  0.01  0.01  0.00  0.00  0.00 -0.00  0.00 -0.00
-0.01 -0.01 -0.00  0.00  0.00  0.00  0.00 -0.00 -0.00 -0.00  0.00 -0.00
-0.01 -0.01 -0.01 -0.00  0.00 -0.00 -0.00 -0.00 -0.00 -0.00 -0.00 -0.00
-0.01 -0.01 -0.01 -0.00 -0.00 -0.00 -0.00 -0.00 -0.00 -0.00 -0.00 -0.00
-0.01 -0.01 -0.00 -0.00 -0.00 -0.00 -0.00 -0.00 -0.00 -0.00 -0.00 -0.00
-0.01 -0.01 -0.00 -0.00 -0.00 -0.00 -0.01 -0.01 -0.00 -0.00 -0.00 -0.00
-0.00 -0.00 -0.00 -0.00 -0.00 -0.00 -0.00 -0.00 -0.00 -0.00 -0.00 -0.00
-0.00 -0.00 -0.00 -0.00 -0.00 -0.00 -0.00 -0.00 -0.00 -0.00 -0.00 -0.00
-0.00 -0.00 -0.00 -0.00 -0.00 -0.00 -0.00 -0.00 -0.00 -0.00 -0.00 -0.00
year 2013
 0.10  0.15  0.18  0.22  0.25  0.24  0.22  0.22  0.25  0.31  0.33  0.31
 0.09  0.14  0.16  0.21  0.24  0.23  0.22  0.23  0.25  0.32  0.34  0.32
 0.07  0.12  0.15  0.19  0.23  0.22  0.21  0.23  0.26  0.32  0.35  0.33
 0.05  0.10  0.13  0.18  0.22  0.21  0.20  0.22  0.25  0.32  0.35  0.33
 0.04  0.09  0.11  0.17  0.21  0.20  0.19  0.22  0.26  0.32  0.35  0.33
 0.03  0.07  0.10  0.15  0.19  0.19  0.19  0.23  0.27  0.34  0.36  0.34
 0.03  0.06  0.09  0.14  0.19  0.19  0.19  0.23  0.28  0.34  0.37  0.35
 0.04  0.08  0.11  0.16  0.21  0.21  0.21  0.25  0.28  0.34  0.37  0.34
 0.05  0.08  0.12  0.18  0.23  0.22  0.23  0.27  0.30  0.35  0.37  0.35
 0.05  0.08  0.12  0.18  0.23  0.24  0.24  0.28  0.31  0.37  0.39  0.37
 0.05  0.08  0.12  0.19  0.24  0.24  0.25  0.28  0.31  0.37  0.39  0.37
 0.06  0.08  0.12  0.19  0.24  0.24  0.24  0.28  0.30  0.35  0.38  0.36
 0.07  0.09  0.12  0.19  0.24  0.24  0.24  0.27  0.29  0.34  0.37  0.35
 0.08  0.09  0.13  0.20  0.24  0.24  0.24  0.27  0.29  0.34  0.37  0.35
 0.09  0.10  0.13  0.20  0.24  0.24  0.23  0.26  0.28  0.32  0.35  0.34
 0.10  0.10  0.13  0.20  0.24  0.23  0.22  0.24  0.26  0.30  0.32  0.31
 0.10  0.09  0.13  0.19  0.23  0.22  0.21  0.22  0.23  0.26  0.28  0.26
 0.09  0.08  0.11  0.18  0.22  0.20  0.19  0.20  0.20  0.23  0.25  0.23
 0.09  0.08  0.11  0.17  0.20  0.18  0.16  0.17  0.18  0.21  0.22  0.20
 0.10  0.08  0.11  0.16  0.19  0.16  0.14  0.15  0.15  0.18  0.19  0.17
 0.10  0.09  0.11  0.16  0.19  0.16  0.14  0.14  0.14  0.17  0.17  0.15
 0.12  0.10  0.13  0.18  0.19  0.16  0.14  0.14  0.14  0.16  0.17  0.14
 0.14  0.12  0.15  0.19  0.20  0.17  0.14  0.14  0.14  0.17  0.17  0.13
 0.15  0.15  0.17  0.21  0.22  0.18  0.14  0.14  0.15  0.17  0.17  0.11
 0.15  0.16  0.19  0.23  0.23  0.18  0.14  0.14  0.15  0.18  0.16  0.09
 0.13  0.16  0.20  0.24  0.24  0.18  0.14  0.13  0.14  0.17  0.15  0.06
 0.12  0.16  0.21  0.25  0.25  0.18  0.13  0.12  0.12  0.15  0.12  0.02
 0.10  0.16  0.22  0.25  0.24  0.17  0.11  0.09  0.09  0.11  0.08 -0.02
 0.09  0.15  0.21  0.25  0.24  0.16  0.09  0.07  0.06  0.08  0.04 -0.06
 0.08  0.15  0.21  0.25  0.23  0.15  0.07  0.04  0.02  0.03 -0.00 -0.10
 0.08  0.15  0.21  0.24  0.22  0.13  0.05  0.01 -0.02 -0.01 -0.06 -0.15
 0.10  0.16  0.21  0.24  0.21  0.11  0.02 -0.03 -0.07 -0.07 -0.11 -0.21
 0.12  0.17  0.21  0.23  0.19  0.09 -0.01 -0.08 -0.13 -0.14 -0.18 -0.26
 0.15  0.18  0.21  0.22  0.17  0.07 -0.04 -0.13 -0.19 -0.21 -0.24 -0.30
 0.18  0.20  0.21  0.21  0.15  0.04 -0.07 -0.17 -0.25 -0.26 -0.29 -0.34
 0.20  0.21  0.21  0.19  0.13  0.02 -0.10 -0.22 -0.31 -0.33 -0.34 -0.38
 0.22  0.22  0.21  0.18  0.12 -0.01 -0.14 -0.26 -0.37 -0.39 -0.40 -0.42
 0.23  0.21  0.19  0.16  0.10 -0.02 -0.17 -0.30 -0.42 -0.46 -0.46 -0.47
 0.22  0.20  0.17  0.14  0.08 -0.04 -0.19 -0.34 -0.46 -0.50 -0.50 -0.51
 0.20  0.17  0.14  0.10  0.04 -0.08 -0.22 -0.37 -0.49 -0.52 -0.51 -0.52
 0.16  0.13  0.09  0.05 -0.01 -0.13 -0.26 -0.40 -0.50 -0.51 -0.49 -0.50
 0.12  0.08  0.03 -0.02 -0.08 -0.19 -0.32 -0.43 -0.51 -0.49 -0.46 -0.45
 0.10  0.04 -0.02 -0.08 -0.14 -0.25 -0.36 -0.46 -0.51 -0.48 -0.43 -0.41
 0.10  0.02 -0.05 -0.12 -0.18 -0.28 -0.38 -0.46 -0.49 -0.44 -0.39 -0.36
 0.09  0.02 -0.06 -0.13 -0.19 -0.28 -0.37 -0.43 -0.45 -0.39 -0.33 -0.31
 0.09  0.03 -0.04 -0.11 -0.16 -0.24 -0.33 -0.38 -0.39 -0.33 -0.27 -0.25
 0.10  0.05 -0.00 -0.06 -0.11 -0.19 -0.27 -0.32 -0.34 -0.28 -0.23 -0.21
 0.09  0.07  0.03 -0.01 -0.05 -0.13 -0.22 -0.27 -0.29 -0.24 -0.20 -0.18
 0.07  0.07  0.05  0.03  0.00 -0.07 -0.16 -0.22 -0.25 -0.20 -0.17 -0.15
 0.04  0.06  0.06  0.06  0.05 -0.02 -0.11 -0.16 -0.19 -0.15 -0.12 -0.11
 0.01  0.03  0.05  0.07  0.08  0.02 -0.06 -0.11 -0.13 -0.09 -0.07 -0.06
-0.03 -0.00  0.03  0.07  0.09  0.04 -0.03 -0.06 -0.07 -0.04 -0.02 -0.01
-0.07 -0.03  0.00  0.05  0.08  0.04 -0.01 -0.03 -0.04 -0.00  0.02  0.03
-0.09 -0.06 -0.03  0.01  0.05  0.03 -0.02 -0.03 -0.03  0.01  0.03  0.05
-0.12 -0.09 -0.06 -0.02  0.02 -0.01 -0.04 -0.04 -0.04  0.00  0.03  0.06
-0.14 -0.12 -0.09 -0.05 -0.01 -0.03 -0.06 -0.06 -0.05 -0.01  0.02  0.05
-0.16 -0.14 -0.12 -0.08 -0.04 -0.06 -0.08 -0.08 -0.07 -0.03 -0.01  0.02
-0.18 -0.17 -0.14 -0.11 -0.07 -0.09 -0.11 -0.10 -0.09 -0.05 -0.03 -0.00
-0.20 -0.19 -0.16 -0.13 -0.09 -0.10 -0.12 -0.11 -0.10 -0.06 -0.04 -0.01
-0.20 -0.19 -0.17 -0.13 -0.09 -0.11 -0.12 -0.11 -0.09 -0.06 -0.03 -0.01
-0.18 -0.18 -0.16 -0.12 -0.08 -0.09 -0.10 -0.09 -0.08 -0.05 -0.03 -0.01
-0.17 -0.16 -0.15 -0.12 -0.08 -0.09 -0.09 -0.08 -0.08 -0.04 -0.02 -0.01
-0.17 -0.16 -0.15 -0.11 -0.07 -0.08 -0.09 -0.08 -0.07 -0.04 -0.03 -0.01
-0.16 -0.16 -0.14 -0.11 -0.07 -0.08 -0.09 -0.08 -0.07 -0.04 -0.03 -0.02
-0.16 -0.15 -0.14 -0.10 -0.07 -0.07 -0.08 -0.07 -0.06 -0.04 -0.03 -0.02
-0.15 -0.14 -0.12 -0.09 -0.05 -0.06 -0.06 -0.04 -0.04 -0.02 -0.01 -0.01
-0.13 -0.13 -0.11 -0.08 -0.04 -0.05 -0.05 -0.03 -0.03 -0.00  0.01  0.01
-0.13 -0.13 -0.11 -0.08 -0.05 -0.05 -0.05 -0.03 -0.02 -0.00  0.01  0.01
-0.13 -0.13 -0.11 -0.09 -0.06 -0.06 -0.06 -0.03 -0.03 -0.02 -0.01 -0.00
-0.13 -0.13 -0.12 -0.09 -0.06 -0.06 -0.05 -0.03 -0.04 -0.02 -0.01 -0.01
-0.12 -0.11 -0.10 -0.08 -0.04 -0.04 -0.03 -0.01 -0.01 -0.00 -0.00 -0.00
-0.09 -0.09 -0.07 -0.06 -0.03 -0.03 -0.01  0.01  0.01  0.01  0.01  0.01
-0.08 -0.07 -0.06 -0.05 -0.03 -0.03 -0.02  0.01  0.01  0.01  0.01  0.01
-0.07 -0.06 -0.06 -0.05 -0.03 -0.03 -0.02  0.01  0.01  0.01  0.01  0.01
-0.06 -0.05 -0.05 -0.05 -0.03 -0.04 -0.02  0.01  0.00  0.01  0.01  0.00
-0.04 -0.04 -0.04 -0.04 -0.03 -0.04 -0.02  0.00  0.00  0.00 -0.00 -0.00
-0.03 -0.03 -0.03 -0.03 -0.03 -0.03 -0.02  0.01  0.01  0.01  0.01  0.00
-0.02 -0.02 -0.02 -0.03 -0.02 -0.03 -0.01  0.01  0.01  0.01  0.01  0.01
-0.02 -0.01 -0.02 -0.02 -0.02 -0.03 -0.02  0.01  0.01  0.01  0.01  0.01
-0.01 -0.01 -0.02 -0.03 -0.02 -0.03 -0.02 -0.00  0.00  0.00  0.00  0.01
-0.01 -0.01 -0.02 -0.03 -0.03 -0.03 -0.03 -0.00 -0.00 -0.00  0.00  0.00
-0.01 -0.01 -0.02 -0.03 -0.03 -0.03 -0.03 -0.01 -0.00 -0.00 -0.00  0.00
-0.01 -0.01 -0.02 -0.03 -0.03 -0.04 -0.03 -0.01 -0.01 -0.00 -0.00  0.01
-0.01 -0.01 -0.01 -0.03 -0.03 -0.03 -0.03 -0.01 -0.01 -0.00 -0.00  0.00
-0.01 -0.01 -0.01 -0.02 -0.03 -0.03 -0.03 -0.02 -0.01 -0.01 -0.01  0.00
-0.01 -0.00 -0.01 -0.02 -0.02 -0.03 -0.03 -0.02 -0.01 -0.01 -0.01  0.00
-0.01 -0.00 -0.01 -0.02 -0.02 -0.03 -0.03 -0.01 -0.01 -0.00 -0.00  0.00
-0.00 -0.00 -0.01 -0.02 -0.02 -0.03 -0.03 -0.02 -0.01 -0.01 -0.01  0.00
-0.00 -0.00 -0.01 -0.01 -0.02 -0.02 -0.02 -0.01 -0.01 -0.01 -0.01  0.00
-0.00  0.00 -0.00 -0.01 -0.01 -0.02 -0.02 -0.01 -0.01 -0.00 -0.00  0.00
-0.00  0.00 -0.00 -0.01 -0.01 -0.01 -0.01 -0.01 -0.01 -0.00 -0.00  0.00
-0.00  0.00 -0.00 -0.01 -0.01 -0.01 -0.01 -0.01 -0.01 -0.00 -0.00  0.00
-0.00 -0.00 -0.00 -0.01 -0.01 -0.01 -0.01 -0.01 -0.01 -0.00 -0.00 -0.00
-0.00 -0.00 -0.00 -0.00 -0.00 -0.00 -0.01 -0.01 -0.01 -0.00 -0.00 -0.00
-0.00 -0.00 -0.00 -0.00 -0.00 -0.00 -0.00 -0.00 -0.00 -0.00 -0.00 -0.00
-0.00 -0.00 -0.00 -0.00 -0.00 -0.00 -0.00 -0.00 -0.00 -0.00 -0.00 -0.00
-0.00 -0.00 -0.00 -0.00 -0.00 -0.00 -0.00 -0.00 -0.00 -0.00 -0.00 -0.00
-0.00 -0.00 -0.00 -0.00 -0.00 -0.00 -0.00 -0.00 -0.00 -0.00 -0.00 -0.00
-0.00 -0.00 -0.00 -0.00 -0.00 -0.00 -0.00 -0.00 -0.00 -0.00 -0.00 -0.00
year 2014
 0.29  0.28  0.26  0.26  0.29  0.36  0.42  0.41  0.41  0.36  0.32  0.31
 0.31  0.29  0.27  0.27  0.30  0.37  0.42  0.41  0.41  0.36  0.32  0.31
 0.31  0.30  0.28  0.28  0.30  0.38  0.42  0.41  0.40  0.36  0.32  0.31
 0.31  0.29  0.27  0.27  0.29  0.37  0.41  0.40  0.39  0.34  0.30  0.30
 0.31  0.29  0.27  0.27  0.29  0.36  0.40  0.38  0.37  0.32  0.28  0.28
 0.32  0.30  0.28  0.27  0.29  0.36  0.39  0.35  0.34  0.29  0.25  0.25
 0.33  0.31  0.28  0.28  0.29  0.36  0.38  0.34  0.32  0.27  0.24  0.24
 0.33  0.31  0.28  0.27  0.29  0.36  0.38  0.34  0.33  0.29  0.26  0.26
 0.34  0.32  0.29  0.28  0.30  0.37  0.39  0.35  0.35  0.31  0.28  0.29
 0.36  0.34  0.32  0.31  0.32  0.39  0.41  0.38  0.37  0.34  0.32  0.32
 0.36  0.35  0.33  0.32  0.34  0.41  0.43  0.40  0.40  0.37  0.35  0.35
 0.35  0.35  0.33  0.32  0.35  0.42  0.44  0.41  0.42  0.39  0.37  0.36
 0.35  0.35  0.33  0.34  0.36  0.43  0.46  0.43  0.43  0.40  0.37  0.37
 0.36  0.36  0.35  0.35  0.38  0.45  0.48  0.45  0.45  0.42  0.39  0.38
 0.34  0.35  0.34  0.35  0.38  0.46  0.50  0.47  0.48  0.45  0.42  0.42
 0.31  0.32  0.32  0.33  0.37  0.46  0.51  0.50  0.51  0.49  0.47  0.47
 0.27  0.29  0.29  0.31  0.35  0.45  0.51  0.51  0.53  0.53  0.51  0.52
 0.24  0.25  0.25  0.28  0.33  0.44  0.51  0.52  0.55  0.55  0.55  0.56
 0.20  0.22  0.22  0.25  0.31  0.43  0.51  0.53  0.56  0.57  0.57  0.58
 0.17  0.18  0.19  0.22  0.29  0.42  0.51  0.54  0.57  0.58  0.58  0.60
 0.14  0.15  0.16  0.19  0.27  0.40  0.50  0.53  0.56  0.58  0.59  0.61
 0.12  0.12  0.12  0.16  0.24  0.38  0.47  0.50  0.54  0.56  0.58  0.61
 0.10  0.09  0.08  0.11  0.19  0.33  0.43  0.46  0.50  0.53  0.56  0.59
 0.07  0.04  0.02  0.04  0.12  0.27  0.37  0.40  0.44  0.48  0.51  0.56
 0.03 -0.02 -0.05 -0.03  0.05  0.19  0.29  0.33  0.38  0.42  0.46  0.51
-0.02 -0.08 -0.12 -0.10 -0.03  0.12  0.22  0.26  0.32  0.36  0.41  0.47
-0.07 -0.13 -0.18 -0.16 -0.09  0.06  0.16  0.21  0.27  0.32  0.37  0.43
-0.11 -0.18 -0.22 -0.21 -0.13  0.01  0.12  0.17  0.23  0.28  0.33  0.39
-0.15 -0.21 -0.26 -0.25 -0.17 -0.02  0.08  0.13  0.20  0.25  0.30  0.35
-0.19 -0.25 -0.29 -0.28 -0.20 -0.05  0.05  0.10  0.17  0.22  0.27  0.32
-0.23 -0.28 -0.32 -0.30 -0.22 -0.08  0.03  0.08  0.15  0.19  0.24  0.29
-0.28 -0.32 -0.35 -0.33 -0.25 -0.11  0.00  0.05  0.12  0.16  0.20  0.24
-0.32 -0.35 -0.38 -0.36 -0.28 -0.13 -0.02  0.03  0.10  0.13  0.15  0.18
-0.35 -0.38 -0.41 -0.39 -0.31 -0.16 -0.05  0.02  0.08  0.10  0.11  0.11
-0.38 -0.40 -0.43 -0.42 -0.34 -0.19 -0.07 -0.01  0.05  0.06  0.05  0.04
-0.40 -0.42 -0.46 -0.45 -0.38 -0.22 -0.10 -0.03  0.03  0.03  0.00 -0.02
-0.44 -0.46 -0.50 -0.49 -0.41 -0.25 -0.11 -0.04  0.01  0.01 -0.04 -0.08
-0.48 -0.49 -0.53 -0.52 -0.44 -0.27 -0.13 -0.05 -0.00 -0.01 -0.06 -0.12
-0.51 -0.52 -0.55 -0.53 -0.44 -0.28 -0.14 -0.06 -0.02 -0.03 -0.08 -0.14
-0.52 -0.52 -0.54 -0.51 -0.42 -0.26 -0.13 -0.06 -0.02 -0.04 -0.09 -0.13
-0.49 -0.48 -0.50 -0.47 -0.38 -0.22 -0.10 -0.04 -0.02 -0.04 -0.08 -0.11
-0.45 -0.43 -0.44 -0.41 -0.32 -0.17 -0.06 -0.02 -0.00 -0.03 -0.06 -0.08
-0.40 -0.38 -0.38 -0.35 -0.26 -0.12 -0.02  0.01  0.01 -0.01 -0.04 -0.04
-0.35 -0.33 -0.33 -0.30 -0.21 -0.08  0.01  0.03  0.03  0.01  0.00  0.01
-0.30 -0.29 -0.29 -0.26 -0.18 -0.06  0.03  0.04  0.05  0.04  0.05  0.07
-0.25 -0.25 -0.26 -0.23 -0.16 -0.04  0.03  0.04  0.06  0.06  0.09  0.12
-0.21 -0.22 -0.24 -0.21 -0.14 -0.04  0.03  0.04  0.05  0.07  0.11  0.14
-0.19 -0.20 -0.22 -0.20 -0.14 -0.04  0.02  0.02  0.05  0.07  0.11  0.15
-0.16 -0.17 -0.20 -0.19 -0.14 -0.05  0.01  0.02  0.04  0.07  0.12  0.15
-0.12 -0.13 -0.16 -0.16 -0.12 -0.03  0.02  0.01  0.03  0.06  0.11  0.14
-0.06 -0.08 -0.11 -0.12 -0.08 -0.01  0.02  0.01  0.02  0.05  0.09  0.12
-0.01 -0.02 -0.06 -0.08 -0.06  0.00  0.03  0.01  0.01  0.03  0.07  0.10
 0.03  0.01 -0.02 -0.05 -0.04  0.01  0.03  0.01  0.00  0.02  0.05  0.08
 0.05  0.04  0.00 -0.02 -0.01  0.03  0.05  0.02  0.00  0.01  0.04  0.07
 0.07  0.06  0.03  0.01  0.01  0.05  0.06  0.02  0.01  0.00  0.02  0.04
 0.07  0.06  0.03  0.00  0.01  0.05  0.06  0.02 -0.00 -0.01 -0.00  0.01
 0.04  0.03 -0.00 -0.03 -0.02  0.03  0.04  0.00 -0.02 -0.03 -0.02 -0.01
 0.01  0.01 -0.03 -0.05 -0.04  0.01  0.03 -0.01 -0.02 -0.03 -0.03 -0.02
 0.01 -0.00 -0.04 -0.05 -0.04  0.01  0.02 -0.01 -0.03 -0.04 -0.04 -0.03
 0.01  0.00 -0.03 -0.04 -0.03  0.01  0.02 -0.01 -0.03 -0.05 -0.04 -0.04
 0.01  0.01 -0.02 -0.04 -0.03  0.01  0.02 -0.02 -0.04 -0.05 -0.05 -0.04
 0.01  0.00 -0.03 -0.04 -0.04 -0.00  0.00 -0.03 -0.05 -0.06 -0.06 -0.06
-0.00 -0.01 -0.04 -0.06 -0.06 -0.02 -0.02 -0.05 -0.07 -0.08 -0.08 -0.08
-0.01 -0.02 -0.05 -0.07 -0.08 -0.04 -0.04 -0.07 -0.09 -0.10 -0.09 -0.09
-0.01 -0.02 -0.05 -0.08 -0.08 -0.06 -0.05 -0.09 -0.11 -0.11 -0.10 -0.09
-0.00 -0.01 -0.04 -0.06 -0.08 -0.06 -0.06 -0.10 -0.11 -0.12 -0.11 -0.10
 0.02  0.01 -0.02 -0.05 -0.07 -0.05 -0.07 -0.11 -0.12 -0.13 -0.12 -0.11
 0.02  0.02 -0.01 -0.04 -0.06 -0.05 -0.07 -0.11 -0.13 -0.13 -0.12 -0.12
 0.01  0.01 -0.01 -0.04 -0.07 -0.06 -0.07 -0.11 -0.12 -0.11 -0.10 -0.10
 0.00  0.01 -0.01 -0.04 -0.06 -0.05 -0.06 -0.09 -0.09 -0.08 -0.07 -0.06
 0.01  0.02 -0.00 -0.03 -0.04 -0.04 -0.06 -0.09 -0.09 -0.08 -0.06 -0.05
 0.02  0.03  0.01 -0.01 -0.03 -0.03 -0.05 -0.08 -0.08 -0.06 -0.04 -0.04
 0.02  0.03  0.01 -0.01 -0.03 -0.02 -0.04 -0.07 -0.06 -0.05 -0.03 -0.03
 0.02  0.03  0.01 -0.01 -0.03 -0.02 -0.04 -0.07 -0.06 -0.05 -0.03 -0.03
 0.01  0.02  0.00 -0.01 -0.02 -0.02 -0.03 -0.06 -0.06 -0.04 -0.03 -0.03
 0.01  0.01  0.00 -0.01 -0.02 -0.01 -0.02 -0.04 -0.04 -0.03 -0.01 -0.01
 0.01  0.02  0.01  0.00 -0.00  0.01 -0.00 -0.03 -0.03 -0.02 -0.00 -0.01
 0.02  0.03  0.02  0.01  0.00  0.01  0.00 -0.02 -0.03 -0.02 -0.00 -0.01
 0.02  0.03  0.02  0.01  0.01  0.01  0.01 -0.01 -0.02 -0.01 -0.00 -0.00
 0.02  0.02  0.02  0.01  0.01  0.02  0.02 -0.00 -0.01 -0.00  0.00  0.00
 0.01  0.02  0.01  0.01  0.01  0.02  0.02  0.00 -0.01  0.00  0.01  0.00
 0.01  0.02  0.01  0.01  0.02  0.03  0.03  0.01 -0.00  0.01  0.01  0.01
 0.01  0.02  0.01  0.02  0.02  0.03  0.03  0.01  0.00  0.01  0.01  0.01
 0.01  0.01  0.01  0.02  0.02  0.03  0.03  0.02  0.00  0.01  0.01  0.00
 0.01  0.01  0.01  0.02  0.02  0.03  0.03  0.02  0.01  0.01  0.01  0.01
 0.01  0.01  0.01  0.02  0.02  0.03  0.04  0.02  0.01  0.01  0.02  0.01
 0.01  0.01  0.01  0.02  0.02  0.03  0.03  0.02  0.01  0.01  0.02  0.01
 0.01  0.01  0.01  0.02  0.02  0.03  0.03  0.02  0.01  0.01  0.02  0.01
 0.01  0.01  0.01  0.02  0.02  0.03  0.03  0.02  0.01  0.01  0.02  0.01
 0.01  0.01  0.01  0.02  0.02  0.02  0.03  0.02  0.01  0.01  0.01  0.01
 0.01  0.01  0.01  0.01  0.02  0.02  0.02  0.02  0.01  0.01  0.01  0.01
 0.00  0.00  0.01  0.01  0.01  0.01  0.02  0.02  0.01  0.01  0.01  0.01
 0.00  0.00  0.00  0.01  0.01  0.01  0.01  0.01  0.01  0.01  0.01  0.00
 0.00  0.00  0.00  0.00  0.00  0.00  0.01  0.01  0.01  0.01  0.00  0.00
-0.00 -0.00 -0.00  0.00  0.00  0.00  0.00  0.00  0.00  0.00  0.00  0.00
-0.00 -0.00 -0.00 -0.00 -0.00 -0.00  0.00  0.00  0.00  0.00  0.00  0.00
-0.00 -0.00 -0.00 -0.00 -0.00 -0.00 -0.00  0.00  0.00  0.00  0.00  0.00
-0.00 -0.00 -0.00 -0.00 -0.00 -0.00 -0.00  0.00  0.00  0.00  0.00  0.00
-0.00 -0.00 -0.00 -0.00 -0.00 -0.00 -0.00  0.00  0.00  0.00  0.00  0.00
year 2015
 0.26  0.24  0.25  0.19  0.11  0.04 -0.03 -0.03 -0.02 -0.04 -0.02 -0.01
 0.27  0.25  0.27  0.21  0.14  0.07  0.00  0.00  0.01 -0.02 -0.01 -0.00
 0.27  0.27  0.29  0.24  0.17  0.11  0.04  0.04  0.04  0.02  0.02  0.02
 0.27  0.27  0.30  0.26  0.19  0.13  0.07  0.07  0.07  0.05  0.05  0.05
 0.25  0.26  0.29  0.25  0.19  0.13  0.07  0.08  0.09  0.07  0.07  0.07
 0.22  0.23  0.27  0.23  0.18  0.13  0.08  0.10  0.11  0.09  0.09  0.08
 0.22  0.23  0.27  0.24  0.19  0.14  0.10  0.12  0.14  0.12  0.11  0.10
 0.24  0.26  0.30  0.26  0.21  0.16  0.12  0.14  0.16  0.14  0.13  0.11
 0.27  0.30  0.34  0.30  0.25  0.20  0.16  0.18  0.19  0.16  0.15  0.12
 0.30  0.33  0.37  0.34  0.29  0.24  0.19  0.21  0.22  0.19  0.17  0.14
 0.34  0.36  0.39  0.35  0.30  0.25  0.21  0.23  0.24  0.20  0.17  0.14
 0.35  0.36  0.40  0.36  0.30  0.25  0.21  0.23  0.24  0.21  0.18  0.15
 0.35  0.37  0.40  0.36  0.30  0.25  0.20  0.23  0.24  0.22  0.20  0.17
 0.37  0.39  0.42  0.37  0.31  0.25  0.21  0.23  0.25  0.23  0.21  0.18
 0.41  0.42  0.45  0.40  0.33  0.27  0.21  0.23  0.25  0.23  0.22  0.19
 0.46  0.47  0.50  0.44  0.36  0.28  0.22  0.23  0.24  0.22  0.22  0.20
 0.51  0.53  0.55  0.48  0.39  0.30  0.23  0.23  0.24  0.23  0.22  0.21
 0.55  0.57  0.59  0.52  0.42  0.32  0.24  0.23  0.25  0.23  0.24  0.23
 0.59  0.60  0.62  0.55  0.44  0.33  0.24  0.23  0.25  0.24  0.25  0.25
 0.61  0.62  0.64  0.56  0.44  0.32  0.23  0.23  0.25  0.24  0.26  0.26
 0.62  0.64  0.65  0.57  0.44  0.32  0.23  0.22  0.24  0.23  0.25  0.27
 0.63  0.64  0.65  0.57  0.44  0.32  0.22  0.21  0.23  0.22  0.25  0.28
 0.61  0.63  0.65  0.57  0.43  0.31  0.21  0.20  0.22  0.21  0.25  0.29
 0.58  0.61  0.62  0.54  0.41  0.29  0.21  0.21  0.23  0.22  0.26  0.32
 0.54  0.57  0.58  0.51  0.39  0.28  0.20  0.21  0.24  0.24  0.29  0.35
 0.50  0.53  0.55  0.47  0.36  0.26  0.20  0.22  0.26  0.26  0.32  0.39
 0.46  0.48  0.50  0.43  0.32  0.24  0.19  0.22  0.27  0.28  0.35  0.42
 0.42  0.44  0.45  0.38  0.29  0.21  0.18  0.22  0.28  0.31  0.38  0.47
 0.38  0.40  0.41  0.35  0.25  0.19  0.17  0.23  0.29  0.34  0.42  0.52
 0.35  0.36  0.37  0.30  0.22  0.16  0.16  0.22  0.30  0.36  0.46  0.57
 0.31  0.31  0.31  0.25  0.17  0.12  0.13  0.21  0.30  0.37  0.49  0.61
 0.26  0.25  0.24  0.18  0.10  0.07  0.09  0.19  0.30  0.40  0.53  0.66
 0.19  0.18  0.16  0.10  0.03  0.01  0.05  0.17  0.31  0.44  0.58  0.72
 0.11  0.10  0.08  0.03 -0.04 -0.06  0.00  0.16  0.33  0.49  0.65  0.79
 0.03  0.02  0.01 -0.04 -0.10 -0.11 -0.03  0.16  0.37  0.56  0.73  0.88
-0.04 -0.06 -0.07 -0.11 -0.16 -0.15 -0.05  0.16  0.42  0.64  0.83  0.97
-0.11 -0.13 -0.13 -0.17 -0.21 -0.19 -0.07  0.18  0.47  0.72  0.92  1.06
-0.15 -0.17 -0.17 -0.20 -0.24 -0.21 -0.07  0.21  0.52  0.79  1.00  1.14
-0.17 -0.19 -0.19 -0.22 -0.25 -0.21 -0.06  0.22  0.55  0.83  1.03  1.16
-0.15 -0.17 -0.18 -0.22 -0.25 -0.21 -0.06  0.22  0.55  0.81  0.99  1.11
-0.12 -0.14 -0.16 -0.21 -0.24 -0.20 -0.06  0.20  0.50  0.73  0.89  1.00
-0.08 -0.10 -0.12 -0.17 -0.21 -0.18 -0.07  0.16  0.42  0.62  0.76  0.86
-0.03 -0.04 -0.07 -0.12 -0.17 -0.15 -0.06  0.13  0.34  0.50  0.61  0.70
 0.03  0.03  0.01 -0.06 -0.11 -0.11 -0.04  0.10  0.27  0.39  0.47  0.54
 0.10  0.10  0.08  0.01 -0.05 -0.06 -0.02  0.10  0.22  0.30  0.35  0.40
 0.15  0.15  0.13  0.06 -0.01 -0.02  0.01  0.10  0.19  0.24  0.26  0.30
 0.18  0.18  0.15  0.08  0.02  0.01  0.04  0.11  0.18  0.20  0.21  0.23
 0.18  0.19  0.17  0.11  0.06  0.06  0.09  0.14  0.19  0.19  0.18  0.19
 0.19  0.19  0.18  0.14  0.11  0.12  0.14  0.18  0.21  0.19  0.17  0.17
 0.18  0.19  0.19  0.17  0.15  0.17  0.18  0.21  0.23  0.20  0.17  0.16
 0.16  0.17  0.19  0.18  0.18  0.20  0.22  0.24  0.25  0.22  0.18  0.16
 0.13  0.16  0.18  0.19  0.21  0.24  0.25  0.27  0.27  0.24  0.19  0.18
 0.12  0.15  0.19  0.21  0.23  0.26  0.28  0.29  0.30  0.27  0.21  0.19
 0.11  0.15  0.19  0.21  0.23  0.27  0.28  0.30  0.31  0.28  0.22  0.20
 0.09  0.13  0.18  0.20  0.22  0.25  0.27  0.28  0.29  0.27  0.22  0.20
 0.05  0.09  0.15  0.18  0.20  0.22  0.24  0.25  0.27  0.25  0.21  0.20
 0.02  0.07  0.13  0.16  0.18  0.20  0.22  0.24  0.25  0.24  0.20  0.19
 0.01  0.06  0.12  0.15  0.17  0.19  0.21  0.23  0.24  0.23  0.20  0.19
 0.00  0.05  0.11  0.14  0.16  0.17  0.19  0.21  0.23  0.21  0.18  0.18
-0.01  0.04  0.10  0.13  0.14  0.15  0.17  0.19  0.20  0.19  0.16  0.16
-0.02  0.03  0.09  0.11  0.11  0.12  0.14  0.16  0.17  0.15  0.12  0.12
-0.03  0.01  0.06  0.08  0.09  0.09  0.11  0.13  0.13  0.12  0.09  0.10
-0.05 -0.00  0.05  0.07  0.07  0.08  0.09  0.11  0.11  0.10  0.07  0.08
-0.06 -0.02  0.04  0.06  0.06  0.07  0.08  0.10  0.10  0.08  0.06  0.07
-0.07 -0.02  0.03  0.05  0.05  0.05  0.07  0.09  0.09  0.07  0.05  0.06
-0.07 -0.04  0.02  0.03  0.04  0.04  0.06  0.07  0.07  0.05  0.03  0.04
-0.09 -0.05 -0.00  0.01  0.02  0.03  0.04  0.06  0.05  0.04  0.01  0.02
-0.10 -0.06 -0.02  0.00  0.01  0.02  0.04  0.05  0.05  0.03  0.01  0.01
-0.08 -0.05 -0.00  0.01  0.02  0.03  0.05  0.06  0.05  0.03  0.00  0.00
-0.04 -0.01  0.02  0.03  0.03  0.04  0.05  0.05  0.04  0.01 -0.01 -0.01
-0.03 -0.01  0.02  0.03  0.02  0.03  0.04  0.04  0.03  0.00 -0.02 -0.02
-0.03 -0.01  0.02  0.03  0.03  0.03  0.03  0.03  0.01 -0.01 -0.04 -0.03
-0.02 -0.01  0.02  0.03  0.03  0.02  0.02  0.00 -0.01 -0.03 -0.05 -0.04
-0.02 -0.01  0.02  0.02  0.02  0.02  0.01 -0.00 -0.02 -0.04 -0.06 -0.05
-0.02 -0.00  0.02  0.03  0.03  0.02  0.01 -0.00 -0.01 -0.03 -0.05 -0.05
-0.00  0.01  0.03  0.03  0.03  0.02  0.01 -0.00 -0.01 -0.03 -0.05 -0.05
 0.00  0.01  0.03  0.03  0.02  0.02  0.01 -0.00 -0.01 -0.03 -0.04 -0.04
-0.00  0.01  0.02  0.02  0.02  0.02  0.01  0.00  0.01 -0.01 -0.03 -0.02
 0.00  0.01  0.02  0.02  0.02  0.02  0.01  0.01  0.02  0.00 -0.01 -0.01
 0.00  0.01  0.02  0.02  0.01  0.01  0.01  0.01  0.02  0.01 -0.00 -0.00
 0.01  0.01  0.02  0.02  0.01  0.01  0.01  0.01  0.02  0.01 -0.01 -0.00
 0.01  0.01  0.02  0.01  0.00  0.00 -0.00 -0.00  0.01  0.00 -0.01 -0.01
 0.01  0.01  0.01  0.01 -0.00  0.00 -0.00 -0.00  0.01  0.00 -0.01 -0.01
 0.00  0.01  0.01  0.00 -0.01 -0.00 -0.00 -0.00  0.01  0.00 -0.01 -0.01
 0.01  0.01  0.01  0.00 -0.01 -0.00 -0.00 -0.00  0.01  0.01 -0.00 -0.00
 0.01  0.01  0.01 -0.00 -0.01 -0.00 -0.00 -0.00  0.01  0.01 -0.00 -0.00
 0.01  0.01  0.01 -0.00 -0.01 -0.00 -0.01 -0.01  0.00  0.00 -0.01 -0.01
 0.01  0.01  0.01 -0.00 -0.01 -0.01 -0.01 -0.01 -0.00 -0.00 -0.01 -0.01
 0.01  0.01  0.00 -0.01 -0.01 -0.01 -0.01 -0.01 -0.00 -0.00 -0.01 -0.01
 0.01  0.00  0.00 -0.01 -0.01 -0.01 -0.01 -0.01 -0.00 -0.00 -0.01 -0.01
 0.00  0.00  0.00 -0.01 -0.01 -0.01 -0.01 -0.01 -0.00 -0.00 -0.00 -0.00
 0.00  0.00 -0.00 -0.01 -0.01 -0.00 -0.01 -0.01 -0.00  0.00 -0.00 -0.00
 0.00 -0.00 -0.00 -0.01 -0.01 -0.00 -0.00 -0.00 -0.00  0.00  0.00  0.00
-0.00 -0.00 -0.00 -0.01 -0.01 -0.00 -0.00 -0.00 -0.00  0.00  0.00  0.00
-0.00 -0.00 -0.00 -0.00 -0.00 -0.00 -0.00 -0.00 -0.00  0.00  0.00  0.00
 0.00 -0.00 -0.00 -0.00 -0.00 -0.00 -0.00 -0.00  0.00  0.00  0.00  0.00
 0.00  0.00  0.00 -0.00 -0.00  0.00  0.00  0.00  0.00  0.00 -0.00  0.00
 0.00  0.00  0.00 -0.00 -0.00  0.00  0.00  0.00  0.00  0.00 -0.00 -0.00
 0.00  0.00  0.00 -0.00  0.00  0.00  0.00  0.00  0.00  0.00 -0.00 -0.00
year 2016
 0.00  0.02  0.02  0.04  0.12   MMM   MMM   MMM   MMM   MMM   MMM   MMM
 0.01  0.02  0.01  0.03  0.11   MMM   MMM   MMM   MMM   MMM   MMM   MMM
 0.02  0.02  0.01  0.03  0.10   MMM   MMM   MMM   MMM   MMM   MMM   MMM
 0.04  0.03  0.02  0.03  0.10   MMM   MMM   MMM   MMM   MMM   MMM   MMM
 0.06  0.04  0.03  0.04  0.11   MMM   MMM   MMM   MMM   MMM   MMM   MMM
 0.07  0.06  0.05  0.06  0.13   MMM   MMM   MMM   MMM   MMM   MMM   MMM
 0.09  0.07  0.05  0.06  0.13   MMM   MMM   MMM   MMM   MMM   MMM   MMM
 0.09  0.07  0.05  0.06  0.12   MMM   MMM   MMM   MMM   MMM   MMM   MMM
 0.09  0.06  0.04  0.04  0.10   MMM   MMM   MMM   MMM   MMM   MMM   MMM
 0.10  0.06  0.04  0.03  0.08   MMM   MMM   MMM   MMM   MMM   MMM   MMM
 0.10  0.06  0.04  0.03  0.08   MMM   MMM   MMM   MMM   MMM   MMM   MMM
 0.11  0.07  0.04  0.04  0.09   MMM   MMM   MMM   MMM   MMM   MMM   MMM
 0.13  0.09  0.05  0.04  0.09   MMM   MMM   MMM   MMM   MMM   MMM   MMM
 0.14  0.10  0.06  0.05  0.10   MMM   MMM   MMM   MMM   MMM   MMM   MMM
 0.15  0.11  0.07  0.06  0.10   MMM   MMM   MMM   MMM   MMM   MMM   MMM
 0.16  0.11  0.07  0.06  0.12   MMM   MMM   MMM   MMM   MMM   MMM   MMM
 0.17  0.12  0.08  0.07  0.13   MMM   MMM   MMM   MMM   MMM   MMM   MMM
 0.19  0.14  0.09  0.09  0.15   MMM   MMM   MMM   MMM   MMM   MMM   MMM
 0.21  0.16  0.12  0.12  0.18   MMM   MMM   MMM   MMM   MMM   MMM   MMM
 0.24  0.20  0.15  0.16  0.23   MMM   MMM   MMM   MMM   MMM   MMM   MMM
 0.26  0.23  0.19  0.19  0.26   MMM   MMM   MMM   MMM   MMM   MMM   MMM
 0.28  0.25  0.22  0.22  0.29   MMM   MMM   MMM   MMM   MMM   MMM   MMM
 0.30  0.28  0.25  0.25  0.32   MMM   MMM   MMM   MMM   MMM   MMM   MMM
 0.33  0.31  0.29  0.30  0.36   MMM   MMM   MMM   MMM   MMM   MMM   MMM
 0.36  0.35  0.33  0.34  0.40   MMM   MMM   MMM   MMM   MMM   MMM   MMM
 0.40  0.40  0.38  0.39  0.45   MMM   MMM   MMM   MMM   MMM   MMM   MMM
 0.45  0.45  0.44  0.45  0.50   MMM   MMM   MMM   MMM   MMM   MMM   MMM
 0.50  0.52  0.51  0.52  0.57   MMM   MMM   MMM   MMM   MMM   MMM   MMM
 0.57  0.59  0.59  0.59  0.63   MMM   MMM   MMM   MMM   MMM   MMM   MMM
 0.62  0.65  0.65  0.65  0.69   MMM   MMM   MMM   MMM   MMM   MMM   MMM
 0.67  0.70  0.71  0.72  0.75   MMM   MMM   MMM   MMM   MMM   MMM   MMM
 0.73  0.77  0.79  0.80  0.84   MMM   MMM   MMM   MMM   MMM   MMM   MMM
 0.80  0.85  0.88  0.90  0.93   MMM   MMM   MMM   MMM   MMM   MMM   MMM
 0.87  0.94  0.98  1.00  1.02   MMM   MMM   MMM   MMM   MMM   MMM   MMM
 0.96  1.03  1.08  1.10  1.12   MMM   MMM   MMM   MMM   MMM   MMM   MMM
 1.05  1.12  1.18  1.20  1.21   MMM   MMM   MMM   MMM   MMM   MMM   MMM
 1.14  1.21  1.27  1.30  1.28   MMM   MMM   MMM   MMM   MMM   MMM   MMM
 1.22  1.29  1.34  1.36  1.34   MMM   MMM   MMM   MMM   MMM   MMM   MMM
 1.23  1.30  1.36  1.37  1.34   MMM   MMM   MMM   MMM   MMM   MMM   MMM
 1.18  1.24  1.30  1.32  1.29   MMM   MMM   MMM   MMM   MMM   MMM   MMM
 1.06  1.13  1.19  1.22  1.20   MMM   MMM   MMM   MMM   MMM   MMM   MMM
 0.92  0.98  1.05  1.08  1.07   MMM   MMM   MMM   MMM   MMM   MMM   MMM
 0.75  0.81  0.88  0.92  0.93   MMM   MMM   MMM   MMM   MMM   MMM   MMM
 0.58  0.64  0.71  0.75  0.78   MMM   MMM   MMM   MMM   MMM   MMM   MMM
 0.43  0.48  0.55  0.61  0.65   MMM   MMM   MMM   MMM   MMM   MMM   MMM
 0.33  0.37  0.44  0.50  0.55   MMM   MMM   MMM   MMM   MMM   MMM   MMM
 0.26  0.30  0.36  0.43  0.49   MMM   MMM   MMM   MMM   MMM   MMM   MMM
 0.21  0.24  0.30  0.36  0.43   MMM   MMM   MMM   MMM   MMM   MMM   MMM
 0.17  0.20  0.25  0.30  0.36   MMM   MMM   MMM   MMM   MMM   MMM   MMM
 0.16  0.17  0.21  0.25  0.30   MMM   MMM   MMM   MMM   MMM   MMM   MMM
 0.15  0.16  0.18  0.21  0.25   MMM   MMM   MMM   MMM   MMM   MMM   MMM
 0.16  0.16  0.18  0.19  0.22   MMM   MMM   MMM   MMM   MMM   MMM   MMM
 0.17  0.17  0.17  0.18  0.20   MMM   MMM   MMM   MMM   MMM   MMM   MMM
 0.18  0.17  0.17  0.17  0.19   MMM   MMM   MMM   MMM   MMM   MMM   MMM
 0.18  0.17  0.16  0.15  0.17   MMM   MMM   MMM   MMM   MMM   MMM   MMM
 0.18  0.17  0.15  0.15  0.17   MMM   MMM   MMM   MMM   MMM   MMM   MMM
 0.19  0.18  0.16  0.15  0.17   MMM   MMM   MMM   MMM   MMM   MMM   MMM
 0.19  0.19  0.17  0.16  0.17   MMM   MMM   MMM   MMM   MMM   MMM   MMM
 0.19  0.18  0.17  0.15  0.16   MMM   MMM   MMM   MMM   MMM   MMM   MMM
 0.16  0.16  0.14  0.12  0.13   MMM   MMM   MMM   MMM   MMM   MMM   MMM
 0.13  0.13  0.10  0.08  0.09   MMM   MMM   MMM   MMM   MMM   MMM   MMM
 0.10  0.10  0.07  0.05  0.06   MMM   MMM   MMM   MMM   MMM   MMM   MMM
 0.09  0.08  0.05  0.04  0.05   MMM   MMM   MMM   MMM   MMM   MMM   MMM
 0.08  0.08  0.05  0.04  0.06   MMM   MMM   MMM   MMM   MMM   MMM   MMM
 0.08  0.07  0.04  0.03  0.05   MMM   MMM   MMM   MMM   MMM   MMM   MMM
 0.05  0.05  0.02  0.01  0.04   MMM   MMM   MMM   MMM   MMM   MMM   MMM
 0.03  0.02 -0.01 -0.01  0.02   MMM   MMM   MMM   MMM   MMM   MMM   MMM
 0.01  0.00 -0.02 -0.03  0.00   MMM   MMM   MMM   MMM   MMM   MMM   MMM
 0.01 -0.01 -0.03 -0.04 -0.01   MMM   MMM   MMM   MMM   MMM   MMM   MMM
-0.01 -0.02 -0.04 -0.05 -0.03   MMM   MMM   MMM   MMM   MMM   MMM   MMM
-0.02 -0.03 -0.05 -0.06 -0.04   MMM   MMM   MMM   MMM   MMM   MMM   MMM
-0.03 -0.04 -0.06 -0.06 -0.05   MMM   MMM   MMM   MMM   MMM   MMM   MMM
-0.04 -0.05 -0.07 -0.07 -0.06   MMM   MMM   MMM   MMM   MMM   MMM   MMM
-0.04 -0.05 -0.07 -0.08 -0.07   MMM   MMM   MMM   MMM   MMM   MMM   MMM
-0.05 -0.06 -0.08 -0.08 -0.07   MMM   MMM   MMM   MMM   MMM   MMM   MMM
-0.05 -0.06 -0.08 -0.09 -0.08   MMM   MMM   MMM   MMM   MMM   MMM   MMM
-0.04 -0.06 -0.08 -0.08 -0.08   MMM   MMM   MMM   MMM   MMM   MMM   MMM
-0.03 -0.04 -0.06 -0.07 -0.07   MMM   MMM   MMM   MMM   MMM   MMM   MMM
-0.01 -0.03 -0.05 -0.06 -0.06   MMM   MMM   MMM   MMM   MMM   MMM   MMM
-0.00 -0.02 -0.04 -0.04 -0.04   MMM   MMM   MMM   MMM   MMM   MMM   MMM
-0.00 -0.01 -0.03 -0.03 -0.03   MMM   MMM   MMM   MMM   MMM   MMM   MMM
-0.01 -0.02 -0.03 -0.03 -0.02   MMM   MMM   MMM   MMM   MMM   MMM   MMM
-0.01 -0.02 -0.02 -0.03 -0.02   MMM   MMM   MMM   MMM   MMM   MMM   MMM
-0.01 -0.01 -0.02 -0.02 -0.01   MMM   MMM   MMM   MMM   MMM   MMM   MMM
-0.00 -0.01 -0.01 -0.01 -0.01   MMM   MMM   MMM   MMM   MMM   MMM   MMM
-0.01 -0.01 -0.01 -0.01 -0.01   MMM   MMM   MMM   MMM   MMM   MMM   MMM
-0.01 -0.01 -0.02 -0.02 -0.01   MMM   MMM   MMM   MMM   MMM   MMM   MMM
-0.01 -0.01 -0.02 -0.02 -0.01   MMM   MMM   MMM   MMM   MMM   MMM   MMM
-0.01 -0.01 -0.01 -0.01 -0.01   MMM   MMM   MMM   MMM   MMM   MMM   MMM
-0.01 -0.01 -0.01 -0.01 -0.01   MMM   MMM   MMM   MMM   MMM   MMM   MMM
-0.00 -0.00 -0.00 -0.00 -0.00   MMM   MMM   MMM   MMM   MMM   MMM   MMM
-0.00  0.00  0.00  0.00  0.00   MMM   MMM   MMM   MMM   MMM   MMM   MMM
 0.00  0.00  0.01  0.00  0.01   MMM   MMM   MMM   MMM   MMM   MMM   MMM
 0.00  0.01  0.01  0.01  0.01   MMM   MMM   MMM   MMM   MMM   MMM   MMM
 0.00  0.01  0.01  0.01  0.01   MMM   MMM   MMM   MMM   MMM   MMM   MMM
 0.00  0.00  0.00  0.00  0.01   MMM   MMM   MMM   MMM   MMM   MMM   MMM
 0.00  0.00  0.00  0.00  0.00   MMM   MMM   MMM   MMM   MMM   MMM   MMM
 0.00  0.00  0.00  0.00  0.00   MMM   MMM   MMM   MMM   MMM   MMM   MMM
-0.00  0.00  0.00  0.00  0.00   MMM   MMM   MMM   MMM   MMM   MMM   MMM
