[gadi-gpu-v100-0097.gadi.nci.org.au:2699287] shmem: mmap: an error occurred while determining whether or not /jobfs/148889809.gadi-pbs/ompi.gadi-gpu-v100-0097.10662/jf.0/57802752/shared_mem_cuda_pool.gadi-gpu-v100-0097 could be created.
[gadi-gpu-v100-0097.gadi.nci.org.au:2699287] create_and_attach: unable to create shared memory BTL coordinating structure :: size 134217728 
[ Info: 2.52288e8
[ Info: Using architecture: GPU{CUDABackend}(CUDABackend(false, true))
[ Info: No valid checkpoint found. Starting from scratch.
[ Info: Downloading/checking input data
[ Info: We download the 1990-1991 data for an RYF implementation
[ Info: Defining grid
[ Info: Defining vertical z faces
[ Info: Top grid cell is 3.0m thick
[ Info: Defining tripolar grid
[ Info: Defining bottom bathymetry
[ Info: Interpolation passes of bathymetry size (21600, 10800, 1) onto a TripolarGrid target grid of size (360, 180, 75):
[ Info:     pass 1 to size (21317, 10659, 1)
[ Info:     pass 2 to size (21034, 10518, 1)
[ Info:     pass 3 to size (20751, 10377, 1)
[ Info:     pass 4 to size (20468, 10236, 1)
[ Info:     pass 5 to size (20185, 10095, 1)
[ Info:     pass 6 to size (19902, 9954, 1)
[ Info:     pass 7 to size (19619, 9813, 1)
[ Info:     pass 8 to size (19336, 9672, 1)
[ Info:     pass 9 to size (19053, 9531, 1)
[ Info:     pass 10 to size (18770, 9390, 1)
[ Info:     pass 11 to size (18487, 9249, 1)
[ Info:     pass 12 to size (18204, 9108, 1)
[ Info:     pass 13 to size (17921, 8967, 1)
[ Info:     pass 14 to size (17638, 8826, 1)
[ Info:     pass 15 to size (17355, 8685, 1)
[ Info:     pass 16 to size (17072, 8544, 1)
[ Info:     pass 17 to size (16789, 8403, 1)
[ Info:     pass 18 to size (16506, 8262, 1)
[ Info:     pass 19 to size (16223, 8121, 1)
[ Info:     pass 20 to size (15940, 7980, 1)
[ Info:     pass 21 to size (15657, 7839, 1)
[ Info:     pass 22 to size (15374, 7698, 1)
[ Info:     pass 23 to size (15091, 7557, 1)
[ Info:     pass 24 to size (14808, 7416, 1)
[ Info:     pass 25 to size (14525, 7275, 1)
[ Info:     pass 26 to size (14242, 7134, 1)
[ Info:     pass 27 to size (13959, 6993, 1)
[ Info:     pass 28 to size (13676, 6852, 1)
[ Info:     pass 29 to size (13393, 6711, 1)
[ Info:     pass 30 to size (13110, 6570, 1)
[ Info:     pass 31 to size (12827, 6429, 1)
[ Info:     pass 32 to size (12544, 6288, 1)
[ Info:     pass 33 to size (12261, 6147, 1)
[ Info:     pass 34 to size (11978, 6006, 1)
[ Info:     pass 35 to size (11695, 5865, 1)
[ Info:     pass 36 to size (11412, 5724, 1)
[ Info:     pass 37 to size (11129, 5583, 1)
[ Info:     pass 38 to size (10846, 5442, 1)
[ Info:     pass 39 to size (10563, 5301, 1)
[ Info:     pass 40 to size (10280, 5160, 1)
[ Info:     pass 41 to size (9997, 5019, 1)
[ Info:     pass 42 to size (9714, 4878, 1)
[ Info:     pass 43 to size (9431, 4737, 1)
[ Info:     pass 44 to size (9148, 4596, 1)
[ Info:     pass 45 to size (8865, 4455, 1)
[ Info:     pass 46 to size (8582, 4314, 1)
[ Info:     pass 47 to size (8299, 4173, 1)
[ Info:     pass 48 to size (8016, 4032, 1)
[ Info:     pass 49 to size (7733, 3891, 1)
[ Info:     pass 50 to size (7450, 3750, 1)
[ Info:     pass 51 to size (7167, 3609, 1)
[ Info:     pass 52 to size (6884, 3468, 1)
[ Info:     pass 53 to size (6601, 3327, 1)
[ Info:     pass 54 to size (6318, 3186, 1)
[ Info:     pass 55 to size (6035, 3045, 1)
[ Info:     pass 56 to size (5752, 2904, 1)
[ Info:     pass 57 to size (5469, 2763, 1)
[ Info:     pass 58 to size (5186, 2622, 1)
[ Info:     pass 59 to size (4903, 2481, 1)
[ Info:     pass 60 to size (4620, 2340, 1)
[ Info:     pass 61 to size (4337, 2199, 1)
[ Info:     pass 62 to size (4054, 2058, 1)
[ Info:     pass 63 to size (3771, 1917, 1)
[ Info:     pass 64 to size (3488, 1776, 1)
[ Info:     pass 65 to size (3205, 1635, 1)
[ Info:     pass 66 to size (2922, 1494, 1)
[ Info:     pass 67 to size (2639, 1353, 1)
[ Info:     pass 68 to size (2356, 1212, 1)
[ Info:     pass 69 to size (2073, 1071, 1)
[ Info:     pass 70 to size (1790, 930, 1)
[ Info:     pass 71 to size (1507, 789, 1)
[ Info:     pass 72 to size (1224, 648, 1)
[ Info:     pass 73 to size (941, 507, 1)
[ Info:     pass 74 to size (658, 366, 1)
[ Info:     pass 75 to size (360, 180, 1)
[ Info: Defining grid
[ Info: Defining restoring rate
[ Info: Defining closures
[ Info: Defining free surface
┌ Warning: Split barotropic-baroclinic time stepping with SplitRungeKutta3TimeStepper is and experimental.
│ Use at own risk, and report any issues encountered at [https://github.com/CliMA/Oceananigans.jl/issues](https://github.com/CliMA/Oceananigans.jl/issues).
└ @ Oceananigans.TimeSteppers /g/data/v46/txs156/Oceananigans.jl/src/TimeSteppers/split_hydrostatic_runge_kutta_3.jl:62
[ Info: Initialising with EN4
[ Info: Defining Atmospheric state
┌ Warning: `end_date` (1990-12-31T21:00:00) is after the last date in the dataset 1990-12-31T00:00:00
└ @ ClimaOcean.DataWrangling /g/data/v46/txs156/ClimaOcean.jl/src/DataWrangling/metadata.jl:275
┌ Warning: `end_date` (1990-12-31T21:00:00) is after the last date in the dataset 1990-12-31T00:00:00
└ @ ClimaOcean.DataWrangling /g/data/v46/txs156/ClimaOcean.jl/src/DataWrangling/metadata.jl:275
[ Info: Defining coupled model
[ Info: Defining messenger
[ Info: Defining slice outputs
[ Info: Saving restart
[ Info: Running simulation
[ Info: Initializing simulation...
[ Info: time: 0 seconds, iteration: 0, Δt: 20 minutes,max|u|: (0.00e+00, 0.00e+00, 0.00e+00) m s⁻¹, extrema(T): (31.19, -2.00) ᵒC, extrema(S): (39.54, 15.26) g/kg, extrema(η): (0.00, 0.00) m, wall time: 4.069 minutes 
[ Info: Saving checkpoint file
[ Info:     ... simulation initialization complete (3.114 minutes)
[ Info: Executing initial time step...
[ Info:     ... initial time step complete (3.382 minutes).
[ Info: time: 1 day, iteration: 72, Δt: 20 minutes,max|u|: (2.59e+00, 3.09e+00, 1.73e-02) m s⁻¹, extrema(T): (30.85, -1.88) ᵒC, extrema(S): (39.39, 15.30) g/kg, extrema(η): (2.29, -2.77) m, wall time: 4.935 minutes 
[ Info: time: 2 days, iteration: 144, Δt: 20 minutes,max|u|: (2.16e+00, 1.16e+00, 9.68e-03) m s⁻¹, extrema(T): (30.59, -1.88) ᵒC, extrema(S): (39.39, 15.39) g/kg, extrema(η): (1.91, -3.01) m, wall time: 12.186 seconds 
[ Info: time: 3 days, iteration: 216, Δt: 20 minutes,max|u|: (1.39e+00, 2.01e+00, 8.64e-03) m s⁻¹, extrema(T): (30.53, -1.88) ᵒC, extrema(S): (39.37, 15.48) g/kg, extrema(η): (3.63, -2.87) m, wall time: 12.098 seconds 
[ Info: time: 4 days, iteration: 288, Δt: 20 minutes,max|u|: (1.47e+00, 1.48e+00, 6.40e-03) m s⁻¹, extrema(T): (30.52, -1.88) ᵒC, extrema(S): (39.37, 15.59) g/kg, extrema(η): (2.03, -2.23) m, wall time: 11.931 seconds 
[ Info: time: 5 days, iteration: 360, Δt: 20 minutes,max|u|: (1.71e+00, 1.81e+00, 4.76e-03) m s⁻¹, extrema(T): (30.53, -1.88) ᵒC, extrema(S): (39.37, 15.69) g/kg, extrema(η): (1.58, -3.78) m, wall time: 11.859 seconds 
[ Info: time: 6 days, iteration: 432, Δt: 20 minutes,max|u|: (1.37e+00, 1.54e+00, 5.16e-03) m s⁻¹, extrema(T): (30.56, -1.88) ᵒC, extrema(S): (39.37, 15.80) g/kg, extrema(η): (1.26, -1.80) m, wall time: 11.926 seconds 
[ Info: time: 7 days, iteration: 504, Δt: 20 minutes,max|u|: (1.19e+00, 1.22e+00, 6.20e-03) m s⁻¹, extrema(T): (30.58, -1.88) ᵒC, extrema(S): (39.38, 15.94) g/kg, extrema(η): (3.41, -1.92) m, wall time: 11.829 seconds 
[ Info: time: 8 days, iteration: 576, Δt: 20 minutes,max|u|: (1.86e+00, 1.70e+00, 5.98e-03) m s⁻¹, extrema(T): (30.60, -1.88) ᵒC, extrema(S): (39.38, 16.03) g/kg, extrema(η): (3.43, -2.24) m, wall time: 11.813 seconds 
[ Info: time: 9 days, iteration: 648, Δt: 20 minutes,max|u|: (1.74e+00, 2.10e+00, 5.92e-03) m s⁻¹, extrema(T): (30.45, -1.88) ᵒC, extrema(S): (39.37, 16.11) g/kg, extrema(η): (1.32, -1.81) m, wall time: 11.795 seconds 
[ Info: time: 10 days, iteration: 720, Δt: 20 minutes,max|u|: (1.41e+00, 1.51e+00, 5.64e-03) m s⁻¹, extrema(T): (30.42, -1.88) ᵒC, extrema(S): (39.37, 16.18) g/kg, extrema(η): (1.41, -3.16) m, wall time: 11.784 seconds 
[ Info: time: 11 days, iteration: 792, Δt: 20 minutes,max|u|: (2.31e+00, 3.41e+00, 5.10e-03) m s⁻¹, extrema(T): (30.43, -1.87) ᵒC, extrema(S): (39.37, 16.26) g/kg, extrema(η): (1.32, -2.48) m, wall time: 11.755 seconds 
[ Info: time: 12 days, iteration: 864, Δt: 20 minutes,max|u|: (1.58e+00, 1.70e+00, 4.59e-03) m s⁻¹, extrema(T): (30.55, -1.88) ᵒC, extrema(S): (39.37, 16.35) g/kg, extrema(η): (2.25, -1.87) m, wall time: 11.914 seconds 
[ Info: time: 13 days, iteration: 936, Δt: 20 minutes,max|u|: (1.30e+00, 1.45e+00, 4.68e-03) m s⁻¹, extrema(T): (30.61, -1.88) ᵒC, extrema(S): (39.38, 16.43) g/kg, extrema(η): (4.49, -1.72) m, wall time: 17.190 seconds 
[ Info: time: 14 days, iteration: 1008, Δt: 20 minutes,max|u|: (1.64e+00, 1.67e+00, 4.82e-03) m s⁻¹, extrema(T): (30.47, -1.87) ᵒC, extrema(S): (39.38, 16.53) g/kg, extrema(η): (1.40, -1.71) m, wall time: 11.882 seconds 
[ Info: time: 15 days, iteration: 1080, Δt: 20 minutes,max|u|: (1.74e+00, 1.56e+00, 4.42e-03) m s⁻¹, extrema(T): (30.54, -1.86) ᵒC, extrema(S): (39.38, 16.63) g/kg, extrema(η): (1.79, -2.89) m, wall time: 11.754 seconds 
[ Info: time: 16 days, iteration: 1152, Δt: 20 minutes,max|u|: (1.70e+00, 1.67e+00, 4.10e-03) m s⁻¹, extrema(T): (30.54, -1.86) ᵒC, extrema(S): (39.38, 16.76) g/kg, extrema(η): (2.58, -2.05) m, wall time: 11.778 seconds 
[ Info: time: 17 days, iteration: 1224, Δt: 20 minutes,max|u|: (1.46e+00, 1.66e+00, 4.19e-03) m s⁻¹, extrema(T): (30.59, -1.85) ᵒC, extrema(S): (39.37, 16.87) g/kg, extrema(η): (2.96, -1.89) m, wall time: 11.722 seconds 
[ Info: time: 18 days, iteration: 1296, Δt: 20 minutes,max|u|: (2.10e+00, 1.58e+00, 4.28e-03) m s⁻¹, extrema(T): (30.61, -1.85) ᵒC, extrema(S): (39.36, 16.96) g/kg, extrema(η): (4.27, -1.77) m, wall time: 11.712 seconds 
[ Info: time: 19 days, iteration: 1368, Δt: 20 minutes,max|u|: (1.50e+00, 1.60e+00, 4.15e-03) m s⁻¹, extrema(T): (30.62, -1.89) ᵒC, extrema(S): (39.36, 17.05) g/kg, extrema(η): (3.40, -1.75) m, wall time: 11.764 seconds 
[ Info: time: 20 days, iteration: 1440, Δt: 20 minutes,max|u|: (1.46e+00, 1.52e+00, 3.84e-03) m s⁻¹, extrema(T): (30.71, -1.85) ᵒC, extrema(S): (39.36, 17.13) g/kg, extrema(η): (3.41, -1.86) m, wall time: 11.725 seconds 
[ Info: time: 21 days, iteration: 1512, Δt: 20 minutes,max|u|: (2.06e+00, 1.86e+00, 3.61e-03) m s⁻¹, extrema(T): (30.69, -1.90) ᵒC, extrema(S): (39.36, 17.21) g/kg, extrema(η): (3.19, -2.93) m, wall time: 11.704 seconds 
[ Info: time: 22 days, iteration: 1584, Δt: 20 minutes,max|u|: (1.45e+00, 1.60e+00, 3.58e-03) m s⁻¹, extrema(T): (30.71, -1.90) ᵒC, extrema(S): (39.35, 17.32) g/kg, extrema(η): (2.79, -1.93) m, wall time: 11.749 seconds 
[ Info: time: 23 days, iteration: 1656, Δt: 20 minutes,max|u|: (1.44e+00, 1.63e+00, 3.45e-03) m s⁻¹, extrema(T): (30.73, -1.91) ᵒC, extrema(S): (39.35, 17.40) g/kg, extrema(η): (3.51, -1.87) m, wall time: 11.867 seconds 
[ Info: time: 24 days, iteration: 1728, Δt: 20 minutes,max|u|: (1.40e+00, 2.25e+00, 3.53e-03) m s⁻¹, extrema(T): (30.80, -1.92) ᵒC, extrema(S): (39.35, 17.52) g/kg, extrema(η): (3.31, -1.78) m, wall time: 11.780 seconds 
[ Info: time: 25 days, iteration: 1800, Δt: 20 minutes,max|u|: (1.41e+00, 2.69e+00, 3.71e-03) m s⁻¹, extrema(T): (30.91, -1.92) ᵒC, extrema(S): (39.34, 17.61) g/kg, extrema(η): (2.63, -1.78) m, wall time: 16.974 seconds 
[ Info: time: 26 days, iteration: 1872, Δt: 20 minutes,max|u|: (1.57e+00, 1.46e+00, 3.93e-03) m s⁻¹, extrema(T): (30.97, -1.92) ᵒC, extrema(S): (39.35, 17.64) g/kg, extrema(η): (1.29, -3.62) m, wall time: 11.786 seconds 
[ Info: time: 27 days, iteration: 1944, Δt: 20 minutes,max|u|: (1.52e+00, 1.59e+00, 3.99e-03) m s⁻¹, extrema(T): (31.05, -1.93) ᵒC, extrema(S): (39.35, 17.67) g/kg, extrema(η): (1.23, -2.14) m, wall time: 11.794 seconds 
[ Info: time: 28 days, iteration: 2016, Δt: 20 minutes,max|u|: (1.77e+00, 1.51e+00, 4.12e-03) m s⁻¹, extrema(T): (31.13, -1.93) ᵒC, extrema(S): (39.32, 17.70) g/kg, extrema(η): (3.39, -1.87) m, wall time: 11.792 seconds 
[ Info: time: 29 days, iteration: 2088, Δt: 20 minutes,max|u|: (1.63e+00, 1.82e+00, 4.32e-03) m s⁻¹, extrema(T): (31.19, -1.89) ᵒC, extrema(S): (39.32, 17.72) g/kg, extrema(η): (3.89, -2.03) m, wall time: 11.847 seconds 
[ Info: time: 30 days, iteration: 2160, Δt: 20 minutes,max|u|: (1.67e+00, 1.77e+00, 4.38e-03) m s⁻¹, extrema(T): (31.25, -1.92) ᵒC, extrema(S): (39.32, 17.75) g/kg, extrema(η): (1.30, -1.91) m, wall time: 11.792 seconds 
[ Info: time: 31 days, iteration: 2232, Δt: 20 minutes,max|u|: (1.81e+00, 1.92e+00, 4.26e-03) m s⁻¹, extrema(T): (31.23, -1.92) ᵒC, extrema(S): (39.32, 17.80) g/kg, extrema(η): (1.23, -3.09) m, wall time: 11.813 seconds 
[ Info: time: 32 days, iteration: 2304, Δt: 20 minutes,max|u|: (2.06e+00, 2.64e+00, 4.34e-03) m s⁻¹, extrema(T): (31.23, -1.92) ᵒC, extrema(S): (39.33, 17.82) g/kg, extrema(η): (1.21, -2.45) m, wall time: 12.885 seconds 
[ Info: time: 33 days, iteration: 2376, Δt: 20 minutes,max|u|: (2.00e+00, 2.84e+00, 4.41e-03) m s⁻¹, extrema(T): (31.25, -1.93) ᵒC, extrema(S): (39.32, 17.84) g/kg, extrema(η): (3.47, -3.19) m, wall time: 11.984 seconds 
[ Info: time: 34 days, iteration: 2448, Δt: 20 minutes,max|u|: (1.73e+00, 2.10e+00, 4.36e-03) m s⁻¹, extrema(T): (31.21, -1.93) ᵒC, extrema(S): (39.31, 17.86) g/kg, extrema(η): (3.75, -2.01) m, wall time: 11.892 seconds 
[ Info: time: 35 days, iteration: 2520, Δt: 20 minutes,max|u|: (1.71e+00, 1.92e+00, 4.43e-03) m s⁻¹, extrema(T): (31.24, -1.91) ᵒC, extrema(S): (39.31, 17.89) g/kg, extrema(η): (1.37, -2.07) m, wall time: 11.810 seconds 
[ Info: time: 36 days, iteration: 2592, Δt: 20 minutes,max|u|: (1.77e+00, 1.95e+00, 4.54e-03) m s⁻¹, extrema(T): (31.29, -1.86) ᵒC, extrema(S): (39.31, 17.92) g/kg, extrema(η): (1.21, -3.10) m, wall time: 11.741 seconds 
[ Info: time: 37 days, iteration: 2664, Δt: 20 minutes,max|u|: (1.73e+00, 1.84e+00, 4.54e-03) m s⁻¹, extrema(T): (31.34, -1.84) ᵒC, extrema(S): (39.31, 18.08) g/kg, extrema(η): (1.42, -2.11) m, wall time: 11.700 seconds 
[ Info: time: 38 days, iteration: 2736, Δt: 20 minutes,max|u|: (1.71e+00, 1.77e+00, 4.60e-03) m s⁻¹, extrema(T): (31.43, -1.84) ᵒC, extrema(S): (39.31, 18.51) g/kg, extrema(η): (2.98, -2.14) m, wall time: 16.915 seconds 
[ Info: time: 39 days, iteration: 2808, Δt: 20 minutes,max|u|: (1.61e+00, 2.91e+00, 4.57e-03) m s⁻¹, extrema(T): (31.37, -1.84) ᵒC, extrema(S): (39.31, 18.66) g/kg, extrema(η): (3.47, -2.09) m, wall time: 11.706 seconds 
[ Info: time: 40 days, iteration: 2880, Δt: 20 minutes,max|u|: (1.45e+00, 3.25e+00, 4.47e-03) m s⁻¹, extrema(T): (31.38, -1.84) ᵒC, extrema(S): (39.31, 18.74) g/kg, extrema(η): (2.94, -2.25) m, wall time: 11.721 seconds 
[ Info: time: 41 days, iteration: 2952, Δt: 20 minutes,max|u|: (1.53e+00, 1.69e+00, 4.45e-03) m s⁻¹, extrema(T): (31.43, -1.84) ᵒC, extrema(S): (39.31, 18.84) g/kg, extrema(η): (3.21, -2.67) m, wall time: 11.835 seconds 
[ Info: time: 42 days, iteration: 3024, Δt: 20 minutes,max|u|: (1.38e+00, 1.60e+00, 4.43e-03) m s⁻¹, extrema(T): (31.43, -1.84) ᵒC, extrema(S): (39.31, 18.91) g/kg, extrema(η): (3.40, -2.25) m, wall time: 11.723 seconds 
[ Info: time: 43 days, iteration: 3096, Δt: 20 minutes,max|u|: (1.40e+00, 1.63e+00, 4.30e-03) m s⁻¹, extrema(T): (31.45, -1.85) ᵒC, extrema(S): (39.31, 18.94) g/kg, extrema(η): (3.26, -2.10) m, wall time: 11.808 seconds 
[ Info: time: 44 days, iteration: 3168, Δt: 20 minutes,max|u|: (1.44e+00, 2.41e+00, 4.18e-03) m s⁻¹, extrema(T): (31.48, -1.89) ᵒC, extrema(S): (39.31, 18.94) g/kg, extrema(η): (4.63, -2.20) m, wall time: 12.037 seconds 
[ Info: time: 45 days, iteration: 3240, Δt: 20 minutes,max|u|: (1.45e+00, 1.64e+00, 3.97e-03) m s⁻¹, extrema(T): (31.51, -1.91) ᵒC, extrema(S): (39.31, 18.95) g/kg, extrema(η): (2.64, -2.24) m, wall time: 12.005 seconds 
[ Info: time: 46 days, iteration: 3312, Δt: 20 minutes,max|u|: (1.49e+00, 1.81e+00, 3.81e-03) m s⁻¹, extrema(T): (31.40, -1.92) ᵒC, extrema(S): (39.32, 18.98) g/kg, extrema(η): (2.17, -2.25) m, wall time: 11.941 seconds 
[ Info: time: 47 days, iteration: 3384, Δt: 20 minutes,max|u|: (1.72e+00, 1.57e+00, 3.69e-03) m s⁻¹, extrema(T): (31.21, -1.92) ᵒC, extrema(S): (39.31, 18.98) g/kg, extrema(η): (1.73, -2.97) m, wall time: 11.810 seconds 
[ Info: time: 48 days, iteration: 3456, Δt: 20 minutes,max|u|: (2.08e+00, 1.68e+00, 3.56e-03) m s⁻¹, extrema(T): (31.09, -1.93) ᵒC, extrema(S): (39.31, 18.98) g/kg, extrema(η): (1.26, -2.14) m, wall time: 12.164 seconds 
[ Info: time: 49 days, iteration: 3528, Δt: 20 minutes,max|u|: (2.11e+00, 1.81e+00, 3.47e-03) m s⁻¹, extrema(T): (31.02, -1.89) ᵒC, extrema(S): (39.31, 18.98) g/kg, extrema(η): (4.33, -2.17) m, wall time: 14.058 seconds 
[ Info: time: 50 days, iteration: 3600, Δt: 20 minutes,max|u|: (2.00e+00, 1.90e+00, 3.43e-03) m s⁻¹, extrema(T): (30.96, -1.93) ᵒC, extrema(S): (39.32, 19.02) g/kg, extrema(η): (3.09, -2.17) m, wall time: 21.460 seconds 
[ Info: time: 51 days, iteration: 3672, Δt: 20 minutes,max|u|: (1.80e+00, 1.94e+00, 3.44e-03) m s⁻¹, extrema(T): (30.88, -1.94) ᵒC, extrema(S): (39.32, 19.04) g/kg, extrema(η): (1.28, -2.20) m, wall time: 28.401 seconds 
[ Info: time: 52 days, iteration: 3744, Δt: 20 minutes,max|u|: (1.76e+00, 2.14e+00, 3.41e-03) m s⁻¹, extrema(T): (30.76, -1.95) ᵒC, extrema(S): (39.32, 19.01) g/kg, extrema(η): (1.27, -3.15) m, wall time: 19.819 seconds 
[ Info: time: 53 days, iteration: 3816, Δt: 20 minutes,max|u|: (1.95e+00, 2.41e+00, 3.46e-03) m s⁻¹, extrema(T): (30.67, -1.92) ᵒC, extrema(S): (39.32, 19.07) g/kg, extrema(η): (1.25, -2.22) m, wall time: 39.793 seconds 
[ Info: time: 54 days, iteration: 3888, Δt: 20 minutes,max|u|: (2.70e+00, 2.68e+00, 3.47e-03) m s⁻¹, extrema(T): (30.61, -1.94) ᵒC, extrema(S): (39.32, 19.12) g/kg, extrema(η): (3.65, -2.17) m, wall time: 16.061 seconds 
[ Info: time: 55 days, iteration: 3960, Δt: 20 minutes,max|u|: (3.05e+00, 2.73e+00, 3.45e-03) m s⁻¹, extrema(T): (30.57, -1.94) ᵒC, extrema(S): (39.32, 19.17) g/kg, extrema(η): (3.34, -2.09) m, wall time: 11.998 seconds 
[ Info: time: 56 days, iteration: 4032, Δt: 20 minutes,max|u|: (1.74e+00, 2.38e+00, 3.47e-03) m s⁻¹, extrema(T): (30.67, -1.90) ᵒC, extrema(S): (39.32, 19.22) g/kg, extrema(η): (1.26, -2.10) m, wall time: 11.779 seconds 
[ Info: time: 57 days, iteration: 4104, Δt: 20 minutes,max|u|: (2.25e+00, 2.01e+00, 3.48e-03) m s⁻¹, extrema(T): (30.71, -1.89) ᵒC, extrema(S): (39.32, 19.37) g/kg, extrema(η): (1.28, -3.87) m, wall time: 11.834 seconds 
[ Info: time: 58 days, iteration: 4176, Δt: 20 minutes,max|u|: (2.15e+00, 1.67e+00, 3.46e-03) m s⁻¹, extrema(T): (30.74, -1.87) ᵒC, extrema(S): (39.31, 19.50) g/kg, extrema(η): (2.07, -2.31) m, wall time: 11.938 seconds 
[ Info: time: 59 days, iteration: 4248, Δt: 20 minutes,max|u|: (1.24e+00, 1.48e+00, 3.52e-03) m s⁻¹, extrema(T): (30.79, -1.87) ᵒC, extrema(S): (39.31, 19.51) g/kg, extrema(η): (3.19, -2.17) m, wall time: 11.790 seconds 
[ Info: Simulation is stopping after running for 20.059 minutes.
[ Info: Simulation time 60 days equals or exceeds stop time 60 days.
[ Info: time: 60 days, iteration: 4320, Δt: 20 minutes,max|u|: (1.49e+00, 1.38e+00, 3.56e-03) m s⁻¹, extrema(T): (30.86, -1.88) ᵒC, extrema(S): (39.31, 19.53) g/kg, extrema(η): (4.14, -2.02) m, wall time: 11.809 seconds 
[ Info: Initializing simulation...
[ Info:     ... simulation initialization complete (13.550 ms)
[ Info: Executing initial time step...
[ Info:     ... initial time step complete (164.016 ms).
[ Info: time: 61 days, iteration: 4392, Δt: 20 minutes,max|u|: (1.67e+00, 1.67e+00, 3.57e-03) m s⁻¹, extrema(T): (30.92, -1.88) ᵒC, extrema(S): (39.31, 19.48) g/kg, extrema(η): (1.55, -1.99) m, wall time: 12.083 seconds 
[ Info: time: 62 days, iteration: 4464, Δt: 20 minutes,max|u|: (1.37e+00, 1.26e+00, 3.62e-03) m s⁻¹, extrema(T): (30.95, -1.88) ᵒC, extrema(S): (39.32, 19.36) g/kg, extrema(η): (2.24, -3.51) m, wall time: 18.097 seconds 
[ Info: time: 63 days, iteration: 4536, Δt: 20 minutes,max|u|: (1.35e+00, 1.42e+00, 3.61e-03) m s⁻¹, extrema(T): (30.98, -1.92) ᵒC, extrema(S): (39.32, 19.24) g/kg, extrema(η): (2.88, -2.07) m, wall time: 11.851 seconds 
[ Info: time: 64 days, iteration: 4608, Δt: 20 minutes,max|u|: (1.53e+00, 1.67e+00, 3.56e-03) m s⁻¹, extrema(T): (30.97, -1.92) ᵒC, extrema(S): (39.31, 19.16) g/kg, extrema(η): (3.22, -2.15) m, wall time: 11.786 seconds 
[ Info: time: 65 days, iteration: 4680, Δt: 20 minutes,max|u|: (1.25e+00, 1.30e+00, 3.59e-03) m s⁻¹, extrema(T): (31.02, -1.93) ᵒC, extrema(S): (39.31, 19.08) g/kg, extrema(η): (4.52, -1.93) m, wall time: 11.827 seconds 
[ Info: time: 66 days, iteration: 4752, Δt: 20 minutes,max|u|: (1.42e+00, 1.62e+00, 3.62e-03) m s⁻¹, extrema(T): (31.09, -1.93) ᵒC, extrema(S): (39.31, 18.99) g/kg, extrema(η): (3.40, -1.98) m, wall time: 11.784 seconds 
[ Info: time: 67 days, iteration: 4824, Δt: 20 minutes,max|u|: (1.15e+00, 1.29e+00, 3.60e-03) m s⁻¹, extrema(T): (31.12, -1.93) ᵒC, extrema(S): (39.31, 18.93) g/kg, extrema(η): (3.29, -2.82) m, wall time: 11.818 seconds 
[ Info: time: 68 days, iteration: 4896, Δt: 20 minutes,max|u|: (1.29e+00, 1.36e+00, 3.65e-03) m s⁻¹, extrema(T): (31.13, -1.93) ᵒC, extrema(S): (39.31, 18.87) g/kg, extrema(η): (2.96, -2.80) m, wall time: 11.886 seconds 
[ Info: time: 69 days, iteration: 4968, Δt: 20 minutes,max|u|: (1.22e+00, 1.71e+00, 3.63e-03) m s⁻¹, extrema(T): (31.13, -1.92) ᵒC, extrema(S): (39.31, 18.81) g/kg, extrema(η): (2.50, -1.90) m, wall time: 11.854 seconds 
[ Info: time: 70 days, iteration: 5040, Δt: 20 minutes,max|u|: (1.31e+00, 1.77e+00, 3.61e-03) m s⁻¹, extrema(T): (31.15, -1.92) ᵒC, extrema(S): (39.31, 18.77) g/kg, extrema(η): (4.52, -1.83) m, wall time: 11.905 seconds 
[ Info: time: 71 days, iteration: 5112, Δt: 20 minutes,max|u|: (1.20e+00, 1.52e+00, 3.57e-03) m s⁻¹, extrema(T): (31.15, -1.92) ᵒC, extrema(S): (39.31, 18.74) g/kg, extrema(η): (1.97, -1.92) m, wall time: 11.790 seconds 
[ Info: time: 72 days, iteration: 5184, Δt: 20 minutes,max|u|: (1.26e+00, 1.29e+00, 3.62e-03) m s⁻¹, extrema(T): (31.13, -1.93) ᵒC, extrema(S): (39.31, 18.70) g/kg, extrema(η): (1.14, -2.55) m, wall time: 11.830 seconds 
[ Info: time: 73 days, iteration: 5256, Δt: 20 minutes,max|u|: (1.62e+00, 1.62e+00, 3.64e-03) m s⁻¹, extrema(T): (31.15, -1.93) ᵒC, extrema(S): (39.31, 18.67) g/kg, extrema(η): (1.77, -2.93) m, wall time: 11.826 seconds 
[ Info: time: 74 days, iteration: 5328, Δt: 20 minutes,max|u|: (1.61e+00, 1.68e+00, 3.68e-03) m s⁻¹, extrema(T): (31.20, -1.94) ᵒC, extrema(S): (39.31, 18.64) g/kg, extrema(η): (1.16, -1.81) m, wall time: 11.883 seconds 
[ Info: time: 75 days, iteration: 5400, Δt: 20 minutes,max|u|: (1.85e+00, 1.85e+00, 3.61e-03) m s⁻¹, extrema(T): (31.24, -1.94) ᵒC, extrema(S): (39.31, 18.63) g/kg, extrema(η): (4.31, -2.02) m, wall time: 17.899 seconds 
[ Info: time: 76 days, iteration: 5472, Δt: 20 minutes,max|u|: (1.53e+00, 1.42e+00, 3.59e-03) m s⁻¹, extrema(T): (31.26, -1.94) ᵒC, extrema(S): (39.31, 18.62) g/kg, extrema(η): (2.56, -1.96) m, wall time: 11.792 seconds 
[ Info: time: 77 days, iteration: 5544, Δt: 20 minutes,max|u|: (1.52e+00, 1.42e+00, 3.68e-03) m s⁻¹, extrema(T): (31.28, -1.94) ᵒC, extrema(S): (39.31, 18.61) g/kg, extrema(η): (1.13, -1.98) m, wall time: 11.775 seconds 
[ Info: time: 78 days, iteration: 5616, Δt: 20 minutes,max|u|: (1.41e+00, 1.23e+00, 3.62e-03) m s⁻¹, extrema(T): (31.31, -1.94) ᵒC, extrema(S): (39.31, 18.58) g/kg, extrema(η): (1.16, -3.73) m, wall time: 11.830 seconds 
[ Info: time: 79 days, iteration: 5688, Δt: 20 minutes,max|u|: (1.30e+00, 1.72e+00, 3.60e-03) m s⁻¹, extrema(T): (31.34, -1.95) ᵒC, extrema(S): (39.31, 18.56) g/kg, extrema(η): (1.15, -2.15) m, wall time: 11.745 seconds 
[ Info: time: 80 days, iteration: 5760, Δt: 20 minutes,max|u|: (1.34e+00, 1.31e+00, 3.61e-03) m s⁻¹, extrema(T): (31.34, -1.95) ᵒC, extrema(S): (39.31, 18.54) g/kg, extrema(η): (3.99, -2.15) m, wall time: 11.774 seconds 
[ Info: time: 81 days, iteration: 5832, Δt: 20 minutes,max|u|: (1.35e+00, 1.33e+00, 3.53e-03) m s⁻¹, extrema(T): (31.36, -1.94) ᵒC, extrema(S): (39.31, 18.53) g/kg, extrema(η): (3.10, -2.00) m, wall time: 11.962 seconds 
[ Info: time: 82 days, iteration: 5904, Δt: 20 minutes,max|u|: (1.40e+00, 1.51e+00, 3.48e-03) m s⁻¹, extrema(T): (31.37, -1.93) ᵒC, extrema(S): (39.31, 18.52) g/kg, extrema(η): (1.19, -1.97) m, wall time: 11.776 seconds 
[ Info: time: 83 days, iteration: 5976, Δt: 20 minutes,max|u|: (1.46e+00, 1.27e+00, 3.50e-03) m s⁻¹, extrema(T): (31.39, -1.91) ᵒC, extrema(S): (39.30, 18.50) g/kg, extrema(η): (1.16, -4.04) m, wall time: 11.882 seconds 
[ Info: time: 84 days, iteration: 6048, Δt: 20 minutes,max|u|: (2.75e+00, 1.72e+00, 3.67e-03) m s⁻¹, extrema(T): (31.38, -1.91) ᵒC, extrema(S): (39.30, 18.51) g/kg, extrema(η): (1.46, -2.24) m, wall time: 11.847 seconds 
[ Info: time: 85 days, iteration: 6120, Δt: 20 minutes,max|u|: (1.68e+00, 1.56e+00, 3.76e-03) m s⁻¹, extrema(T): (31.26, -1.91) ᵒC, extrema(S): (39.30, 18.63) g/kg, extrema(η): (3.83, -2.23) m, wall time: 11.758 seconds 
[ Info: time: 86 days, iteration: 6192, Δt: 20 minutes,max|u|: (1.85e+00, 1.62e+00, 3.82e-03) m s⁻¹, extrema(T): (31.11, -1.90) ᵒC, extrema(S): (39.30, 18.90) g/kg, extrema(η): (3.61, -1.91) m, wall time: 11.832 seconds 
[ Info: time: 87 days, iteration: 6264, Δt: 20 minutes,max|u|: (1.67e+00, 1.81e+00, 3.80e-03) m s⁻¹, extrema(T): (31.04, -1.90) ᵒC, extrema(S): (39.30, 19.51) g/kg, extrema(η): (2.90, -2.04) m, wall time: 20.164 seconds 
[ Info: time: 88 days, iteration: 6336, Δt: 20 minutes,max|u|: (1.49e+00, 1.39e+00, 3.89e-03) m s⁻¹, extrema(T): (31.01, -1.91) ᵒC, extrema(S): (39.30, 19.75) g/kg, extrema(η): (3.14, -3.27) m, wall time: 12.117 seconds 
[ Info: time: 89 days, iteration: 6408, Δt: 20 minutes,max|u|: (1.61e+00, 1.55e+00, 3.92e-03) m s⁻¹, extrema(T): (31.05, -1.91) ᵒC, extrema(S): (39.30, 19.61) g/kg, extrema(η): (3.23, -2.05) m, wall time: 11.819 seconds 
[ Info: time: 90 days, iteration: 6480, Δt: 20 minutes,max|u|: (2.05e+00, 1.56e+00, 3.99e-03) m s⁻¹, extrema(T): (31.04, -1.88) ᵒC, extrema(S): (39.30, 19.45) g/kg, extrema(η): (3.12, -2.05) m, wall time: 11.916 seconds 
[ Info: time: 91 days, iteration: 6552, Δt: 20 minutes,max|u|: (1.87e+00, 1.44e+00, 4.07e-03) m s⁻¹, extrema(T): (30.96, -1.87) ᵒC, extrema(S): (39.30, 19.34) g/kg, extrema(η): (4.51, -2.00) m, wall time: 11.863 seconds 
[ Info: time: 92 days, iteration: 6624, Δt: 20 minutes,max|u|: (1.52e+00, 1.67e+00, 4.01e-03) m s⁻¹, extrema(T): (31.12, -1.89) ᵒC, extrema(S): (39.30, 19.28) g/kg, extrema(η): (2.29, -2.15) m, wall time: 13.497 seconds 
[ Info: time: 93 days, iteration: 6696, Δt: 20 minutes,max|u|: (1.60e+00, 1.46e+00, 4.11e-03) m s⁻¹, extrema(T): (31.16, -1.90) ᵒC, extrema(S): (39.30, 19.25) g/kg, extrema(η): (1.87, -2.33) m, wall time: 11.771 seconds 
[ Info: time: 94 days, iteration: 6768, Δt: 20 minutes,max|u|: (1.52e+00, 1.33e+00, 4.13e-03) m s⁻¹, extrema(T): (31.08, -1.90) ᵒC, extrema(S): (39.30, 19.16) g/kg, extrema(η): (1.40, -2.20) m, wall time: 11.805 seconds 
[ Info: time: 95 days, iteration: 6840, Δt: 20 minutes,max|u|: (1.57e+00, 1.67e+00, 4.24e-03) m s⁻¹, extrema(T): (31.15, -1.90) ᵒC, extrema(S): (39.30, 19.06) g/kg, extrema(η): (1.69, -1.90) m, wall time: 11.827 seconds 
[ Info: time: 96 days, iteration: 6912, Δt: 20 minutes,max|u|: (1.56e+00, 1.32e+00, 4.24e-03) m s⁻¹, extrema(T): (31.02, -1.90) ᵒC, extrema(S): (39.31, 19.00) g/kg, extrema(η): (4.55, -2.24) m, wall time: 11.769 seconds 
[ Info: time: 97 days, iteration: 6984, Δt: 20 minutes,max|u|: (1.50e+00, 1.52e+00, 4.23e-03) m s⁻¹, extrema(T): (31.08, -1.90) ᵒC, extrema(S): (39.31, 18.93) g/kg, extrema(η): (2.64, -2.11) m, wall time: 11.795 seconds 
[ Info: time: 98 days, iteration: 7056, Δt: 20 minutes,max|u|: (1.54e+00, 1.46e+00, 4.21e-03) m s⁻¹, extrema(T): (31.11, -1.89) ᵒC, extrema(S): (39.31, 19.11) g/kg, extrema(η): (1.20, -2.01) m, wall time: 11.899 seconds 
[ Info: time: 99 days, iteration: 7128, Δt: 20 minutes,max|u|: (1.61e+00, 1.26e+00, 4.19e-03) m s⁻¹, extrema(T): (31.04, -1.91) ᵒC, extrema(S): (39.31, 19.65) g/kg, extrema(η): (1.19, -3.45) m, wall time: 11.905 seconds 
[ Info: time: 100 days, iteration: 7200, Δt: 20 minutes,max|u|: (1.62e+00, 1.68e+00, 4.26e-03) m s⁻¹, extrema(T): (31.02, -1.91) ᵒC, extrema(S): (39.31, 19.64) g/kg, extrema(η): (1.24, -2.07) m, wall time: 35.441 seconds 
[ Info: time: 101 days, iteration: 7272, Δt: 20 minutes,max|u|: (1.60e+00, 1.23e+00, 4.26e-03) m s⁻¹, extrema(T): (31.07, -1.91) ᵒC, extrema(S): (39.31, 19.57) g/kg, extrema(η): (4.16, -2.10) m, wall time: 11.784 seconds 
[ Info: time: 102 days, iteration: 7344, Δt: 20 minutes,max|u|: (1.62e+00, 1.25e+00, 4.20e-03) m s⁻¹, extrema(T): (30.99, -1.91) ᵒC, extrema(S): (39.31, 19.48) g/kg, extrema(η): (3.51, -2.20) m, wall time: 11.768 seconds 
[ Info: time: 103 days, iteration: 7416, Δt: 20 minutes,max|u|: (1.78e+00, 1.57e+00, 4.20e-03) m s⁻¹, extrema(T): (31.03, -1.92) ᵒC, extrema(S): (39.32, 19.56) g/kg, extrema(η): (1.36, -2.25) m, wall time: 11.757 seconds 
[ Info: time: 104 days, iteration: 7488, Δt: 20 minutes,max|u|: (1.79e+00, 2.13e+00, 4.24e-03) m s⁻¹, extrema(T): (31.09, -1.92) ᵒC, extrema(S): (39.32, 19.58) g/kg, extrema(η): (1.16, -3.70) m, wall time: 11.863 seconds 
[ Info: time: 105 days, iteration: 7560, Δt: 20 minutes,max|u|: (1.58e+00, 2.13e+00, 4.28e-03) m s⁻¹, extrema(T): (30.99, -1.92) ᵒC, extrema(S): (39.32, 19.52) g/kg, extrema(η): (1.24, -2.32) m, wall time: 11.713 seconds 
[ Info: time: 106 days, iteration: 7632, Δt: 20 minutes,max|u|: (1.82e+00, 1.42e+00, 4.23e-03) m s⁻¹, extrema(T): (31.06, -1.92) ᵒC, extrema(S): (39.32, 19.56) g/kg, extrema(η): (3.13, -2.32) m, wall time: 11.730 seconds 
[ Info: time: 107 days, iteration: 7704, Δt: 20 minutes,max|u|: (1.99e+00, 1.29e+00, 4.28e-03) m s⁻¹, extrema(T): (31.13, -1.92) ᵒC, extrema(S): (39.33, 19.45) g/kg, extrema(η): (4.03, -2.28) m, wall time: 11.782 seconds 
[ Info: time: 108 days, iteration: 7776, Δt: 20 minutes,max|u|: (1.86e+00, 1.65e+00, 4.24e-03) m s⁻¹, extrema(T): (31.13, -1.91) ᵒC, extrema(S): (39.33, 19.52) g/kg, extrema(η): (2.16, -2.20) m, wall time: 11.818 seconds 
[ Info: time: 109 days, iteration: 7848, Δt: 20 minutes,max|u|: (1.92e+00, 1.26e+00, 4.30e-03) m s⁻¹, extrema(T): (31.12, -1.92) ᵒC, extrema(S): (39.33, 19.59) g/kg, extrema(η): (2.70, -3.73) m, wall time: 12.004 seconds 
[ Info: time: 110 days, iteration: 7920, Δt: 20 minutes,max|u|: (1.76e+00, 1.37e+00, 4.24e-03) m s⁻¹, extrema(T): (31.14, -1.91) ᵒC, extrema(S): (39.33, 19.59) g/kg, extrema(η): (3.09, -2.33) m, wall time: 11.818 seconds 
[ Info: time: 111 days, iteration: 7992, Δt: 20 minutes,max|u|: (1.71e+00, 1.66e+00, 4.32e-03) m s⁻¹, extrema(T): (31.12, -1.92) ᵒC, extrema(S): (39.34, 19.61) g/kg, extrema(η): (3.33, -2.14) m, wall time: 11.892 seconds 
[ Info: time: 112 days, iteration: 8064, Δt: 20 minutes,max|u|: (1.69e+00, 1.35e+00, 4.30e-03) m s⁻¹, extrema(T): (31.02, -1.92) ᵒC, extrema(S): (39.34, 19.51) g/kg, extrema(η): (4.51, -2.21) m, wall time: 17.788 seconds 
[ Info: time: 113 days, iteration: 8136, Δt: 20 minutes,max|u|: (1.68e+00, 1.62e+00, 4.31e-03) m s⁻¹, extrema(T): (31.03, -1.92) ᵒC, extrema(S): (39.34, 19.51) g/kg, extrema(η): (3.18, -2.22) m, wall time: 11.703 seconds 
[ Info: time: 114 days, iteration: 8208, Δt: 20 minutes,max|u|: (1.71e+00, 1.29e+00, 4.33e-03) m s⁻¹, extrema(T): (31.05, -1.92) ᵒC, extrema(S): (39.35, 19.54) g/kg, extrema(η): (2.87, -2.56) m, wall time: 11.796 seconds 
[ Info: time: 115 days, iteration: 8280, Δt: 20 minutes,max|u|: (1.71e+00, 1.28e+00, 4.36e-03) m s⁻¹, extrema(T): (31.02, -1.92) ᵒC, extrema(S): (39.35, 19.43) g/kg, extrema(η): (2.54, -2.98) m, wall time: 11.671 seconds 
[ Info: time: 116 days, iteration: 8352, Δt: 20 minutes,max|u|: (1.71e+00, 1.69e+00, 4.36e-03) m s⁻¹, extrema(T): (31.08, -1.93) ᵒC, extrema(S): (39.35, 19.42) g/kg, extrema(η): (2.06, -2.32) m, wall time: 11.693 seconds 
[ Info: time: 117 days, iteration: 8424, Δt: 20 minutes,max|u|: (1.71e+00, 1.42e+00, 4.38e-03) m s⁻¹, extrema(T): (31.07, -1.93) ᵒC, extrema(S): (39.36, 19.64) g/kg, extrema(η): (4.25, -2.18) m, wall time: 11.719 seconds 
[ Info: time: 118 days, iteration: 8496, Δt: 20 minutes,max|u|: (1.75e+00, 1.42e+00, 4.33e-03) m s⁻¹, extrema(T): (31.10, -1.93) ᵒC, extrema(S): (39.36, 19.57) g/kg, extrema(η): (3.14, -2.23) m, wall time: 11.757 seconds 
[ Info: time: 119 days, iteration: 8568, Δt: 20 minutes,max|u|: (1.79e+00, 1.75e+00, 4.35e-03) m s⁻¹, extrema(T): (31.17, -1.93) ᵒC, extrema(S): (39.36, 19.75) g/kg, extrema(η): (1.24, -2.24) m, wall time: 11.716 seconds 
[ Info: time: 120 days, iteration: 8640, Δt: 20 minutes,max|u|: (1.84e+00, 1.31e+00, 4.38e-03) m s⁻¹, extrema(T): (31.15, -1.93) ᵒC, extrema(S): (39.35, 19.68) g/kg, extrema(η): (1.21, -3.29) m, wall time: 11.804 seconds 
[ Info: time: 121 days, iteration: 8712, Δt: 20 minutes,max|u|: (1.77e+00, 1.66e+00, 4.38e-03) m s⁻¹, extrema(T): (31.15, -1.93) ᵒC, extrema(S): (39.35, 19.75) g/kg, extrema(η): (1.33, -2.52) m, wall time: 11.740 seconds 
[ Info: time: 122 days, iteration: 8784, Δt: 20 minutes,max|u|: (1.75e+00, 1.41e+00, 4.37e-03) m s⁻¹, extrema(T): (31.19, -1.93) ᵒC, extrema(S): (39.36, 19.70) g/kg, extrema(η): (3.56, -2.36) m, wall time: 11.735 seconds 
[ Info: time: 123 days, iteration: 8856, Δt: 20 minutes,max|u|: (1.64e+00, 1.22e+00, 4.27e-03) m s⁻¹, extrema(T): (31.25, -1.93) ᵒC, extrema(S): (39.36, 19.66) g/kg, extrema(η): (4.31, -2.33) m, wall time: 12.809 seconds 
[ Info: time: 124 days, iteration: 8928, Δt: 20 minutes,max|u|: (1.62e+00, 1.75e+00, 4.33e-03) m s⁻¹, extrema(T): (31.33, -1.93) ᵒC, extrema(S): (39.36, 19.66) g/kg, extrema(η): (1.22, -2.49) m, wall time: 17.660 seconds 
[ Info: time: 125 days, iteration: 9000, Δt: 20 minutes,max|u|: (1.61e+00, 1.21e+00, 4.36e-03) m s⁻¹, extrema(T): (31.32, -1.93) ᵒC, extrema(S): (39.37, 19.54) g/kg, extrema(η): (1.17, -4.01) m, wall time: 11.670 seconds 
[ Info: time: 126 days, iteration: 9072, Δt: 20 minutes,max|u|: (1.61e+00, 1.65e+00, 4.27e-03) m s⁻¹, extrema(T): (31.35, -1.93) ᵒC, extrema(S): (39.37, 19.65) g/kg, extrema(η): (1.16, -2.62) m, wall time: 11.694 seconds 
[ Info: time: 127 days, iteration: 9144, Δt: 20 minutes,max|u|: (1.61e+00, 1.44e+00, 4.36e-03) m s⁻¹, extrema(T): (31.35, -1.93) ᵒC, extrema(S): (39.38, 19.67) g/kg, extrema(η): (2.93, -2.30) m, wall time: 11.781 seconds 
[ Info: time: 128 days, iteration: 9216, Δt: 20 minutes,max|u|: (1.71e+00, 1.24e+00, 4.40e-03) m s⁻¹, extrema(T): (31.33, -1.93) ᵒC, extrema(S): (39.38, 19.72) g/kg, extrema(η): (3.82, -2.19) m, wall time: 11.684 seconds 
[ Info: time: 129 days, iteration: 9288, Δt: 20 minutes,max|u|: (1.76e+00, 1.63e+00, 4.38e-03) m s⁻¹, extrema(T): (31.29, -1.93) ᵒC, extrema(S): (39.37, 18.79) g/kg, extrema(η): (1.18, -2.12) m, wall time: 11.745 seconds 
[ Info: time: 130 days, iteration: 9360, Δt: 20 minutes,max|u|: (2.01e+00, 1.37e+00, 4.45e-03) m s⁻¹, extrema(T): (31.24, -1.93) ᵒC, extrema(S): (39.36, 17.81) g/kg, extrema(η): (1.25, -3.83) m, wall time: 11.764 seconds 
[ Info: time: 131 days, iteration: 9432, Δt: 20 minutes,max|u|: (2.00e+00, 2.06e+00, 4.47e-03) m s⁻¹, extrema(T): (31.26, -1.93) ᵒC, extrema(S): (39.36, 17.21) g/kg, extrema(η): (1.90, -2.66) m, wall time: 11.731 seconds 
[ Info: time: 132 days, iteration: 9504, Δt: 20 minutes,max|u|: (2.23e+00, 1.74e+00, 4.51e-03) m s⁻¹, extrema(T): (31.32, -1.93) ᵒC, extrema(S): (39.36, 17.04) g/kg, extrema(η): (2.49, -2.27) m, wall time: 11.746 seconds 
[ Info: time: 133 days, iteration: 9576, Δt: 20 minutes,max|u|: (2.42e+00, 1.39e+00, 4.60e-03) m s⁻¹, extrema(T): (31.36, -1.93) ᵒC, extrema(S): (39.37, 16.65) g/kg, extrema(η): (4.34, -2.17) m, wall time: 11.712 seconds 
[ Info: time: 134 days, iteration: 9648, Δt: 20 minutes,max|u|: (2.13e+00, 1.61e+00, 4.48e-03) m s⁻¹, extrema(T): (31.37, -1.93) ᵒC, extrema(S): (39.37, 16.83) g/kg, extrema(η): (3.14, -2.03) m, wall time: 11.768 seconds 
[ Info: time: 135 days, iteration: 9720, Δt: 20 minutes,max|u|: (1.64e+00, 1.33e+00, 4.47e-03) m s⁻¹, extrema(T): (31.37, -1.92) ᵒC, extrema(S): (39.37, 16.52) g/kg, extrema(η): (3.30, -3.24) m, wall time: 11.727 seconds 
[ Info: time: 136 days, iteration: 9792, Δt: 20 minutes,max|u|: (1.57e+00, 1.41e+00, 4.59e-03) m s⁻¹, extrema(T): (31.33, -1.93) ᵒC, extrema(S): (39.38, 16.38) g/kg, extrema(η): (3.29, -3.29) m, wall time: 11.736 seconds 
[ Info: time: 137 days, iteration: 9864, Δt: 20 minutes,max|u|: (1.59e+00, 1.70e+00, 4.58e-03) m s⁻¹, extrema(T): (31.33, -1.93) ᵒC, extrema(S): (39.38, 16.68) g/kg, extrema(η): (3.15, -2.29) m, wall time: 17.691 seconds 
[ Info: time: 138 days, iteration: 9936, Δt: 20 minutes,max|u|: (1.96e+00, 1.46e+00, 4.60e-03) m s⁻¹, extrema(T): (31.33, -1.93) ᵒC, extrema(S): (39.39, 16.79) g/kg, extrema(η): (4.48, -2.30) m, wall time: 11.665 seconds 
[ Info: time: 139 days, iteration: 10008, Δt: 20 minutes,max|u|: (1.59e+00, 1.43e+00, 4.55e-03) m s⁻¹, extrema(T): (31.35, -1.93) ᵒC, extrema(S): (39.39, 16.43) g/kg, extrema(η): (2.76, -2.07) m, wall time: 11.670 seconds 
[ Info: time: 140 days, iteration: 10080, Δt: 20 minutes,max|u|: (1.59e+00, 1.50e+00, 4.47e-03) m s⁻¹, extrema(T): (31.38, -1.94) ᵒC, extrema(S): (39.39, 16.61) g/kg, extrema(η): (1.94, -2.42) m, wall time: 11.835 seconds 
[ Info: time: 141 days, iteration: 10152, Δt: 20 minutes,max|u|: (1.68e+00, 1.33e+00, 4.52e-03) m s⁻¹, extrema(T): (31.42, -1.94) ᵒC, extrema(S): (39.40, 17.31) g/kg, extrema(η): (1.49, -3.43) m, wall time: 11.796 seconds 
[ Info: time: 142 days, iteration: 10224, Δt: 20 minutes,max|u|: (1.61e+00, 1.81e+00, 4.45e-03) m s⁻¹, extrema(T): (31.41, -1.94) ᵒC, extrema(S): (39.40, 16.99) g/kg, extrema(η): (1.18, -2.27) m, wall time: 11.679 seconds 
[ Info: time: 143 days, iteration: 10296, Δt: 20 minutes,max|u|: (1.50e+00, 1.21e+00, 4.43e-03) m s⁻¹, extrema(T): (31.39, -1.94) ᵒC, extrema(S): (39.41, 16.71) g/kg, extrema(η): (4.04, -2.33) m, wall time: 11.683 seconds 
[ Info: time: 144 days, iteration: 10368, Δt: 20 minutes,max|u|: (1.57e+00, 1.28e+00, 4.49e-03) m s⁻¹, extrema(T): (31.43, -1.94) ᵒC, extrema(S): (39.41, 16.98) g/kg, extrema(η): (3.43, -2.25) m, wall time: 11.777 seconds 
[ Info: time: 145 days, iteration: 10440, Δt: 20 minutes,max|u|: (1.44e+00, 1.61e+00, 4.46e-03) m s⁻¹, extrema(T): (31.44, -1.94) ᵒC, extrema(S): (39.42, 17.06) g/kg, extrema(η): (1.14, -2.08) m, wall time: 11.768 seconds 
[ Info: time: 146 days, iteration: 10512, Δt: 20 minutes,max|u|: (1.51e+00, 1.47e+00, 4.41e-03) m s⁻¹, extrema(T): (31.41, -1.93) ᵒC, extrema(S): (39.42, 17.88) g/kg, extrema(η): (1.14, -3.76) m, wall time: 11.732 seconds 
[ Info: time: 147 days, iteration: 10584, Δt: 20 minutes,max|u|: (1.52e+00, 1.57e+00, 4.62e-03) m s⁻¹, extrema(T): (31.38, -1.93) ᵒC, extrema(S): (39.43, 18.75) g/kg, extrema(η): (1.13, -2.14) m, wall time: 11.626 seconds 
[ Info: time: 148 days, iteration: 10656, Δt: 20 minutes,max|u|: (1.49e+00, 1.47e+00, 4.54e-03) m s⁻¹, extrema(T): (31.35, -1.93) ᵒC, extrema(S): (39.43, 18.81) g/kg, extrema(η): (3.26, -2.20) m, wall time: 11.733 seconds 
[ Info: time: 149 days, iteration: 10728, Δt: 20 minutes,max|u|: (1.36e+00, 1.37e+00, 4.53e-03) m s⁻¹, extrema(T): (31.29, -1.94) ᵒC, extrema(S): (39.44, 19.00) g/kg, extrema(η): (4.20, -2.17) m, wall time: 17.618 seconds 
[ Info: time: 150 days, iteration: 10800, Δt: 20 minutes,max|u|: (1.31e+00, 1.68e+00, 4.61e-03) m s⁻¹, extrema(T): (31.28, -1.94) ᵒC, extrema(S): (39.44, 19.15) g/kg, extrema(η): (1.23, -2.21) m, wall time: 11.773 seconds 
[ Info: time: 151 days, iteration: 10872, Δt: 20 minutes,max|u|: (1.57e+00, 1.47e+00, 4.62e-03) m s⁻¹, extrema(T): (31.28, -1.94) ᵒC, extrema(S): (39.44, 19.26) g/kg, extrema(η): (1.28, -3.54) m, wall time: 11.643 seconds 
[ Info: time: 152 days, iteration: 10944, Δt: 20 minutes,max|u|: (1.46e+00, 1.47e+00, 4.63e-03) m s⁻¹, extrema(T): (31.29, -1.93) ᵒC, extrema(S): (39.44, 18.91) g/kg, extrema(η): (1.37, -2.47) m, wall time: 11.686 seconds 
[ Info: time: 153 days, iteration: 11016, Δt: 20 minutes,max|u|: (1.46e+00, 1.63e+00, 4.61e-03) m s⁻¹, extrema(T): (31.29, -1.94) ᵒC, extrema(S): (39.44, 18.45) g/kg, extrema(η): (2.17, -2.35) m, wall time: 11.750 seconds 
[ Info: time: 154 days, iteration: 11088, Δt: 20 minutes,max|u|: (1.49e+00, 1.31e+00, 4.61e-03) m s⁻¹, extrema(T): (31.29, -1.94) ᵒC, extrema(S): (39.45, 17.89) g/kg, extrema(η): (4.51, -2.18) m, wall time: 13.122 seconds 
[ Info: time: 155 days, iteration: 11160, Δt: 20 minutes,max|u|: (1.48e+00, 1.66e+00, 4.59e-03) m s⁻¹, extrema(T): (31.30, -1.94) ᵒC, extrema(S): (39.45, 17.30) g/kg, extrema(η): (2.01, -2.16) m, wall time: 11.804 seconds 
[ Info: time: 156 days, iteration: 11232, Δt: 20 minutes,max|u|: (1.46e+00, 1.18e+00, 4.59e-03) m s⁻¹, extrema(T): (31.29, -1.94) ᵒC, extrema(S): (39.45, 16.36) g/kg, extrema(η): (2.53, -3.23) m, wall time: 11.708 seconds 
[ Info: time: 157 days, iteration: 11304, Δt: 20 minutes,max|u|: (1.41e+00, 1.28e+00, 4.71e-03) m s⁻¹, extrema(T): (31.30, -1.94) ᵒC, extrema(S): (39.46, 16.33) g/kg, extrema(η): (2.98, -2.89) m, wall time: 11.644 seconds 
[ Info: time: 158 days, iteration: 11376, Δt: 20 minutes,max|u|: (1.47e+00, 1.79e+00, 4.60e-03) m s⁻¹, extrema(T): (31.32, -1.94) ᵒC, extrema(S): (39.46, 16.94) g/kg, extrema(η): (3.44, -2.09) m, wall time: 11.682 seconds 
[ Info: time: 159 days, iteration: 11448, Δt: 20 minutes,max|u|: (1.55e+00, 1.41e+00, 4.59e-03) m s⁻¹, extrema(T): (31.34, -1.95) ᵒC, extrema(S): (39.47, 16.61) g/kg, extrema(η): (4.58, -2.07) m, wall time: 11.731 seconds 
[ Info: time: 160 days, iteration: 11520, Δt: 20 minutes,max|u|: (1.62e+00, 1.51e+00, 4.58e-03) m s⁻¹, extrema(T): (31.34, -1.95) ᵒC, extrema(S): (39.47, 16.94) g/kg, extrema(η): (3.49, -2.08) m, wall time: 11.691 seconds 
[ Info: time: 161 days, iteration: 11592, Δt: 20 minutes,max|u|: (1.98e+00, 1.38e+00, 4.58e-03) m s⁻¹, extrema(T): (31.33, -1.95) ᵒC, extrema(S): (39.48, 16.51) g/kg, extrema(η): (3.27, -2.09) m, wall time: 17.791 seconds 
[ Info: time: 162 days, iteration: 11664, Δt: 20 minutes,max|u|: (2.18e+00, 1.21e+00, 4.55e-03) m s⁻¹, extrema(T): (31.32, -1.95) ᵒC, extrema(S): (39.49, 16.15) g/kg, extrema(η): (3.05, -3.33) m, wall time: 11.679 seconds 
[ Info: time: 163 days, iteration: 11736, Δt: 20 minutes,max|u|: (2.04e+00, 1.72e+00, 4.44e-03) m s⁻¹, extrema(T): (31.31, -1.95) ᵒC, extrema(S): (39.48, 16.01) g/kg, extrema(η): (2.70, -2.15) m, wall time: 11.729 seconds 
[ Info: time: 164 days, iteration: 11808, Δt: 20 minutes,max|u|: (1.97e+00, 1.23e+00, 4.41e-03) m s⁻¹, extrema(T): (31.32, -1.96) ᵒC, extrema(S): (39.49, 16.22) g/kg, extrema(η): (4.31, -2.12) m, wall time: 11.730 seconds 
[ Info: time: 165 days, iteration: 11880, Δt: 20 minutes,max|u|: (1.87e+00, 1.29e+00, 4.50e-03) m s⁻¹, extrema(T): (31.34, -1.96) ᵒC, extrema(S): (39.49, 15.91) g/kg, extrema(η): (3.33, -2.15) m, wall time: 11.682 seconds 
[ Info: time: 166 days, iteration: 11952, Δt: 20 minutes,max|u|: (1.98e+00, 1.55e+00, 4.52e-03) m s⁻¹, extrema(T): (31.35, -1.96) ᵒC, extrema(S): (39.50, 15.52) g/kg, extrema(η): (1.38, -2.17) m, wall time: 11.638 seconds 
[ Info: time: 167 days, iteration: 12024, Δt: 20 minutes,max|u|: (2.04e+00, 1.30e+00, 4.58e-03) m s⁻¹, extrema(T): (31.34, -1.96) ᵒC, extrema(S): (39.50, 15.41) g/kg, extrema(η): (1.30, -3.55) m, wall time: 11.731 seconds 
[ Info: time: 168 days, iteration: 12096, Δt: 20 minutes,max|u|: (1.56e+00, 1.65e+00, 4.57e-03) m s⁻¹, extrema(T): (31.34, -1.96) ᵒC, extrema(S): (39.51, 15.59) g/kg, extrema(η): (1.27, -1.95) m, wall time: 11.770 seconds 
[ Info: time: 169 days, iteration: 12168, Δt: 20 minutes,max|u|: (1.64e+00, 1.38e+00, 4.58e-03) m s⁻¹, extrema(T): (31.32, -1.96) ᵒC, extrema(S): (39.51, 16.53) g/kg, extrema(η): (3.54, -2.12) m, wall time: 11.802 seconds 
[ Info: time: 170 days, iteration: 12240, Δt: 20 minutes,max|u|: (2.18e+00, 1.18e+00, 4.67e-03) m s⁻¹, extrema(T): (31.28, -1.96) ᵒC, extrema(S): (39.51, 15.79) g/kg, extrema(η): (3.84, -2.17) m, wall time: 11.674 seconds 
[ Info: time: 171 days, iteration: 12312, Δt: 20 minutes,max|u|: (2.08e+00, 1.74e+00, 4.58e-03) m s⁻¹, extrema(T): (31.17, -1.96) ᵒC, extrema(S): (39.51, 15.20) g/kg, extrema(η): (1.26, -2.05) m, wall time: 11.704 seconds 
[ Info: time: 172 days, iteration: 12384, Δt: 20 minutes,max|u|: (2.29e+00, 2.06e+00, 4.56e-03) m s⁻¹, extrema(T): (31.18, -1.96) ᵒC, extrema(S): (39.51, 15.84) g/kg, extrema(η): (1.30, -3.53) m, wall time: 11.821 seconds 
[ Info: time: 173 days, iteration: 12456, Δt: 20 minutes,max|u|: (2.21e+00, 1.43e+00, 4.61e-03) m s⁻¹, extrema(T): (31.20, -1.96) ᵒC, extrema(S): (39.52, 16.41) g/kg, extrema(η): (1.44, -2.36) m, wall time: 11.641 seconds 
[ Info: time: 174 days, iteration: 12528, Δt: 20 minutes,max|u|: (1.69e+00, 1.61e+00, 4.68e-03) m s⁻¹, extrema(T): (31.21, -1.95) ᵒC, extrema(S): (39.53, 16.26) g/kg, extrema(η): (2.56, -2.33) m, wall time: 17.680 seconds 
[ Info: time: 175 days, iteration: 12600, Δt: 20 minutes,max|u|: (1.54e+00, 1.35e+00, 4.75e-03) m s⁻¹, extrema(T): (31.23, -1.95) ᵒC, extrema(S): (39.53, 15.84) g/kg, extrema(η): (4.39, -2.25) m, wall time: 11.635 seconds 
[ Info: time: 176 days, iteration: 12672, Δt: 20 minutes,max|u|: (1.47e+00, 1.64e+00, 4.81e-03) m s⁻¹, extrema(T): (31.24, -1.95) ᵒC, extrema(S): (39.53, 15.92) g/kg, extrema(η): (1.48, -2.19) m, wall time: 11.709 seconds 
[ Info: time: 177 days, iteration: 12744, Δt: 20 minutes,max|u|: (1.67e+00, 1.47e+00, 4.83e-03) m s⁻¹, extrema(T): (31.25, -1.95) ᵒC, extrema(S): (39.53, 15.45) g/kg, extrema(η): (1.54, -3.24) m, wall time: 11.790 seconds 
[ Info: time: 178 days, iteration: 12816, Δt: 20 minutes,max|u|: (1.78e+00, 1.30e+00, 4.88e-03) m s⁻¹, extrema(T): (31.27, -1.95) ᵒC, extrema(S): (39.54, 15.01) g/kg, extrema(η): (1.69, -2.92) m, wall time: 11.712 seconds 
[ Info: time: 179 days, iteration: 12888, Δt: 20 minutes,max|u|: (1.99e+00, 1.75e+00, 4.89e-03) m s⁻¹, extrema(T): (31.28, -1.95) ᵒC, extrema(S): (39.55, 14.53) g/kg, extrema(η): (2.24, -2.09) m, wall time: 11.650 seconds 
[ Info: time: 180 days, iteration: 12960, Δt: 20 minutes,max|u|: (1.77e+00, 1.48e+00, 4.92e-03) m s⁻¹, extrema(T): (31.30, -1.95) ᵒC, extrema(S): (39.55, 14.31) g/kg, extrema(η): (4.43, -2.04) m, wall time: 11.744 seconds 
[ Info: time: 181 days, iteration: 13032, Δt: 20 minutes,max|u|: (1.47e+00, 1.47e+00, 4.95e-03) m s⁻¹, extrema(T): (31.32, -1.95) ᵒC, extrema(S): (39.55, 13.97) g/kg, extrema(η): (3.10, -2.28) m, wall time: 11.694 seconds 
[ Info: time: 182 days, iteration: 13104, Δt: 20 minutes,max|u|: (1.67e+00, 1.53e+00, 4.92e-03) m s⁻¹, extrema(T): (31.33, -1.94) ᵒC, extrema(S): (39.56, 13.81) g/kg, extrema(η): (3.38, -2.38) m, wall time: 11.755 seconds 
[ Info: time: 183 days, iteration: 13176, Δt: 20 minutes,max|u|: (1.58e+00, 1.55e+00, 4.92e-03) m s⁻¹, extrema(T): (31.35, -1.94) ᵒC, extrema(S): (39.56, 13.88) g/kg, extrema(η): (3.46, -3.54) m, wall time: 11.727 seconds 
[ Info: time: 184 days, iteration: 13248, Δt: 20 minutes,max|u|: (1.78e+00, 1.79e+00, 4.94e-03) m s⁻¹, extrema(T): (31.36, -1.94) ᵒC, extrema(S): (39.56, 13.92) g/kg, extrema(η): (3.48, -2.37) m, wall time: 11.758 seconds 
[ Info: time: 185 days, iteration: 13320, Δt: 20 minutes,max|u|: (1.99e+00, 1.46e+00, 5.00e-03) m s⁻¹, extrema(T): (31.38, -1.94) ᵒC, extrema(S): (39.57, 16.01) g/kg, extrema(η): (4.25, -2.38) m, wall time: 12.977 seconds 
[ Info: time: 186 days, iteration: 13392, Δt: 20 minutes,max|u|: (1.76e+00, 1.39e+00, 5.07e-03) m s⁻¹, extrema(T): (31.39, -1.94) ᵒC, extrema(S): (39.57, 15.30) g/kg, extrema(η): (3.50, -2.20) m, wall time: 17.628 seconds 
[ Info: time: 187 days, iteration: 13464, Δt: 20 minutes,max|u|: (2.27e+00, 1.67e+00, 5.09e-03) m s⁻¹, extrema(T): (31.40, -1.94) ᵒC, extrema(S): (39.57, 14.69) g/kg, extrema(η): (2.72, -2.14) m, wall time: 11.625 seconds 
[ Info: time: 188 days, iteration: 13536, Δt: 20 minutes,max|u|: (2.23e+00, 1.27e+00, 5.11e-03) m s⁻¹, extrema(T): (31.41, -1.94) ᵒC, extrema(S): (39.58, 14.23) g/kg, extrema(η): (2.30, -3.54) m, wall time: 11.674 seconds 
[ Info: time: 189 days, iteration: 13608, Δt: 20 minutes,max|u|: (1.94e+00, 1.66e+00, 5.06e-03) m s⁻¹, extrema(T): (31.42, -1.94) ᵒC, extrema(S): (39.58, 15.02) g/kg, extrema(η): (1.89, -2.03) m, wall time: 11.800 seconds 
[ Info: time: 190 days, iteration: 13680, Δt: 20 minutes,max|u|: (1.97e+00, 1.37e+00, 4.96e-03) m s⁻¹, extrema(T): (31.42, -1.94) ᵒC, extrema(S): (39.59, 14.64) g/kg, extrema(η): (3.74, -2.15) m, wall time: 11.663 seconds 
[ Info: time: 191 days, iteration: 13752, Δt: 20 minutes,max|u|: (2.59e+00, 1.26e+00, 4.97e-03) m s⁻¹, extrema(T): (31.42, -1.95) ᵒC, extrema(S): (39.59, 14.28) g/kg, extrema(η): (4.35, -2.29) m, wall time: 11.703 seconds 
[ Info: time: 192 days, iteration: 13824, Δt: 20 minutes,max|u|: (1.92e+00, 1.68e+00, 4.97e-03) m s⁻¹, extrema(T): (31.42, -1.95) ᵒC, extrema(S): (39.60, 15.55) g/kg, extrema(η): (1.32, -2.26) m, wall time: 11.751 seconds 
[ Info: time: 193 days, iteration: 13896, Δt: 20 minutes,max|u|: (1.82e+00, 1.29e+00, 4.98e-03) m s⁻¹, extrema(T): (31.55, -1.94) ᵒC, extrema(S): (39.60, 15.37) g/kg, extrema(η): (1.33, -3.45) m, wall time: 11.622 seconds 
[ Info: time: 194 days, iteration: 13968, Δt: 20 minutes,max|u|: (1.88e+00, 1.44e+00, 5.03e-03) m s⁻¹, extrema(T): (31.48, -1.95) ᵒC, extrema(S): (39.60, 14.79) g/kg, extrema(η): (1.31, -2.26) m, wall time: 11.657 seconds 
[ Info: time: 195 days, iteration: 14040, Δt: 20 minutes,max|u|: (2.17e+00, 1.60e+00, 5.03e-03) m s⁻¹, extrema(T): (31.55, -1.95) ᵒC, extrema(S): (39.60, 14.28) g/kg, extrema(η): (2.46, -2.10) m, wall time: 11.790 seconds 
[ Info: time: 196 days, iteration: 14112, Δt: 20 minutes,max|u|: (1.86e+00, 1.30e+00, 5.07e-03) m s⁻¹, extrema(T): (31.50, -1.95) ᵒC, extrema(S): (39.60, 15.42) g/kg, extrema(η): (4.44, -2.14) m, wall time: 11.707 seconds 
[ Info: time: 197 days, iteration: 14184, Δt: 20 minutes,max|u|: (1.83e+00, 1.61e+00, 5.07e-03) m s⁻¹, extrema(T): (31.45, -1.95) ᵒC, extrema(S): (39.61, 15.31) g/kg, extrema(η): (1.44, -2.25) m, wall time: 11.653 seconds 
[ Info: time: 198 days, iteration: 14256, Δt: 20 minutes,max|u|: (1.80e+00, 1.32e+00, 5.08e-03) m s⁻¹, extrema(T): (31.49, -1.95) ᵒC, extrema(S): (39.61, 15.53) g/kg, extrema(η): (1.38, -3.06) m, wall time: 11.764 seconds 
[ Info: time: 199 days, iteration: 14328, Δt: 20 minutes,max|u|: (1.78e+00, 1.34e+00, 5.03e-03) m s⁻¹, extrema(T): (31.61, -1.94) ᵒC, extrema(S): (39.62, 14.61) g/kg, extrema(η): (1.33, -3.15) m, wall time: 21.806 seconds 
[ Info: time: 200 days, iteration: 14400, Δt: 20 minutes,max|u|: (1.72e+00, 1.73e+00, 5.06e-03) m s⁻¹, extrema(T): (31.59, -1.95) ᵒC, extrema(S): (39.62, 15.94) g/kg, extrema(η): (1.37, -2.32) m, wall time: 11.896 seconds 
[ Info: time: 201 days, iteration: 14472, Δt: 20 minutes,max|u|: (1.59e+00, 1.41e+00, 5.06e-03) m s⁻¹, extrema(T): (31.59, -1.95) ᵒC, extrema(S): (39.62, 16.56) g/kg, extrema(η): (4.34, -2.27) m, wall time: 11.840 seconds 
[ Info: time: 202 days, iteration: 14544, Δt: 20 minutes,max|u|: (1.62e+00, 1.46e+00, 5.11e-03) m s⁻¹, extrema(T): (31.69, -1.95) ᵒC, extrema(S): (39.63, 15.61) g/kg, extrema(η): (2.44, -2.23) m, wall time: 11.894 seconds 
[ Info: time: 203 days, iteration: 14616, Δt: 20 minutes,max|u|: (1.90e+00, 1.48e+00, 5.10e-03) m s⁻¹, extrema(T): (32.03, -1.96) ᵒC, extrema(S): (39.63, 16.38) g/kg, extrema(η): (1.83, -2.29) m, wall time: 11.826 seconds 
[ Info: time: 204 days, iteration: 14688, Δt: 20 minutes,max|u|: (2.11e+00, 1.50e+00, 5.09e-03) m s⁻¹, extrema(T): (32.16, -1.96) ᵒC, extrema(S): (39.63, 16.72) g/kg, extrema(η): (2.41, -3.65) m, wall time: 11.849 seconds 
[ Info: time: 205 days, iteration: 14760, Δt: 20 minutes,max|u|: (1.86e+00, 1.72e+00, 5.11e-03) m s⁻¹, extrema(T): (32.13, -1.96) ᵒC, extrema(S): (39.64, 15.72) g/kg, extrema(η): (2.88, -2.09) m, wall time: 11.821 seconds 
[ Info: time: 206 days, iteration: 14832, Δt: 20 minutes,max|u|: (1.97e+00, 1.54e+00, 5.19e-03) m s⁻¹, extrema(T): (32.11, -1.95) ᵒC, extrema(S): (39.64, 15.28) g/kg, extrema(η): (4.12, -1.95) m, wall time: 11.916 seconds 
[ Info: time: 207 days, iteration: 14904, Δt: 20 minutes,max|u|: (1.92e+00, 1.54e+00, 5.30e-03) m s⁻¹, extrema(T): (32.22, -1.94) ᵒC, extrema(S): (39.64, 14.83) g/kg, extrema(η): (3.58, -2.16) m, wall time: 11.901 seconds 
[ Info: time: 208 days, iteration: 14976, Δt: 20 minutes,max|u|: (1.69e+00, 1.59e+00, 5.32e-03) m s⁻¹, extrema(T): (32.04, -1.94) ᵒC, extrema(S): (39.64, 14.81) g/kg, extrema(η): (3.24, -2.05) m, wall time: 11.932 seconds 
[ Info: time: 209 days, iteration: 15048, Δt: 20 minutes,max|u|: (2.01e+00, 1.51e+00, 5.38e-03) m s⁻¹, extrema(T): (32.20, -1.95) ᵒC, extrema(S): (39.66, 14.46) g/kg, extrema(η): (3.23, -3.59) m, wall time: 11.988 seconds 
[ Info: time: 210 days, iteration: 15120, Δt: 20 minutes,max|u|: (1.85e+00, 1.59e+00, 5.36e-03) m s⁻¹, extrema(T): (32.14, -1.95) ᵒC, extrema(S): (39.66, 13.99) g/kg, extrema(η): (3.16, -2.41) m, wall time: 11.831 seconds 
[ Info: time: 211 days, iteration: 15192, Δt: 20 minutes,max|u|: (2.03e+00, 1.53e+00, 5.41e-03) m s⁻¹, extrema(T): (32.02, -1.95) ᵒC, extrema(S): (39.66, 13.58) g/kg, extrema(η): (3.41, -2.18) m, wall time: 17.770 seconds 
[ Info: time: 212 days, iteration: 15264, Δt: 20 minutes,max|u|: (1.73e+00, 1.58e+00, 5.49e-03) m s⁻¹, extrema(T): (32.06, -1.95) ᵒC, extrema(S): (39.66, 13.26) g/kg, extrema(η): (4.23, -2.19) m, wall time: 11.908 seconds 
[ Info: time: 213 days, iteration: 15336, Δt: 20 minutes,max|u|: (1.49e+00, 1.67e+00, 5.54e-03) m s⁻¹, extrema(T): (32.07, -1.94) ᵒC, extrema(S): (39.65, 13.45) g/kg, extrema(η): (2.23, -2.13) m, wall time: 12.016 seconds 
[ Info: time: 214 days, iteration: 15408, Δt: 20 minutes,max|u|: (1.65e+00, 1.72e+00, 5.58e-03) m s⁻¹, extrema(T): (31.98, -1.94) ᵒC, extrema(S): (39.66, 13.77) g/kg, extrema(η): (1.81, -3.30) m, wall time: 11.968 seconds 
[ Info: time: 215 days, iteration: 15480, Δt: 20 minutes,max|u|: (1.50e+00, 1.79e+00, 5.56e-03) m s⁻¹, extrema(T): (31.91, -1.94) ᵒC, extrema(S): (39.66, 13.76) g/kg, extrema(η): (1.49, -2.15) m, wall time: 11.833 seconds 
[ Info: time: 216 days, iteration: 15552, Δt: 20 minutes,max|u|: (1.45e+00, 1.91e+00, 5.60e-03) m s⁻¹, extrema(T): (31.86, -1.95) ᵒC, extrema(S): (39.66, 13.92) g/kg, extrema(η): (2.15, -2.00) m, wall time: 13.066 seconds 
[ Info: time: 217 days, iteration: 15624, Δt: 20 minutes,max|u|: (1.46e+00, 1.85e+00, 5.59e-03) m s⁻¹, extrema(T): (31.79, -1.95) ᵒC, extrema(S): (39.67, 14.32) g/kg, extrema(η): (4.57, -2.04) m, wall time: 11.894 seconds 
[ Info: time: 218 days, iteration: 15696, Δt: 20 minutes,max|u|: (1.43e+00, 1.88e+00, 5.63e-03) m s⁻¹, extrema(T): (31.65, -1.95) ᵒC, extrema(S): (39.68, 14.72) g/kg, extrema(η): (2.21, -2.21) m, wall time: 11.833 seconds 
[ Info: time: 219 days, iteration: 15768, Δt: 20 minutes,max|u|: (1.63e+00, 1.85e+00, 5.63e-03) m s⁻¹, extrema(T): (31.58, -1.95) ᵒC, extrema(S): (39.68, 14.40) g/kg, extrema(η): (1.44, -2.46) m, wall time: 12.006 seconds 
[ Info: time: 220 days, iteration: 15840, Δt: 20 minutes,max|u|: (1.68e+00, 1.83e+00, 5.63e-03) m s⁻¹, extrema(T): (31.63, -1.95) ᵒC, extrema(S): (39.69, 13.81) g/kg, extrema(η): (1.44, -3.26) m, wall time: 11.895 seconds 
[ Info: time: 221 days, iteration: 15912, Δt: 20 minutes,max|u|: (1.71e+00, 1.84e+00, 5.65e-03) m s⁻¹, extrema(T): (31.68, -1.95) ᵒC, extrema(S): (39.69, 13.83) g/kg, extrema(η): (1.37, -1.98) m, wall time: 11.895 seconds 
[ Info: time: 222 days, iteration: 15984, Δt: 20 minutes,max|u|: (1.64e+00, 1.76e+00, 5.67e-03) m s⁻¹, extrema(T): (31.47, -1.95) ᵒC, extrema(S): (39.69, 14.54) g/kg, extrema(η): (4.25, -2.18) m, wall time: 11.791 seconds 
[ Info: time: 223 days, iteration: 16056, Δt: 20 minutes,max|u|: (1.73e+00, 1.64e+00, 5.67e-03) m s⁻¹, extrema(T): (31.41, -1.96) ᵒC, extrema(S): (39.69, 14.15) g/kg, extrema(η): (3.30, -2.07) m, wall time: 17.834 seconds 
[ Info: time: 224 days, iteration: 16128, Δt: 20 minutes,max|u|: (1.85e+00, 1.60e+00, 5.73e-03) m s⁻¹, extrema(T): (31.39, -1.96) ᵒC, extrema(S): (39.68, 15.31) g/kg, extrema(η): (1.37, -2.03) m, wall time: 11.848 seconds 
[ Info: time: 225 days, iteration: 16200, Δt: 20 minutes,max|u|: (1.87e+00, 1.48e+00, 5.71e-03) m s⁻¹, extrema(T): (31.46, -1.97) ᵒC, extrema(S): (39.68, 15.16) g/kg, extrema(η): (1.50, -3.90) m, wall time: 11.898 seconds 
[ Info: time: 226 days, iteration: 16272, Δt: 20 minutes,max|u|: (1.58e+00, 1.88e+00, 5.68e-03) m s⁻¹, extrema(T): (31.47, -1.97) ᵒC, extrema(S): (39.69, 14.75) g/kg, extrema(η): (1.46, -2.21) m, wall time: 11.851 seconds 
[ Info: time: 227 days, iteration: 16344, Δt: 20 minutes,max|u|: (1.64e+00, 1.42e+00, 5.66e-03) m s⁻¹, extrema(T): (31.34, -1.97) ᵒC, extrema(S): (39.69, 14.66) g/kg, extrema(η): (3.59, -2.23) m, wall time: 11.970 seconds 
[ Info: time: 228 days, iteration: 16416, Δt: 20 minutes,max|u|: (1.73e+00, 1.43e+00, 5.62e-03) m s⁻¹, extrema(T): (31.29, -1.96) ᵒC, extrema(S): (39.69, 14.87) g/kg, extrema(η): (4.11, -2.04) m, wall time: 11.876 seconds 
[ Info: time: 229 days, iteration: 16488, Δt: 20 minutes,max|u|: (2.39e+00, 1.59e+00, 5.67e-03) m s⁻¹, extrema(T): (31.29, -1.97) ᵒC, extrema(S): (39.69, 15.00) g/kg, extrema(η): (2.10, -2.31) m, wall time: 11.802 seconds 
[ Info: time: 230 days, iteration: 16560, Δt: 20 minutes,max|u|: (2.26e+00, 1.58e+00, 5.66e-03) m s⁻¹, extrema(T): (31.32, -1.96) ᵒC, extrema(S): (39.70, 14.49) g/kg, extrema(η): (2.44, -3.43) m, wall time: 11.955 seconds 
[ Info: time: 231 days, iteration: 16632, Δt: 20 minutes,max|u|: (2.28e+00, 1.57e+00, 5.64e-03) m s⁻¹, extrema(T): (31.37, -1.96) ᵒC, extrema(S): (39.69, 14.97) g/kg, extrema(η): (2.93, -2.15) m, wall time: 11.882 seconds 
[ Info: time: 232 days, iteration: 16704, Δt: 20 minutes,max|u|: (2.03e+00, 1.63e+00, 5.64e-03) m s⁻¹, extrema(T): (31.37, -1.96) ᵒC, extrema(S): (39.70, 15.34) g/kg, extrema(η): (3.17, -2.20) m, wall time: 11.845 seconds 
[ Info: time: 233 days, iteration: 16776, Δt: 20 minutes,max|u|: (1.86e+00, 1.39e+00, 5.68e-03) m s⁻¹, extrema(T): (31.32, -1.96) ᵒC, extrema(S): (39.70, 15.65) g/kg, extrema(η): (4.50, -2.07) m, wall time: 11.865 seconds 
[ Info: time: 234 days, iteration: 16848, Δt: 20 minutes,max|u|: (2.07e+00, 1.68e+00, 5.73e-03) m s⁻¹, extrema(T): (31.38, -1.96) ᵒC, extrema(S): (39.71, 14.81) g/kg, extrema(η): (3.37, -2.05) m, wall time: 11.861 seconds 
[ Info: time: 235 days, iteration: 16920, Δt: 20 minutes,max|u|: (2.10e+00, 1.42e+00, 5.75e-03) m s⁻¹, extrema(T): (31.43, -1.96) ᵒC, extrema(S): (39.71, 14.33) g/kg, extrema(η): (3.23, -3.16) m, wall time: 11.896 seconds 
[ Info: time: 236 days, iteration: 16992, Δt: 20 minutes,max|u|: (2.21e+00, 1.44e+00, 5.75e-03) m s⁻¹, extrema(T): (31.46, -1.96) ᵒC, extrema(S): (39.71, 13.94) g/kg, extrema(η): (3.13, -3.09) m, wall time: 17.599 seconds 
[ Info: time: 237 days, iteration: 17064, Δt: 20 minutes,max|u|: (2.06e+00, 1.79e+00, 5.82e-03) m s⁻¹, extrema(T): (31.47, -1.96) ᵒC, extrema(S): (39.71, 13.57) g/kg, extrema(η): (2.90, -2.19) m, wall time: 11.911 seconds 
[ Info: time: 238 days, iteration: 17136, Δt: 20 minutes,max|u|: (2.09e+00, 1.42e+00, 5.81e-03) m s⁻¹, extrema(T): (31.51, -1.96) ᵒC, extrema(S): (39.71, 14.81) g/kg, extrema(η): (4.62, -2.13) m, wall time: 11.866 seconds 
[ Info: time: 239 days, iteration: 17208, Δt: 20 minutes,max|u|: (2.28e+00, 1.55e+00, 5.82e-03) m s⁻¹, extrema(T): (31.52, -1.96) ᵒC, extrema(S): (39.71, 14.88) g/kg, extrema(η): (2.57, -2.10) m, wall time: 11.886 seconds 
[ Info: time: 240 days, iteration: 17280, Δt: 20 minutes,max|u|: (2.25e+00, 1.89e+00, 5.76e-03) m s⁻¹, extrema(T): (31.54, -1.96) ᵒC, extrema(S): (39.72, 15.01) g/kg, extrema(η): (1.75, -2.13) m, wall time: 11.817 seconds 
[ Info: time: 241 days, iteration: 17352, Δt: 20 minutes,max|u|: (2.09e+00, 1.45e+00, 5.74e-03) m s⁻¹, extrema(T): (31.53, -1.96) ᵒC, extrema(S): (39.71, 15.39) g/kg, extrema(η): (1.75, -3.64) m, wall time: 11.857 seconds 
[ Info: time: 242 days, iteration: 17424, Δt: 20 minutes,max|u|: (1.86e+00, 2.62e+00, 5.73e-03) m s⁻¹, extrema(T): (31.53, -1.96) ᵒC, extrema(S): (39.71, 14.74) g/kg, extrema(η): (1.45, -2.06) m, wall time: 11.894 seconds 
[ Info: time: 243 days, iteration: 17496, Δt: 20 minutes,max|u|: (1.96e+00, 1.80e+00, 5.72e-03) m s⁻¹, extrema(T): (31.55, -1.96) ᵒC, extrema(S): (39.71, 14.16) g/kg, extrema(η): (4.17, -2.06) m, wall time: 11.865 seconds 
[ Info: time: 244 days, iteration: 17568, Δt: 20 minutes,max|u|: (2.18e+00, 1.76e+00, 5.79e-03) m s⁻¹, extrema(T): (31.58, -1.96) ᵒC, extrema(S): (39.71, 13.84) g/kg, extrema(η): (3.52, -2.18) m, wall time: 11.866 seconds 
[ Info: time: 245 days, iteration: 17640, Δt: 20 minutes,max|u|: (2.27e+00, 1.64e+00, 5.74e-03) m s⁻¹, extrema(T): (31.60, -1.96) ᵒC, extrema(S): (39.72, 14.30) g/kg, extrema(η): (1.51, -2.24) m, wall time: 11.938 seconds 
[ Info: time: 246 days, iteration: 17712, Δt: 20 minutes,max|u|: (2.29e+00, 1.59e+00, 5.76e-03) m s⁻¹, extrema(T): (31.61, -1.96) ᵒC, extrema(S): (39.72, 15.12) g/kg, extrema(η): (1.38, -3.71) m, wall time: 11.925 seconds 
[ Info: time: 247 days, iteration: 17784, Δt: 20 minutes,max|u|: (2.12e+00, 1.73e+00, 5.75e-03) m s⁻¹, extrema(T): (31.61, -1.96) ᵒC, extrema(S): (39.73, 14.50) g/kg, extrema(η): (1.37, -2.22) m, wall time: 13.108 seconds 
[ Info: time: 248 days, iteration: 17856, Δt: 20 minutes,max|u|: (2.17e+00, 1.54e+00, 5.72e-03) m s⁻¹, extrema(T): (31.47, -1.96) ᵒC, extrema(S): (39.73, 14.13) g/kg, extrema(η): (3.39, -2.07) m, wall time: 17.644 seconds 
[ Info: time: 249 days, iteration: 17928, Δt: 20 minutes,max|u|: (2.07e+00, 1.59e+00, 5.73e-03) m s⁻¹, extrema(T): (31.45, -1.96) ᵒC, extrema(S): (39.73, 13.88) g/kg, extrema(η): (3.91, -2.28) m, wall time: 11.900 seconds 
[ Info: time: 250 days, iteration: 18000, Δt: 20 minutes,max|u|: (2.03e+00, 1.68e+00, 5.74e-03) m s⁻¹, extrema(T): (31.45, -1.96) ᵒC, extrema(S): (39.73, 13.69) g/kg, extrema(η): (1.40, -2.23) m, wall time: 11.775 seconds 
[ Info: time: 251 days, iteration: 18072, Δt: 20 minutes,max|u|: (1.87e+00, 1.80e+00, 5.75e-03) m s⁻¹, extrema(T): (31.45, -1.96) ᵒC, extrema(S): (39.73, 14.73) g/kg, extrema(η): (1.40, -3.92) m, wall time: 11.918 seconds 
[ Info: time: 252 days, iteration: 18144, Δt: 20 minutes,max|u|: (2.04e+00, 1.71e+00, 5.74e-03) m s⁻¹, extrema(T): (31.46, -1.96) ᵒC, extrema(S): (39.73, 15.49) g/kg, extrema(η): (1.38, -2.29) m, wall time: 11.980 seconds 
[ Info: time: 253 days, iteration: 18216, Δt: 20 minutes,max|u|: (2.35e+00, 1.72e+00, 5.74e-03) m s⁻¹, extrema(T): (31.47, -1.96) ᵒC, extrema(S): (39.74, 15.09) g/kg, extrema(η): (2.47, -2.21) m, wall time: 11.844 seconds 
[ Info: time: 254 days, iteration: 18288, Δt: 20 minutes,max|u|: (2.43e+00, 1.71e+00, 5.71e-03) m s⁻¹, extrema(T): (31.48, -1.96) ᵒC, extrema(S): (39.74, 14.63) g/kg, extrema(η): (4.31, -2.29) m, wall time: 11.984 seconds 
[ Info: time: 255 days, iteration: 18360, Δt: 20 minutes,max|u|: (2.41e+00, 1.68e+00, 5.76e-03) m s⁻¹, extrema(T): (31.48, -1.96) ᵒC, extrema(S): (39.74, 15.37) g/kg, extrema(η): (2.54, -2.03) m, wall time: 11.829 seconds 
[ Info: time: 256 days, iteration: 18432, Δt: 20 minutes,max|u|: (2.23e+00, 1.65e+00, 5.79e-03) m s⁻¹, extrema(T): (31.47, -1.96) ᵒC, extrema(S): (39.73, 15.07) g/kg, extrema(η): (3.01, -2.82) m, wall time: 11.840 seconds 
[ Info: time: 257 days, iteration: 18504, Δt: 20 minutes,max|u|: (1.91e+00, 1.59e+00, 5.78e-03) m s⁻¹, extrema(T): (31.46, -1.96) ᵒC, extrema(S): (39.74, 14.47) g/kg, extrema(η): (3.36, -2.63) m, wall time: 11.928 seconds 
[ Info: time: 258 days, iteration: 18576, Δt: 20 minutes,max|u|: (1.87e+00, 1.68e+00, 5.77e-03) m s⁻¹, extrema(T): (31.43, -1.96) ᵒC, extrema(S): (39.74, 14.36) g/kg, extrema(η): (3.57, -2.05) m, wall time: 11.830 seconds 
[ Info: time: 259 days, iteration: 18648, Δt: 20 minutes,max|u|: (2.29e+00, 1.45e+00, 5.80e-03) m s⁻¹, extrema(T): (31.41, -1.97) ᵒC, extrema(S): (39.74, 13.77) g/kg, extrema(η): (4.35, -2.25) m, wall time: 11.932 seconds 
[ Info: time: 260 days, iteration: 18720, Δt: 20 minutes,max|u|: (2.25e+00, 1.42e+00, 5.80e-03) m s⁻¹, extrema(T): (31.40, -1.97) ᵒC, extrema(S): (39.75, 13.25) g/kg, extrema(η): (3.55, -2.15) m, wall time: 17.539 seconds 
[ Info: time: 261 days, iteration: 18792, Δt: 20 minutes,max|u|: (2.54e+00, 1.43e+00, 5.80e-03) m s⁻¹, extrema(T): (31.37, -1.97) ᵒC, extrema(S): (39.75, 14.06) g/kg, extrema(η): (3.36, -2.01) m, wall time: 11.934 seconds 
[ Info: time: 262 days, iteration: 18864, Δt: 20 minutes,max|u|: (2.48e+00, 1.74e+00, 5.81e-03) m s⁻¹, extrema(T): (31.31, -1.97) ᵒC, extrema(S): (39.74, 15.31) g/kg, extrema(η): (3.15, -2.96) m, wall time: 11.844 seconds 
[ Info: time: 263 days, iteration: 18936, Δt: 20 minutes,max|u|: (2.24e+00, 1.85e+00, 5.87e-03) m s⁻¹, extrema(T): (31.25, -1.97) ᵒC, extrema(S): (39.74, 15.48) g/kg, extrema(η): (2.84, -2.24) m, wall time: 11.885 seconds 
[ Info: time: 264 days, iteration: 19008, Δt: 20 minutes,max|u|: (2.10e+00, 1.57e+00, 5.86e-03) m s⁻¹, extrema(T): (31.12, -1.97) ᵒC, extrema(S): (39.74, 14.85) g/kg, extrema(η): (3.42, -2.32) m, wall time: 11.877 seconds 
[ Info: time: 265 days, iteration: 19080, Δt: 20 minutes,max|u|: (2.23e+00, 1.64e+00, 5.86e-03) m s⁻¹, extrema(T): (31.09, -1.97) ᵒC, extrema(S): (39.74, 14.28) g/kg, extrema(η): (4.38, -2.18) m, wall time: 11.829 seconds 
[ Info: time: 266 days, iteration: 19152, Δt: 20 minutes,max|u|: (2.35e+00, 1.71e+00, 5.85e-03) m s⁻¹, extrema(T): (31.07, -1.97) ᵒC, extrema(S): (39.74, 13.85) g/kg, extrema(η): (1.47, -2.21) m, wall time: 11.903 seconds 
[ Info: time: 267 days, iteration: 19224, Δt: 20 minutes,max|u|: (2.28e+00, 1.70e+00, 5.82e-03) m s⁻¹, extrema(T): (31.03, -1.96) ᵒC, extrema(S): (39.75, 13.57) g/kg, extrema(η): (1.37, -3.33) m, wall time: 11.815 seconds 
[ Info: time: 268 days, iteration: 19296, Δt: 20 minutes,max|u|: (2.16e+00, 1.70e+00, 5.80e-03) m s⁻¹, extrema(T): (31.02, -1.96) ᵒC, extrema(S): (39.75, 13.55) g/kg, extrema(η): (1.43, -2.06) m, wall time: 11.900 seconds 
[ Info: time: 269 days, iteration: 19368, Δt: 20 minutes,max|u|: (2.06e+00, 1.68e+00, 5.77e-03) m s⁻¹, extrema(T): (31.02, -1.95) ᵒC, extrema(S): (39.75, 13.59) g/kg, extrema(η): (2.71, -2.01) m, wall time: 11.930 seconds 
[ Info: time: 270 days, iteration: 19440, Δt: 20 minutes,max|u|: (2.00e+00, 1.57e+00, 5.77e-03) m s⁻¹, extrema(T): (30.99, -1.94) ᵒC, extrema(S): (39.75, 14.13) g/kg, extrema(η): (4.49, -2.19) m, wall time: 11.831 seconds 
[ Info: time: 271 days, iteration: 19512, Δt: 20 minutes,max|u|: (2.18e+00, 1.63e+00, 5.75e-03) m s⁻¹, extrema(T): (30.99, -1.94) ᵒC, extrema(S): (39.75, 14.43) g/kg, extrema(η): (1.82, -2.10) m, wall time: 11.864 seconds 
[ Info: time: 272 days, iteration: 19584, Δt: 20 minutes,max|u|: (2.28e+00, 1.46e+00, 5.73e-03) m s⁻¹, extrema(T): (31.03, -1.95) ᵒC, extrema(S): (39.75, 14.80) g/kg, extrema(η): (1.43, -2.56) m, wall time: 11.858 seconds 
[ Info: time: 273 days, iteration: 19656, Δt: 20 minutes,max|u|: (2.17e+00, 1.46e+00, 5.71e-03) m s⁻¹, extrema(T): (31.03, -1.94) ᵒC, extrema(S): (39.75, 14.65) g/kg, extrema(η): (1.40, -3.00) m, wall time: 17.576 seconds 
[ Info: time: 274 days, iteration: 19728, Δt: 20 minutes,max|u|: (2.02e+00, 1.76e+00, 5.72e-03) m s⁻¹, extrema(T): (30.99, -1.93) ᵒC, extrema(S): (39.75, 14.39) g/kg, extrema(η): (1.38, -2.44) m, wall time: 11.866 seconds 
[ Info: time: 275 days, iteration: 19800, Δt: 20 minutes,max|u|: (2.01e+00, 1.48e+00, 5.74e-03) m s⁻¹, extrema(T): (30.94, -1.93) ᵒC, extrema(S): (39.75, 14.61) g/kg, extrema(η): (4.49, -2.42) m, wall time: 11.910 seconds 
[ Info: time: 276 days, iteration: 19872, Δt: 20 minutes,max|u|: (1.78e+00, 2.19e+00, 5.74e-03) m s⁻¹, extrema(T): (30.93, -1.94) ᵒC, extrema(S): (39.76, 14.97) g/kg, extrema(η): (2.69, -2.36) m, wall time: 11.950 seconds 
[ Info: time: 277 days, iteration: 19944, Δt: 20 minutes,max|u|: (1.72e+00, 2.28e+00, 5.74e-03) m s⁻¹, extrema(T): (30.91, -1.94) ᵒC, extrema(S): (39.76, 15.59) g/kg, extrema(η): (2.19, -2.44) m, wall time: 11.884 seconds 
[ Info: time: 278 days, iteration: 20016, Δt: 20 minutes,max|u|: (1.70e+00, 1.69e+00, 5.71e-03) m s⁻¹, extrema(T): (30.94, -1.94) ᵒC, extrema(S): (39.76, 17.18) g/kg, extrema(η): (1.97, -3.58) m, wall time: 13.021 seconds 
[ Info: time: 279 days, iteration: 20088, Δt: 20 minutes,max|u|: (1.91e+00, 1.73e+00, 5.72e-03) m s⁻¹, extrema(T): (31.00, -1.94) ᵒC, extrema(S): (39.77, 17.69) g/kg, extrema(η): (2.05, -2.38) m, wall time: 11.806 seconds 
[ Info: time: 280 days, iteration: 20160, Δt: 20 minutes,max|u|: (1.44e+00, 1.46e+00, 5.71e-03) m s⁻¹, extrema(T): (30.94, -1.94) ᵒC, extrema(S): (39.78, 17.92) g/kg, extrema(η): (4.32, -2.31) m, wall time: 11.846 seconds 
[ Info: time: 281 days, iteration: 20232, Δt: 20 minutes,max|u|: (1.52e+00, 1.46e+00, 5.69e-03) m s⁻¹, extrema(T): (30.95, -1.94) ᵒC, extrema(S): (39.77, 17.74) g/kg, extrema(η): (3.95, -2.36) m, wall time: 11.820 seconds 
[ Info: time: 282 days, iteration: 20304, Δt: 20 minutes,max|u|: (1.75e+00, 2.15e+00, 5.71e-03) m s⁻¹, extrema(T): (30.93, -1.94) ᵒC, extrema(S): (39.78, 17.63) g/kg, extrema(η): (3.27, -2.19) m, wall time: 11.984 seconds 
[ Info: time: 283 days, iteration: 20376, Δt: 20 minutes,max|u|: (1.64e+00, 1.50e+00, 5.73e-03) m s⁻¹, extrema(T): (30.99, -1.94) ᵒC, extrema(S): (39.78, 17.70) g/kg, extrema(η): (3.48, -3.60) m, wall time: 11.847 seconds 
[ Info: time: 284 days, iteration: 20448, Δt: 20 minutes,max|u|: (1.58e+00, 1.50e+00, 5.73e-03) m s⁻¹, extrema(T): (31.03, -1.94) ᵒC, extrema(S): (39.78, 17.52) g/kg, extrema(η): (3.55, -2.10) m, wall time: 11.909 seconds 
[ Info: time: 285 days, iteration: 20520, Δt: 20 minutes,max|u|: (1.93e+00, 1.69e+00, 5.77e-03) m s⁻¹, extrema(T): (31.03, -1.94) ᵒC, extrema(S): (39.79, 16.31) g/kg, extrema(η): (3.43, -2.34) m, wall time: 17.546 seconds 
[ Info: time: 286 days, iteration: 20592, Δt: 20 minutes,max|u|: (1.57e+00, 1.49e+00, 5.76e-03) m s⁻¹, extrema(T): (31.11, -1.94) ᵒC, extrema(S): (39.80, 16.56) g/kg, extrema(η): (4.44, -2.37) m, wall time: 11.980 seconds 
[ Info: time: 287 days, iteration: 20664, Δt: 20 minutes,max|u|: (1.62e+00, 1.59e+00, 5.77e-03) m s⁻¹, extrema(T): (31.09, -1.94) ᵒC, extrema(S): (39.82, 17.18) g/kg, extrema(η): (2.83, -2.21) m, wall time: 11.866 seconds 
[ Info: time: 288 days, iteration: 20736, Δt: 20 minutes,max|u|: (1.61e+00, 1.48e+00, 5.77e-03) m s⁻¹, extrema(T): (31.07, -1.94) ᵒC, extrema(S): (39.83, 17.48) g/kg, extrema(η): (2.47, -2.91) m, wall time: 11.851 seconds 
[ Info: time: 289 days, iteration: 20808, Δt: 20 minutes,max|u|: (1.49e+00, 1.48e+00, 5.79e-03) m s⁻¹, extrema(T): (31.14, -1.94) ᵒC, extrema(S): (39.84, 17.42) g/kg, extrema(η): (2.09, -2.21) m, wall time: 11.829 seconds 
[ Info: time: 290 days, iteration: 20880, Δt: 20 minutes,max|u|: (1.53e+00, 2.11e+00, 5.78e-03) m s⁻¹, extrema(T): (31.10, -1.95) ᵒC, extrema(S): (39.86, 17.65) g/kg, extrema(η): (1.99, -2.02) m, wall time: 11.866 seconds 
[ Info: time: 291 days, iteration: 20952, Δt: 20 minutes,max|u|: (2.48e+00, 1.93e+00, 5.81e-03) m s⁻¹, extrema(T): (31.09, -1.94) ᵒC, extrema(S): (39.87, 17.93) g/kg, extrema(η): (4.51, -2.00) m, wall time: 11.933 seconds 
[ Info: time: 292 days, iteration: 21024, Δt: 20 minutes,max|u|: (1.62e+00, 1.51e+00, 5.82e-03) m s⁻¹, extrema(T): (31.12, -1.94) ᵒC, extrema(S): (39.87, 18.19) g/kg, extrema(η): (2.44, -2.18) m, wall time: 11.859 seconds 
[ Info: time: 293 days, iteration: 21096, Δt: 20 minutes,max|u|: (1.44e+00, 1.46e+00, 5.82e-03) m s⁻¹, extrema(T): (31.16, -1.94) ᵒC, extrema(S): (39.86, 18.22) g/kg, extrema(η): (1.48, -2.20) m, wall time: 11.857 seconds 
[ Info: time: 294 days, iteration: 21168, Δt: 20 minutes,max|u|: (1.70e+00, 1.48e+00, 5.78e-03) m s⁻¹, extrema(T): (31.16, -1.94) ᵒC, extrema(S): (39.86, 18.20) g/kg, extrema(η): (1.34, -2.97) m, wall time: 11.881 seconds 
[ Info: time: 295 days, iteration: 21240, Δt: 20 minutes,max|u|: (1.43e+00, 1.67e+00, 5.79e-03) m s⁻¹, extrema(T): (31.19, -1.94) ᵒC, extrema(S): (39.85, 17.90) g/kg, extrema(η): (1.34, -2.25) m, wall time: 11.796 seconds 
[ Info: time: 296 days, iteration: 21312, Δt: 20 minutes,max|u|: (1.45e+00, 2.58e+00, 5.82e-03) m s⁻¹, extrema(T): (31.23, -1.93) ᵒC, extrema(S): (39.84, 17.55) g/kg, extrema(η): (4.44, -2.13) m, wall time: 11.916 seconds 
[ Info: time: 297 days, iteration: 21384, Δt: 20 minutes,max|u|: (1.74e+00, 1.52e+00, 5.81e-03) m s⁻¹, extrema(T): (31.27, -1.93) ᵒC, extrema(S): (39.83, 18.07) g/kg, extrema(η): (3.87, -2.09) m, wall time: 11.877 seconds 
[ Info: time: 298 days, iteration: 21456, Δt: 20 minutes,max|u|: (1.60e+00, 1.90e+00, 5.81e-03) m s⁻¹, extrema(T): (31.32, -1.94) ᵒC, extrema(S): (39.80, 17.17) g/kg, extrema(η): (1.37, -2.27) m, wall time: 22.878 seconds 
[ Info: time: 299 days, iteration: 21528, Δt: 20 minutes,max|u|: (1.89e+00, 2.62e+00, 5.83e-03) m s⁻¹, extrema(T): (31.35, -1.93) ᵒC, extrema(S): (39.79, 16.93) g/kg, extrema(η): (1.35, -3.26) m, wall time: 11.834 seconds 
[ Info: time: 300 days, iteration: 21600, Δt: 20 minutes,max|u|: (1.93e+00, 1.99e+00, 5.82e-03) m s⁻¹, extrema(T): (31.39, -1.94) ᵒC, extrema(S): (39.79, 17.98) g/kg, extrema(η): (1.32, -2.15) m, wall time: 11.788 seconds 
[ Info: time: 301 days, iteration: 21672, Δt: 20 minutes,max|u|: (1.66e+00, 1.55e+00, 5.81e-03) m s⁻¹, extrema(T): (31.44, -1.94) ᵒC, extrema(S): (39.78, 18.43) g/kg, extrema(η): (3.27, -2.19) m, wall time: 11.833 seconds 
[ Info: time: 302 days, iteration: 21744, Δt: 20 minutes,max|u|: (1.64e+00, 1.46e+00, 5.79e-03) m s⁻¹, extrema(T): (31.48, -1.94) ᵒC, extrema(S): (39.78, 18.72) g/kg, extrema(η): (4.13, -2.06) m, wall time: 11.904 seconds 
[ Info: time: 303 days, iteration: 21816, Δt: 20 minutes,max|u|: (1.60e+00, 1.65e+00, 5.79e-03) m s⁻¹, extrema(T): (31.52, -1.94) ᵒC, extrema(S): (39.77, 18.86) g/kg, extrema(η): (1.56, -2.08) m, wall time: 11.867 seconds 
[ Info: time: 304 days, iteration: 21888, Δt: 20 minutes,max|u|: (1.53e+00, 1.46e+00, 5.78e-03) m s⁻¹, extrema(T): (31.56, -1.94) ᵒC, extrema(S): (39.77, 18.93) g/kg, extrema(η): (2.22, -2.96) m, wall time: 11.747 seconds 
[ Info: time: 305 days, iteration: 21960, Δt: 20 minutes,max|u|: (1.44e+00, 1.92e+00, 5.78e-03) m s⁻¹, extrema(T): (31.59, -1.94) ᵒC, extrema(S): (39.76, 18.98) g/kg, extrema(η): (2.83, -2.36) m, wall time: 11.811 seconds 
[ Info: time: 306 days, iteration: 22032, Δt: 20 minutes,max|u|: (1.34e+00, 1.70e+00, 5.78e-03) m s⁻¹, extrema(T): (31.60, -1.94) ᵒC, extrema(S): (39.76, 19.01) g/kg, extrema(η): (3.27, -2.20) m, wall time: 11.813 seconds 
[ Info: time: 307 days, iteration: 22104, Δt: 20 minutes,max|u|: (1.37e+00, 1.51e+00, 5.81e-03) m s⁻¹, extrema(T): (31.60, -1.94) ᵒC, extrema(S): (39.76, 18.21) g/kg, extrema(η): (4.28, -2.04) m, wall time: 11.964 seconds 
[ Info: time: 308 days, iteration: 22176, Δt: 20 minutes,max|u|: (1.47e+00, 1.43e+00, 5.82e-03) m s⁻¹, extrema(T): (31.57, -1.94) ᵒC, extrema(S): (39.75, 17.55) g/kg, extrema(η): (3.54, -2.09) m, wall time: 11.889 seconds 
[ Info: time: 309 days, iteration: 22248, Δt: 20 minutes,max|u|: (1.52e+00, 1.43e+00, 5.83e-03) m s⁻¹, extrema(T): (31.52, -1.94) ᵒC, extrema(S): (39.76, 17.67) g/kg, extrema(η): (3.48, -2.08) m, wall time: 12.999 seconds 
[ Info: time: 310 days, iteration: 22320, Δt: 20 minutes,max|u|: (1.43e+00, 1.44e+00, 5.91e-03) m s⁻¹, extrema(T): (31.45, -1.94) ᵒC, extrema(S): (39.76, 18.96) g/kg, extrema(η): (3.39, -3.01) m, wall time: 17.550 seconds 
[ Info: time: 311 days, iteration: 22392, Δt: 20 minutes,max|u|: (1.54e+00, 1.65e+00, 5.89e-03) m s⁻¹, extrema(T): (31.39, -1.94) ᵒC, extrema(S): (39.76, 19.20) g/kg, extrema(η): (2.99, -2.09) m, wall time: 11.929 seconds 
[ Info: time: 312 days, iteration: 22464, Δt: 20 minutes,max|u|: (1.41e+00, 2.07e+00, 5.92e-03) m s⁻¹, extrema(T): (31.32, -1.93) ᵒC, extrema(S): (39.75, 19.22) g/kg, extrema(η): (4.14, -2.16) m, wall time: 11.824 seconds 
[ Info: time: 313 days, iteration: 22536, Δt: 20 minutes,max|u|: (1.74e+00, 1.45e+00, 5.87e-03) m s⁻¹, extrema(T): (31.27, -1.93) ᵒC, extrema(S): (39.71, 19.04) g/kg, extrema(η): (2.11, -2.31) m, wall time: 11.905 seconds 
[ Info: time: 314 days, iteration: 22608, Δt: 20 minutes,max|u|: (1.69e+00, 1.83e+00, 5.87e-03) m s⁻¹, extrema(T): (31.21, -1.92) ᵒC, extrema(S): (39.71, 18.98) g/kg, extrema(η): (1.64, -2.25) m, wall time: 11.816 seconds 
[ Info: time: 315 days, iteration: 22680, Δt: 20 minutes,max|u|: (2.33e+00, 3.56e+00, 5.87e-03) m s⁻¹, extrema(T): (30.99, -1.91) ᵒC, extrema(S): (39.70, 19.35) g/kg, extrema(η): (3.04, -2.29) m, wall time: 11.916 seconds 
[ Info: time: 316 days, iteration: 22752, Δt: 20 minutes,max|u|: (2.00e+00, 2.56e+00, 5.84e-03) m s⁻¹, extrema(T): (31.00, -1.91) ᵒC, extrema(S): (39.70, 19.34) g/kg, extrema(η): (2.16, -2.15) m, wall time: 11.885 seconds 
[ Info: time: 317 days, iteration: 22824, Δt: 20 minutes,max|u|: (1.73e+00, 1.52e+00, 5.87e-03) m s⁻¹, extrema(T): (31.02, -1.88) ᵒC, extrema(S): (39.70, 19.42) g/kg, extrema(η): (4.27, -2.14) m, wall time: 11.903 seconds 
[ Info: time: 318 days, iteration: 22896, Δt: 20 minutes,max|u|: (1.74e+00, 1.47e+00, 5.88e-03) m s⁻¹, extrema(T): (31.04, -1.88) ᵒC, extrema(S): (39.70, 19.48) g/kg, extrema(η): (2.24, -2.26) m, wall time: 11.771 seconds 
[ Info: time: 319 days, iteration: 22968, Δt: 20 minutes,max|u|: (1.51e+00, 1.96e+00, 5.93e-03) m s⁻¹, extrema(T): (31.10, -1.88) ᵒC, extrema(S): (39.69, 19.37) g/kg, extrema(η): (1.33, -2.17) m, wall time: 11.917 seconds 
[ Info: time: 320 days, iteration: 23040, Δt: 20 minutes,max|u|: (2.37e+00, 1.64e+00, 5.96e-03) m s⁻¹, extrema(T): (31.02, -1.88) ᵒC, extrema(S): (39.69, 19.22) g/kg, extrema(η): (1.26, -3.02) m, wall time: 11.808 seconds 
[ Info: time: 321 days, iteration: 23112, Δt: 20 minutes,max|u|: (2.66e+00, 1.90e+00, 6.01e-03) m s⁻¹, extrema(T): (31.03, -1.88) ᵒC, extrema(S): (39.70, 19.09) g/kg, extrema(η): (1.34, -2.25) m, wall time: 11.821 seconds 
[ Info: time: 322 days, iteration: 23184, Δt: 20 minutes,max|u|: (1.74e+00, 1.49e+00, 6.08e-03) m s⁻¹, extrema(T): (31.04, -1.90) ᵒC, extrema(S): (39.71, 18.99) g/kg, extrema(η): (4.02, -2.12) m, wall time: 17.794 seconds 
[ Info: time: 323 days, iteration: 23256, Δt: 20 minutes,max|u|: (2.86e+00, 2.70e+00, 6.11e-03) m s⁻¹, extrema(T): (31.03, -1.92) ᵒC, extrema(S): (39.71, 18.90) g/kg, extrema(η): (3.22, -2.08) m, wall time: 11.962 seconds 
[ Info: time: 324 days, iteration: 23328, Δt: 20 minutes,max|u|: (2.10e+00, 1.51e+00, 6.09e-03) m s⁻¹, extrema(T): (31.04, -1.90) ᵒC, extrema(S): (39.71, 18.84) g/kg, extrema(η): (1.55, -2.05) m, wall time: 11.832 seconds 
[ Info: time: 325 days, iteration: 23400, Δt: 20 minutes,max|u|: (2.04e+00, 1.79e+00, 6.07e-03) m s⁻¹, extrema(T): (31.06, -1.91) ᵒC, extrema(S): (39.71, 18.80) g/kg, extrema(η): (1.50, -3.48) m, wall time: 11.848 seconds 
[ Info: time: 326 days, iteration: 23472, Δt: 20 minutes,max|u|: (1.80e+00, 2.29e+00, 6.03e-03) m s⁻¹, extrema(T): (31.07, -1.88) ᵒC, extrema(S): (39.71, 18.78) g/kg, extrema(η): (1.48, -2.55) m, wall time: 11.865 seconds 
[ Info: time: 327 days, iteration: 23544, Δt: 20 minutes,max|u|: (1.98e+00, 1.66e+00, 5.98e-03) m s⁻¹, extrema(T): (31.09, -1.85) ᵒC, extrema(S): (39.71, 18.77) g/kg, extrema(η): (3.73, -2.31) m, wall time: 11.934 seconds 
[ Info: time: 328 days, iteration: 23616, Δt: 20 minutes,max|u|: (1.83e+00, 1.67e+00, 6.02e-03) m s⁻¹, extrema(T): (31.16, -1.86) ᵒC, extrema(S): (39.71, 18.72) g/kg, extrema(η): (3.29, -2.12) m, wall time: 11.837 seconds 
[ Info: time: 329 days, iteration: 23688, Δt: 20 minutes,max|u|: (2.42e+00, 2.77e+00, 6.07e-03) m s⁻¹, extrema(T): (31.25, -1.90) ᵒC, extrema(S): (39.71, 18.68) g/kg, extrema(η): (2.81, -2.09) m, wall time: 11.822 seconds 
[ Info: time: 330 days, iteration: 23760, Δt: 20 minutes,max|u|: (1.69e+00, 2.11e+00, 6.09e-03) m s⁻¹, extrema(T): (31.23, -1.88) ᵒC, extrema(S): (39.71, 18.73) g/kg, extrema(η): (2.89, -2.99) m, wall time: 11.867 seconds 
[ Info: time: 331 days, iteration: 23832, Δt: 20 minutes,max|u|: (2.23e+00, 1.97e+00, 6.09e-03) m s⁻¹, extrema(T): (31.23, -1.90) ᵒC, extrema(S): (39.70, 18.76) g/kg, extrema(η): (3.18, -2.20) m, wall time: 11.866 seconds 
[ Info: time: 332 days, iteration: 23904, Δt: 20 minutes,max|u|: (1.96e+00, 1.62e+00, 6.12e-03) m s⁻¹, extrema(T): (31.24, -1.89) ᵒC, extrema(S): (39.70, 18.73) g/kg, extrema(η): (3.31, -2.05) m, wall time: 11.735 seconds 
[ Info: time: 333 days, iteration: 23976, Δt: 20 minutes,max|u|: (1.48e+00, 2.09e+00, 6.10e-03) m s⁻¹, extrema(T): (31.36, -1.90) ᵒC, extrema(S): (39.70, 18.70) g/kg, extrema(η): (3.22, -2.12) m, wall time: 11.764 seconds 
[ Info: time: 334 days, iteration: 24048, Δt: 20 minutes,max|u|: (1.49e+00, 2.23e+00, 6.13e-03) m s⁻¹, extrema(T): (31.40, -1.91) ᵒC, extrema(S): (39.70, 18.79) g/kg, extrema(η): (3.07, -2.30) m, wall time: 11.777 seconds 
[ Info: time: 335 days, iteration: 24120, Δt: 20 minutes,max|u|: (4.55e+00, 2.02e+00, 6.15e-03) m s⁻¹, extrema(T): (31.44, -1.91) ᵒC, extrema(S): (39.71, 18.84) g/kg, extrema(η): (2.83, -2.70) m, wall time: 17.578 seconds 
[ Info: time: 336 days, iteration: 24192, Δt: 20 minutes,max|u|: (1.66e+00, 2.28e+00, 6.08e-03) m s⁻¹, extrema(T): (31.42, -1.92) ᵒC, extrema(S): (39.71, 19.13) g/kg, extrema(η): (2.48, -2.11) m, wall time: 11.838 seconds 
[ Info: time: 337 days, iteration: 24264, Δt: 20 minutes,max|u|: (1.65e+00, 2.17e+00, 6.11e-03) m s⁻¹, extrema(T): (31.39, -1.90) ᵒC, extrema(S): (39.71, 19.30) g/kg, extrema(η): (3.90, -2.06) m, wall time: 11.906 seconds 
[ Info: time: 338 days, iteration: 24336, Δt: 20 minutes,max|u|: (1.96e+00, 2.24e+00, 6.10e-03) m s⁻¹, extrema(T): (31.30, -1.88) ᵒC, extrema(S): (39.69, 19.31) g/kg, extrema(η): (3.50, -2.13) m, wall time: 11.945 seconds 
[ Info: time: 339 days, iteration: 24408, Δt: 20 minutes,max|u|: (2.44e+00, 2.26e+00, 6.08e-03) m s⁻¹, extrema(T): (31.30, -1.87) ᵒC, extrema(S): (39.68, 19.30) g/kg, extrema(η): (1.62, -2.10) m, wall time: 11.821 seconds 
[ Info: time: 340 days, iteration: 24480, Δt: 20 minutes,max|u|: (1.94e+00, 2.41e+00, 6.03e-03) m s⁻¹, extrema(T): (31.35, -1.86) ᵒC, extrema(S): (39.67, 19.32) g/kg, extrema(η): (1.46, -2.97) m, wall time: 12.929 seconds 
[ Info: time: 341 days, iteration: 24552, Δt: 20 minutes,max|u|: (2.05e+00, 2.32e+00, 6.06e-03) m s⁻¹, extrema(T): (31.42, -1.92) ᵒC, extrema(S): (39.67, 19.31) g/kg, extrema(η): (1.74, -2.04) m, wall time: 11.901 seconds 
[ Info: time: 342 days, iteration: 24624, Δt: 20 minutes,max|u|: (1.90e+00, 2.18e+00, 6.05e-03) m s⁻¹, extrema(T): (31.45, -1.91) ᵒC, extrema(S): (39.67, 19.31) g/kg, extrema(η): (3.35, -2.14) m, wall time: 11.833 seconds 
[ Info: time: 343 days, iteration: 24696, Δt: 20 minutes,max|u|: (1.81e+00, 2.79e+00, 6.07e-03) m s⁻¹, extrema(T): (31.54, -1.89) ᵒC, extrema(S): (39.67, 19.43) g/kg, extrema(η): (4.11, -2.04) m, wall time: 11.984 seconds 
[ Info: time: 344 days, iteration: 24768, Δt: 20 minutes,max|u|: (1.72e+00, 2.05e+00, 5.99e-03) m s⁻¹, extrema(T): (31.61, -1.89) ᵒC, extrema(S): (39.66, 19.52) g/kg, extrema(η): (2.54, -2.08) m, wall time: 11.835 seconds 
[ Info: time: 345 days, iteration: 24840, Δt: 20 minutes,max|u|: (1.74e+00, 1.87e+00, 5.99e-03) m s⁻¹, extrema(T): (31.56, -1.87) ᵒC, extrema(S): (39.67, 19.59) g/kg, extrema(η): (1.33, -2.80) m, wall time: 11.834 seconds 
[ Info: time: 346 days, iteration: 24912, Δt: 20 minutes,max|u|: (2.02e+00, 2.23e+00, 6.01e-03) m s⁻¹, extrema(T): (31.48, -1.88) ᵒC, extrema(S): (39.68, 19.65) g/kg, extrema(η): (3.27, -2.22) m, wall time: 11.813 seconds 
[ Info: time: 347 days, iteration: 24984, Δt: 20 minutes,max|u|: (1.99e+00, 1.58e+00, 5.86e-03) m s⁻¹, extrema(T): (31.45, -1.91) ᵒC, extrema(S): (39.67, 19.67) g/kg, extrema(η): (1.84, -2.14) m, wall time: 17.509 seconds 
[ Info: time: 348 days, iteration: 25056, Δt: 20 minutes,max|u|: (1.68e+00, 1.58e+00, 5.86e-03) m s⁻¹, extrema(T): (31.44, -1.91) ᵒC, extrema(S): (39.66, 19.72) g/kg, extrema(η): (4.21, -2.05) m, wall time: 11.783 seconds 
[ Info: time: 349 days, iteration: 25128, Δt: 20 minutes,max|u|: (1.75e+00, 2.70e+00, 5.83e-03) m s⁻¹, extrema(T): (31.38, -1.90) ᵒC, extrema(S): (39.66, 19.83) g/kg, extrema(η): (2.76, -2.02) m, wall time: 11.800 seconds 
[ Info: time: 350 days, iteration: 25200, Δt: 20 minutes,max|u|: (1.71e+00, 1.49e+00, 5.83e-03) m s⁻¹, extrema(T): (31.31, -1.91) ᵒC, extrema(S): (39.66, 19.90) g/kg, extrema(η): (1.25, -2.53) m, wall time: 11.827 seconds 
[ Info: time: 351 days, iteration: 25272, Δt: 20 minutes,max|u|: (1.73e+00, 1.66e+00, 5.85e-03) m s⁻¹, extrema(T): (31.27, -1.90) ᵒC, extrema(S): (39.66, 19.95) g/kg, extrema(η): (1.33, -2.61) m, wall time: 11.851 seconds 
[ Info: time: 352 days, iteration: 25344, Δt: 20 minutes,max|u|: (1.84e+00, 1.87e+00, 5.77e-03) m s⁻¹, extrema(T): (31.15, -1.90) ᵒC, extrema(S): (39.66, 20.01) g/kg, extrema(η): (1.62, -2.15) m, wall time: 11.846 seconds 
[ Info: time: 353 days, iteration: 25416, Δt: 20 minutes,max|u|: (1.92e+00, 1.54e+00, 5.86e-03) m s⁻¹, extrema(T): (31.07, -1.90) ᵒC, extrema(S): (39.66, 20.08) g/kg, extrema(η): (3.75, -2.20) m, wall time: 11.862 seconds 
[ Info: time: 354 days, iteration: 25488, Δt: 20 minutes,max|u|: (1.92e+00, 1.67e+00, 5.81e-03) m s⁻¹, extrema(T): (31.14, -1.90) ᵒC, extrema(S): (39.65, 20.12) g/kg, extrema(η): (2.56, -2.15) m, wall time: 11.763 seconds 
[ Info: time: 355 days, iteration: 25560, Δt: 20 minutes,max|u|: (1.91e+00, 1.69e+00, 5.82e-03) m s⁻¹, extrema(T): (31.18, -1.89) ᵒC, extrema(S): (39.65, 20.10) g/kg, extrema(η): (2.96, -2.29) m, wall time: 11.902 seconds 
[ Info: time: 356 days, iteration: 25632, Δt: 20 minutes,max|u|: (1.92e+00, 1.96e+00, 5.84e-03) m s⁻¹, extrema(T): (31.13, -1.89) ᵒC, extrema(S): (39.66, 20.09) g/kg, extrema(η): (3.15, -3.44) m, wall time: 11.870 seconds 
[ Info: time: 357 days, iteration: 25704, Δt: 20 minutes,max|u|: (1.91e+00, 2.20e+00, 5.73e-03) m s⁻¹, extrema(T): (31.08, -1.89) ᵒC, extrema(S): (39.66, 20.07) g/kg, extrema(η): (3.15, -2.25) m, wall time: 11.924 seconds 
[ Info: time: 358 days, iteration: 25776, Δt: 20 minutes,max|u|: (1.96e+00, 2.33e+00, 5.81e-03) m s⁻¹, extrema(T): (31.27, -1.89) ᵒC, extrema(S): (39.66, 20.04) g/kg, extrema(η): (3.90, -2.02) m, wall time: 11.979 seconds 
[ Info: time: 359 days, iteration: 25848, Δt: 20 minutes,max|u|: (1.92e+00, 2.38e+00, 5.73e-03) m s⁻¹, extrema(T): (31.45, -1.89) ᵒC, extrema(S): (39.66, 20.02) g/kg, extrema(η): (3.41, -3.18) m, wall time: 18.862 seconds 
[ Info: time: 360 days, iteration: 25920, Δt: 20 minutes,max|u|: (1.91e+00, 2.30e+00, 5.74e-03) m s⁻¹, extrema(T): (31.55, -1.91) ᵒC, extrema(S): (39.67, 20.07) g/kg, extrema(η): (2.39, -2.19) m, wall time: 11.841 seconds 
[ Info: time: 361 days, iteration: 25992, Δt: 20 minutes,max|u|: (1.85e+00, 2.26e+00, 5.82e-03) m s⁻¹, extrema(T): (31.61, -1.91) ᵒC, extrema(S): (39.67, 19.99) g/kg, extrema(η): (2.11, -3.95) m, wall time: 11.850 seconds 
[ Info: time: 362 days, iteration: 26064, Δt: 20 minutes,max|u|: (1.85e+00, 2.16e+00, 5.85e-03) m s⁻¹, extrema(T): (31.65, -1.91) ᵒC, extrema(S): (39.67, 19.90) g/kg, extrema(η): (1.74, -3.11) m, wall time: 11.978 seconds 
[ Info: time: 363 days, iteration: 26136, Δt: 20 minutes,max|u|: (1.83e+00, 1.99e+00, 5.92e-03) m s⁻¹, extrema(T): (31.60, -1.91) ᵒC, extrema(S): (39.68, 19.80) g/kg, extrema(η): (3.83, -2.31) m, wall time: 11.901 seconds 
[ Info: time: 364 days, iteration: 26208, Δt: 20 minutes,max|u|: (1.80e+00, 1.90e+00, 5.95e-03) m s⁻¹, extrema(T): (31.75, -1.92) ᵒC, extrema(S): (39.68, 19.73) g/kg, extrema(η): (3.78, -2.38) m, wall time: 11.926 seconds 
[ Info: time: 365 days, iteration: 26280, Δt: 20 minutes,max|u|: (1.77e+00, 1.75e+00, 6.03e-03) m s⁻¹, extrema(T): (31.81, -1.93) ᵒC, extrema(S): (39.68, 19.81) g/kg, extrema(η): (1.29, -2.20) m, wall time: 11.882 seconds 
[ Info: time: 366 days, iteration: 26352, Δt: 20 minutes,max|u|: (2.20e+00, 2.59e+00, 6.01e-03) m s⁻¹, extrema(T): (31.70, -1.93) ᵒC, extrema(S): (39.69, 19.75) g/kg, extrema(η): (1.40, -3.56) m, wall time: 11.916 seconds 
[ Info: time: 367 days, iteration: 26424, Δt: 20 minutes,max|u|: (2.03e+00, 1.72e+00, 6.03e-03) m s⁻¹, extrema(T): (31.68, -1.94) ᵒC, extrema(S): (39.69, 19.67) g/kg, extrema(η): (1.32, -2.26) m, wall time: 11.856 seconds 
[ Info: time: 368 days, iteration: 26496, Δt: 20 minutes,max|u|: (1.88e+00, 1.72e+00, 6.05e-03) m s⁻¹, extrema(T): (31.72, -1.94) ᵒC, extrema(S): (39.69, 19.57) g/kg, extrema(η): (2.69, -2.12) m, wall time: 11.737 seconds 
[ Info: time: 369 days, iteration: 26568, Δt: 20 minutes,max|u|: (1.88e+00, 1.66e+00, 6.12e-03) m s⁻¹, extrema(T): (31.65, -1.94) ᵒC, extrema(S): (39.68, 19.52) g/kg, extrema(η): (3.67, -2.15) m, wall time: 11.900 seconds 
[ Info: time: 370 days, iteration: 26640, Δt: 20 minutes,max|u|: (1.82e+00, 1.79e+00, 6.17e-03) m s⁻¹, extrema(T): (31.67, -1.94) ᵒC, extrema(S): (39.66, 19.47) g/kg, extrema(η): (1.31, -2.18) m, wall time: 11.790 seconds 
[ Info: time: 371 days, iteration: 26712, Δt: 20 minutes,max|u|: (1.74e+00, 1.84e+00, 6.09e-03) m s⁻¹, extrema(T): (31.59, -1.93) ᵒC, extrema(S): (39.64, 19.43) g/kg, extrema(η): (1.26, -3.47) m, wall time: 13.047 seconds 
[ Info: time: 372 days, iteration: 26784, Δt: 20 minutes,max|u|: (1.66e+00, 2.06e+00, 6.10e-03) m s⁻¹, extrema(T): (31.39, -1.93) ᵒC, extrema(S): (39.63, 19.44) g/kg, extrema(η): (1.20, -2.25) m, wall time: 17.127 seconds 
[ Info: time: 373 days, iteration: 26856, Δt: 20 minutes,max|u|: (1.87e+00, 2.05e+00, 6.11e-03) m s⁻¹, extrema(T): (31.29, -1.94) ᵒC, extrema(S): (39.62, 19.38) g/kg, extrema(η): (2.14, -2.33) m, wall time: 11.803 seconds 
[ Info: time: 374 days, iteration: 26928, Δt: 20 minutes,max|u|: (1.84e+00, 2.20e+00, 6.10e-03) m s⁻¹, extrema(T): (31.21, -1.94) ᵒC, extrema(S): (39.62, 19.30) g/kg, extrema(η): (4.21, -1.97) m, wall time: 12.174 seconds 
[ Info: time: 375 days, iteration: 27000, Δt: 20 minutes,max|u|: (1.50e+00, 2.14e+00, 6.14e-03) m s⁻¹, extrema(T): (31.17, -1.95) ᵒC, extrema(S): (39.62, 19.24) g/kg, extrema(η): (1.41, -2.29) m, wall time: 11.836 seconds 
[ Info: time: 376 days, iteration: 27072, Δt: 20 minutes,max|u|: (2.31e+00, 3.36e+00, 6.12e-03) m s⁻¹, extrema(T): (31.18, -1.94) ᵒC, extrema(S): (39.62, 19.22) g/kg, extrema(η): (1.59, -2.45) m, wall time: 11.770 seconds 
[ Info: time: 377 days, iteration: 27144, Δt: 20 minutes,max|u|: (1.48e+00, 1.96e+00, 6.12e-03) m s⁻¹, extrema(T): (31.19, -1.95) ᵒC, extrema(S): (39.62, 19.19) g/kg, extrema(η): (2.31, -2.34) m, wall time: 11.854 seconds 
[ Info: time: 378 days, iteration: 27216, Δt: 20 minutes,max|u|: (1.49e+00, 1.93e+00, 6.13e-03) m s⁻¹, extrema(T): (31.20, -1.94) ᵒC, extrema(S): (39.62, 19.15) g/kg, extrema(η): (2.80, -2.18) m, wall time: 11.979 seconds 
[ Info: time: 379 days, iteration: 27288, Δt: 20 minutes,max|u|: (1.67e+00, 2.05e+00, 6.10e-03) m s⁻¹, extrema(T): (31.13, -1.94) ᵒC, extrema(S): (39.63, 19.15) g/kg, extrema(η): (4.19, -2.22) m, wall time: 11.863 seconds 
[ Info: time: 380 days, iteration: 27360, Δt: 20 minutes,max|u|: (1.82e+00, 2.08e+00, 6.10e-03) m s⁻¹, extrema(T): (31.20, -1.94) ᵒC, extrema(S): (39.63, 19.15) g/kg, extrema(η): (3.30, -2.23) m, wall time: 11.774 seconds 
[ Info: time: 381 days, iteration: 27432, Δt: 20 minutes,max|u|: (1.74e+00, 2.13e+00, 6.12e-03) m s⁻¹, extrema(T): (31.21, -1.94) ᵒC, extrema(S): (39.63, 19.20) g/kg, extrema(η): (3.37, -2.34) m, wall time: 11.830 seconds 
[ Info: time: 382 days, iteration: 27504, Δt: 20 minutes,max|u|: (1.52e+00, 2.07e+00, 6.16e-03) m s⁻¹, extrema(T): (31.15, -1.94) ᵒC, extrema(S): (39.62, 19.22) g/kg, extrema(η): (3.16, -2.26) m, wall time: 11.872 seconds 
[ Info: time: 383 days, iteration: 27576, Δt: 20 minutes,max|u|: (2.11e+00, 2.15e+00, 6.15e-03) m s⁻¹, extrema(T): (31.17, -1.94) ᵒC, extrema(S): (39.62, 19.22) g/kg, extrema(η): (2.90, -2.09) m, wall time: 11.787 seconds 
[ Info: time: 384 days, iteration: 27648, Δt: 20 minutes,max|u|: (1.67e+00, 2.11e+00, 6.15e-03) m s⁻¹, extrema(T): (31.15, -1.94) ᵒC, extrema(S): (39.62, 19.22) g/kg, extrema(η): (3.76, -2.04) m, wall time: 17.174 seconds 
[ Info: time: 385 days, iteration: 27720, Δt: 20 minutes,max|u|: (1.63e+00, 2.08e+00, 6.13e-03) m s⁻¹, extrema(T): (31.22, -1.95) ᵒC, extrema(S): (39.61, 19.19) g/kg, extrema(η): (3.31, -2.03) m, wall time: 11.993 seconds 
[ Info: time: 386 days, iteration: 27792, Δt: 20 minutes,max|u|: (2.04e+00, 2.06e+00, 6.13e-03) m s⁻¹, extrema(T): (31.16, -1.95) ᵒC, extrema(S): (39.60, 19.18) g/kg, extrema(η): (2.49, -2.05) m, wall time: 11.766 seconds 
[ Info: time: 387 days, iteration: 27864, Δt: 20 minutes,max|u|: (1.58e+00, 2.06e+00, 6.13e-03) m s⁻¹, extrema(T): (31.17, -1.95) ᵒC, extrema(S): (39.59, 19.21) g/kg, extrema(η): (1.38, -3.20) m, wall time: 11.811 seconds 
[ Info: time: 388 days, iteration: 27936, Δt: 20 minutes,max|u|: (1.60e+00, 2.15e+00, 6.12e-03) m s⁻¹, extrema(T): (31.18, -1.96) ᵒC, extrema(S): (39.58, 19.22) g/kg, extrema(η): (1.37, -2.02) m, wall time: 11.987 seconds 
[ Info: time: 389 days, iteration: 28008, Δt: 20 minutes,max|u|: (1.61e+00, 2.26e+00, 6.10e-03) m s⁻¹, extrema(T): (31.21, -1.96) ᵒC, extrema(S): (39.58, 19.27) g/kg, extrema(η): (2.87, -2.05) m, wall time: 11.948 seconds 
[ Info: time: 390 days, iteration: 28080, Δt: 20 minutes,max|u|: (1.60e+00, 2.77e+00, 6.12e-03) m s⁻¹, extrema(T): (31.29, -1.96) ᵒC, extrema(S): (39.58, 19.28) g/kg, extrema(η): (3.82, -2.01) m, wall time: 11.847 seconds 
[ Info: time: 391 days, iteration: 28152, Δt: 20 minutes,max|u|: (1.74e+00, 2.00e+00, 6.12e-03) m s⁻¹, extrema(T): (31.38, -1.96) ᵒC, extrema(S): (39.58, 19.24) g/kg, extrema(η): (1.35, -2.14) m, wall time: 11.853 seconds 
[ Info: time: 392 days, iteration: 28224, Δt: 20 minutes,max|u|: (1.67e+00, 1.94e+00, 6.17e-03) m s⁻¹, extrema(T): (31.41, -1.96) ᵒC, extrema(S): (39.59, 19.20) g/kg, extrema(η): (1.32, -3.56) m, wall time: 11.896 seconds 
[ Info: time: 393 days, iteration: 28296, Δt: 20 minutes,max|u|: (1.93e+00, 2.01e+00, 6.17e-03) m s⁻¹, extrema(T): (31.46, -1.96) ᵒC, extrema(S): (39.59, 19.16) g/kg, extrema(η): (1.35, -2.35) m, wall time: 11.737 seconds 
[ Info: time: 394 days, iteration: 28368, Δt: 20 minutes,max|u|: (1.79e+00, 2.30e+00, 6.17e-03) m s⁻¹, extrema(T): (31.55, -1.96) ᵒC, extrema(S): (39.58, 19.12) g/kg, extrema(η): (2.26, -2.31) m, wall time: 11.832 seconds 
[ Info: time: 395 days, iteration: 28440, Δt: 20 minutes,max|u|: (1.87e+00, 2.24e+00, 6.19e-03) m s⁻¹, extrema(T): (31.57, -1.96) ᵒC, extrema(S): (39.58, 19.10) g/kg, extrema(η): (3.94, -2.05) m, wall time: 11.844 seconds 
[ Info: time: 396 days, iteration: 28512, Δt: 20 minutes,max|u|: (1.97e+00, 2.36e+00, 6.20e-03) m s⁻¹, extrema(T): (31.62, -1.96) ᵒC, extrema(S): (39.57, 19.09) g/kg, extrema(η): (1.40, -2.29) m, wall time: 11.803 seconds 
[ Info: time: 397 days, iteration: 28584, Δt: 20 minutes,max|u|: (2.01e+00, 2.48e+00, 6.20e-03) m s⁻¹, extrema(T): (31.62, -1.96) ᵒC, extrema(S): (39.57, 19.05) g/kg, extrema(η): (1.39, -2.25) m, wall time: 20.889 seconds 
[ Info: time: 398 days, iteration: 28656, Δt: 20 minutes,max|u|: (1.92e+00, 2.71e+00, 6.22e-03) m s⁻¹, extrema(T): (31.61, -1.97) ᵒC, extrema(S): (39.57, 19.01) g/kg, extrema(η): (1.48, -3.11) m, wall time: 11.790 seconds 
[ Info: time: 399 days, iteration: 28728, Δt: 20 minutes,max|u|: (1.86e+00, 2.52e+00, 6.23e-03) m s⁻¹, extrema(T): (31.59, -1.98) ᵒC, extrema(S): (39.57, 18.99) g/kg, extrema(η): (2.39, -2.21) m, wall time: 11.815 seconds 
[ Info: time: 400 days, iteration: 28800, Δt: 20 minutes,max|u|: (1.90e+00, 2.33e+00, 6.24e-03) m s⁻¹, extrema(T): (31.64, -1.97) ᵒC, extrema(S): (39.57, 18.97) g/kg, extrema(η): (4.41, -2.33) m, wall time: 11.757 seconds 
[ Info: time: 401 days, iteration: 28872, Δt: 20 minutes,max|u|: (1.92e+00, 2.35e+00, 6.21e-03) m s⁻¹, extrema(T): (31.67, -1.96) ᵒC, extrema(S): (39.57, 18.96) g/kg, extrema(η): (2.53, -2.35) m, wall time: 11.746 seconds 
[ Info: time: 402 days, iteration: 28944, Δt: 20 minutes,max|u|: (1.87e+00, 2.23e+00, 6.26e-03) m s⁻¹, extrema(T): (31.73, -1.96) ᵒC, extrema(S): (39.56, 19.15) g/kg, extrema(η): (3.00, -2.49) m, wall time: 13.037 seconds 
[ Info: time: 403 days, iteration: 29016, Δt: 20 minutes,max|u|: (1.81e+00, 2.15e+00, 6.28e-03) m s⁻¹, extrema(T): (31.82, -1.95) ᵒC, extrema(S): (39.56, 19.49) g/kg, extrema(η): (3.34, -2.37) m, wall time: 11.931 seconds 
[ Info: time: 404 days, iteration: 29088, Δt: 20 minutes,max|u|: (1.60e+00, 2.55e+00, 6.25e-03) m s⁻¹, extrema(T): (31.79, -1.95) ᵒC, extrema(S): (39.56, 19.60) g/kg, extrema(η): (3.38, -2.21) m, wall time: 11.723 seconds 
[ Info: time: 405 days, iteration: 29160, Δt: 20 minutes,max|u|: (1.54e+00, 2.75e+00, 6.29e-03) m s⁻¹, extrema(T): (31.79, -1.95) ᵒC, extrema(S): (39.56, 19.61) g/kg, extrema(η): (4.20, -2.31) m, wall time: 11.924 seconds 
[ Info: time: 406 days, iteration: 29232, Δt: 20 minutes,max|u|: (1.67e+00, 2.01e+00, 6.33e-03) m s⁻¹, extrema(T): (31.81, -1.95) ᵒC, extrema(S): (39.56, 19.68) g/kg, extrema(η): (2.98, -2.25) m, wall time: 11.867 seconds 
[ Info: time: 407 days, iteration: 29304, Δt: 20 minutes,max|u|: (1.51e+00, 1.94e+00, 6.40e-03) m s⁻¹, extrema(T): (31.83, -1.95) ᵒC, extrema(S): (39.56, 19.70) g/kg, extrema(η): (2.69, -2.27) m, wall time: 11.892 seconds 
[ Info: time: 408 days, iteration: 29376, Δt: 20 minutes,max|u|: (1.52e+00, 1.95e+00, 6.43e-03) m s⁻¹, extrema(T): (31.86, -1.95) ᵒC, extrema(S): (39.56, 19.69) g/kg, extrema(η): (2.26, -2.84) m, wall time: 11.776 seconds 
[ Info: time: 409 days, iteration: 29448, Δt: 20 minutes,max|u|: (1.56e+00, 2.29e+00, 6.37e-03) m s⁻¹, extrema(T): (31.86, -1.95) ᵒC, extrema(S): (39.56, 19.70) g/kg, extrema(η): (1.81, -2.27) m, wall time: 17.011 seconds 
[ Info: time: 410 days, iteration: 29520, Δt: 20 minutes,max|u|: (1.54e+00, 1.98e+00, 6.42e-03) m s⁻¹, extrema(T): (31.91, -1.95) ᵒC, extrema(S): (39.56, 19.67) g/kg, extrema(η): (4.46, -2.24) m, wall time: 11.854 seconds 
[ Info: time: 411 days, iteration: 29592, Δt: 20 minutes,max|u|: (1.54e+00, 1.90e+00, 6.42e-03) m s⁻¹, extrema(T): (31.88, -1.95) ᵒC, extrema(S): (39.55, 19.67) g/kg, extrema(η): (3.33, -2.29) m, wall time: 11.933 seconds 
[ Info: time: 412 days, iteration: 29664, Δt: 20 minutes,max|u|: (1.60e+00, 1.89e+00, 6.41e-03) m s⁻¹, extrema(T): (31.71, -1.95) ᵒC, extrema(S): (39.55, 19.64) g/kg, extrema(η): (1.21, -2.20) m, wall time: 11.862 seconds 
[ Info: time: 413 days, iteration: 29736, Δt: 20 minutes,max|u|: (2.06e+00, 1.85e+00, 6.39e-03) m s⁻¹, extrema(T): (31.62, -1.96) ᵒC, extrema(S): (39.55, 19.60) g/kg, extrema(η): (1.24, -3.58) m, wall time: 11.952 seconds 
[ Info: time: 414 days, iteration: 29808, Δt: 20 minutes,max|u|: (2.10e+00, 2.06e+00, 6.40e-03) m s⁻¹, extrema(T): (31.50, -1.96) ᵒC, extrema(S): (39.55, 19.58) g/kg, extrema(η): (1.21, -2.31) m, wall time: 11.866 seconds 
[ Info: time: 415 days, iteration: 29880, Δt: 20 minutes,max|u|: (1.98e+00, 2.11e+00, 6.40e-03) m s⁻¹, extrema(T): (31.44, -1.96) ᵒC, extrema(S): (39.55, 19.59) g/kg, extrema(η): (4.03, -2.25) m, wall time: 11.801 seconds 
[ Info: time: 416 days, iteration: 29952, Δt: 20 minutes,max|u|: (1.86e+00, 2.14e+00, 6.35e-03) m s⁻¹, extrema(T): (31.36, -1.96) ᵒC, extrema(S): (39.54, 19.58) g/kg, extrema(η): (3.60, -2.36) m, wall time: 11.812 seconds 
[ Info: time: 417 days, iteration: 30024, Δt: 20 minutes,max|u|: (1.79e+00, 2.35e+00, 6.29e-03) m s⁻¹, extrema(T): (31.26, -1.97) ᵒC, extrema(S): (39.54, 19.53) g/kg, extrema(η): (1.38, -2.42) m, wall time: 11.869 seconds 
[ Info: time: 418 days, iteration: 30096, Δt: 20 minutes,max|u|: (1.99e+00, 2.61e+00, 6.25e-03) m s⁻¹, extrema(T): (31.19, -1.96) ᵒC, extrema(S): (39.54, 19.56) g/kg, extrema(η): (1.36, -3.28) m, wall time: 11.863 seconds 
[ Info: time: 419 days, iteration: 30168, Δt: 20 minutes,max|u|: (2.85e+00, 2.86e+00, 6.21e-03) m s⁻¹, extrema(T): (31.10, -1.96) ᵒC, extrema(S): (39.54, 19.60) g/kg, extrema(η): (1.59, -2.32) m, wall time: 11.857 seconds 
[ Info: time: 420 days, iteration: 30240, Δt: 20 minutes,max|u|: (3.13e+00, 2.93e+00, 6.19e-03) m s⁻¹, extrema(T): (31.05, -1.96) ᵒC, extrema(S): (39.54, 19.62) g/kg, extrema(η): (3.03, -2.16) m, wall time: 11.861 seconds 
[ Info: time: 421 days, iteration: 30312, Δt: 20 minutes,max|u|: (1.91e+00, 2.58e+00, 6.21e-03) m s⁻¹, extrema(T): (31.12, -1.96) ᵒC, extrema(S): (39.53, 19.65) g/kg, extrema(η): (4.14, -2.26) m, wall time: 16.926 seconds 
[ Info: time: 422 days, iteration: 30384, Δt: 20 minutes,max|u|: (2.28e+00, 2.24e+00, 6.21e-03) m s⁻¹, extrema(T): (31.13, -1.96) ᵒC, extrema(S): (39.53, 19.81) g/kg, extrema(η): (1.41, -2.14) m, wall time: 11.789 seconds 
[ Info: time: 423 days, iteration: 30456, Δt: 20 minutes,max|u|: (2.18e+00, 1.87e+00, 6.16e-03) m s⁻¹, extrema(T): (31.16, -1.96) ᵒC, extrema(S): (39.52, 19.86) g/kg, extrema(η): (2.10, -3.54) m, wall time: 12.028 seconds 
[ Info: time: 424 days, iteration: 30528, Δt: 20 minutes,max|u|: (1.36e+00, 1.58e+00, 6.13e-03) m s⁻¹, extrema(T): (31.19, -1.96) ᵒC, extrema(S): (39.52, 19.84) g/kg, extrema(η): (2.07, -2.32) m, wall time: 11.861 seconds 
[ Info: time: 425 days, iteration: 30600, Δt: 20 minutes,max|u|: (1.35e+00, 1.67e+00, 6.05e-03) m s⁻¹, extrema(T): (31.24, -1.96) ᵒC, extrema(S): (39.52, 19.88) g/kg, extrema(η): (2.67, -2.23) m, wall time: 11.809 seconds 
[ Info: Saving checkpoint file
[ Info: time: 426 days, iteration: 30672, Δt: 20 minutes,max|u|: (1.78e+00, 1.53e+00, 6.02e-03) m s⁻¹, extrema(T): (31.28, -1.96) ᵒC, extrema(S): (39.52, 19.82) g/kg, extrema(η): (4.77, -2.14) m, wall time: 24.823 seconds 
[ Info: time: 427 days, iteration: 30744, Δt: 20 minutes,max|u|: (1.34e+00, 1.64e+00, 5.98e-03) m s⁻¹, extrema(T): (31.30, -1.96) ᵒC, extrema(S): (39.51, 19.67) g/kg, extrema(η): (3.18, -2.38) m, wall time: 11.731 seconds 
[ Info: time: 428 days, iteration: 30816, Δt: 20 minutes,max|u|: (1.29e+00, 1.45e+00, 6.06e-03) m s⁻¹, extrema(T): (31.33, -1.96) ᵒC, extrema(S): (39.51, 19.53) g/kg, extrema(η): (3.31, -2.71) m, wall time: 11.640 seconds 
[ Info: time: 429 days, iteration: 30888, Δt: 20 minutes,max|u|: (1.65e+00, 1.45e+00, 6.02e-03) m s⁻¹, extrema(T): (31.32, -1.96) ᵒC, extrema(S): (39.50, 19.42) g/kg, extrema(η): (3.21, -2.61) m, wall time: 11.634 seconds 
[ Info: time: 430 days, iteration: 30960, Δt: 20 minutes,max|u|: (1.27e+00, 1.67e+00, 6.05e-03) m s⁻¹, extrema(T): (31.34, -1.96) ᵒC, extrema(S): (39.47, 19.33) g/kg, extrema(η): (3.04, -2.16) m, wall time: 11.740 seconds 
[ Info: time: 431 days, iteration: 31032, Δt: 20 minutes,max|u|: (1.44e+00, 1.64e+00, 5.95e-03) m s⁻¹, extrema(T): (31.38, -1.96) ᵒC, extrema(S): (39.47, 19.22) g/kg, extrema(η): (4.67, -2.17) m, wall time: 11.660 seconds 
[ Info: time: 432 days, iteration: 31104, Δt: 20 minutes,max|u|: (1.27e+00, 1.63e+00, 5.95e-03) m s⁻¹, extrema(T): (31.39, -1.96) ᵒC, extrema(S): (39.47, 19.15) g/kg, extrema(η): (2.50, -2.16) m, wall time: 11.676 seconds 
[ Info: time: 433 days, iteration: 31176, Δt: 20 minutes,max|u|: (1.27e+00, 1.52e+00, 6.05e-03) m s⁻¹, extrema(T): (31.40, -1.96) ᵒC, extrema(S): (39.47, 19.08) g/kg, extrema(η): (1.73, -2.44) m, wall time: 13.015 seconds 
[ Info: time: 434 days, iteration: 31248, Δt: 20 minutes,max|u|: (1.29e+00, 1.49e+00, 6.12e-03) m s⁻¹, extrema(T): (31.44, -1.96) ᵒC, extrema(S): (39.47, 19.02) g/kg, extrema(η): (1.21, -2.98) m, wall time: 16.888 seconds 
[ Info: time: 435 days, iteration: 31320, Δt: 20 minutes,max|u|: (1.50e+00, 1.75e+00, 6.19e-03) m s⁻¹, extrema(T): (31.45, -1.96) ᵒC, extrema(S): (39.47, 18.97) g/kg, extrema(η): (1.19, -2.30) m, wall time: 11.685 seconds 
[ Info: time: 436 days, iteration: 31392, Δt: 20 minutes,max|u|: (1.29e+00, 1.63e+00, 6.18e-03) m s⁻¹, extrema(T): (31.47, -1.96) ᵒC, extrema(S): (39.48, 18.92) g/kg, extrema(η): (4.41, -2.35) m, wall time: 11.691 seconds 
[ Info: time: 437 days, iteration: 31464, Δt: 20 minutes,max|u|: (1.31e+00, 1.65e+00, 6.15e-03) m s⁻¹, extrema(T): (31.46, -1.96) ᵒC, extrema(S): (39.48, 18.87) g/kg, extrema(η): (2.80, -2.19) m, wall time: 11.661 seconds 
[ Info: time: 438 days, iteration: 31536, Δt: 20 minutes,max|u|: (1.56e+00, 1.78e+00, 6.16e-03) m s⁻¹, extrema(T): (31.49, -1.96) ᵒC, extrema(S): (39.48, 18.83) g/kg, extrema(η): (1.81, -2.15) m, wall time: 11.671 seconds 
[ Info: time: 439 days, iteration: 31608, Δt: 20 minutes,max|u|: (1.32e+00, 1.70e+00, 6.20e-03) m s⁻¹, extrema(T): (31.50, -1.96) ᵒC, extrema(S): (39.47, 18.79) g/kg, extrema(η): (1.20, -3.42) m, wall time: 11.643 seconds 
[ Info: time: 440 days, iteration: 31680, Δt: 20 minutes,max|u|: (2.73e+00, 1.88e+00, 6.23e-03) m s⁻¹, extrema(T): (31.52, -1.96) ᵒC, extrema(S): (39.47, 18.77) g/kg, extrema(η): (1.21, -2.11) m, wall time: 11.665 seconds 
[ Info: time: 441 days, iteration: 31752, Δt: 20 minutes,max|u|: (1.43e+00, 1.64e+00, 6.24e-03) m s⁻¹, extrema(T): (31.53, -1.96) ᵒC, extrema(S): (39.47, 18.75) g/kg, extrema(η): (3.90, -2.00) m, wall time: 11.652 seconds 
[ Info: time: 442 days, iteration: 31824, Δt: 20 minutes,max|u|: (1.36e+00, 1.59e+00, 6.28e-03) m s⁻¹, extrema(T): (31.53, -1.96) ᵒC, extrema(S): (39.47, 18.73) g/kg, extrema(η): (3.45, -2.06) m, wall time: 11.692 seconds 
[ Info: time: 443 days, iteration: 31896, Δt: 20 minutes,max|u|: (1.33e+00, 1.59e+00, 6.31e-03) m s⁻¹, extrema(T): (31.56, -1.96) ᵒC, extrema(S): (39.47, 18.70) g/kg, extrema(η): (1.27, -2.04) m, wall time: 11.695 seconds 
[ Info: time: 444 days, iteration: 31968, Δt: 20 minutes,max|u|: (1.35e+00, 1.51e+00, 6.35e-03) m s⁻¹, extrema(T): (31.59, -1.97) ᵒC, extrema(S): (39.47, 18.67) g/kg, extrema(η): (1.24, -3.98) m, wall time: 11.737 seconds 
[ Info: time: 445 days, iteration: 32040, Δt: 20 minutes,max|u|: (1.37e+00, 1.73e+00, 6.23e-03) m s⁻¹, extrema(T): (31.61, -1.97) ᵒC, extrema(S): (39.47, 18.64) g/kg, extrema(η): (1.21, -2.36) m, wall time: 11.903 seconds 
[ Info: time: 446 days, iteration: 32112, Δt: 20 minutes,max|u|: (1.39e+00, 1.49e+00, 6.23e-03) m s⁻¹, extrema(T): (31.62, -1.97) ᵒC, extrema(S): (39.46, 18.62) g/kg, extrema(η): (3.52, -2.17) m, wall time: 16.444 seconds 
[ Info: time: 447 days, iteration: 32184, Δt: 20 minutes,max|u|: (1.42e+00, 1.52e+00, 6.32e-03) m s⁻¹, extrema(T): (31.64, -1.96) ᵒC, extrema(S): (39.46, 18.60) g/kg, extrema(η): (3.62, -2.12) m, wall time: 11.749 seconds 
[ Info: time: 448 days, iteration: 32256, Δt: 20 minutes,max|u|: (1.45e+00, 1.60e+00, 6.33e-03) m s⁻¹, extrema(T): (31.65, -1.96) ᵒC, extrema(S): (39.46, 18.58) g/kg, extrema(η): (2.36, -2.19) m, wall time: 11.749 seconds 
[ Info: time: 449 days, iteration: 32328, Δt: 20 minutes,max|u|: (2.77e+00, 1.51e+00, 6.43e-03) m s⁻¹, extrema(T): (31.64, -1.96) ᵒC, extrema(S): (39.45, 18.59) g/kg, extrema(η): (2.85, -3.65) m, wall time: 11.805 seconds 
[ Info: time: 450 days, iteration: 32400, Δt: 20 minutes,max|u|: (1.65e+00, 1.53e+00, 6.41e-03) m s⁻¹, extrema(T): (31.59, -1.96) ᵒC, extrema(S): (39.45, 18.69) g/kg, extrema(η): (3.14, -2.33) m, wall time: 11.702 seconds 
[ Info: time: 451 days, iteration: 32472, Δt: 20 minutes,max|u|: (1.68e+00, 1.59e+00, 6.39e-03) m s⁻¹, extrema(T): (31.47, -1.95) ᵒC, extrema(S): (39.45, 18.96) g/kg, extrema(η): (3.36, -2.13) m, wall time: 11.687 seconds 
[ Info: time: 452 days, iteration: 32544, Δt: 20 minutes,max|u|: (1.54e+00, 1.81e+00, 6.37e-03) m s⁻¹, extrema(T): (31.36, -1.95) ᵒC, extrema(S): (39.45, 19.53) g/kg, extrema(η): (4.87, -2.09) m, wall time: 11.742 seconds 
[ Info: time: 453 days, iteration: 32616, Δt: 20 minutes,max|u|: (1.56e+00, 1.58e+00, 6.36e-03) m s⁻¹, extrema(T): (31.27, -1.94) ᵒC, extrema(S): (39.45, 19.76) g/kg, extrema(η): (2.92, -2.22) m, wall time: 11.691 seconds 
[ Info: time: 454 days, iteration: 32688, Δt: 20 minutes,max|u|: (1.63e+00, 1.48e+00, 6.29e-03) m s⁻¹, extrema(T): (31.23, -1.94) ᵒC, extrema(S): (39.44, 19.63) g/kg, extrema(η): (2.62, -3.09) m, wall time: 11.728 seconds 
[ Info: time: 455 days, iteration: 32760, Δt: 20 minutes,max|u|: (2.01e+00, 1.49e+00, 6.29e-03) m s⁻¹, extrema(T): (31.22, -1.93) ᵒC, extrema(S): (39.44, 19.46) g/kg, extrema(η): (2.18, -2.65) m, wall time: 11.717 seconds 
[ Info: time: 456 days, iteration: 32832, Δt: 20 minutes,max|u|: (1.83e+00, 1.70e+00, 6.27e-03) m s⁻¹, extrema(T): (31.22, -1.93) ᵒC, extrema(S): (39.44, 19.35) g/kg, extrema(η): (1.99, -2.19) m, wall time: 11.771 seconds 
[ Info: time: 457 days, iteration: 32904, Δt: 20 minutes,max|u|: (1.63e+00, 1.80e+00, 6.26e-03) m s⁻¹, extrema(T): (31.18, -1.92) ᵒC, extrema(S): (39.43, 19.29) g/kg, extrema(η): (4.54, -2.25) m, wall time: 11.807 seconds 
[ Info: time: 458 days, iteration: 32976, Δt: 20 minutes,max|u|: (1.63e+00, 1.70e+00, 6.26e-03) m s⁻¹, extrema(T): (31.17, -1.92) ᵒC, extrema(S): (39.43, 19.27) g/kg, extrema(η): (2.67, -2.26) m, wall time: 16.448 seconds 
[ Info: time: 459 days, iteration: 33048, Δt: 20 minutes,max|u|: (1.66e+00, 1.53e+00, 6.28e-03) m s⁻¹, extrema(T): (31.15, -1.92) ᵒC, extrema(S): (39.43, 19.17) g/kg, extrema(η): (1.37, -2.27) m, wall time: 11.651 seconds 
[ Info: time: 460 days, iteration: 33120, Δt: 20 minutes,max|u|: (1.68e+00, 1.53e+00, 6.28e-03) m s⁻¹, extrema(T): (31.14, -1.92) ᵒC, extrema(S): (39.43, 19.07) g/kg, extrema(η): (1.22, -3.00) m, wall time: 11.726 seconds 
[ Info: time: 461 days, iteration: 33192, Δt: 20 minutes,max|u|: (1.70e+00, 1.63e+00, 6.26e-03) m s⁻¹, extrema(T): (31.13, -1.92) ᵒC, extrema(S): (39.43, 19.01) g/kg, extrema(η): (1.22, -2.26) m, wall time: 11.712 seconds 
[ Info: time: 462 days, iteration: 33264, Δt: 20 minutes,max|u|: (1.71e+00, 1.52e+00, 6.22e-03) m s⁻¹, extrema(T): (31.13, -1.92) ᵒC, extrema(S): (39.42, 18.94) g/kg, extrema(η): (4.32, -2.13) m, wall time: 11.851 seconds 
[ Info: time: 463 days, iteration: 33336, Δt: 20 minutes,max|u|: (1.73e+00, 1.51e+00, 6.21e-03) m s⁻¹, extrema(T): (31.09, -1.91) ᵒC, extrema(S): (39.42, 19.11) g/kg, extrema(η): (3.58, -2.02) m, wall time: 11.977 seconds 
[ Info: time: 464 days, iteration: 33408, Δt: 20 minutes,max|u|: (1.74e+00, 1.52e+00, 6.25e-03) m s⁻¹, extrema(T): (31.10, -1.91) ᵒC, extrema(S): (39.42, 19.63) g/kg, extrema(η): (1.17, -2.14) m, wall time: 13.023 seconds 
[ Info: time: 465 days, iteration: 33480, Δt: 20 minutes,max|u|: (1.76e+00, 1.49e+00, 6.32e-03) m s⁻¹, extrema(T): (31.15, -1.91) ᵒC, extrema(S): (39.41, 19.63) g/kg, extrema(η): (1.23, -3.80) m, wall time: 11.838 seconds 
[ Info: time: 466 days, iteration: 33552, Δt: 20 minutes,max|u|: (1.76e+00, 1.81e+00, 6.36e-03) m s⁻¹, extrema(T): (31.17, -1.91) ᵒC, extrema(S): (39.41, 19.56) g/kg, extrema(η): (1.23, -2.30) m, wall time: 11.796 seconds 
[ Info: time: 467 days, iteration: 33624, Δt: 20 minutes,max|u|: (1.77e+00, 1.45e+00, 6.40e-03) m s⁻¹, extrema(T): (31.16, -1.92) ᵒC, extrema(S): (39.41, 19.47) g/kg, extrema(η): (3.55, -2.30) m, wall time: 11.886 seconds 
[ Info: time: 468 days, iteration: 33696, Δt: 20 minutes,max|u|: (1.79e+00, 1.44e+00, 6.45e-03) m s⁻¹, extrema(T): (31.16, -1.92) ᵒC, extrema(S): (39.41, 19.55) g/kg, extrema(η): (4.04, -2.32) m, wall time: 11.736 seconds 
[ Info: time: 469 days, iteration: 33768, Δt: 20 minutes,max|u|: (1.76e+00, 2.13e+00, 6.44e-03) m s⁻¹, extrema(T): (31.15, -1.92) ᵒC, extrema(S): (39.41, 19.57) g/kg, extrema(η): (1.35, -2.34) m, wall time: 11.644 seconds 
[ Info: time: 470 days, iteration: 33840, Δt: 20 minutes,max|u|: (1.76e+00, 2.27e+00, 6.46e-03) m s⁻¹, extrema(T): (31.19, -1.92) ᵒC, extrema(S): (39.41, 19.51) g/kg, extrema(η): (1.84, -3.26) m, wall time: 11.712 seconds 
[ Info: time: 471 days, iteration: 33912, Δt: 20 minutes,max|u|: (1.78e+00, 1.43e+00, 6.51e-03) m s⁻¹, extrema(T): (31.21, -1.92) ᵒC, extrema(S): (39.40, 19.54) g/kg, extrema(η): (2.44, -2.31) m, wall time: 16.648 seconds 
[ Info: time: 472 days, iteration: 33984, Δt: 20 minutes,max|u|: (1.96e+00, 1.61e+00, 6.44e-03) m s⁻¹, extrema(T): (31.34, -1.92) ᵒC, extrema(S): (39.40, 19.43) g/kg, extrema(η): (3.01, -2.24) m, wall time: 11.791 seconds 
[ Info: time: 473 days, iteration: 34056, Δt: 20 minutes,max|u|: (1.85e+00, 1.63e+00, 6.39e-03) m s⁻¹, extrema(T): (31.38, -1.92) ᵒC, extrema(S): (39.40, 19.50) g/kg, extrema(η): (4.60, -2.09) m, wall time: 11.990 seconds 
[ Info: time: 474 days, iteration: 34128, Δt: 20 minutes,max|u|: (1.87e+00, 1.62e+00, 6.43e-03) m s⁻¹, extrema(T): (31.45, -1.92) ᵒC, extrema(S): (39.40, 19.57) g/kg, extrema(η): (3.35, -2.01) m, wall time: 11.866 seconds 
[ Info: time: 475 days, iteration: 34200, Δt: 20 minutes,max|u|: (1.85e+00, 1.46e+00, 6.46e-03) m s⁻¹, extrema(T): (31.42, -1.91) ᵒC, extrema(S): (39.40, 19.57) g/kg, extrema(η): (3.25, -2.89) m, wall time: 11.748 seconds 
[ Info: time: 476 days, iteration: 34272, Δt: 20 minutes,max|u|: (1.84e+00, 1.48e+00, 6.45e-03) m s⁻¹, extrema(T): (31.41, -1.92) ᵒC, extrema(S): (39.40, 19.58) g/kg, extrema(η): (3.05, -2.75) m, wall time: 11.752 seconds 
[ Info: time: 477 days, iteration: 34344, Δt: 20 minutes,max|u|: (1.84e+00, 1.70e+00, 6.46e-03) m s⁻¹, extrema(T): (31.31, -1.92) ᵒC, extrema(S): (39.41, 19.48) g/kg, extrema(η): (2.79, -2.06) m, wall time: 11.724 seconds 
[ Info: time: 478 days, iteration: 34416, Δt: 20 minutes,max|u|: (1.87e+00, 1.50e+00, 6.49e-03) m s⁻¹, extrema(T): (31.23, -1.93) ᵒC, extrema(S): (39.41, 19.48) g/kg, extrema(η): (4.66, -2.16) m, wall time: 11.906 seconds 
[ Info: time: 479 days, iteration: 34488, Δt: 20 minutes,max|u|: (1.87e+00, 1.51e+00, 6.48e-03) m s⁻¹, extrema(T): (31.30, -1.93) ᵒC, extrema(S): (39.41, 19.51) g/kg, extrema(η): (2.85, -2.13) m, wall time: 11.823 seconds 
[ Info: time: 480 days, iteration: 34560, Δt: 20 minutes,max|u|: (1.85e+00, 1.50e+00, 6.44e-03) m s⁻¹, extrema(T): (31.23, -1.93) ᵒC, extrema(S): (39.42, 19.40) g/kg, extrema(η): (1.34, -2.07) m, wall time: 11.918 seconds 
[ Info: time: 481 days, iteration: 34632, Δt: 20 minutes,max|u|: (1.85e+00, 1.49e+00, 6.37e-03) m s⁻¹, extrema(T): (31.19, -1.93) ᵒC, extrema(S): (39.42, 19.38) g/kg, extrema(η): (1.20, -3.11) m, wall time: 11.840 seconds 
[ Info: time: 482 days, iteration: 34704, Δt: 20 minutes,max|u|: (1.90e+00, 1.68e+00, 6.36e-03) m s⁻¹, extrema(T): (31.21, -1.93) ᵒC, extrema(S): (39.42, 19.60) g/kg, extrema(η): (1.21, -2.13) m, wall time: 11.732 seconds 
[ Info: time: 483 days, iteration: 34776, Δt: 20 minutes,max|u|: (1.91e+00, 1.48e+00, 6.34e-03) m s⁻¹, extrema(T): (31.30, -1.94) ᵒC, extrema(S): (39.43, 19.53) g/kg, extrema(η): (4.04, -2.26) m, wall time: 16.617 seconds 
[ Info: time: 484 days, iteration: 34848, Δt: 20 minutes,max|u|: (1.91e+00, 1.54e+00, 6.30e-03) m s⁻¹, extrema(T): (31.31, -1.94) ᵒC, extrema(S): (39.42, 19.70) g/kg, extrema(η): (3.66, -2.16) m, wall time: 11.839 seconds 
[ Info: time: 485 days, iteration: 34920, Δt: 20 minutes,max|u|: (1.88e+00, 1.50e+00, 6.24e-03) m s⁻¹, extrema(T): (31.31, -1.94) ᵒC, extrema(S): (39.42, 19.63) g/kg, extrema(η): (1.29, -2.23) m, wall time: 11.775 seconds 
[ Info: time: 486 days, iteration: 34992, Δt: 20 minutes,max|u|: (1.88e+00, 1.46e+00, 6.25e-03) m s⁻¹, extrema(T): (31.24, -1.94) ᵒC, extrema(S): (39.42, 19.69) g/kg, extrema(η): (1.38, -3.91) m, wall time: 11.771 seconds 
[ Info: time: 487 days, iteration: 35064, Δt: 20 minutes,max|u|: (1.84e+00, 1.64e+00, 6.23e-03) m s⁻¹, extrema(T): (31.20, -1.94) ᵒC, extrema(S): (39.42, 19.65) g/kg, extrema(η): (1.34, -2.24) m, wall time: 11.697 seconds 
[ Info: time: 488 days, iteration: 35136, Δt: 20 minutes,max|u|: (1.83e+00, 1.45e+00, 6.24e-03) m s⁻¹, extrema(T): (31.25, -1.94) ᵒC, extrema(S): (39.42, 19.60) g/kg, extrema(η): (3.81, -2.26) m, wall time: 11.960 seconds 
[ Info: time: 489 days, iteration: 35208, Δt: 20 minutes,max|u|: (1.79e+00, 1.45e+00, 6.18e-03) m s⁻¹, extrema(T): (31.29, -1.93) ᵒC, extrema(S): (39.42, 19.61) g/kg, extrema(η): (3.65, -2.37) m, wall time: 11.834 seconds 
[ Info: time: 490 days, iteration: 35280, Δt: 20 minutes,max|u|: (1.75e+00, 1.65e+00, 6.12e-03) m s⁻¹, extrema(T): (31.29, -1.94) ᵒC, extrema(S): (39.43, 19.49) g/kg, extrema(η): (1.38, -2.31) m, wall time: 12.749 seconds 
[ Info: time: 491 days, iteration: 35352, Δt: 20 minutes,max|u|: (1.74e+00, 1.45e+00, 6.12e-03) m s⁻¹, extrema(T): (31.31, -1.93) ᵒC, extrema(S): (39.43, 19.59) g/kg, extrema(η): (1.37, -3.86) m, wall time: 11.849 seconds 
[ Info: time: 492 days, iteration: 35424, Δt: 20 minutes,max|u|: (1.73e+00, 1.55e+00, 6.09e-03) m s⁻¹, extrema(T): (31.31, -1.93) ᵒC, extrema(S): (39.43, 19.60) g/kg, extrema(η): (1.27, -2.43) m, wall time: 11.665 seconds 
[ Info: time: 493 days, iteration: 35496, Δt: 20 minutes,max|u|: (1.73e+00, 1.46e+00, 6.08e-03) m s⁻¹, extrema(T): (31.30, -1.94) ᵒC, extrema(S): (39.43, 19.66) g/kg, extrema(η): (2.73, -2.16) m, wall time: 11.688 seconds 
[ Info: time: 494 days, iteration: 35568, Δt: 20 minutes,max|u|: (1.79e+00, 1.46e+00, 6.11e-03) m s⁻¹, extrema(T): (31.35, -1.93) ᵒC, extrema(S): (39.43, 19.03) g/kg, extrema(η): (4.05, -2.09) m, wall time: 11.797 seconds 
[ Info: time: 495 days, iteration: 35640, Δt: 20 minutes,max|u|: (2.02e+00, 1.64e+00, 6.08e-03) m s⁻¹, extrema(T): (31.36, -1.93) ᵒC, extrema(S): (39.43, 18.04) g/kg, extrema(η): (2.63, -2.19) m, wall time: 13.045 seconds 
[ Info: time: 496 days, iteration: 35712, Δt: 20 minutes,max|u|: (2.04e+00, 1.96e+00, 6.14e-03) m s⁻¹, extrema(T): (31.35, -1.93) ᵒC, extrema(S): (39.43, 17.46) g/kg, extrema(η): (3.02, -3.67) m, wall time: 22.040 seconds 
[ Info: time: 497 days, iteration: 35784, Δt: 20 minutes,max|u|: (2.23e+00, 1.46e+00, 6.20e-03) m s⁻¹, extrema(T): (31.39, -1.93) ᵒC, extrema(S): (39.43, 17.34) g/kg, extrema(η): (3.25, -2.69) m, wall time: 11.824 seconds 
[ Info: time: 498 days, iteration: 35856, Δt: 20 minutes,max|u|: (2.41e+00, 1.75e+00, 6.24e-03) m s⁻¹, extrema(T): (31.41, -1.93) ᵒC, extrema(S): (39.43, 16.95) g/kg, extrema(η): (3.25, -2.27) m, wall time: 11.837 seconds 
[ Info: time: 499 days, iteration: 35928, Δt: 20 minutes,max|u|: (2.16e+00, 1.43e+00, 6.19e-03) m s⁻¹, extrema(T): (31.39, -1.93) ᵒC, extrema(S): (39.43, 17.05) g/kg, extrema(η): (4.26, -2.29) m, wall time: 11.792 seconds 
[ Info: time: 500 days, iteration: 36000, Δt: 20 minutes,max|u|: (1.66e+00, 1.64e+00, 6.23e-03) m s⁻¹, extrema(T): (31.36, -1.90) ᵒC, extrema(S): (39.44, 16.70) g/kg, extrema(η): (2.88, -2.28) m, wall time: 11.823 seconds 
[ Info: time: 501 days, iteration: 36072, Δt: 20 minutes,max|u|: (1.58e+00, 1.44e+00, 6.24e-03) m s⁻¹, extrema(T): (31.35, -1.93) ᵒC, extrema(S): (39.44, 16.53) g/kg, extrema(η): (2.51, -3.08) m, wall time: 11.846 seconds 
[ Info: time: 502 days, iteration: 36144, Δt: 20 minutes,max|u|: (1.60e+00, 1.42e+00, 6.16e-03) m s⁻¹, extrema(T): (31.37, -1.93) ᵒC, extrema(S): (39.44, 16.77) g/kg, extrema(η): (2.13, -3.19) m, wall time: 11.729 seconds 
[ Info: time: 503 days, iteration: 36216, Δt: 20 minutes,max|u|: (1.96e+00, 1.68e+00, 6.11e-03) m s⁻¹, extrema(T): (31.39, -1.94) ᵒC, extrema(S): (39.45, 16.86) g/kg, extrema(η): (1.73, -2.34) m, wall time: 11.709 seconds 
[ Info: time: 504 days, iteration: 36288, Δt: 20 minutes,max|u|: (1.54e+00, 1.42e+00, 6.16e-03) m s⁻¹, extrema(T): (31.42, -1.94) ᵒC, extrema(S): (39.45, 16.42) g/kg, extrema(η): (4.36, -2.06) m, wall time: 11.776 seconds 
[ Info: time: 505 days, iteration: 36360, Δt: 20 minutes,max|u|: (1.52e+00, 1.47e+00, 6.12e-03) m s⁻¹, extrema(T): (31.51, -1.94) ᵒC, extrema(S): (39.46, 16.59) g/kg, extrema(η): (2.84, -2.34) m, wall time: 11.725 seconds 
[ Info: time: 506 days, iteration: 36432, Δt: 20 minutes,max|u|: (1.71e+00, 1.49e+00, 6.18e-03) m s⁻¹, extrema(T): (31.57, -1.94) ᵒC, extrema(S): (39.46, 17.36) g/kg, extrema(η): (1.27, -2.34) m, wall time: 11.713 seconds 
[ Info: time: 507 days, iteration: 36504, Δt: 20 minutes,max|u|: (1.63e+00, 1.81e+00, 6.19e-03) m s⁻¹, extrema(T): (31.51, -1.94) ᵒC, extrema(S): (39.46, 17.08) g/kg, extrema(η): (1.20, -3.77) m, wall time: 11.803 seconds 
[ Info: time: 508 days, iteration: 36576, Δt: 20 minutes,max|u|: (1.49e+00, 1.69e+00, 6.13e-03) m s⁻¹, extrema(T): (31.47, -1.94) ᵒC, extrema(S): (39.47, 16.82) g/kg, extrema(η): (1.21, -2.26) m, wall time: 16.511 seconds 
[ Info: time: 509 days, iteration: 36648, Δt: 20 minutes,max|u|: (1.49e+00, 1.39e+00, 6.12e-03) m s⁻¹, extrema(T): (31.51, -1.93) ᵒC, extrema(S): (39.47, 17.16) g/kg, extrema(η): (3.85, -2.18) m, wall time: 11.630 seconds 
[ Info: time: 510 days, iteration: 36720, Δt: 20 minutes,max|u|: (1.47e+00, 1.40e+00, 6.11e-03) m s⁻¹, extrema(T): (31.52, -1.94) ᵒC, extrema(S): (39.47, 17.28) g/kg, extrema(η): (3.50, -2.07) m, wall time: 11.776 seconds 
[ Info: time: 511 days, iteration: 36792, Δt: 20 minutes,max|u|: (1.50e+00, 1.68e+00, 6.11e-03) m s⁻¹, extrema(T): (31.48, -1.93) ᵒC, extrema(S): (39.48, 18.12) g/kg, extrema(η): (1.18, -2.12) m, wall time: 11.695 seconds 
[ Info: time: 512 days, iteration: 36864, Δt: 20 minutes,max|u|: (1.53e+00, 1.39e+00, 6.11e-03) m s⁻¹, extrema(T): (31.45, -1.90) ᵒC, extrema(S): (39.48, 18.95) g/kg, extrema(η): (1.18, -3.87) m, wall time: 11.741 seconds 
[ Info: time: 513 days, iteration: 36936, Δt: 20 minutes,max|u|: (1.51e+00, 1.56e+00, 6.06e-03) m s⁻¹, extrema(T): (31.45, -1.90) ᵒC, extrema(S): (39.49, 18.75) g/kg, extrema(η): (1.20, -2.19) m, wall time: 11.777 seconds 
[ Info: time: 514 days, iteration: 37008, Δt: 20 minutes,max|u|: (1.40e+00, 1.49e+00, 6.05e-03) m s⁻¹, extrema(T): (31.43, -1.94) ᵒC, extrema(S): (39.49, 18.94) g/kg, extrema(η): (3.03, -2.24) m, wall time: 11.739 seconds 
[ Info: time: 515 days, iteration: 37080, Δt: 20 minutes,max|u|: (1.42e+00, 1.37e+00, 6.02e-03) m s⁻¹, extrema(T): (31.40, -1.94) ᵒC, extrema(S): (39.49, 19.09) g/kg, extrema(η): (4.19, -2.24) m, wall time: 11.728 seconds 
[ Info: time: 516 days, iteration: 37152, Δt: 20 minutes,max|u|: (1.57e+00, 1.70e+00, 6.04e-03) m s⁻¹, extrema(T): (31.38, -1.94) ᵒC, extrema(S): (39.50, 19.18) g/kg, extrema(η): (1.45, -2.30) m, wall time: 11.731 seconds 
[ Info: time: 517 days, iteration: 37224, Δt: 20 minutes,max|u|: (1.43e+00, 1.36e+00, 6.06e-03) m s⁻¹, extrema(T): (31.38, -1.93) ᵒC, extrema(S): (39.49, 18.84) g/kg, extrema(η): (1.71, -3.63) m, wall time: 12.581 seconds 
[ Info: time: 518 days, iteration: 37296, Δt: 20 minutes,max|u|: (1.47e+00, 1.42e+00, 6.01e-03) m s⁻¹, extrema(T): (31.40, -1.94) ᵒC, extrema(S): (39.49, 18.38) g/kg, extrema(η): (2.25, -2.68) m, wall time: 11.681 seconds 
[ Info: time: 519 days, iteration: 37368, Δt: 20 minutes,max|u|: (1.54e+00, 1.69e+00, 6.04e-03) m s⁻¹, extrema(T): (31.41, -1.94) ᵒC, extrema(S): (39.50, 17.82) g/kg, extrema(η): (2.75, -2.12) m, wall time: 11.814 seconds 
[ Info: time: 520 days, iteration: 37440, Δt: 20 minutes,max|u|: (1.52e+00, 1.39e+00, 6.04e-03) m s⁻¹, extrema(T): (31.44, -1.93) ᵒC, extrema(S): (39.50, 17.47) g/kg, extrema(η): (4.49, -2.13) m, wall time: 16.447 seconds 
[ Info: time: 521 days, iteration: 37512, Δt: 20 minutes,max|u|: (1.53e+00, 1.62e+00, 6.03e-03) m s⁻¹, extrema(T): (31.47, -1.95) ᵒC, extrema(S): (39.50, 16.59) g/kg, extrema(η): (3.23, -2.35) m, wall time: 11.753 seconds 
[ Info: time: 522 days, iteration: 37584, Δt: 20 minutes,max|u|: (1.53e+00, 1.39e+00, 5.99e-03) m s⁻¹, extrema(T): (31.46, -1.95) ᵒC, extrema(S): (39.51, 16.55) g/kg, extrema(η): (3.24, -2.79) m, wall time: 11.701 seconds 
[ Info: time: 523 days, iteration: 37656, Δt: 20 minutes,max|u|: (1.56e+00, 1.41e+00, 5.96e-03) m s⁻¹, extrema(T): (31.42, -1.95) ᵒC, extrema(S): (39.51, 16.88) g/kg, extrema(η): (3.34, -3.10) m, wall time: 11.669 seconds 
[ Info: time: 524 days, iteration: 37728, Δt: 20 minutes,max|u|: (1.61e+00, 1.83e+00, 5.95e-03) m s⁻¹, extrema(T): (31.36, -1.95) ᵒC, extrema(S): (39.52, 16.54) g/kg, extrema(η): (3.14, -2.19) m, wall time: 11.682 seconds 
[ Info: time: 525 days, iteration: 37800, Δt: 20 minutes,max|u|: (1.64e+00, 1.41e+00, 5.99e-03) m s⁻¹, extrema(T): (31.34, -1.95) ᵒC, extrema(S): (39.52, 16.90) g/kg, extrema(η): (4.52, -2.19) m, wall time: 11.834 seconds 
[ Info: time: 526 days, iteration: 37872, Δt: 20 minutes,max|u|: (2.03e+00, 1.47e+00, 6.04e-03) m s⁻¹, extrema(T): (31.33, -1.95) ᵒC, extrema(S): (39.52, 16.45) g/kg, extrema(η): (2.92, -2.17) m, wall time: 12.912 seconds 
[ Info: time: 527 days, iteration: 37944, Δt: 20 minutes,max|u|: (2.20e+00, 1.42e+00, 6.11e-03) m s⁻¹, extrema(T): (31.30, -1.95) ᵒC, extrema(S): (39.53, 16.08) g/kg, extrema(η): (2.00, -2.23) m, wall time: 11.646 seconds 
[ Info: time: 528 days, iteration: 38016, Δt: 20 minutes,max|u|: (2.06e+00, 1.39e+00, 6.09e-03) m s⁻¹, extrema(T): (31.28, -1.95) ᵒC, extrema(S): (39.53, 15.94) g/kg, extrema(η): (1.57, -3.53) m, wall time: 11.728 seconds 
[ Info: time: 529 days, iteration: 38088, Δt: 20 minutes,max|u|: (1.99e+00, 1.73e+00, 6.16e-03) m s⁻¹, extrema(T): (31.29, -1.96) ᵒC, extrema(S): (39.53, 16.16) g/kg, extrema(η): (1.44, -2.19) m, wall time: 11.713 seconds 
[ Info: time: 530 days, iteration: 38160, Δt: 20 minutes,max|u|: (1.88e+00, 1.39e+00, 6.16e-03) m s⁻¹, extrema(T): (31.27, -1.96) ᵒC, extrema(S): (39.54, 15.86) g/kg, extrema(η): (3.88, -2.15) m, wall time: 11.696 seconds 
[ Info: time: 531 days, iteration: 38232, Δt: 20 minutes,max|u|: (1.99e+00, 1.38e+00, 6.17e-03) m s⁻¹, extrema(T): (31.30, -1.96) ᵒC, extrema(S): (39.54, 15.46) g/kg, extrema(η): (3.56, -2.11) m, wall time: 11.742 seconds 
[ Info: time: 532 days, iteration: 38304, Δt: 20 minutes,max|u|: (2.14e+00, 1.60e+00, 6.18e-03) m s⁻¹, extrema(T): (31.26, -1.96) ᵒC, extrema(S): (39.54, 15.32) g/kg, extrema(η): (1.29, -2.13) m, wall time: 11.666 seconds 
[ Info: time: 533 days, iteration: 38376, Δt: 20 minutes,max|u|: (1.61e+00, 1.37e+00, 6.20e-03) m s⁻¹, extrema(T): (31.25, -1.96) ᵒC, extrema(S): (39.54, 15.53) g/kg, extrema(η): (1.23, -3.70) m, wall time: 16.363 seconds 
[ Info: time: 534 days, iteration: 38448, Δt: 20 minutes,max|u|: (1.68e+00, 1.65e+00, 6.12e-03) m s⁻¹, extrema(T): (31.24, -1.96) ᵒC, extrema(S): (39.54, 16.50) g/kg, extrema(η): (1.25, -2.12) m, wall time: 11.760 seconds 
[ Info: time: 535 days, iteration: 38520, Δt: 20 minutes,max|u|: (2.20e+00, 1.38e+00, 6.04e-03) m s⁻¹, extrema(T): (31.15, -1.97) ᵒC, extrema(S): (39.55, 15.76) g/kg, extrema(η): (3.11, -2.16) m, wall time: 11.719 seconds 
[ Info: time: 536 days, iteration: 38592, Δt: 20 minutes,max|u|: (2.12e+00, 1.41e+00, 6.05e-03) m s⁻¹, extrema(T): (31.04, -1.96) ᵒC, extrema(S): (39.55, 15.14) g/kg, extrema(η): (4.19, -2.31) m, wall time: 11.730 seconds 
[ Info: time: 537 days, iteration: 38664, Δt: 20 minutes,max|u|: (2.34e+00, 2.05e+00, 6.17e-03) m s⁻¹, extrema(T): (31.05, -1.95) ᵒC, extrema(S): (39.56, 15.77) g/kg, extrema(η): (1.36, -2.34) m, wall time: 11.692 seconds 
[ Info: time: 538 days, iteration: 38736, Δt: 20 minutes,max|u|: (2.25e+00, 1.42e+00, 6.21e-03) m s⁻¹, extrema(T): (30.97, -1.96) ᵒC, extrema(S): (39.56, 16.37) g/kg, extrema(η): (1.48, -3.54) m, wall time: 11.649 seconds 
[ Info: time: 539 days, iteration: 38808, Δt: 20 minutes,max|u|: (1.72e+00, 1.54e+00, 6.25e-03) m s⁻¹, extrema(T): (31.00, -1.96) ᵒC, extrema(S): (39.57, 16.21) g/kg, extrema(η): (1.49, -2.41) m, wall time: 11.627 seconds 
[ Info: time: 540 days, iteration: 38880, Δt: 20 minutes,max|u|: (1.57e+00, 1.68e+00, 6.33e-03) m s⁻¹, extrema(T): (30.97, -1.95) ᵒC, extrema(S): (39.57, 15.78) g/kg, extrema(η): (2.25, -2.33) m, wall time: 11.629 seconds 
[ Info: time: 541 days, iteration: 38952, Δt: 20 minutes,max|u|: (1.47e+00, 1.46e+00, 6.27e-03) m s⁻¹, extrema(T): (30.96, -1.95) ᵒC, extrema(S): (39.57, 15.89) g/kg, extrema(η): (4.32, -2.24) m, wall time: 11.686 seconds 
[ Info: time: 542 days, iteration: 39024, Δt: 20 minutes,max|u|: (1.69e+00, 1.61e+00, 6.22e-03) m s⁻¹, extrema(T): (31.06, -1.96) ᵒC, extrema(S): (39.57, 15.44) g/kg, extrema(η): (2.29, -2.23) m, wall time: 11.759 seconds 
[ Info: time: 543 days, iteration: 39096, Δt: 20 minutes,max|u|: (1.83e+00, 1.46e+00, 6.14e-03) m s⁻¹, extrema(T): (31.10, -1.95) ᵒC, extrema(S): (39.58, 14.98) g/kg, extrema(η): (2.81, -2.95) m, wall time: 11.751 seconds 
[ Info: time: 544 days, iteration: 39168, Δt: 20 minutes,max|u|: (2.05e+00, 1.46e+00, 6.10e-03) m s⁻¹, extrema(T): (31.23, -1.94) ᵒC, extrema(S): (39.58, 14.47) g/kg, extrema(η): (3.18, -3.15) m, wall time: 11.727 seconds 
[ Info: time: 545 days, iteration: 39240, Δt: 20 minutes,max|u|: (1.81e+00, 1.80e+00, 6.12e-03) m s⁻¹, extrema(T): (31.17, -1.93) ᵒC, extrema(S): (39.59, 14.25) g/kg, extrema(η): (3.38, -2.18) m, wall time: 16.387 seconds 
[ Info: time: 546 days, iteration: 39312, Δt: 20 minutes,max|u|: (1.49e+00, 1.47e+00, 6.14e-03) m s⁻¹, extrema(T): (31.20, -1.94) ᵒC, extrema(S): (39.59, 13.88) g/kg, extrema(η): (4.60, -2.34) m, wall time: 11.671 seconds 
[ Info: time: 547 days, iteration: 39384, Δt: 20 minutes,max|u|: (1.68e+00, 1.47e+00, 6.20e-03) m s⁻¹, extrema(T): (31.20, -1.93) ᵒC, extrema(S): (39.59, 13.68) g/kg, extrema(η): (3.43, -2.35) m, wall time: 11.685 seconds 
[ Info: time: 548 days, iteration: 39456, Δt: 20 minutes,max|u|: (1.61e+00, 1.58e+00, 6.17e-03) m s⁻¹, extrema(T): (31.26, -1.92) ᵒC, extrema(S): (39.60, 13.79) g/kg, extrema(η): (3.14, -2.38) m, wall time: 11.744 seconds 
[ Info: time: 549 days, iteration: 39528, Δt: 20 minutes,max|u|: (1.83e+00, 1.46e+00, 6.22e-03) m s⁻¹, extrema(T): (31.16, -1.93) ᵒC, extrema(S): (39.60, 13.86) g/kg, extrema(η): (2.91, -3.43) m, wall time: 11.706 seconds 
[ Info: time: 550 days, iteration: 39600, Δt: 20 minutes,max|u|: (2.02e+00, 1.80e+00, 6.23e-03) m s⁻¹, extrema(T): (31.02, -1.93) ᵒC, extrema(S): (39.60, 15.99) g/kg, extrema(η): (2.60, -2.43) m, wall time: 11.670 seconds 
[ Info: time: 551 days, iteration: 39672, Δt: 20 minutes,max|u|: (1.75e+00, 1.43e+00, 6.24e-03) m s⁻¹, extrema(T): (31.03, -1.93) ᵒC, extrema(S): (39.60, 15.27) g/kg, extrema(η): (4.05, -2.37) m, wall time: 11.714 seconds 
[ Info: time: 552 days, iteration: 39744, Δt: 20 minutes,max|u|: (2.29e+00, 1.41e+00, 6.26e-03) m s⁻¹, extrema(T): (31.04, -1.93) ᵒC, extrema(S): (39.61, 14.65) g/kg, extrema(η): (3.70, -2.19) m, wall time: 11.685 seconds 
[ Info: time: 553 days, iteration: 39816, Δt: 20 minutes,max|u|: (2.24e+00, 1.62e+00, 6.33e-03) m s⁻¹, extrema(T): (31.08, -1.94) ᵒC, extrema(S): (39.61, 14.18) g/kg, extrema(η): (1.35, -2.27) m, wall time: 11.666 seconds 
[ Info: time: 554 days, iteration: 39888, Δt: 20 minutes,max|u|: (1.97e+00, 1.40e+00, 6.37e-03) m s⁻¹, extrema(T): (31.28, -1.94) ᵒC, extrema(S): (39.61, 14.97) g/kg, extrema(η): (1.35, -3.71) m, wall time: 11.605 seconds 
[ Info: time: 555 days, iteration: 39960, Δt: 20 minutes,max|u|: (2.10e+00, 1.67e+00, 6.42e-03) m s⁻¹, extrema(T): (31.20, -1.94) ᵒC, extrema(S): (39.62, 14.60) g/kg, extrema(η): (1.32, -2.32) m, wall time: 11.729 seconds 
[ Info: time: 556 days, iteration: 40032, Δt: 20 minutes,max|u|: (2.65e+00, 1.44e+00, 6.50e-03) m s⁻¹, extrema(T): (31.11, -1.94) ᵒC, extrema(S): (39.62, 14.24) g/kg, extrema(η): (3.40, -2.24) m, wall time: 11.660 seconds 
[ Info: time: 557 days, iteration: 40104, Δt: 20 minutes,max|u|: (2.12e+00, 1.40e+00, 6.58e-03) m s⁻¹, extrema(T): (31.31, -1.94) ᵒC, extrema(S): (39.63, 15.52) g/kg, extrema(η): (4.13, -2.22) m, wall time: 17.618 seconds 
[ Info: time: 558 days, iteration: 40176, Δt: 20 minutes,max|u|: (1.93e+00, 1.68e+00, 6.59e-03) m s⁻¹, extrema(T): (31.65, -1.95) ᵒC, extrema(S): (39.63, 15.33) g/kg, extrema(η): (1.31, -2.32) m, wall time: 11.686 seconds 
[ Info: time: 559 days, iteration: 40248, Δt: 20 minutes,max|u|: (2.03e+00, 1.40e+00, 6.58e-03) m s⁻¹, extrema(T): (31.58, -1.95) ᵒC, extrema(S): (39.63, 14.75) g/kg, extrema(η): (1.36, -3.60) m, wall time: 11.685 seconds 
[ Info: time: 560 days, iteration: 40320, Δt: 20 minutes,max|u|: (2.38e+00, 1.42e+00, 6.55e-03) m s⁻¹, extrema(T): (31.66, -1.95) ᵒC, extrema(S): (39.63, 14.24) g/kg, extrema(η): (1.25, -2.25) m, wall time: 11.757 seconds 
[ Info: time: 561 days, iteration: 40392, Δt: 20 minutes,max|u|: (1.83e+00, 1.62e+00, 6.46e-03) m s⁻¹, extrema(T): (31.63, -1.95) ᵒC, extrema(S): (39.63, 15.39) g/kg, extrema(η): (2.18, -2.35) m, wall time: 11.719 seconds 
[ Info: time: 562 days, iteration: 40464, Δt: 20 minutes,max|u|: (1.82e+00, 1.43e+00, 6.45e-03) m s⁻¹, extrema(T): (31.52, -1.95) ᵒC, extrema(S): (39.63, 15.29) g/kg, extrema(η): (4.37, -2.23) m, wall time: 11.929 seconds 
[ Info: time: 563 days, iteration: 40536, Δt: 20 minutes,max|u|: (1.75e+00, 1.57e+00, 6.44e-03) m s⁻¹, extrema(T): (31.62, -1.95) ᵒC, extrema(S): (39.64, 15.52) g/kg, extrema(η): (1.61, -2.35) m, wall time: 11.696 seconds 
[ Info: time: 564 days, iteration: 40608, Δt: 20 minutes,max|u|: (1.76e+00, 1.44e+00, 6.42e-03) m s⁻¹, extrema(T): (31.72, -1.95) ᵒC, extrema(S): (39.64, 14.62) g/kg, extrema(η): (1.44, -2.99) m, wall time: 11.787 seconds 
[ Info: time: 565 days, iteration: 40680, Δt: 20 minutes,max|u|: (1.83e+00, 1.74e+00, 6.36e-03) m s⁻¹, extrema(T): (31.71, -1.95) ᵒC, extrema(S): (39.65, 15.92) g/kg, extrema(η): (1.48, -3.49) m, wall time: 11.764 seconds 
[ Info: time: 566 days, iteration: 40752, Δt: 20 minutes,max|u|: (1.57e+00, 1.76e+00, 6.29e-03) m s⁻¹, extrema(T): (31.69, -1.94) ᵒC, extrema(S): (39.65, 16.54) g/kg, extrema(η): (1.87, -2.22) m, wall time: 11.797 seconds 
[ Info: time: 567 days, iteration: 40824, Δt: 20 minutes,max|u|: (1.56e+00, 1.46e+00, 6.25e-03) m s⁻¹, extrema(T): (31.78, -1.95) ᵒC, extrema(S): (39.65, 15.58) g/kg, extrema(η): (4.29, -2.17) m, wall time: 11.817 seconds 
[ Info: time: 568 days, iteration: 40896, Δt: 20 minutes,max|u|: (1.86e+00, 1.46e+00, 6.23e-03) m s⁻¹, extrema(T): (32.10, -1.95) ᵒC, extrema(S): (39.65, 16.34) g/kg, extrema(η): (2.85, -2.04) m, wall time: 11.677 seconds 
[ Info: time: 569 days, iteration: 40968, Δt: 20 minutes,max|u|: (2.09e+00, 1.50e+00, 6.19e-03) m s⁻¹, extrema(T): (32.25, -1.95) ᵒC, extrema(S): (39.65, 16.68) g/kg, extrema(η): (3.17, -2.17) m, wall time: 11.763 seconds 
[ Info: time: 570 days, iteration: 41040, Δt: 20 minutes,max|u|: (1.86e+00, 1.49e+00, 6.12e-03) m s⁻¹, extrema(T): (32.22, -1.95) ᵒC, extrema(S): (39.65, 15.69) g/kg, extrema(η): (3.33, -3.77) m, wall time: 16.611 seconds 
[ Info: time: 571 days, iteration: 41112, Δt: 20 minutes,max|u|: (1.96e+00, 1.71e+00, 6.11e-03) m s⁻¹, extrema(T): (32.23, -1.95) ᵒC, extrema(S): (39.66, 15.22) g/kg, extrema(η): (3.27, -2.22) m, wall time: 11.723 seconds 
[ Info: time: 572 days, iteration: 41184, Δt: 20 minutes,max|u|: (1.86e+00, 1.50e+00, 6.11e-03) m s⁻¹, extrema(T): (32.34, -1.94) ᵒC, extrema(S): (39.66, 14.77) g/kg, extrema(η): (3.84, -2.27) m, wall time: 11.787 seconds 
[ Info: time: 573 days, iteration: 41256, Δt: 20 minutes,max|u|: (1.63e+00, 1.62e+00, 6.08e-03) m s⁻¹, extrema(T): (32.22, -1.94) ᵒC, extrema(S): (39.66, 14.74) g/kg, extrema(η): (3.70, -2.37) m, wall time: 11.839 seconds 
[ Info: time: 574 days, iteration: 41328, Δt: 20 minutes,max|u|: (1.96e+00, 1.61e+00, 6.10e-03) m s⁻¹, extrema(T): (32.35, -1.94) ᵒC, extrema(S): (39.67, 14.41) g/kg, extrema(η): (2.62, -2.30) m, wall time: 11.754 seconds 
[ Info: time: 575 days, iteration: 41400, Δt: 20 minutes,max|u|: (1.99e+00, 1.60e+00, 6.07e-03) m s⁻¹, extrema(T): (32.30, -1.94) ᵒC, extrema(S): (39.67, 13.96) g/kg, extrema(η): (2.36, -3.60) m, wall time: 11.662 seconds 
[ Info: time: 576 days, iteration: 41472, Δt: 20 minutes,max|u|: (2.00e+00, 1.57e+00, 6.07e-03) m s⁻¹, extrema(T): (32.17, -1.94) ᵒC, extrema(S): (39.67, 13.56) g/kg, extrema(η): (2.03, -2.13) m, wall time: 11.688 seconds 
[ Info: time: 577 days, iteration: 41544, Δt: 20 minutes,max|u|: (1.73e+00, 1.51e+00, 6.13e-03) m s⁻¹, extrema(T): (32.20, -1.94) ᵒC, extrema(S): (39.67, 13.24) g/kg, extrema(η): (2.93, -2.16) m, wall time: 11.873 seconds 
[ Info: time: 578 days, iteration: 41616, Δt: 20 minutes,max|u|: (1.55e+00, 1.59e+00, 6.16e-03) m s⁻¹, extrema(T): (32.21, -1.94) ᵒC, extrema(S): (39.67, 13.42) g/kg, extrema(η): (4.34, -2.11) m, wall time: 11.769 seconds 
[ Info: time: 579 days, iteration: 41688, Δt: 20 minutes,max|u|: (1.60e+00, 1.72e+00, 6.19e-03) m s⁻¹, extrema(T): (32.16, -1.94) ᵒC, extrema(S): (39.68, 13.74) g/kg, extrema(η): (1.37, -2.18) m, wall time: 11.738 seconds 
[ Info: time: 580 days, iteration: 41760, Δt: 20 minutes,max|u|: (1.52e+00, 1.72e+00, 6.28e-03) m s⁻¹, extrema(T): (32.15, -1.94) ᵒC, extrema(S): (39.68, 13.73) g/kg, extrema(η): (1.41, -3.08) m, wall time: 11.751 seconds 
[ Info: time: 581 days, iteration: 41832, Δt: 20 minutes,max|u|: (1.50e+00, 1.80e+00, 6.28e-03) m s⁻¹, extrema(T): (32.12, -1.95) ᵒC, extrema(S): (39.69, 13.90) g/kg, extrema(η): (1.65, -2.67) m, wall time: 11.759 seconds 
[ Info: time: 582 days, iteration: 41904, Δt: 20 minutes,max|u|: (1.50e+00, 1.78e+00, 6.19e-03) m s⁻¹, extrema(T): (32.02, -1.95) ᵒC, extrema(S): (39.69, 14.31) g/kg, extrema(η): (1.63, -2.34) m, wall time: 16.698 seconds 
[ Info: time: 583 days, iteration: 41976, Δt: 20 minutes,max|u|: (1.47e+00, 1.79e+00, 6.28e-03) m s⁻¹, extrema(T): (31.86, -1.95) ᵒC, extrema(S): (39.70, 14.72) g/kg, extrema(η): (4.51, -2.28) m, wall time: 11.776 seconds 
[ Info: time: 584 days, iteration: 42048, Δt: 20 minutes,max|u|: (1.55e+00, 1.79e+00, 6.33e-03) m s⁻¹, extrema(T): (31.80, -1.95) ᵒC, extrema(S): (39.70, 14.40) g/kg, extrema(η): (2.33, -2.33) m, wall time: 11.794 seconds 
[ Info: time: 585 days, iteration: 42120, Δt: 20 minutes,max|u|: (1.64e+00, 1.77e+00, 6.30e-03) m s⁻¹, extrema(T): (31.85, -1.95) ᵒC, extrema(S): (39.71, 13.82) g/kg, extrema(η): (1.49, -2.33) m, wall time: 11.729 seconds 
[ Info: time: 586 days, iteration: 42192, Δt: 20 minutes,max|u|: (1.69e+00, 1.77e+00, 6.26e-03) m s⁻¹, extrema(T): (31.87, -1.95) ᵒC, extrema(S): (39.71, 13.82) g/kg, extrema(η): (1.33, -3.44) m, wall time: 11.705 seconds 
[ Info: time: 587 days, iteration: 42264, Δt: 20 minutes,max|u|: (1.59e+00, 1.80e+00, 6.19e-03) m s⁻¹, extrema(T): (31.65, -1.96) ᵒC, extrema(S): (39.71, 14.53) g/kg, extrema(η): (1.31, -2.29) m, wall time: 11.837 seconds 
[ Info: time: 588 days, iteration: 42336, Δt: 20 minutes,max|u|: (1.68e+00, 1.60e+00, 6.15e-03) m s⁻¹, extrema(T): (31.57, -1.96) ᵒC, extrema(S): (39.70, 14.14) g/kg, extrema(η): (4.08, -2.06) m, wall time: 12.935 seconds 
[ Info: time: 589 days, iteration: 42408, Δt: 20 minutes,max|u|: (1.83e+00, 1.51e+00, 6.15e-03) m s⁻¹, extrema(T): (31.58, -1.96) ᵒC, extrema(S): (39.70, 15.30) g/kg, extrema(η): (3.23, -2.03) m, wall time: 11.803 seconds 
[ Info: time: 590 days, iteration: 42480, Δt: 20 minutes,max|u|: (1.84e+00, 1.60e+00, 6.19e-03) m s⁻¹, extrema(T): (31.64, -1.97) ᵒC, extrema(S): (39.71, 15.16) g/kg, extrema(η): (1.59, -2.15) m, wall time: 11.633 seconds 
[ Info: time: 591 days, iteration: 42552, Δt: 20 minutes,max|u|: (1.55e+00, 1.87e+00, 6.25e-03) m s⁻¹, extrema(T): (31.64, -1.97) ᵒC, extrema(S): (39.71, 14.75) g/kg, extrema(η): (1.79, -3.77) m, wall time: 11.619 seconds 
[ Info: time: 592 days, iteration: 42624, Δt: 20 minutes,max|u|: (1.78e+00, 1.73e+00, 6.32e-03) m s⁻¹, extrema(T): (31.54, -1.97) ᵒC, extrema(S): (39.71, 14.66) g/kg, extrema(η): (2.24, -2.24) m, wall time: 11.670 seconds 
[ Info: time: 593 days, iteration: 42696, Δt: 20 minutes,max|u|: (1.67e+00, 1.46e+00, 6.34e-03) m s⁻¹, extrema(T): (31.49, -1.97) ᵒC, extrema(S): (39.71, 14.86) g/kg, extrema(η): (3.69, -2.23) m, wall time: 11.684 seconds 
[ Info: time: 594 days, iteration: 42768, Δt: 20 minutes,max|u|: (2.35e+00, 1.44e+00, 6.39e-03) m s⁻¹, extrema(T): (31.48, -1.97) ᵒC, extrema(S): (39.72, 14.97) g/kg, extrema(η): (4.00, -2.28) m, wall time: 11.760 seconds 
[ Info: time: 595 days, iteration: 42840, Δt: 20 minutes,max|u|: (2.24e+00, 1.61e+00, 6.44e-03) m s⁻¹, extrema(T): (31.51, -1.96) ᵒC, extrema(S): (39.72, 14.47) g/kg, extrema(η): (3.03, -2.37) m, wall time: 22.099 seconds 
[ Info: time: 596 days, iteration: 42912, Δt: 20 minutes,max|u|: (2.25e+00, 1.42e+00, 6.39e-03) m s⁻¹, extrema(T): (31.54, -1.96) ᵒC, extrema(S): (39.72, 14.96) g/kg, extrema(η): (3.18, -3.33) m, wall time: 11.832 seconds 
[ Info: time: 597 days, iteration: 42984, Δt: 20 minutes,max|u|: (1.98e+00, 1.48e+00, 6.39e-03) m s⁻¹, extrema(T): (31.54, -1.96) ᵒC, extrema(S): (39.72, 15.34) g/kg, extrema(η): (3.13, -2.18) m, wall time: 11.724 seconds 
[ Info: time: 598 days, iteration: 43056, Δt: 20 minutes,max|u|: (1.91e+00, 1.71e+00, 6.39e-03) m s⁻¹, extrema(T): (31.43, -1.95) ᵒC, extrema(S): (39.72, 15.64) g/kg, extrema(η): (3.09, -2.12) m, wall time: 11.775 seconds 
[ Info: time: 599 days, iteration: 43128, Δt: 20 minutes,max|u|: (2.03e+00, 1.55e+00, 6.42e-03) m s⁻¹, extrema(T): (31.36, -1.96) ᵒC, extrema(S): (39.72, 14.80) g/kg, extrema(η): (4.45, -2.31) m, wall time: 11.751 seconds 
[ Info: time: 600 days, iteration: 43200, Δt: 20 minutes,max|u|: (2.06e+00, 1.71e+00, 6.53e-03) m s⁻¹, extrema(T): (31.31, -1.95) ᵒC, extrema(S): (39.73, 14.32) g/kg, extrema(η): (2.47, -2.16) m, wall time: 11.759 seconds 
[ Info: time: 601 days, iteration: 43272, Δt: 20 minutes,max|u|: (2.17e+00, 1.46e+00, 6.63e-03) m s⁻¹, extrema(T): (31.32, -1.96) ᵒC, extrema(S): (39.73, 13.94) g/kg, extrema(η): (2.19, -3.28) m, wall time: 11.715 seconds 
[ Info: time: 602 days, iteration: 43344, Δt: 20 minutes,max|u|: (2.01e+00, 1.47e+00, 6.58e-03) m s⁻¹, extrema(T): (31.41, -1.96) ᵒC, extrema(S): (39.73, 13.56) g/kg, extrema(η): (1.86, -2.95) m, wall time: 11.758 seconds 
[ Info: time: 603 days, iteration: 43416, Δt: 20 minutes,max|u|: (2.02e+00, 1.75e+00, 6.55e-03) m s⁻¹, extrema(T): (31.43, -1.96) ᵒC, extrema(S): (39.73, 14.81) g/kg, extrema(η): (1.59, -2.11) m, wall time: 11.764 seconds 
[ Info: time: 604 days, iteration: 43488, Δt: 20 minutes,max|u|: (2.22e+00, 1.57e+00, 6.54e-03) m s⁻¹, extrema(T): (31.44, -1.96) ᵒC, extrema(S): (39.73, 14.88) g/kg, extrema(η): (4.53, -2.19) m, wall time: 11.747 seconds 
[ Info: time: 605 days, iteration: 43560, Δt: 20 minutes,max|u|: (2.20e+00, 1.90e+00, 6.58e-03) m s⁻¹, extrema(T): (31.43, -1.96) ᵒC, extrema(S): (39.74, 15.01) g/kg, extrema(η): (2.54, -2.34) m, wall time: 11.671 seconds 
[ Info: time: 606 days, iteration: 43632, Δt: 20 minutes,max|u|: (2.04e+00, 1.44e+00, 6.56e-03) m s⁻¹, extrema(T): (31.33, -1.96) ᵒC, extrema(S): (39.74, 15.40) g/kg, extrema(η): (1.79, -2.48) m, wall time: 11.810 seconds 
[ Info: time: 607 days, iteration: 43704, Δt: 20 minutes,max|u|: (1.83e+00, 2.60e+00, 6.54e-03) m s⁻¹, extrema(T): (31.31, -1.97) ᵒC, extrema(S): (39.74, 14.74) g/kg, extrema(η): (1.38, -3.70) m, wall time: 16.677 seconds 
[ Info: time: 608 days, iteration: 43776, Δt: 20 minutes,max|u|: (1.90e+00, 1.80e+00, 6.48e-03) m s⁻¹, extrema(T): (31.35, -1.96) ᵒC, extrema(S): (39.74, 14.16) g/kg, extrema(η): (1.28, -2.08) m, wall time: 11.768 seconds 
[ Info: time: 609 days, iteration: 43848, Δt: 20 minutes,max|u|: (2.12e+00, 1.75e+00, 6.49e-03) m s⁻¹, extrema(T): (31.35, -1.96) ᵒC, extrema(S): (39.74, 13.83) g/kg, extrema(η): (4.22, -2.12) m, wall time: 11.775 seconds 
[ Info: time: 610 days, iteration: 43920, Δt: 20 minutes,max|u|: (2.23e+00, 1.47e+00, 6.54e-03) m s⁻¹, extrema(T): (31.30, -1.95) ᵒC, extrema(S): (39.74, 14.28) g/kg, extrema(η): (3.18, -2.19) m, wall time: 11.750 seconds 
[ Info: time: 611 days, iteration: 43992, Δt: 20 minutes,max|u|: (2.27e+00, 1.58e+00, 6.56e-03) m s⁻¹, extrema(T): (31.32, -1.96) ᵒC, extrema(S): (39.74, 15.11) g/kg, extrema(η): (1.37, -2.32) m, wall time: 11.746 seconds 
[ Info: time: 612 days, iteration: 44064, Δt: 20 minutes,max|u|: (2.09e+00, 1.65e+00, 6.56e-03) m s⁻¹, extrema(T): (31.34, -1.96) ᵒC, extrema(S): (39.74, 14.49) g/kg, extrema(η): (1.35, -3.83) m, wall time: 11.796 seconds 
[ Info: time: 613 days, iteration: 44136, Δt: 20 minutes,max|u|: (2.12e+00, 1.65e+00, 6.54e-03) m s⁻¹, extrema(T): (31.35, -1.96) ᵒC, extrema(S): (39.74, 14.12) g/kg, extrema(η): (1.25, -2.55) m, wall time: 11.818 seconds 
[ Info: time: 614 days, iteration: 44208, Δt: 20 minutes,max|u|: (2.02e+00, 1.73e+00, 6.51e-03) m s⁻¹, extrema(T): (31.40, -1.96) ᵒC, extrema(S): (39.75, 13.87) g/kg, extrema(η): (3.35, -2.44) m, wall time: 11.753 seconds 
[ Info: time: 615 days, iteration: 44280, Δt: 20 minutes,max|u|: (2.04e+00, 1.67e+00, 6.50e-03) m s⁻¹, extrema(T): (31.40, -1.96) ᵒC, extrema(S): (39.74, 13.68) g/kg, extrema(η): (4.02, -2.47) m, wall time: 11.737 seconds 
[ Info: time: 616 days, iteration: 44352, Δt: 20 minutes,max|u|: (1.82e+00, 1.78e+00, 6.44e-03) m s⁻¹, extrema(T): (31.36, -1.96) ᵒC, extrema(S): (39.75, 14.72) g/kg, extrema(η): (1.82, -2.39) m, wall time: 11.819 seconds 
[ Info: time: 617 days, iteration: 44424, Δt: 20 minutes,max|u|: (2.02e+00, 1.70e+00, 6.47e-03) m s⁻¹, extrema(T): (31.35, -1.96) ᵒC, extrema(S): (39.75, 15.49) g/kg, extrema(η): (2.33, -3.52) m, wall time: 11.836 seconds 
[ Info: time: 618 days, iteration: 44496, Δt: 20 minutes,max|u|: (2.30e+00, 1.69e+00, 6.42e-03) m s⁻¹, extrema(T): (31.35, -1.96) ᵒC, extrema(S): (39.75, 15.07) g/kg, extrema(η): (2.64, -2.18) m, wall time: 11.749 seconds 
[ Info: time: 619 days, iteration: 44568, Δt: 20 minutes,max|u|: (2.39e+00, 1.67e+00, 6.39e-03) m s⁻¹, extrema(T): (31.30, -1.96) ᵒC, extrema(S): (39.75, 14.61) g/kg, extrema(η): (3.06, -2.24) m, wall time: 17.934 seconds 
[ Info: time: 620 days, iteration: 44640, Δt: 20 minutes,max|u|: (2.37e+00, 1.67e+00, 6.36e-03) m s⁻¹, extrema(T): (31.33, -1.97) ᵒC, extrema(S): (39.76, 15.36) g/kg, extrema(η): (4.50, -2.37) m, wall time: 11.767 seconds 
[ Info: time: 621 days, iteration: 44712, Δt: 20 minutes,max|u|: (2.19e+00, 1.66e+00, 6.37e-03) m s⁻¹, extrema(T): (31.32, -1.97) ᵒC, extrema(S): (39.76, 15.05) g/kg, extrema(η): (3.43, -2.31) m, wall time: 11.713 seconds 
[ Info: time: 622 days, iteration: 44784, Δt: 20 minutes,max|u|: (1.89e+00, 1.57e+00, 6.40e-03) m s⁻¹, extrema(T): (31.25, -1.97) ᵒC, extrema(S): (39.75, 14.45) g/kg, extrema(η): (3.39, -2.39) m, wall time: 11.695 seconds 
[ Info: time: 623 days, iteration: 44856, Δt: 20 minutes,max|u|: (1.88e+00, 1.53e+00, 6.35e-03) m s⁻¹, extrema(T): (31.22, -1.97) ᵒC, extrema(S): (39.75, 14.33) g/kg, extrema(η): (3.28, -2.78) m, wall time: 11.732 seconds 
[ Info: time: 624 days, iteration: 44928, Δt: 20 minutes,max|u|: (2.24e+00, 1.66e+00, 6.40e-03) m s⁻¹, extrema(T): (31.17, -1.97) ᵒC, extrema(S): (39.76, 13.74) g/kg, extrema(η): (3.08, -2.21) m, wall time: 11.746 seconds 
[ Info: time: 625 days, iteration: 45000, Δt: 20 minutes,max|u|: (2.21e+00, 1.42e+00, 6.44e-03) m s⁻¹, extrema(T): (31.13, -1.97) ᵒC, extrema(S): (39.76, 13.21) g/kg, extrema(η): (4.26, -2.14) m, wall time: 11.738 seconds 
[ Info: time: 626 days, iteration: 45072, Δt: 20 minutes,max|u|: (2.50e+00, 1.46e+00, 6.39e-03) m s⁻¹, extrema(T): (31.13, -1.97) ᵒC, extrema(S): (39.76, 14.02) g/kg, extrema(η): (3.19, -2.26) m, wall time: 11.720 seconds 
[ Info: time: 627 days, iteration: 45144, Δt: 20 minutes,max|u|: (2.46e+00, 1.81e+00, 6.37e-03) m s⁻¹, extrema(T): (31.11, -1.97) ᵒC, extrema(S): (39.76, 15.29) g/kg, extrema(η): (2.11, -2.39) m, wall time: 11.697 seconds 
[ Info: time: 628 days, iteration: 45216, Δt: 20 minutes,max|u|: (2.20e+00, 1.80e+00, 6.39e-03) m s⁻¹, extrema(T): (31.10, -1.97) ᵒC, extrema(S): (39.76, 15.45) g/kg, extrema(η): (1.74, -3.24) m, wall time: 11.709 seconds 
[ Info: time: 629 days, iteration: 45288, Δt: 20 minutes,max|u|: (2.06e+00, 1.60e+00, 6.37e-03) m s⁻¹, extrema(T): (31.07, -1.97) ᵒC, extrema(S): (39.76, 14.82) g/kg, extrema(η): (1.35, -2.49) m, wall time: 11.705 seconds 
[ Info: time: 630 days, iteration: 45360, Δt: 20 minutes,max|u|: (2.19e+00, 1.66e+00, 6.34e-03) m s⁻¹, extrema(T): (31.05, -1.96) ᵒC, extrema(S): (39.76, 14.22) g/kg, extrema(η): (3.65, -2.37) m, wall time: 11.804 seconds 
[ Info: time: 631 days, iteration: 45432, Δt: 20 minutes,max|u|: (2.33e+00, 1.73e+00, 6.42e-03) m s⁻¹, extrema(T): (31.03, -1.96) ᵒC, extrema(S): (39.77, 13.77) g/kg, extrema(η): (4.34, -2.16) m, wall time: 11.694 seconds 
[ Info: time: 632 days, iteration: 45504, Δt: 20 minutes,max|u|: (2.26e+00, 1.70e+00, 6.43e-03) m s⁻¹, extrema(T): (31.05, -1.94) ᵒC, extrema(S): (39.77, 13.54) g/kg, extrema(η): (1.35, -2.31) m, wall time: 16.647 seconds 
[ Info: time: 633 days, iteration: 45576, Δt: 20 minutes,max|u|: (2.13e+00, 1.68e+00, 6.41e-03) m s⁻¹, extrema(T): (31.04, -1.94) ᵒC, extrema(S): (39.77, 13.55) g/kg, extrema(η): (1.51, -3.59) m, wall time: 11.669 seconds 
[ Info: time: 634 days, iteration: 45648, Δt: 20 minutes,max|u|: (2.02e+00, 1.66e+00, 6.31e-03) m s⁻¹, extrema(T): (31.06, -1.93) ᵒC, extrema(S): (39.77, 13.60) g/kg, extrema(η): (1.26, -2.51) m, wall time: 11.677 seconds 
[ Info: time: 635 days, iteration: 45720, Δt: 20 minutes,max|u|: (1.94e+00, 1.53e+00, 6.27e-03) m s⁻¹, extrema(T): (31.02, -1.92) ᵒC, extrema(S): (39.77, 14.16) g/kg, extrema(η): (2.47, -2.31) m, wall time: 11.644 seconds 
[ Info: time: 636 days, iteration: 45792, Δt: 20 minutes,max|u|: (2.15e+00, 1.48e+00, 6.32e-03) m s⁻¹, extrema(T): (31.02, -1.91) ᵒC, extrema(S): (39.77, 14.45) g/kg, extrema(η): (4.72, -2.28) m, wall time: 11.657 seconds 
[ Info: time: 637 days, iteration: 45864, Δt: 20 minutes,max|u|: (2.26e+00, 1.60e+00, 6.29e-03) m s⁻¹, extrema(T): (31.05, -1.91) ᵒC, extrema(S): (39.77, 14.84) g/kg, extrema(η): (1.84, -2.35) m, wall time: 11.794 seconds 
[ Info: time: 638 days, iteration: 45936, Δt: 20 minutes,max|u|: (2.16e+00, 1.47e+00, 6.28e-03) m s⁻¹, extrema(T): (31.06, -1.93) ᵒC, extrema(S): (39.77, 14.68) g/kg, extrema(η): (1.29, -2.81) m, wall time: 11.776 seconds 
[ Info: time: 639 days, iteration: 46008, Δt: 20 minutes,max|u|: (2.00e+00, 1.48e+00, 6.20e-03) m s⁻¹, extrema(T): (31.02, -1.93) ᵒC, extrema(S): (39.77, 14.43) g/kg, extrema(η): (1.27, -3.15) m, wall time: 11.700 seconds 
[ Info: time: 640 days, iteration: 46080, Δt: 20 minutes,max|u|: (1.99e+00, 1.76e+00, 6.17e-03) m s⁻¹, extrema(T): (30.97, -1.93) ᵒC, extrema(S): (39.78, 14.66) g/kg, extrema(η): (1.26, -2.34) m, wall time: 11.692 seconds 
[ Info: time: 641 days, iteration: 46152, Δt: 20 minutes,max|u|: (1.75e+00, 2.17e+00, 6.20e-03) m s⁻¹, extrema(T): (30.95, -1.93) ᵒC, extrema(S): (39.78, 15.02) g/kg, extrema(η): (4.50, -2.29) m, wall time: 11.692 seconds 
[ Info: time: 642 days, iteration: 46224, Δt: 20 minutes,max|u|: (1.68e+00, 2.27e+00, 6.20e-03) m s⁻¹, extrema(T): (30.98, -1.95) ᵒC, extrema(S): (39.78, 15.64) g/kg, extrema(η): (2.67, -2.39) m, wall time: 11.682 seconds 
[ Info: time: 643 days, iteration: 46296, Δt: 20 minutes,max|u|: (1.69e+00, 1.70e+00, 6.22e-03) m s⁻¹, extrema(T): (30.99, -1.95) ᵒC, extrema(S): (39.78, 17.22) g/kg, extrema(η): (2.52, -2.35) m, wall time: 11.575 seconds 
[ Info: time: 644 days, iteration: 46368, Δt: 20 minutes,max|u|: (1.92e+00, 1.66e+00, 6.20e-03) m s⁻¹, extrema(T): (30.99, -1.95) ᵒC, extrema(S): (39.79, 17.72) g/kg, extrema(η): (3.02, -3.61) m, wall time: 16.418 seconds 
[ Info: time: 645 days, iteration: 46440, Δt: 20 minutes,max|u|: (1.52e+00, 1.82e+00, 6.18e-03) m s⁻¹, extrema(T): (31.02, -1.95) ᵒC, extrema(S): (39.80, 17.93) g/kg, extrema(η): (3.31, -2.33) m, wall time: 11.750 seconds 
[ Info: time: 646 days, iteration: 46512, Δt: 20 minutes,max|u|: (1.51e+00, 1.48e+00, 6.15e-03) m s⁻¹, extrema(T): (31.05, -1.95) ᵒC, extrema(S): (39.79, 17.76) g/kg, extrema(η): (4.26, -2.29) m, wall time: 11.768 seconds 
[ Info: time: 647 days, iteration: 46584, Δt: 20 minutes,max|u|: (1.49e+00, 2.15e+00, 6.08e-03) m s⁻¹, extrema(T): (31.03, -1.95) ᵒC, extrema(S): (39.80, 17.63) g/kg, extrema(η): (3.64, -2.18) m, wall time: 11.668 seconds 
[ Info: time: 648 days, iteration: 46656, Δt: 20 minutes,max|u|: (1.63e+00, 1.53e+00, 6.04e-03) m s⁻¹, extrema(T): (31.08, -1.94) ᵒC, extrema(S): (39.80, 17.70) g/kg, extrema(η): (3.25, -2.17) m, wall time: 11.732 seconds 
[ Info: time: 649 days, iteration: 46728, Δt: 20 minutes,max|u|: (1.58e+00, 1.50e+00, 6.03e-03) m s⁻¹, extrema(T): (31.11, -1.94) ᵒC, extrema(S): (39.80, 17.53) g/kg, extrema(η): (3.03, -2.73) m, wall time: 11.659 seconds 
[ Info: time: 650 days, iteration: 46800, Δt: 20 minutes,max|u|: (2.24e+00, 1.68e+00, 6.05e-03) m s⁻¹, extrema(T): (31.12, -1.94) ᵒC, extrema(S): (39.81, 16.50) g/kg, extrema(η): (2.69, -2.29) m, wall time: 12.870 seconds 
[ Info: time: 651 days, iteration: 46872, Δt: 20 minutes,max|u|: (1.56e+00, 1.51e+00, 6.09e-03) m s⁻¹, extrema(T): (31.20, -1.94) ᵒC, extrema(S): (39.82, 16.70) g/kg, extrema(η): (3.26, -2.32) m, wall time: 11.600 seconds 
[ Info: time: 652 days, iteration: 46944, Δt: 20 minutes,max|u|: (1.59e+00, 1.50e+00, 6.15e-03) m s⁻¹, extrema(T): (31.17, -1.94) ᵒC, extrema(S): (39.84, 17.18) g/kg, extrema(η): (4.43, -2.16) m, wall time: 11.723 seconds 
[ Info: time: 653 days, iteration: 47016, Δt: 20 minutes,max|u|: (1.58e+00, 1.71e+00, 6.20e-03) m s⁻¹, extrema(T): (31.15, -1.94) ᵒC, extrema(S): (39.85, 17.49) g/kg, extrema(η): (1.40, -2.20) m, wall time: 11.750 seconds 
[ Info: time: 654 days, iteration: 47088, Δt: 20 minutes,max|u|: (1.49e+00, 1.48e+00, 6.24e-03) m s⁻¹, extrema(T): (31.23, -1.95) ᵒC, extrema(S): (39.86, 17.46) g/kg, extrema(η): (1.36, -2.95) m, wall time: 11.741 seconds 
[ Info: time: 655 days, iteration: 47160, Δt: 20 minutes,max|u|: (1.54e+00, 2.13e+00, 6.27e-03) m s⁻¹, extrema(T): (31.17, -1.95) ᵒC, extrema(S): (39.88, 17.65) g/kg, extrema(η): (1.49, -2.33) m, wall time: 11.712 seconds 
[ Info: time: 656 days, iteration: 47232, Δt: 20 minutes,max|u|: (2.47e+00, 1.93e+00, 6.25e-03) m s⁻¹, extrema(T): (31.07, -1.95) ᵒC, extrema(S): (39.89, 17.94) g/kg, extrema(η): (1.97, -2.17) m, wall time: 16.481 seconds 
[ Info: time: 657 days, iteration: 47304, Δt: 20 minutes,max|u|: (1.85e+00, 1.45e+00, 6.26e-03) m s⁻¹, extrema(T): (31.11, -1.93) ᵒC, extrema(S): (39.89, 18.19) g/kg, extrema(η): (4.47, -2.20) m, wall time: 11.746 seconds 
[ Info: time: 658 days, iteration: 47376, Δt: 20 minutes,max|u|: (1.48e+00, 1.48e+00, 6.27e-03) m s⁻¹, extrema(T): (31.14, -1.94) ᵒC, extrema(S): (39.88, 18.22) g/kg, extrema(η): (2.25, -2.33) m, wall time: 11.674 seconds 
[ Info: time: 659 days, iteration: 47448, Δt: 20 minutes,max|u|: (1.68e+00, 1.47e+00, 6.30e-03) m s⁻¹, extrema(T): (31.15, -1.94) ᵒC, extrema(S): (39.87, 18.21) g/kg, extrema(η): (1.32, -2.20) m, wall time: 11.684 seconds 
[ Info: time: 660 days, iteration: 47520, Δt: 20 minutes,max|u|: (1.49e+00, 1.49e+00, 6.28e-03) m s⁻¹, extrema(T): (31.18, -1.93) ᵒC, extrema(S): (39.87, 17.74) g/kg, extrema(η): (1.29, -2.99) m, wall time: 11.682 seconds 
[ Info: time: 661 days, iteration: 47592, Δt: 20 minutes,max|u|: (1.48e+00, 2.59e+00, 6.24e-03) m s⁻¹, extrema(T): (31.22, -1.92) ᵒC, extrema(S): (39.86, 17.32) g/kg, extrema(η): (1.68, -2.10) m, wall time: 11.599 seconds 
[ Info: time: 662 days, iteration: 47664, Δt: 20 minutes,max|u|: (1.73e+00, 1.52e+00, 6.23e-03) m s⁻¹, extrema(T): (31.26, -1.94) ᵒC, extrema(S): (39.85, 18.05) g/kg, extrema(η): (4.28, -2.07) m, wall time: 11.654 seconds 
[ Info: time: 663 days, iteration: 47736, Δt: 20 minutes,max|u|: (1.59e+00, 1.89e+00, 6.26e-03) m s⁻¹, extrema(T): (31.31, -1.94) ᵒC, extrema(S): (39.82, 17.25) g/kg, extrema(η): (3.67, -2.24) m, wall time: 11.731 seconds 
[ Info: time: 664 days, iteration: 47808, Δt: 20 minutes,max|u|: (1.74e+00, 2.60e+00, 6.27e-03) m s⁻¹, extrema(T): (31.34, -1.94) ᵒC, extrema(S): (39.81, 16.99) g/kg, extrema(η): (1.36, -2.27) m, wall time: 11.681 seconds 
[ Info: time: 665 days, iteration: 47880, Δt: 20 minutes,max|u|: (1.90e+00, 1.99e+00, 6.31e-03) m s⁻¹, extrema(T): (31.38, -1.94) ᵒC, extrema(S): (39.81, 18.02) g/kg, extrema(η): (1.32, -2.92) m, wall time: 11.614 seconds 
[ Info: time: 666 days, iteration: 47952, Δt: 20 minutes,max|u|: (1.62e+00, 1.57e+00, 6.29e-03) m s⁻¹, extrema(T): (31.42, -1.94) ᵒC, extrema(S): (39.80, 18.44) g/kg, extrema(η): (1.89, -2.24) m, wall time: 11.664 seconds 
[ Info: time: 667 days, iteration: 48024, Δt: 20 minutes,max|u|: (1.60e+00, 1.48e+00, 6.26e-03) m s⁻¹, extrema(T): (31.46, -1.93) ᵒC, extrema(S): (39.79, 18.72) g/kg, extrema(η): (2.83, -2.33) m, wall time: 11.682 seconds 
[ Info: time: 668 days, iteration: 48096, Δt: 20 minutes,max|u|: (1.58e+00, 1.47e+00, 6.22e-03) m s⁻¹, extrema(T): (31.50, -1.94) ᵒC, extrema(S): (39.79, 18.86) g/kg, extrema(η): (4.52, -2.30) m, wall time: 11.707 seconds 
[ Info: time: 669 days, iteration: 48168, Δt: 20 minutes,max|u|: (1.53e+00, 1.58e+00, 6.20e-03) m s⁻¹, extrema(T): (31.54, -1.94) ᵒC, extrema(S): (39.78, 18.94) g/kg, extrema(η): (3.24, -2.43) m, wall time: 16.535 seconds 
[ Info: time: 670 days, iteration: 48240, Δt: 20 minutes,max|u|: (1.46e+00, 1.93e+00, 6.18e-03) m s⁻¹, extrema(T): (31.56, -1.94) ᵒC, extrema(S): (39.78, 18.99) g/kg, extrema(η): (3.50, -2.87) m, wall time: 11.746 seconds 
[ Info: time: 671 days, iteration: 48312, Δt: 20 minutes,max|u|: (1.43e+00, 1.71e+00, 6.18e-03) m s⁻¹, extrema(T): (31.57, -1.94) ᵒC, extrema(S): (39.78, 19.01) g/kg, extrema(η): (3.58, -2.33) m, wall time: 11.687 seconds 
[ Info: time: 672 days, iteration: 48384, Δt: 20 minutes,max|u|: (1.41e+00, 1.66e+00, 6.23e-03) m s⁻¹, extrema(T): (31.57, -1.94) ᵒC, extrema(S): (39.78, 18.15) g/kg, extrema(η): (3.48, -2.21) m, wall time: 11.614 seconds 
[ Info: time: 673 days, iteration: 48456, Δt: 20 minutes,max|u|: (1.43e+00, 1.51e+00, 6.26e-03) m s⁻¹, extrema(T): (31.53, -1.94) ᵒC, extrema(S): (39.77, 17.44) g/kg, extrema(η): (4.33, -2.22) m, wall time: 11.652 seconds 
[ Info: time: 674 days, iteration: 48528, Δt: 20 minutes,max|u|: (1.52e+00, 1.50e+00, 6.33e-03) m s⁻¹, extrema(T): (31.49, -1.94) ᵒC, extrema(S): (39.77, 17.50) g/kg, extrema(η): (2.89, -2.01) m, wall time: 11.689 seconds 
[ Info: time: 675 days, iteration: 48600, Δt: 20 minutes,max|u|: (1.47e+00, 1.51e+00, 6.36e-03) m s⁻¹, extrema(T): (31.42, -1.94) ᵒC, extrema(S): (39.78, 18.73) g/kg, extrema(η): (2.55, -2.18) m, wall time: 11.727 seconds 
[ Info: time: 676 days, iteration: 48672, Δt: 20 minutes,max|u|: (1.53e+00, 1.63e+00, 6.33e-03) m s⁻¹, extrema(T): (31.36, -1.94) ᵒC, extrema(S): (39.78, 19.19) g/kg, extrema(η): (1.98, -3.03) m, wall time: 11.718 seconds 
[ Info: time: 677 days, iteration: 48744, Δt: 20 minutes,max|u|: (1.47e+00, 2.05e+00, 6.29e-03) m s⁻¹, extrema(T): (31.29, -1.93) ᵒC, extrema(S): (39.77, 19.21) g/kg, extrema(η): (1.43, -2.09) m, wall time: 11.708 seconds 
[ Info: time: 678 days, iteration: 48816, Δt: 20 minutes,max|u|: (1.75e+00, 1.53e+00, 6.25e-03) m s⁻¹, extrema(T): (31.24, -1.92) ᵒC, extrema(S): (39.76, 18.58) g/kg, extrema(η): (3.98, -2.24) m, wall time: 11.695 seconds 
[ Info: time: 679 days, iteration: 48888, Δt: 20 minutes,max|u|: (1.73e+00, 1.82e+00, 6.22e-03) m s⁻¹, extrema(T): (31.19, -1.92) ᵒC, extrema(S): (39.76, 18.49) g/kg, extrema(η): (1.29, -2.33) m, wall time: 11.567 seconds 
[ Info: time: 680 days, iteration: 48960, Δt: 20 minutes,max|u|: (2.20e+00, 3.57e+00, 6.19e-03) m s⁻¹, extrema(T): (30.97, -1.91) ᵒC, extrema(S): (39.76, 19.17) g/kg, extrema(η): (3.04, -2.50) m, wall time: 11.638 seconds 
[ Info: time: 681 days, iteration: 49032, Δt: 20 minutes,max|u|: (2.00e+00, 2.56e+00, 6.15e-03) m s⁻¹, extrema(T): (30.95, -1.91) ᵒC, extrema(S): (39.75, 19.33) g/kg, extrema(η): (2.07, -2.28) m, wall time: 17.501 seconds 
[ Info: time: 682 days, iteration: 49104, Δt: 20 minutes,max|u|: (1.66e+00, 1.55e+00, 6.15e-03) m s⁻¹, extrema(T): (30.97, -1.88) ᵒC, extrema(S): (39.75, 19.41) g/kg, extrema(η): (2.46, -2.30) m, wall time: 11.762 seconds 
[ Info: time: 683 days, iteration: 49176, Δt: 20 minutes,max|u|: (1.67e+00, 1.55e+00, 6.15e-03) m s⁻¹, extrema(T): (31.08, -1.88) ᵒC, extrema(S): (39.75, 19.48) g/kg, extrema(η): (4.44, -2.30) m, wall time: 11.716 seconds 
[ Info: time: 684 days, iteration: 49248, Δt: 20 minutes,max|u|: (1.48e+00, 1.95e+00, 6.18e-03) m s⁻¹, extrema(T): (31.16, -1.88) ᵒC, extrema(S): (39.75, 19.36) g/kg, extrema(η): (2.29, -2.12) m, wall time: 11.750 seconds 
[ Info: time: 685 days, iteration: 49320, Δt: 20 minutes,max|u|: (2.37e+00, 1.66e+00, 6.24e-03) m s⁻¹, extrema(T): (31.06, -1.88) ᵒC, extrema(S): (39.75, 19.21) g/kg, extrema(η): (1.31, -2.19) m, wall time: 11.688 seconds 
[ Info: time: 686 days, iteration: 49392, Δt: 20 minutes,max|u|: (2.63e+00, 1.91e+00, 6.29e-03) m s⁻¹, extrema(T): (30.99, -1.88) ᵒC, extrema(S): (39.75, 19.09) g/kg, extrema(η): (1.29, -3.30) m, wall time: 11.665 seconds 
[ Info: time: 687 days, iteration: 49464, Δt: 20 minutes,max|u|: (1.70e+00, 2.37e+00, 6.29e-03) m s⁻¹, extrema(T): (31.05, -1.88) ᵒC, extrema(S): (39.76, 18.98) g/kg, extrema(η): (1.33, -2.17) m, wall time: 11.716 seconds 
[ Info: time: 688 days, iteration: 49536, Δt: 20 minutes,max|u|: (2.82e+00, 2.69e+00, 6.31e-03) m s⁻¹, extrema(T): (31.05, -1.91) ᵒC, extrema(S): (39.76, 18.89) g/kg, extrema(η): (4.28, -2.16) m, wall time: 11.777 seconds 
[ Info: time: 689 days, iteration: 49608, Δt: 20 minutes,max|u|: (2.12e+00, 1.50e+00, 6.34e-03) m s⁻¹, extrema(T): (31.01, -1.90) ᵒC, extrema(S): (39.77, 18.83) g/kg, extrema(η): (2.88, -2.27) m, wall time: 11.695 seconds 
[ Info: time: 690 days, iteration: 49680, Δt: 20 minutes,max|u|: (2.05e+00, 1.73e+00, 6.34e-03) m s⁻¹, extrema(T): (31.01, -1.91) ᵒC, extrema(S): (39.77, 18.79) g/kg, extrema(η): (1.59, -2.14) m, wall time: 11.679 seconds 
[ Info: time: 691 days, iteration: 49752, Δt: 20 minutes,max|u|: (1.82e+00, 2.30e+00, 6.32e-03) m s⁻¹, extrema(T): (31.06, -1.91) ᵒC, extrema(S): (39.76, 18.78) g/kg, extrema(η): (2.20, -3.30) m, wall time: 11.792 seconds 
[ Info: time: 692 days, iteration: 49824, Δt: 20 minutes,max|u|: (1.97e+00, 1.72e+00, 6.32e-03) m s⁻¹, extrema(T): (31.08, -1.91) ᵒC, extrema(S): (39.76, 18.76) g/kg, extrema(η): (2.73, -2.31) m, wall time: 11.748 seconds 
[ Info: time: 693 days, iteration: 49896, Δt: 20 minutes,max|u|: (1.83e+00, 1.66e+00, 6.39e-03) m s⁻¹, extrema(T): (31.13, -1.91) ᵒC, extrema(S): (39.77, 18.72) g/kg, extrema(η): (3.92, -2.20) m, wall time: 11.687 seconds 
[ Info: time: 694 days, iteration: 49968, Δt: 20 minutes,max|u|: (2.44e+00, 2.80e+00, 6.40e-03) m s⁻¹, extrema(T): (31.23, -1.91) ᵒC, extrema(S): (39.77, 18.67) g/kg, extrema(η): (3.58, -2.13) m, wall time: 22.831 seconds 
[ Info: time: 695 days, iteration: 50040, Δt: 20 minutes,max|u|: (1.74e+00, 2.17e+00, 6.43e-03) m s⁻¹, extrema(T): (31.20, -1.90) ᵒC, extrema(S): (39.76, 18.72) g/kg, extrema(η): (3.29, -2.19) m, wall time: 11.767 seconds 
[ Info: time: 696 days, iteration: 50112, Δt: 20 minutes,max|u|: (2.21e+00, 2.12e+00, 6.47e-03) m s⁻¹, extrema(T): (31.19, -1.91) ᵒC, extrema(S): (39.76, 18.75) g/kg, extrema(η): (3.18, -3.07) m, wall time: 11.752 seconds 
[ Info: time: 697 days, iteration: 50184, Δt: 20 minutes,max|u|: (1.93e+00, 1.63e+00, 6.51e-03) m s⁻¹, extrema(T): (31.21, -1.90) ᵒC, extrema(S): (39.76, 18.72) g/kg, extrema(η): (2.99, -2.40) m, wall time: 11.853 seconds 
[ Info: time: 698 days, iteration: 50256, Δt: 20 minutes,max|u|: (1.52e+00, 2.00e+00, 6.47e-03) m s⁻¹, extrema(T): (31.32, -1.91) ᵒC, extrema(S): (39.77, 18.70) g/kg, extrema(η): (3.41, -2.26) m, wall time: 11.737 seconds 
[ Info: time: 699 days, iteration: 50328, Δt: 20 minutes,max|u|: (1.53e+00, 2.25e+00, 6.54e-03) m s⁻¹, extrema(T): (31.36, -1.92) ᵒC, extrema(S): (39.77, 18.79) g/kg, extrema(η): (2.27, -2.31) m, wall time: 11.703 seconds 
[ Info: time: 700 days, iteration: 50400, Δt: 20 minutes,max|u|: (4.56e+00, 2.03e+00, 6.56e-03) m s⁻¹, extrema(T): (31.40, -1.92) ᵒC, extrema(S): (39.78, 18.84) g/kg, extrema(η): (1.74, -2.33) m, wall time: 11.665 seconds 
[ Info: time: 701 days, iteration: 50472, Δt: 20 minutes,max|u|: (1.65e+00, 2.29e+00, 6.53e-03) m s⁻¹, extrema(T): (31.40, -1.92) ᵒC, extrema(S): (39.76, 19.12) g/kg, extrema(η): (1.53, -2.30) m, wall time: 11.826 seconds 
[ Info: time: 702 days, iteration: 50544, Δt: 20 minutes,max|u|: (1.65e+00, 2.18e+00, 6.59e-03) m s⁻¹, extrema(T): (31.37, -1.91) ᵒC, extrema(S): (39.77, 19.30) g/kg, extrema(η): (1.43, -1.99) m, wall time: 11.753 seconds 
[ Info: time: 703 days, iteration: 50616, Δt: 20 minutes,max|u|: (1.95e+00, 2.24e+00, 6.60e-03) m s⁻¹, extrema(T): (31.26, -1.90) ᵒC, extrema(S): (39.77, 19.31) g/kg, extrema(η): (4.05, -2.25) m, wall time: 11.750 seconds 
[ Info: time: 704 days, iteration: 50688, Δt: 20 minutes,max|u|: (2.43e+00, 2.25e+00, 6.61e-03) m s⁻¹, extrema(T): (31.30, -1.90) ᵒC, extrema(S): (39.77, 19.30) g/kg, extrema(η): (3.35, -2.20) m, wall time: 11.758 seconds 
[ Info: time: 705 days, iteration: 50760, Δt: 20 minutes,max|u|: (1.94e+00, 2.40e+00, 6.58e-03) m s⁻¹, extrema(T): (31.33, -1.89) ᵒC, extrema(S): (39.75, 19.31) g/kg, extrema(η): (1.49, -2.21) m, wall time: 11.747 seconds 
[ Info: time: 706 days, iteration: 50832, Δt: 20 minutes,max|u|: (2.05e+00, 2.31e+00, 6.61e-03) m s⁻¹, extrema(T): (31.39, -1.92) ᵒC, extrema(S): (39.76, 19.31) g/kg, extrema(η): (1.73, -3.14) m, wall time: 16.447 seconds 
[ Info: time: 707 days, iteration: 50904, Δt: 20 minutes,max|u|: (1.89e+00, 2.16e+00, 6.59e-03) m s⁻¹, extrema(T): (31.43, -1.92) ᵒC, extrema(S): (39.76, 19.30) g/kg, extrema(η): (1.98, -2.17) m, wall time: 11.769 seconds 
[ Info: time: 708 days, iteration: 50976, Δt: 20 minutes,max|u|: (1.80e+00, 2.76e+00, 6.59e-03) m s⁻¹, extrema(T): (31.51, -1.91) ᵒC, extrema(S): (39.75, 19.43) g/kg, extrema(η): (3.36, -2.33) m, wall time: 11.720 seconds 
[ Info: time: 709 days, iteration: 51048, Δt: 20 minutes,max|u|: (1.74e+00, 2.10e+00, 6.57e-03) m s⁻¹, extrema(T): (31.60, -1.92) ᵒC, extrema(S): (39.75, 19.52) g/kg, extrema(η): (3.87, -2.10) m, wall time: 11.678 seconds 
[ Info: time: 710 days, iteration: 51120, Δt: 20 minutes,max|u|: (1.78e+00, 1.85e+00, 6.59e-03) m s⁻¹, extrema(T): (31.55, -1.90) ᵒC, extrema(S): (39.74, 19.59) g/kg, extrema(η): (1.32, -2.13) m, wall time: 11.760 seconds 
[ Info: time: 711 days, iteration: 51192, Δt: 20 minutes,max|u|: (2.01e+00, 2.21e+00, 6.60e-03) m s⁻¹, extrema(T): (31.48, -1.91) ᵒC, extrema(S): (39.74, 19.64) g/kg, extrema(η): (3.27, -2.86) m, wall time: 11.733 seconds 
[ Info: time: 712 days, iteration: 51264, Δt: 20 minutes,max|u|: (1.98e+00, 1.55e+00, 6.49e-03) m s⁻¹, extrema(T): (31.44, -1.92) ᵒC, extrema(S): (39.75, 19.67) g/kg, extrema(η): (1.44, -2.22) m, wall time: 13.004 seconds 
[ Info: time: 713 days, iteration: 51336, Δt: 20 minutes,max|u|: (1.75e+00, 1.55e+00, 6.50e-03) m s⁻¹, extrema(T): (31.43, -1.92) ᵒC, extrema(S): (39.75, 19.71) g/kg, extrema(η): (2.26, -1.97) m, wall time: 11.742 seconds 
[ Info: time: 714 days, iteration: 51408, Δt: 20 minutes,max|u|: (1.76e+00, 2.65e+00, 6.49e-03) m s⁻¹, extrema(T): (31.37, -1.91) ᵒC, extrema(S): (39.75, 19.82) g/kg, extrema(η): (4.27, -1.94) m, wall time: 11.739 seconds 
[ Info: time: 715 days, iteration: 51480, Δt: 20 minutes,max|u|: (1.70e+00, 1.52e+00, 6.43e-03) m s⁻¹, extrema(T): (31.30, -1.92) ᵒC, extrema(S): (39.75, 19.89) g/kg, extrema(η): (2.15, -2.03) m, wall time: 11.732 seconds 
[ Info: time: 716 days, iteration: 51552, Δt: 20 minutes,max|u|: (1.70e+00, 1.73e+00, 6.48e-03) m s⁻¹, extrema(T): (31.23, -1.91) ᵒC, extrema(S): (39.75, 19.95) g/kg, extrema(η): (2.47, -3.00) m, wall time: 11.798 seconds 
[ Info: time: 717 days, iteration: 51624, Δt: 20 minutes,max|u|: (1.94e+00, 1.89e+00, 6.45e-03) m s⁻¹, extrema(T): (31.11, -1.91) ᵒC, extrema(S): (39.74, 20.00) g/kg, extrema(η): (2.86, -2.38) m, wall time: 11.720 seconds 
[ Info: time: 718 days, iteration: 51696, Δt: 20 minutes,max|u|: (1.84e+00, 1.51e+00, 6.46e-03) m s⁻¹, extrema(T): (31.11, -1.91) ᵒC, extrema(S): (39.74, 20.08) g/kg, extrema(η): (3.11, -2.31) m, wall time: 17.307 seconds 
[ Info: time: 719 days, iteration: 51768, Δt: 20 minutes,max|u|: (1.90e+00, 1.65e+00, 6.53e-03) m s⁻¹, extrema(T): (31.18, -1.90) ᵒC, extrema(S): (39.74, 20.12) g/kg, extrema(η): (3.79, -2.26) m, wall time: 11.667 seconds 
[ Info: time: 720 days, iteration: 51840, Δt: 20 minutes,max|u|: (1.94e+00, 1.66e+00, 6.50e-03) m s⁻¹, extrema(T): (31.21, -1.90) ᵒC, extrema(S): (39.74, 20.10) g/kg, extrema(η): (3.00, -2.28) m, wall time: 11.685 seconds 
[ Info: time: 721 days, iteration: 51912, Δt: 20 minutes,max|u|: (1.90e+00, 1.93e+00, 6.50e-03) m s⁻¹, extrema(T): (31.16, -1.90) ᵒC, extrema(S): (39.74, 20.09) g/kg, extrema(η): (2.73, -2.33) m, wall time: 11.754 seconds 
[ Info: time: 722 days, iteration: 51984, Δt: 20 minutes,max|u|: (1.87e+00, 2.19e+00, 6.46e-03) m s⁻¹, extrema(T): (31.11, -1.90) ᵒC, extrema(S): (39.74, 20.07) g/kg, extrema(η): (2.35, -3.34) m, wall time: 11.726 seconds 
[ Info: time: 723 days, iteration: 52056, Δt: 20 minutes,max|u|: (1.95e+00, 2.31e+00, 6.44e-03) m s⁻¹, extrema(T): (31.27, -1.90) ᵒC, extrema(S): (39.74, 20.04) g/kg, extrema(η): (2.11, -2.22) m, wall time: 11.825 seconds 
[ Info: time: 724 days, iteration: 52128, Δt: 20 minutes,max|u|: (1.91e+00, 2.37e+00, 6.35e-03) m s⁻¹, extrema(T): (31.45, -1.90) ᵒC, extrema(S): (39.74, 20.02) g/kg, extrema(η): (4.23, -3.17) m, wall time: 11.728 seconds 
[ Info: time: 725 days, iteration: 52200, Δt: 20 minutes,max|u|: (1.96e+00, 2.30e+00, 6.34e-03) m s⁻¹, extrema(T): (31.55, -1.92) ᵒC, extrema(S): (39.73, 20.07) g/kg, extrema(η): (2.91, -2.13) m, wall time: 11.656 seconds 
[ Info: time: 726 days, iteration: 52272, Δt: 20 minutes,max|u|: (1.87e+00, 2.26e+00, 6.40e-03) m s⁻¹, extrema(T): (31.61, -1.92) ᵒC, extrema(S): (39.73, 19.99) g/kg, extrema(η): (1.54, -2.19) m, wall time: 11.712 seconds 
[ Info: time: 727 days, iteration: 52344, Δt: 20 minutes,max|u|: (1.86e+00, 2.15e+00, 6.43e-03) m s⁻¹, extrema(T): (31.65, -1.92) ᵒC, extrema(S): (39.74, 19.89) g/kg, extrema(η): (1.65, -3.57) m, wall time: 11.658 seconds 
[ Info: time: 728 days, iteration: 52416, Δt: 20 minutes,max|u|: (1.81e+00, 1.99e+00, 6.43e-03) m s⁻¹, extrema(T): (31.60, -1.92) ᵒC, extrema(S): (39.74, 19.80) g/kg, extrema(η): (1.24, -2.24) m, wall time: 11.895 seconds 
[ Info: time: 729 days, iteration: 52488, Δt: 20 minutes,max|u|: (1.78e+00, 1.89e+00, 6.46e-03) m s⁻¹, extrema(T): (31.75, -1.93) ᵒC, extrema(S): (39.74, 19.73) g/kg, extrema(η): (3.98, -2.30) m, wall time: 11.738 seconds 
[ Info: time: 730 days, iteration: 52560, Δt: 20 minutes,max|u|: (1.72e+00, 1.76e+00, 6.48e-03) m s⁻¹, extrema(T): (31.82, -1.93) ᵒC, extrema(S): (39.74, 19.80) g/kg, extrema(η): (3.06, -2.17) m, wall time: 11.777 seconds 
[ Info: time: 731 days, iteration: 52632, Δt: 20 minutes,max|u|: (2.20e+00, 2.59e+00, 6.44e-03) m s⁻¹, extrema(T): (31.70, -1.93) ᵒC, extrema(S): (39.73, 19.75) g/kg, extrema(η): (1.40, -2.15) m, wall time: 16.483 seconds 
[ Info: time: 732 days, iteration: 52704, Δt: 20 minutes,max|u|: (2.06e+00, 1.72e+00, 6.48e-03) m s⁻¹, extrema(T): (31.68, -1.93) ᵒC, extrema(S): (39.73, 19.66) g/kg, extrema(η): (1.27, -3.08) m, wall time: 11.798 seconds 
[ Info: time: 733 days, iteration: 52776, Δt: 20 minutes,max|u|: (1.90e+00, 1.71e+00, 6.50e-03) m s⁻¹, extrema(T): (31.72, -1.94) ᵒC, extrema(S): (39.73, 19.56) g/kg, extrema(η): (1.25, -2.26) m, wall time: 11.638 seconds 
[ Info: time: 734 days, iteration: 52848, Δt: 20 minutes,max|u|: (1.89e+00, 1.65e+00, 6.53e-03) m s⁻¹, extrema(T): (31.65, -1.94) ᵒC, extrema(S): (39.72, 19.51) g/kg, extrema(η): (3.00, -2.38) m, wall time: 11.724 seconds 
[ Info: time: 735 days, iteration: 52920, Δt: 20 minutes,max|u|: (1.75e+00, 1.79e+00, 6.54e-03) m s⁻¹, extrema(T): (31.67, -1.94) ᵒC, extrema(S): (39.72, 19.47) g/kg, extrema(η): (3.68, -2.41) m, wall time: 11.642 seconds 
[ Info: time: 736 days, iteration: 52992, Δt: 20 minutes,max|u|: (1.68e+00, 1.84e+00, 6.50e-03) m s⁻¹, extrema(T): (31.61, -1.94) ᵒC, extrema(S): (39.72, 19.43) g/kg, extrema(η): (1.28, -2.30) m, wall time: 11.613 seconds 
[ Info: time: 737 days, iteration: 53064, Δt: 20 minutes,max|u|: (1.63e+00, 2.05e+00, 6.52e-03) m s⁻¹, extrema(T): (31.40, -1.93) ᵒC, extrema(S): (39.72, 19.43) g/kg, extrema(η): (1.19, -3.39) m, wall time: 11.738 seconds 
[ Info: time: 738 days, iteration: 53136, Δt: 20 minutes,max|u|: (1.87e+00, 2.04e+00, 6.55e-03) m s⁻¹, extrema(T): (31.29, -1.94) ᵒC, extrema(S): (39.72, 19.37) g/kg, extrema(η): (1.58, -2.25) m, wall time: 11.818 seconds 
[ Info: time: 739 days, iteration: 53208, Δt: 20 minutes,max|u|: (1.83e+00, 2.17e+00, 6.52e-03) m s⁻¹, extrema(T): (31.22, -1.94) ᵒC, extrema(S): (39.72, 19.29) g/kg, extrema(η): (2.86, -2.36) m, wall time: 11.751 seconds 
[ Info: time: 740 days, iteration: 53280, Δt: 20 minutes,max|u|: (1.50e+00, 2.11e+00, 6.56e-03) m s⁻¹, extrema(T): (31.18, -1.95) ᵒC, extrema(S): (39.72, 19.24) g/kg, extrema(η): (4.21, -2.34) m, wall time: 11.745 seconds 
[ Info: time: 741 days, iteration: 53352, Δt: 20 minutes,max|u|: (2.32e+00, 3.36e+00, 6.53e-03) m s⁻¹, extrema(T): (31.15, -1.94) ᵒC, extrema(S): (39.72, 19.22) g/kg, extrema(η): (2.96, -2.35) m, wall time: 11.733 seconds 
[ Info: time: 742 days, iteration: 53424, Δt: 20 minutes,max|u|: (1.50e+00, 1.93e+00, 6.52e-03) m s⁻¹, extrema(T): (31.17, -1.95) ᵒC, extrema(S): (39.71, 19.18) g/kg, extrema(η): (3.27, -2.39) m, wall time: 11.748 seconds 
[ Info: time: 743 days, iteration: 53496, Δt: 20 minutes,max|u|: (1.51e+00, 1.90e+00, 6.54e-03) m s⁻¹, extrema(T): (31.18, -1.95) ᵒC, extrema(S): (39.71, 19.15) g/kg, extrema(η): (3.28, -2.36) m, wall time: 17.643 seconds 
[ Info: time: 744 days, iteration: 53568, Δt: 20 minutes,max|u|: (1.67e+00, 2.03e+00, 6.48e-03) m s⁻¹, extrema(T): (31.12, -1.95) ᵒC, extrema(S): (39.71, 19.15) g/kg, extrema(η): (3.21, -2.33) m, wall time: 11.830 seconds 
[ Info: time: 745 days, iteration: 53640, Δt: 20 minutes,max|u|: (1.82e+00, 2.07e+00, 6.45e-03) m s⁻¹, extrema(T): (31.17, -1.95) ᵒC, extrema(S): (39.71, 19.15) g/kg, extrema(η): (4.43, -2.19) m, wall time: 11.696 seconds 
[ Info: time: 746 days, iteration: 53712, Δt: 20 minutes,max|u|: (1.74e+00, 2.12e+00, 6.49e-03) m s⁻¹, extrema(T): (31.21, -1.95) ᵒC, extrema(S): (39.70, 19.19) g/kg, extrema(η): (2.52, -2.27) m, wall time: 11.758 seconds 
[ Info: time: 747 days, iteration: 53784, Δt: 20 minutes,max|u|: (1.52e+00, 2.06e+00, 6.50e-03) m s⁻¹, extrema(T): (31.18, -1.95) ᵒC, extrema(S): (39.70, 19.22) g/kg, extrema(η): (1.96, -2.12) m, wall time: 11.688 seconds 
[ Info: time: 748 days, iteration: 53856, Δt: 20 minutes,max|u|: (2.07e+00, 2.14e+00, 6.49e-03) m s⁻¹, extrema(T): (31.17, -1.95) ᵒC, extrema(S): (39.70, 19.22) g/kg, extrema(η): (1.50, -2.51) m, wall time: 11.696 seconds 
[ Info: time: 749 days, iteration: 53928, Δt: 20 minutes,max|u|: (1.66e+00, 2.09e+00, 6.46e-03) m s⁻¹, extrema(T): (31.11, -1.95) ᵒC, extrema(S): (39.69, 19.21) g/kg, extrema(η): (1.37, -2.28) m, wall time: 12.018 seconds 
[ Info: time: 750 days, iteration: 54000, Δt: 20 minutes,max|u|: (1.63e+00, 2.07e+00, 6.42e-03) m s⁻¹, extrema(T): (31.23, -1.95) ᵒC, extrema(S): (39.69, 19.19) g/kg, extrema(η): (3.54, -2.21) m, wall time: 11.642 seconds 
[ Info: time: 751 days, iteration: 54072, Δt: 20 minutes,max|u|: (2.03e+00, 2.05e+00, 6.40e-03) m s⁻¹, extrema(T): (31.16, -1.95) ᵒC, extrema(S): (39.68, 19.18) g/kg, extrema(η): (3.18, -2.16) m, wall time: 11.712 seconds 
[ Info: time: 752 days, iteration: 54144, Δt: 20 minutes,max|u|: (1.58e+00, 2.06e+00, 6.42e-03) m s⁻¹, extrema(T): (31.18, -1.95) ᵒC, extrema(S): (39.68, 19.21) g/kg, extrema(η): (1.34, -2.16) m, wall time: 11.732 seconds 
[ Info: time: 753 days, iteration: 54216, Δt: 20 minutes,max|u|: (1.60e+00, 2.15e+00, 6.43e-03) m s⁻¹, extrema(T): (31.16, -1.96) ᵒC, extrema(S): (39.67, 19.22) g/kg, extrema(η): (1.33, -3.64) m, wall time: 11.728 seconds 
[ Info: time: 754 days, iteration: 54288, Δt: 20 minutes,max|u|: (1.60e+00, 2.28e+00, 6.44e-03) m s⁻¹, extrema(T): (31.22, -1.97) ᵒC, extrema(S): (39.66, 19.27) g/kg, extrema(η): (1.71, -2.15) m, wall time: 11.893 seconds 
[ Info: time: 755 days, iteration: 54360, Δt: 20 minutes,max|u|: (1.60e+00, 2.78e+00, 6.41e-03) m s⁻¹, extrema(T): (31.30, -1.97) ᵒC, extrema(S): (39.64, 19.27) g/kg, extrema(η): (3.05, -2.08) m, wall time: 16.593 seconds 
[ Info: time: 756 days, iteration: 54432, Δt: 20 minutes,max|u|: (1.74e+00, 1.98e+00, 6.43e-03) m s⁻¹, extrema(T): (31.39, -1.97) ᵒC, extrema(S): (39.62, 19.24) g/kg, extrema(η): (3.78, -2.27) m, wall time: 11.800 seconds 
[ Info: time: 757 days, iteration: 54504, Δt: 20 minutes,max|u|: (1.66e+00, 1.91e+00, 6.49e-03) m s⁻¹, extrema(T): (31.40, -1.97) ᵒC, extrema(S): (39.59, 19.20) g/kg, extrema(η): (1.39, -2.25) m, wall time: 11.824 seconds 
[ Info: time: 758 days, iteration: 54576, Δt: 20 minutes,max|u|: (1.92e+00, 1.99e+00, 6.48e-03) m s⁻¹, extrema(T): (31.46, -1.97) ᵒC, extrema(S): (39.59, 19.16) g/kg, extrema(η): (1.43, -3.25) m, wall time: 11.767 seconds 
[ Info: time: 759 days, iteration: 54648, Δt: 20 minutes,max|u|: (1.79e+00, 2.27e+00, 6.50e-03) m s⁻¹, extrema(T): (31.53, -1.97) ᵒC, extrema(S): (39.58, 19.12) g/kg, extrema(η): (1.34, -2.28) m, wall time: 11.751 seconds 
[ Info: time: 760 days, iteration: 54720, Δt: 20 minutes,max|u|: (1.86e+00, 2.21e+00, 6.51e-03) m s⁻¹, extrema(T): (31.56, -1.97) ᵒC, extrema(S): (39.58, 19.10) g/kg, extrema(η): (2.37, -2.23) m, wall time: 11.735 seconds 
[ Info: time: 761 days, iteration: 54792, Δt: 20 minutes,max|u|: (1.97e+00, 2.33e+00, 6.49e-03) m s⁻¹, extrema(T): (31.57, -1.97) ᵒC, extrema(S): (39.57, 19.09) g/kg, extrema(η): (4.18, -2.30) m, wall time: 11.767 seconds 
[ Info: time: 762 days, iteration: 54864, Δt: 20 minutes,max|u|: (1.98e+00, 2.48e+00, 6.48e-03) m s⁻¹, extrema(T): (31.56, -1.97) ᵒC, extrema(S): (39.57, 19.05) g/kg, extrema(η): (1.66, -2.26) m, wall time: 11.780 seconds 
[ Info: time: 763 days, iteration: 54936, Δt: 20 minutes,max|u|: (1.93e+00, 2.72e+00, 6.51e-03) m s⁻¹, extrema(T): (31.59, -1.97) ᵒC, extrema(S): (39.57, 19.01) g/kg, extrema(η): (2.22, -3.12) m, wall time: 11.773 seconds 
[ Info: time: 764 days, iteration: 55008, Δt: 20 minutes,max|u|: (1.86e+00, 2.48e+00, 6.53e-03) m s⁻¹, extrema(T): (31.60, -1.98) ᵒC, extrema(S): (39.57, 18.98) g/kg, extrema(η): (2.82, -2.30) m, wall time: 11.982 seconds 
[ Info: time: 765 days, iteration: 55080, Δt: 20 minutes,max|u|: (1.88e+00, 2.29e+00, 6.52e-03) m s⁻¹, extrema(T): (31.62, -1.97) ᵒC, extrema(S): (39.57, 18.97) g/kg, extrema(η): (3.27, -2.25) m, wall time: 11.824 seconds 
[ Info: time: 766 days, iteration: 55152, Δt: 20 minutes,max|u|: (1.91e+00, 2.32e+00, 6.55e-03) m s⁻¹, extrema(T): (31.64, -1.96) ᵒC, extrema(S): (39.57, 18.96) g/kg, extrema(η): (4.32, -2.25) m, wall time: 11.916 seconds 
[ Info: time: 767 days, iteration: 55224, Δt: 20 minutes,max|u|: (1.86e+00, 2.20e+00, 6.60e-03) m s⁻¹, extrema(T): (31.69, -1.96) ᵒC, extrema(S): (39.56, 19.15) g/kg, extrema(η): (3.28, -2.33) m, wall time: 11.776 seconds 
[ Info: time: 768 days, iteration: 55296, Δt: 20 minutes,max|u|: (1.80e+00, 2.12e+00, 6.66e-03) m s⁻¹, extrema(T): (31.77, -1.96) ᵒC, extrema(S): (39.56, 19.49) g/kg, extrema(η): (3.14, -2.82) m, wall time: 16.543 seconds 
[ Info: time: 769 days, iteration: 55368, Δt: 20 minutes,max|u|: (1.60e+00, 2.55e+00, 6.63e-03) m s⁻¹, extrema(T): (31.72, -1.95) ᵒC, extrema(S): (39.56, 19.60) g/kg, extrema(η): (2.77, -2.20) m, wall time: 11.730 seconds 
[ Info: time: 770 days, iteration: 55440, Δt: 20 minutes,max|u|: (1.54e+00, 2.72e+00, 6.63e-03) m s⁻¹, extrema(T): (31.70, -1.95) ᵒC, extrema(S): (39.55, 19.61) g/kg, extrema(η): (2.50, -2.22) m, wall time: 11.781 seconds 
[ Info: time: 771 days, iteration: 55512, Δt: 20 minutes,max|u|: (1.63e+00, 1.98e+00, 6.66e-03) m s⁻¹, extrema(T): (31.73, -1.95) ᵒC, extrema(S): (39.55, 19.68) g/kg, extrema(η): (4.54, -2.33) m, wall time: 11.794 seconds 
[ Info: time: 772 days, iteration: 55584, Δt: 20 minutes,max|u|: (1.50e+00, 1.91e+00, 6.66e-03) m s⁻¹, extrema(T): (31.71, -1.95) ᵒC, extrema(S): (39.55, 19.69) g/kg, extrema(η): (1.88, -2.32) m, wall time: 11.867 seconds 
[ Info: time: 773 days, iteration: 55656, Δt: 20 minutes,max|u|: (1.51e+00, 1.93e+00, 6.69e-03) m s⁻¹, extrema(T): (31.73, -1.95) ᵒC, extrema(S): (39.55, 19.69) g/kg, extrema(η): (1.25, -2.37) m, wall time: 11.762 seconds 
[ Info: time: 774 days, iteration: 55728, Δt: 20 minutes,max|u|: (1.56e+00, 2.31e+00, 6.67e-03) m s⁻¹, extrema(T): (31.74, -1.95) ᵒC, extrema(S): (39.54, 19.69) g/kg, extrema(η): (1.26, -2.73) m, wall time: 12.903 seconds 
[ Info: time: 775 days, iteration: 55800, Δt: 20 minutes,max|u|: (1.54e+00, 1.95e+00, 6.66e-03) m s⁻¹, extrema(T): (31.77, -1.95) ᵒC, extrema(S): (39.54, 19.67) g/kg, extrema(η): (1.37, -2.24) m, wall time: 11.792 seconds 
[ Info: time: 776 days, iteration: 55872, Δt: 20 minutes,max|u|: (1.55e+00, 1.87e+00, 6.65e-03) m s⁻¹, extrema(T): (31.72, -1.95) ᵒC, extrema(S): (39.54, 19.67) g/kg, extrema(η): (4.46, -2.25) m, wall time: 11.658 seconds 
[ Info: time: 777 days, iteration: 55944, Δt: 20 minutes,max|u|: (1.59e+00, 1.86e+00, 6.65e-03) m s⁻¹, extrema(T): (31.56, -1.96) ᵒC, extrema(S): (39.53, 19.64) g/kg, extrema(η): (2.88, -2.25) m, wall time: 11.741 seconds 
[ Info: time: 778 days, iteration: 56016, Δt: 20 minutes,max|u|: (2.03e+00, 1.81e+00, 6.60e-03) m s⁻¹, extrema(T): (31.48, -1.96) ᵒC, extrema(S): (39.52, 19.60) g/kg, extrema(η): (1.19, -2.32) m, wall time: 11.808 seconds 
[ Info: time: 779 days, iteration: 56088, Δt: 20 minutes,max|u|: (2.06e+00, 2.02e+00, 6.61e-03) m s⁻¹, extrema(T): (31.36, -1.96) ᵒC, extrema(S): (39.53, 19.57) g/kg, extrema(η): (1.14, -3.48) m, wall time: 11.729 seconds 
[ Info: time: 780 days, iteration: 56160, Δt: 20 minutes,max|u|: (2.00e+00, 2.08e+00, 6.59e-03) m s⁻¹, extrema(T): (31.28, -1.96) ᵒC, extrema(S): (39.53, 19.58) g/kg, extrema(η): (1.25, -2.34) m, wall time: 16.573 seconds 
[ Info: time: 781 days, iteration: 56232, Δt: 20 minutes,max|u|: (1.87e+00, 2.10e+00, 6.54e-03) m s⁻¹, extrema(T): (31.20, -1.96) ᵒC, extrema(S): (39.53, 19.57) g/kg, extrema(η): (3.94, -2.26) m, wall time: 11.827 seconds 
[ Info: time: 782 days, iteration: 56304, Δt: 20 minutes,max|u|: (1.79e+00, 2.31e+00, 6.48e-03) m s⁻¹, extrema(T): (31.13, -1.97) ᵒC, extrema(S): (39.53, 19.52) g/kg, extrema(η): (3.12, -2.33) m, wall time: 11.720 seconds 
[ Info: time: 783 days, iteration: 56376, Δt: 20 minutes,max|u|: (1.99e+00, 2.55e+00, 6.48e-03) m s⁻¹, extrema(T): (31.13, -1.97) ᵒC, extrema(S): (39.53, 19.56) g/kg, extrema(η): (1.34, -2.18) m, wall time: 11.805 seconds 
[ Info: time: 784 days, iteration: 56448, Δt: 20 minutes,max|u|: (2.89e+00, 2.80e+00, 6.43e-03) m s⁻¹, extrema(T): (31.08, -1.96) ᵒC, extrema(S): (39.53, 19.59) g/kg, extrema(η): (1.59, -3.29) m, wall time: 11.859 seconds 
[ Info: time: 785 days, iteration: 56520, Δt: 20 minutes,max|u|: (3.18e+00, 2.86e+00, 6.40e-03) m s⁻¹, extrema(T): (31.04, -1.96) ᵒC, extrema(S): (39.53, 19.62) g/kg, extrema(η): (1.44, -2.24) m, wall time: 11.690 seconds 
[ Info: time: 786 days, iteration: 56592, Δt: 20 minutes,max|u|: (1.95e+00, 2.50e+00, 6.40e-03) m s⁻¹, extrema(T): (30.98, -1.96) ᵒC, extrema(S): (39.53, 19.64) g/kg, extrema(η): (3.41, -2.14) m, wall time: 11.655 seconds 
[ Info: time: 787 days, iteration: 56664, Δt: 20 minutes,max|u|: (2.29e+00, 2.16e+00, 6.38e-03) m s⁻¹, extrema(T): (31.00, -1.96) ᵒC, extrema(S): (39.53, 19.81) g/kg, extrema(η): (3.85, -2.27) m, wall time: 11.787 seconds 
[ Info: time: 788 days, iteration: 56736, Δt: 20 minutes,max|u|: (2.18e+00, 1.80e+00, 6.36e-03) m s⁻¹, extrema(T): (31.02, -1.96) ᵒC, extrema(S): (39.53, 19.85) g/kg, extrema(η): (2.86, -2.29) m, wall time: 11.803 seconds 
[ Info: time: 789 days, iteration: 56808, Δt: 20 minutes,max|u|: (1.34e+00, 1.51e+00, 6.39e-03) m s⁻¹, extrema(T): (31.06, -1.96) ᵒC, extrema(S): (39.53, 19.84) g/kg, extrema(η): (3.13, -3.47) m, wall time: 11.846 seconds 
[ Info: time: 790 days, iteration: 56880, Δt: 20 minutes,max|u|: (1.47e+00, 1.50e+00, 6.33e-03) m s⁻¹, extrema(T): (31.10, -1.96) ᵒC, extrema(S): (39.53, 19.87) g/kg, extrema(η): (3.26, -2.40) m, wall time: 11.829 seconds 
[ Info: Saving checkpoint file
[ Info: time: 791 days, iteration: 56952, Δt: 20 minutes,max|u|: (1.70e+00, 1.52e+00, 6.36e-03) m s⁻¹, extrema(T): (31.15, -1.96) ᵒC, extrema(S): (39.53, 19.81) g/kg, extrema(η): (3.22, -2.02) m, wall time: 23.011 seconds 
[ Info: time: 792 days, iteration: 57024, Δt: 20 minutes,max|u|: (1.34e+00, 1.51e+00, 6.34e-03) m s⁻¹, extrema(T): (31.18, -1.96) ᵒC, extrema(S): (39.52, 19.66) g/kg, extrema(η): (4.51, -2.26) m, wall time: 11.785 seconds 
[ Info: time: 793 days, iteration: 57096, Δt: 20 minutes,max|u|: (1.27e+00, 1.65e+00, 6.46e-03) m s⁻¹, extrema(T): (31.19, -1.96) ᵒC, extrema(S): (39.52, 19.52) g/kg, extrema(η): (2.54, -2.06) m, wall time: 21.716 seconds 
[ Info: time: 794 days, iteration: 57168, Δt: 20 minutes,max|u|: (1.62e+00, 1.49e+00, 6.44e-03) m s⁻¹, extrema(T): (31.16, -1.96) ᵒC, extrema(S): (39.51, 19.42) g/kg, extrema(η): (2.07, -3.10) m, wall time: 11.714 seconds 
[ Info: time: 795 days, iteration: 57240, Δt: 20 minutes,max|u|: (1.28e+00, 1.55e+00, 6.46e-03) m s⁻¹, extrema(T): (31.19, -1.96) ᵒC, extrema(S): (39.47, 19.32) g/kg, extrema(η): (1.67, -2.19) m, wall time: 11.773 seconds 
[ Info: time: 796 days, iteration: 57312, Δt: 20 minutes,max|u|: (1.52e+00, 1.70e+00, 6.43e-03) m s⁻¹, extrema(T): (31.27, -1.96) ᵒC, extrema(S): (39.47, 19.22) g/kg, extrema(η): (2.22, -2.28) m, wall time: 11.841 seconds 
[ Info: time: 797 days, iteration: 57384, Δt: 20 minutes,max|u|: (1.28e+00, 1.52e+00, 6.41e-03) m s⁻¹, extrema(T): (31.27, -1.96) ᵒC, extrema(S): (39.46, 19.15) g/kg, extrema(η): (4.68, -2.32) m, wall time: 11.714 seconds 
[ Info: time: 798 days, iteration: 57456, Δt: 20 minutes,max|u|: (1.59e+00, 1.75e+00, 6.56e-03) m s⁻¹, extrema(T): (31.26, -1.96) ᵒC, extrema(S): (39.46, 19.08) g/kg, extrema(η): (1.73, -2.17) m, wall time: 11.610 seconds 
[ Info: time: 799 days, iteration: 57528, Δt: 20 minutes,max|u|: (1.28e+00, 1.53e+00, 6.61e-03) m s⁻¹, extrema(T): (31.27, -1.96) ᵒC, extrema(S): (39.46, 19.01) g/kg, extrema(η): (1.27, -2.82) m, wall time: 11.662 seconds 
[ Info: time: 800 days, iteration: 57600, Δt: 20 minutes,max|u|: (1.51e+00, 1.78e+00, 6.61e-03) m s⁻¹, extrema(T): (31.27, -1.96) ᵒC, extrema(S): (39.46, 18.96) g/kg, extrema(η): (1.20, -2.82) m, wall time: 11.604 seconds 
[ Info: time: 801 days, iteration: 57672, Δt: 20 minutes,max|u|: (1.30e+00, 1.63e+00, 6.68e-03) m s⁻¹, extrema(T): (31.28, -1.96) ᵒC, extrema(S): (39.46, 18.92) g/kg, extrema(η): (1.58, -2.25) m, wall time: 11.582 seconds 
[ Info: time: 802 days, iteration: 57744, Δt: 20 minutes,max|u|: (1.30e+00, 1.62e+00, 6.67e-03) m s⁻¹, extrema(T): (31.24, -1.96) ᵒC, extrema(S): (39.46, 18.86) g/kg, extrema(η): (4.29, -2.09) m, wall time: 11.668 seconds 
[ Info: time: 803 days, iteration: 57816, Δt: 20 minutes,max|u|: (1.54e+00, 1.87e+00, 6.73e-03) m s⁻¹, extrema(T): (31.26, -1.96) ᵒC, extrema(S): (39.46, 18.83) g/kg, extrema(η): (2.27, -2.07) m, wall time: 11.743 seconds 
[ Info: time: 804 days, iteration: 57888, Δt: 20 minutes,max|u|: (1.36e+00, 1.66e+00, 6.75e-03) m s⁻¹, extrema(T): (31.29, -1.96) ᵒC, extrema(S): (39.46, 18.79) g/kg, extrema(η): (1.22, -2.08) m, wall time: 11.703 seconds 
[ Info: time: 805 days, iteration: 57960, Δt: 20 minutes,max|u|: (2.76e+00, 1.88e+00, 6.75e-03) m s⁻¹, extrema(T): (31.32, -1.96) ᵒC, extrema(S): (39.46, 18.77) g/kg, extrema(η): (1.22, -3.54) m, wall time: 17.583 seconds 
[ Info: time: 806 days, iteration: 58032, Δt: 20 minutes,max|u|: (1.41e+00, 1.67e+00, 6.73e-03) m s⁻¹, extrema(T): (31.35, -1.96) ᵒC, extrema(S): (39.46, 18.75) g/kg, extrema(η): (1.27, -2.18) m, wall time: 11.729 seconds 
[ Info: time: 807 days, iteration: 58104, Δt: 20 minutes,max|u|: (1.35e+00, 1.56e+00, 6.74e-03) m s⁻¹, extrema(T): (31.36, -1.96) ᵒC, extrema(S): (39.46, 18.73) g/kg, extrema(η): (4.13, -2.22) m, wall time: 11.693 seconds 
[ Info: time: 808 days, iteration: 58176, Δt: 20 minutes,max|u|: (1.38e+00, 1.57e+00, 6.75e-03) m s⁻¹, extrema(T): (31.37, -1.97) ᵒC, extrema(S): (39.45, 18.70) g/kg, extrema(η): (3.10, -2.15) m, wall time: 11.563 seconds 
[ Info: time: 809 days, iteration: 58248, Δt: 20 minutes,max|u|: (1.39e+00, 1.57e+00, 6.79e-03) m s⁻¹, extrema(T): (31.39, -1.97) ᵒC, extrema(S): (39.46, 18.67) g/kg, extrema(η): (2.00, -2.26) m, wall time: 11.593 seconds 
[ Info: time: 810 days, iteration: 58320, Δt: 20 minutes,max|u|: (1.39e+00, 1.57e+00, 6.71e-03) m s⁻¹, extrema(T): (31.42, -1.97) ᵒC, extrema(S): (39.46, 18.64) g/kg, extrema(η): (2.46, -3.68) m, wall time: 11.673 seconds 
[ Info: time: 811 days, iteration: 58392, Δt: 20 minutes,max|u|: (1.42e+00, 1.84e+00, 6.73e-03) m s⁻¹, extrema(T): (31.42, -1.97) ᵒC, extrema(S): (39.45, 18.62) g/kg, extrema(η): (2.94, -2.07) m, wall time: 11.656 seconds 
[ Info: time: 812 days, iteration: 58464, Δt: 20 minutes,max|u|: (1.48e+00, 1.59e+00, 6.72e-03) m s⁻¹, extrema(T): (31.45, -1.97) ᵒC, extrema(S): (39.45, 18.60) g/kg, extrema(η): (3.77, -2.07) m, wall time: 11.717 seconds 
[ Info: time: 813 days, iteration: 58536, Δt: 20 minutes,max|u|: (1.50e+00, 1.60e+00, 6.68e-03) m s⁻¹, extrema(T): (31.45, -1.96) ᵒC, extrema(S): (39.45, 18.58) g/kg, extrema(η): (3.57, -2.09) m, wall time: 11.748 seconds 
[ Info: time: 814 days, iteration: 58608, Δt: 20 minutes,max|u|: (2.79e+00, 1.65e+00, 6.71e-03) m s⁻¹, extrema(T): (31.45, -1.96) ᵒC, extrema(S): (39.45, 18.59) g/kg, extrema(η): (3.19, -2.27) m, wall time: 11.718 seconds 
[ Info: time: 815 days, iteration: 58680, Δt: 20 minutes,max|u|: (1.64e+00, 1.56e+00, 6.70e-03) m s⁻¹, extrema(T): (31.38, -1.96) ᵒC, extrema(S): (39.45, 18.69) g/kg, extrema(η): (2.92, -3.52) m, wall time: 11.759 seconds 
[ Info: time: 816 days, iteration: 58752, Δt: 20 minutes,max|u|: (1.74e+00, 1.55e+00, 6.69e-03) m s⁻¹, extrema(T): (31.21, -1.95) ᵒC, extrema(S): (39.44, 18.96) g/kg, extrema(η): (2.66, -2.24) m, wall time: 11.755 seconds 
[ Info: time: 817 days, iteration: 58824, Δt: 20 minutes,max|u|: (1.59e+00, 1.81e+00, 6.64e-03) m s⁻¹, extrema(T): (31.10, -1.95) ᵒC, extrema(S): (39.44, 19.53) g/kg, extrema(η): (3.54, -2.20) m, wall time: 16.396 seconds 
[ Info: time: 818 days, iteration: 58896, Δt: 20 minutes,max|u|: (1.62e+00, 1.53e+00, 6.61e-03) m s⁻¹, extrema(T): (31.02, -1.94) ᵒC, extrema(S): (39.44, 19.76) g/kg, extrema(η): (4.48, -2.33) m, wall time: 11.634 seconds 
[ Info: time: 819 days, iteration: 58968, Δt: 20 minutes,max|u|: (1.67e+00, 1.65e+00, 6.58e-03) m s⁻¹, extrema(T): (31.13, -1.94) ᵒC, extrema(S): (39.44, 19.62) g/kg, extrema(η): (1.36, -2.31) m, wall time: 11.716 seconds 
[ Info: time: 820 days, iteration: 59040, Δt: 20 minutes,max|u|: (2.01e+00, 1.54e+00, 6.57e-03) m s⁻¹, extrema(T): (31.07, -1.94) ᵒC, extrema(S): (39.44, 19.46) g/kg, extrema(η): (1.47, -3.35) m, wall time: 11.698 seconds 
[ Info: time: 821 days, iteration: 59112, Δt: 20 minutes,max|u|: (1.73e+00, 1.67e+00, 6.56e-03) m s⁻¹, extrema(T): (31.05, -1.93) ᵒC, extrema(S): (39.44, 19.35) g/kg, extrema(η): (1.36, -2.31) m, wall time: 11.713 seconds 
[ Info: time: 822 days, iteration: 59184, Δt: 20 minutes,max|u|: (1.66e+00, 1.75e+00, 6.55e-03) m s⁻¹, extrema(T): (31.03, -1.93) ᵒC, extrema(S): (39.44, 19.29) g/kg, extrema(η): (2.19, -2.34) m, wall time: 11.575 seconds 
[ Info: time: 823 days, iteration: 59256, Δt: 20 minutes,max|u|: (1.69e+00, 1.66e+00, 6.54e-03) m s⁻¹, extrema(T): (31.05, -1.93) ᵒC, extrema(S): (39.44, 19.26) g/kg, extrema(η): (4.59, -2.35) m, wall time: 11.653 seconds 
[ Info: time: 824 days, iteration: 59328, Δt: 20 minutes,max|u|: (1.69e+00, 1.59e+00, 6.58e-03) m s⁻¹, extrema(T): (31.06, -1.92) ᵒC, extrema(S): (39.44, 19.17) g/kg, extrema(η): (2.33, -2.35) m, wall time: 11.681 seconds 
[ Info: time: 825 days, iteration: 59400, Δt: 20 minutes,max|u|: (1.72e+00, 1.55e+00, 6.55e-03) m s⁻¹, extrema(T): (31.16, -1.92) ᵒC, extrema(S): (39.43, 19.07) g/kg, extrema(η): (1.29, -2.27) m, wall time: 11.676 seconds 
[ Info: time: 826 days, iteration: 59472, Δt: 20 minutes,max|u|: (1.72e+00, 1.55e+00, 6.54e-03) m s⁻¹, extrema(T): (31.06, -1.92) ᵒC, extrema(S): (39.43, 19.01) g/kg, extrema(η): (1.18, -3.24) m, wall time: 11.694 seconds 
[ Info: time: 827 days, iteration: 59544, Δt: 20 minutes,max|u|: (1.73e+00, 1.72e+00, 6.55e-03) m s⁻¹, extrema(T): (31.11, -1.92) ᵒC, extrema(S): (39.44, 18.94) g/kg, extrema(η): (1.19, -2.07) m, wall time: 11.667 seconds 
[ Info: time: 828 days, iteration: 59616, Δt: 20 minutes,max|u|: (1.76e+00, 1.53e+00, 6.57e-03) m s⁻¹, extrema(T): (31.12, -1.91) ᵒC, extrema(S): (39.43, 19.11) g/kg, extrema(η): (4.39, -2.04) m, wall time: 11.684 seconds 
[ Info: time: 829 days, iteration: 59688, Δt: 20 minutes,max|u|: (1.80e+00, 1.51e+00, 6.62e-03) m s⁻¹, extrema(T): (31.13, -1.91) ᵒC, extrema(S): (39.43, 19.62) g/kg, extrema(η): (3.01, -2.20) m, wall time: 11.686 seconds 
[ Info: time: 830 days, iteration: 59760, Δt: 20 minutes,max|u|: (1.81e+00, 1.50e+00, 6.67e-03) m s⁻¹, extrema(T): (31.18, -1.91) ᵒC, extrema(S): (39.43, 19.62) g/kg, extrema(η): (1.26, -2.21) m, wall time: 16.469 seconds 
[ Info: time: 831 days, iteration: 59832, Δt: 20 minutes,max|u|: (1.79e+00, 1.49e+00, 6.74e-03) m s⁻¹, extrema(T): (31.21, -1.91) ᵒC, extrema(S): (39.43, 19.56) g/kg, extrema(η): (1.29, -3.45) m, wall time: 11.787 seconds 
[ Info: time: 832 days, iteration: 59904, Δt: 20 minutes,max|u|: (1.79e+00, 1.72e+00, 6.78e-03) m s⁻¹, extrema(T): (31.16, -1.91) ᵒC, extrema(S): (39.43, 19.47) g/kg, extrema(η): (1.85, -2.37) m, wall time: 11.737 seconds 
[ Info: time: 833 days, iteration: 59976, Δt: 20 minutes,max|u|: (1.83e+00, 1.46e+00, 6.80e-03) m s⁻¹, extrema(T): (31.20, -1.92) ᵒC, extrema(S): (39.43, 19.54) g/kg, extrema(η): (3.72, -2.38) m, wall time: 11.693 seconds 
[ Info: time: 834 days, iteration: 60048, Δt: 20 minutes,max|u|: (1.85e+00, 2.12e+00, 6.75e-03) m s⁻¹, extrema(T): (31.18, -1.92) ᵒC, extrema(S): (39.43, 19.56) g/kg, extrema(η): (3.78, -2.36) m, wall time: 11.680 seconds 
[ Info: time: 835 days, iteration: 60120, Δt: 20 minutes,max|u|: (1.84e+00, 2.26e+00, 6.81e-03) m s⁻¹, extrema(T): (31.21, -1.92) ᵒC, extrema(S): (39.43, 19.51) g/kg, extrema(η): (3.21, -2.39) m, wall time: 11.659 seconds 
[ Info: time: 836 days, iteration: 60192, Δt: 20 minutes,max|u|: (1.87e+00, 1.46e+00, 6.85e-03) m s⁻¹, extrema(T): (31.23, -1.92) ᵒC, extrema(S): (39.43, 19.54) g/kg, extrema(η): (3.30, -3.21) m, wall time: 12.636 seconds 
[ Info: time: 837 days, iteration: 60264, Δt: 20 minutes,max|u|: (2.00e+00, 1.48e+00, 6.80e-03) m s⁻¹, extrema(T): (31.37, -1.92) ᵒC, extrema(S): (39.43, 19.43) g/kg, extrema(η): (3.34, -2.27) m, wall time: 11.790 seconds 
[ Info: time: 838 days, iteration: 60336, Δt: 20 minutes,max|u|: (1.90e+00, 1.64e+00, 6.78e-03) m s⁻¹, extrema(T): (31.31, -1.91) ᵒC, extrema(S): (39.43, 19.50) g/kg, extrema(η): (3.13, -2.10) m, wall time: 11.727 seconds 
[ Info: time: 839 days, iteration: 60408, Δt: 20 minutes,max|u|: (1.92e+00, 1.51e+00, 6.79e-03) m s⁻¹, extrema(T): (31.37, -1.91) ᵒC, extrema(S): (39.44, 19.57) g/kg, extrema(η): (4.34, -1.93) m, wall time: 11.680 seconds 
[ Info: time: 840 days, iteration: 60480, Δt: 20 minutes,max|u|: (1.92e+00, 1.68e+00, 6.77e-03) m s⁻¹, extrema(T): (31.41, -1.91) ᵒC, extrema(S): (39.44, 19.57) g/kg, extrema(η): (2.24, -2.00) m, wall time: 11.732 seconds 
[ Info: time: 841 days, iteration: 60552, Δt: 20 minutes,max|u|: (1.90e+00, 1.52e+00, 6.79e-03) m s⁻¹, extrema(T): (31.36, -1.92) ᵒC, extrema(S): (39.44, 19.58) g/kg, extrema(η): (1.71, -2.97) m, wall time: 11.780 seconds 
[ Info: time: 842 days, iteration: 60624, Δt: 20 minutes,max|u|: (1.87e+00, 1.54e+00, 6.70e-03) m s⁻¹, extrema(T): (31.29, -1.92) ᵒC, extrema(S): (39.45, 19.48) g/kg, extrema(η): (1.23, -2.50) m, wall time: 16.390 seconds 
[ Info: time: 843 days, iteration: 60696, Δt: 20 minutes,max|u|: (1.89e+00, 1.71e+00, 6.73e-03) m s⁻¹, extrema(T): (31.23, -1.92) ᵒC, extrema(S): (39.45, 19.48) g/kg, extrema(η): (1.94, -2.16) m, wall time: 11.671 seconds 
[ Info: time: 844 days, iteration: 60768, Δt: 20 minutes,max|u|: (1.87e+00, 1.53e+00, 6.69e-03) m s⁻¹, extrema(T): (31.30, -1.93) ᵒC, extrema(S): (39.45, 19.51) g/kg, extrema(η): (4.69, -2.12) m, wall time: 11.701 seconds 
[ Info: time: 845 days, iteration: 60840, Δt: 20 minutes,max|u|: (1.84e+00, 1.71e+00, 6.66e-03) m s⁻¹, extrema(T): (31.21, -1.93) ᵒC, extrema(S): (39.46, 19.40) g/kg, extrema(η): (2.21, -2.06) m, wall time: 11.666 seconds 
[ Info: time: 846 days, iteration: 60912, Δt: 20 minutes,max|u|: (1.83e+00, 1.52e+00, 6.57e-03) m s⁻¹, extrema(T): (31.21, -1.93) ᵒC, extrema(S): (39.46, 19.38) g/kg, extrema(η): (1.23, -2.16) m, wall time: 11.717 seconds 
[ Info: time: 847 days, iteration: 60984, Δt: 20 minutes,max|u|: (1.85e+00, 1.52e+00, 6.55e-03) m s⁻¹, extrema(T): (31.24, -1.93) ᵒC, extrema(S): (39.47, 19.59) g/kg, extrema(η): (1.24, -3.42) m, wall time: 11.671 seconds 
[ Info: time: 848 days, iteration: 61056, Δt: 20 minutes,max|u|: (1.87e+00, 1.71e+00, 6.53e-03) m s⁻¹, extrema(T): (31.31, -1.93) ᵒC, extrema(S): (39.47, 19.53) g/kg, extrema(η): (1.19, -2.28) m, wall time: 11.627 seconds 
[ Info: time: 849 days, iteration: 61128, Δt: 20 minutes,max|u|: (1.86e+00, 1.50e+00, 6.45e-03) m s⁻¹, extrema(T): (31.28, -1.93) ᵒC, extrema(S): (39.47, 19.70) g/kg, extrema(η): (4.15, -2.15) m, wall time: 11.642 seconds 
[ Info: time: 850 days, iteration: 61200, Δt: 20 minutes,max|u|: (1.84e+00, 1.48e+00, 6.36e-03) m s⁻¹, extrema(T): (31.32, -1.93) ᵒC, extrema(S): (39.46, 19.63) g/kg, extrema(η): (3.18, -2.17) m, wall time: 11.674 seconds 
[ Info: time: 851 days, iteration: 61272, Δt: 20 minutes,max|u|: (1.81e+00, 1.48e+00, 6.34e-03) m s⁻¹, extrema(T): (31.25, -1.93) ᵒC, extrema(S): (39.46, 19.69) g/kg, extrema(η): (1.41, -2.27) m, wall time: 11.668 seconds 
[ Info: time: 852 days, iteration: 61344, Δt: 20 minutes,max|u|: (1.80e+00, 1.48e+00, 6.32e-03) m s⁻¹, extrema(T): (31.26, -1.94) ᵒC, extrema(S): (39.45, 19.65) g/kg, extrema(η): (1.39, -3.70) m, wall time: 11.710 seconds 
[ Info: time: 853 days, iteration: 61416, Δt: 20 minutes,max|u|: (1.79e+00, 1.56e+00, 6.32e-03) m s⁻¹, extrema(T): (31.26, -1.93) ᵒC, extrema(S): (39.46, 19.60) g/kg, extrema(η): (1.47, -2.28) m, wall time: 11.667 seconds 
[ Info: time: 854 days, iteration: 61488, Δt: 20 minutes,max|u|: (1.74e+00, 1.50e+00, 6.29e-03) m s⁻¹, extrema(T): (31.28, -1.93) ᵒC, extrema(S): (39.46, 19.61) g/kg, extrema(η): (3.54, -2.33) m, wall time: 16.378 seconds 
[ Info: time: 855 days, iteration: 61560, Δt: 20 minutes,max|u|: (1.72e+00, 1.50e+00, 6.26e-03) m s⁻¹, extrema(T): (31.26, -1.94) ᵒC, extrema(S): (39.46, 19.49) g/kg, extrema(η): (3.53, -2.28) m, wall time: 11.618 seconds 
[ Info: time: 856 days, iteration: 61632, Δt: 20 minutes,max|u|: (1.72e+00, 1.58e+00, 6.32e-03) m s⁻¹, extrema(T): (31.28, -1.93) ᵒC, extrema(S): (39.47, 19.59) g/kg, extrema(η): (2.15, -2.28) m, wall time: 11.685 seconds 
[ Info: time: 857 days, iteration: 61704, Δt: 20 minutes,max|u|: (1.70e+00, 1.50e+00, 6.31e-03) m s⁻¹, extrema(T): (31.29, -1.93) ᵒC, extrema(S): (39.47, 19.60) g/kg, extrema(η): (2.65, -3.88) m, wall time: 11.621 seconds 
[ Info: time: 858 days, iteration: 61776, Δt: 20 minutes,max|u|: (1.81e+00, 1.61e+00, 6.30e-03) m s⁻¹, extrema(T): (31.29, -1.93) ᵒC, extrema(S): (39.48, 19.66) g/kg, extrema(η): (3.03, -2.17) m, wall time: 11.635 seconds 
[ Info: time: 859 days, iteration: 61848, Δt: 20 minutes,max|u|: (1.83e+00, 1.59e+00, 6.33e-03) m s⁻¹, extrema(T): (31.35, -1.93) ᵒC, extrema(S): (39.47, 19.18) g/kg, extrema(η): (3.34, -2.10) m, wall time: 11.725 seconds 
[ Info: time: 860 days, iteration: 61920, Δt: 20 minutes,max|u|: (2.07e+00, 1.50e+00, 6.34e-03) m s⁻¹, extrema(T): (31.33, -1.93) ᵒC, extrema(S): (39.47, 18.23) g/kg, extrema(η): (4.21, -2.18) m, wall time: 11.746 seconds 
[ Info: time: 861 days, iteration: 61992, Δt: 20 minutes,max|u|: (2.10e+00, 1.94e+00, 6.40e-03) m s⁻¹, extrema(T): (31.35, -1.93) ᵒC, extrema(S): (39.47, 17.62) g/kg, extrema(η): (3.11, -2.18) m, wall time: 11.641 seconds 
[ Info: time: 862 days, iteration: 62064, Δt: 20 minutes,max|u|: (2.32e+00, 1.48e+00, 6.50e-03) m s⁻¹, extrema(T): (31.38, -1.93) ᵒC, extrema(S): (39.47, 17.46) g/kg, extrema(η): (2.79, -3.53) m, wall time: 11.618 seconds 
[ Info: time: 863 days, iteration: 62136, Δt: 20 minutes,max|u|: (2.44e+00, 1.46e+00, 6.54e-03) m s⁻¹, extrema(T): (31.40, -1.92) ᵒC, extrema(S): (39.47, 17.06) g/kg, extrema(η): (2.35, -2.65) m, wall time: 11.663 seconds 
[ Info: time: 864 days, iteration: 62208, Δt: 20 minutes,max|u|: (2.17e+00, 1.64e+00, 6.56e-03) m s⁻¹, extrema(T): (31.36, -1.91) ᵒC, extrema(S): (39.47, 17.10) g/kg, extrema(η): (1.93, -2.30) m, wall time: 11.821 seconds 
[ Info: time: 865 days, iteration: 62280, Δt: 20 minutes,max|u|: (1.71e+00, 1.45e+00, 6.69e-03) m s⁻¹, extrema(T): (31.34, -1.90) ᵒC, extrema(S): (39.48, 16.68) g/kg, extrema(η): (4.17, -2.27) m, wall time: 11.687 seconds 
[ Info: time: 866 days, iteration: 62352, Δt: 20 minutes,max|u|: (1.60e+00, 1.65e+00, 6.66e-03) m s⁻¹, extrema(T): (31.33, -1.93) ᵒC, extrema(S): (39.48, 16.41) g/kg, extrema(η): (1.50, -2.25) m, wall time: 11.704 seconds 
[ Info: time: 867 days, iteration: 62424, Δt: 20 minutes,max|u|: (1.57e+00, 1.44e+00, 6.56e-03) m s⁻¹, extrema(T): (31.38, -1.93) ᵒC, extrema(S): (39.48, 16.59) g/kg, extrema(η): (1.33, -3.00) m, wall time: 17.566 seconds 
[ Info: time: 868 days, iteration: 62496, Δt: 20 minutes,max|u|: (1.96e+00, 1.46e+00, 6.51e-03) m s⁻¹, extrema(T): (31.39, -1.93) ᵒC, extrema(S): (39.49, 16.65) g/kg, extrema(η): (1.24, -3.04) m, wall time: 11.681 seconds 
[ Info: time: 869 days, iteration: 62568, Δt: 20 minutes,max|u|: (1.54e+00, 1.68e+00, 6.52e-03) m s⁻¹, extrema(T): (31.42, -1.94) ᵒC, extrema(S): (39.49, 16.25) g/kg, extrema(η): (1.16, -2.06) m, wall time: 11.712 seconds 
[ Info: time: 870 days, iteration: 62640, Δt: 20 minutes,max|u|: (1.52e+00, 1.45e+00, 6.45e-03) m s⁻¹, extrema(T): (31.52, -1.94) ᵒC, extrema(S): (39.49, 16.47) g/kg, extrema(η): (4.30, -2.29) m, wall time: 11.662 seconds 
[ Info: time: 871 days, iteration: 62712, Δt: 20 minutes,max|u|: (1.72e+00, 1.49e+00, 6.48e-03) m s⁻¹, extrema(T): (31.59, -1.94) ᵒC, extrema(S): (39.50, 17.24) g/kg, extrema(η): (2.81, -2.29) m, wall time: 11.645 seconds 
[ Info: time: 872 days, iteration: 62784, Δt: 20 minutes,max|u|: (1.64e+00, 1.81e+00, 6.52e-03) m s⁻¹, extrema(T): (31.54, -1.94) ᵒC, extrema(S): (39.50, 16.89) g/kg, extrema(η): (1.20, -2.20) m, wall time: 11.682 seconds 
[ Info: time: 873 days, iteration: 62856, Δt: 20 minutes,max|u|: (1.50e+00, 1.45e+00, 6.45e-03) m s⁻¹, extrema(T): (31.53, -1.93) ᵒC, extrema(S): (39.50, 16.67) g/kg, extrema(η): (1.26, -3.88) m, wall time: 11.711 seconds 
[ Info: time: 874 days, iteration: 62928, Δt: 20 minutes,max|u|: (1.50e+00, 1.69e+00, 6.45e-03) m s⁻¹, extrema(T): (31.53, -1.92) ᵒC, extrema(S): (39.51, 17.10) g/kg, extrema(η): (1.30, -2.11) m, wall time: 11.713 seconds 
[ Info: time: 875 days, iteration: 63000, Δt: 20 minutes,max|u|: (1.49e+00, 1.47e+00, 6.44e-03) m s⁻¹, extrema(T): (31.56, -1.92) ᵒC, extrema(S): (39.51, 17.29) g/kg, extrema(η): (3.78, -2.06) m, wall time: 11.685 seconds 
[ Info: time: 876 days, iteration: 63072, Δt: 20 minutes,max|u|: (1.48e+00, 1.46e+00, 6.44e-03) m s⁻¹, extrema(T): (31.52, -1.92) ᵒC, extrema(S): (39.52, 18.14) g/kg, extrema(η): (3.59, -2.11) m, wall time: 11.605 seconds 
[ Info: time: 877 days, iteration: 63144, Δt: 20 minutes,max|u|: (1.52e+00, 1.68e+00, 6.45e-03) m s⁻¹, extrema(T): (31.48, -1.90) ᵒC, extrema(S): (39.52, 18.96) g/kg, extrema(η): (1.20, -2.18) m, wall time: 11.689 seconds 
[ Info: time: 878 days, iteration: 63216, Δt: 20 minutes,max|u|: (1.50e+00, 1.45e+00, 6.43e-03) m s⁻¹, extrema(T): (31.46, -1.89) ᵒC, extrema(S): (39.52, 18.76) g/kg, extrema(η): (1.61, -3.79) m, wall time: 11.684 seconds 
[ Info: time: 879 days, iteration: 63288, Δt: 20 minutes,max|u|: (1.42e+00, 1.66e+00, 6.41e-03) m s⁻¹, extrema(T): (31.44, -1.94) ᵒC, extrema(S): (39.52, 18.94) g/kg, extrema(η): (2.20, -2.24) m, wall time: 16.444 seconds 
[ Info: time: 880 days, iteration: 63360, Δt: 20 minutes,max|u|: (1.41e+00, 1.50e+00, 6.38e-03) m s⁻¹, extrema(T): (31.41, -1.94) ᵒC, extrema(S): (39.53, 19.09) g/kg, extrema(η): (3.07, -2.23) m, wall time: 11.807 seconds 
[ Info: time: 881 days, iteration: 63432, Δt: 20 minutes,max|u|: (1.57e+00, 1.44e+00, 6.40e-03) m s⁻¹, extrema(T): (31.37, -1.94) ᵒC, extrema(S): (39.53, 19.17) g/kg, extrema(η): (4.41, -2.25) m, wall time: 11.679 seconds 
[ Info: time: 882 days, iteration: 63504, Δt: 20 minutes,max|u|: (1.39e+00, 1.66e+00, 6.42e-03) m s⁻¹, extrema(T): (31.36, -1.93) ᵒC, extrema(S): (39.53, 18.84) g/kg, extrema(η): (3.12, -2.36) m, wall time: 11.665 seconds 
[ Info: time: 883 days, iteration: 63576, Δt: 20 minutes,max|u|: (1.50e+00, 1.44e+00, 6.45e-03) m s⁻¹, extrema(T): (31.32, -1.95) ᵒC, extrema(S): (39.53, 18.38) g/kg, extrema(η): (3.19, -3.58) m, wall time: 11.612 seconds 
[ Info: time: 884 days, iteration: 63648, Δt: 20 minutes,max|u|: (1.54e+00, 1.48e+00, 6.44e-03) m s⁻¹, extrema(T): (31.35, -1.94) ᵒC, extrema(S): (39.53, 17.82) g/kg, extrema(η): (3.17, -2.39) m, wall time: 11.718 seconds 
[ Info: time: 885 days, iteration: 63720, Δt: 20 minutes,max|u|: (1.51e+00, 1.69e+00, 6.38e-03) m s⁻¹, extrema(T): (31.36, -1.93) ᵒC, extrema(S): (39.54, 17.46) g/kg, extrema(η): (3.01, -2.13) m, wall time: 11.724 seconds 
[ Info: time: 886 days, iteration: 63792, Δt: 20 minutes,max|u|: (1.52e+00, 1.45e+00, 6.34e-03) m s⁻¹, extrema(T): (31.36, -1.95) ᵒC, extrema(S): (39.54, 16.75) g/kg, extrema(η): (4.52, -2.26) m, wall time: 11.712 seconds 
[ Info: time: 887 days, iteration: 63864, Δt: 20 minutes,max|u|: (1.55e+00, 1.64e+00, 6.28e-03) m s⁻¹, extrema(T): (31.38, -1.95) ᵒC, extrema(S): (39.54, 16.65) g/kg, extrema(η): (2.30, -2.24) m, wall time: 11.650 seconds 
[ Info: time: 888 days, iteration: 63936, Δt: 20 minutes,max|u|: (1.61e+00, 1.45e+00, 6.22e-03) m s⁻¹, extrema(T): (31.38, -1.95) ᵒC, extrema(S): (39.55, 16.86) g/kg, extrema(η): (2.03, -2.80) m, wall time: 11.593 seconds 
[ Info: time: 889 days, iteration: 64008, Δt: 20 minutes,max|u|: (1.66e+00, 1.45e+00, 6.18e-03) m s⁻¹, extrema(T): (31.32, -1.95) ᵒC, extrema(S): (39.55, 16.53) g/kg, extrema(η): (1.62, -3.18) m, wall time: 11.673 seconds 
[ Info: time: 890 days, iteration: 64080, Δt: 20 minutes,max|u|: (1.70e+00, 1.69e+00, 6.21e-03) m s⁻¹, extrema(T): (31.32, -1.95) ᵒC, extrema(S): (39.55, 16.89) g/kg, extrema(η): (1.27, -2.19) m, wall time: 11.686 seconds 
[ Info: time: 891 days, iteration: 64152, Δt: 20 minutes,max|u|: (1.99e+00, 1.44e+00, 6.27e-03) m s⁻¹, extrema(T): (31.32, -1.95) ᵒC, extrema(S): (39.56, 16.45) g/kg, extrema(η): (4.53, -2.17) m, wall time: 11.721 seconds 
[ Info: time: 892 days, iteration: 64224, Δt: 20 minutes,max|u|: (2.17e+00, 1.46e+00, 6.33e-03) m s⁻¹, extrema(T): (31.32, -1.95) ᵒC, extrema(S): (39.57, 16.07) g/kg, extrema(η): (2.78, -2.22) m, wall time: 21.976 seconds 
[ Info: time: 893 days, iteration: 64296, Δt: 20 minutes,max|u|: (2.04e+00, 1.55e+00, 6.31e-03) m s⁻¹, extrema(T): (31.30, -1.95) ᵒC, extrema(S): (39.56, 15.93) g/kg, extrema(η): (1.32, -2.15) m, wall time: 11.766 seconds 
[ Info: time: 894 days, iteration: 64368, Δt: 20 minutes,max|u|: (1.98e+00, 1.41e+00, 6.36e-03) m s⁻¹, extrema(T): (31.30, -1.95) ᵒC, extrema(S): (39.57, 16.15) g/kg, extrema(η): (1.40, -3.66) m, wall time: 11.726 seconds 
[ Info: time: 895 days, iteration: 64440, Δt: 20 minutes,max|u|: (1.86e+00, 1.69e+00, 6.36e-03) m s⁻¹, extrema(T): (31.28, -1.95) ᵒC, extrema(S): (39.57, 15.85) g/kg, extrema(η): (1.27, -2.09) m, wall time: 11.848 seconds 
[ Info: time: 896 days, iteration: 64512, Δt: 20 minutes,max|u|: (1.94e+00, 1.39e+00, 6.36e-03) m s⁻¹, extrema(T): (31.28, -1.95) ᵒC, extrema(S): (39.57, 15.44) g/kg, extrema(η): (3.84, -2.08) m, wall time: 11.819 seconds 
[ Info: time: 897 days, iteration: 64584, Δt: 20 minutes,max|u|: (2.32e+00, 1.46e+00, 6.40e-03) m s⁻¹, extrema(T): (31.28, -1.95) ᵒC, extrema(S): (39.58, 15.30) g/kg, extrema(η): (3.55, -2.14) m, wall time: 11.800 seconds 
[ Info: time: 898 days, iteration: 64656, Δt: 20 minutes,max|u|: (1.65e+00, 1.57e+00, 6.44e-03) m s⁻¹, extrema(T): (31.28, -1.95) ᵒC, extrema(S): (39.58, 15.52) g/kg, extrema(η): (1.25, -2.22) m, wall time: 12.853 seconds 
[ Info: time: 899 days, iteration: 64728, Δt: 20 minutes,max|u|: (1.67e+00, 1.46e+00, 6.39e-03) m s⁻¹, extrema(T): (31.24, -1.95) ᵒC, extrema(S): (39.58, 16.50) g/kg, extrema(η): (1.21, -3.96) m, wall time: 11.734 seconds 
[ Info: time: 900 days, iteration: 64800, Δt: 20 minutes,max|u|: (2.18e+00, 1.62e+00, 6.35e-03) m s⁻¹, extrema(T): (31.17, -1.96) ᵒC, extrema(S): (39.59, 15.76) g/kg, extrema(η): (1.28, -2.10) m, wall time: 11.823 seconds 
[ Info: time: 901 days, iteration: 64872, Δt: 20 minutes,max|u|: (2.09e+00, 1.51e+00, 6.38e-03) m s⁻¹, extrema(T): (31.01, -1.96) ᵒC, extrema(S): (39.59, 15.14) g/kg, extrema(η): (3.16, -2.34) m, wall time: 11.638 seconds 
[ Info: time: 902 days, iteration: 64944, Δt: 20 minutes,max|u|: (2.34e+00, 2.03e+00, 6.47e-03) m s⁻¹, extrema(T): (30.95, -1.96) ᵒC, extrema(S): (39.59, 15.77) g/kg, extrema(η): (4.25, -2.35) m, wall time: 11.740 seconds 
[ Info: time: 903 days, iteration: 65016, Δt: 20 minutes,max|u|: (2.25e+00, 1.69e+00, 6.49e-03) m s⁻¹, extrema(T): (30.94, -1.96) ᵒC, extrema(S): (39.60, 16.37) g/kg, extrema(η): (1.83, -2.30) m, wall time: 11.715 seconds 
[ Info: time: 904 days, iteration: 65088, Δt: 20 minutes,max|u|: (1.72e+00, 1.52e+00, 6.52e-03) m s⁻¹, extrema(T): (31.02, -1.95) ᵒC, extrema(S): (39.60, 16.21) g/kg, extrema(η): (2.43, -3.55) m, wall time: 16.371 seconds 
[ Info: time: 905 days, iteration: 65160, Δt: 20 minutes,max|u|: (1.57e+00, 1.51e+00, 6.57e-03) m s⁻¹, extrema(T): (31.01, -1.95) ᵒC, extrema(S): (39.60, 15.78) g/kg, extrema(η): (2.81, -2.35) m, wall time: 11.850 seconds 
[ Info: time: 906 days, iteration: 65232, Δt: 20 minutes,max|u|: (1.52e+00, 1.68e+00, 6.53e-03) m s⁻¹, extrema(T): (30.99, -1.95) ᵒC, extrema(S): (39.61, 15.89) g/kg, extrema(η): (3.25, -2.26) m, wall time: 11.742 seconds 
[ Info: time: 907 days, iteration: 65304, Δt: 20 minutes,max|u|: (1.65e+00, 1.58e+00, 6.46e-03) m s⁻¹, extrema(T): (31.09, -1.96) ᵒC, extrema(S): (39.61, 15.45) g/kg, extrema(η): (4.46, -2.17) m, wall time: 11.659 seconds 
[ Info: time: 908 days, iteration: 65376, Δt: 20 minutes,max|u|: (1.80e+00, 1.63e+00, 6.36e-03) m s⁻¹, extrema(T): (31.13, -1.95) ᵒC, extrema(S): (39.61, 14.98) g/kg, extrema(η): (3.41, -2.18) m, wall time: 11.662 seconds 
[ Info: time: 909 days, iteration: 65448, Δt: 20 minutes,max|u|: (2.04e+00, 1.50e+00, 6.30e-03) m s⁻¹, extrema(T): (31.26, -1.95) ᵒC, extrema(S): (39.62, 14.46) g/kg, extrema(η): (3.25, -2.84) m, wall time: 11.648 seconds 
[ Info: time: 910 days, iteration: 65520, Δt: 20 minutes,max|u|: (1.82e+00, 1.51e+00, 6.29e-03) m s⁻¹, extrema(T): (31.21, -1.93) ᵒC, extrema(S): (39.62, 14.24) g/kg, extrema(η): (2.98, -3.19) m, wall time: 11.758 seconds 
[ Info: time: 911 days, iteration: 65592, Δt: 20 minutes,max|u|: (1.55e+00, 1.78e+00, 6.32e-03) m s⁻¹, extrema(T): (31.24, -1.94) ᵒC, extrema(S): (39.62, 13.86) g/kg, extrema(η): (2.73, -2.34) m, wall time: 11.720 seconds 
[ Info: time: 912 days, iteration: 65664, Δt: 20 minutes,max|u|: (1.64e+00, 1.50e+00, 6.37e-03) m s⁻¹, extrema(T): (31.25, -1.93) ᵒC, extrema(S): (39.62, 13.68) g/kg, extrema(η): (4.65, -2.33) m, wall time: 11.838 seconds 
[ Info: time: 913 days, iteration: 65736, Δt: 20 minutes,max|u|: (1.57e+00, 1.50e+00, 6.34e-03) m s⁻¹, extrema(T): (31.30, -1.91) ᵒC, extrema(S): (39.62, 13.78) g/kg, extrema(η): (2.65, -2.31) m, wall time: 11.785 seconds 
[ Info: time: 914 days, iteration: 65808, Δt: 20 minutes,max|u|: (1.82e+00, 1.49e+00, 6.39e-03) m s⁻¹, extrema(T): (31.20, -1.92) ᵒC, extrema(S): (39.63, 13.86) g/kg, extrema(η): (1.41, -2.38) m, wall time: 11.711 seconds 
[ Info: time: 915 days, iteration: 65880, Δt: 20 minutes,max|u|: (2.02e+00, 1.49e+00, 6.38e-03) m s⁻¹, extrema(T): (31.04, -1.93) ᵒC, extrema(S): (39.63, 15.99) g/kg, extrema(η): (1.49, -3.57) m, wall time: 11.694 seconds 
[ Info: time: 916 days, iteration: 65952, Δt: 20 minutes,max|u|: (1.74e+00, 1.68e+00, 6.39e-03) m s⁻¹, extrema(T): (31.05, -1.94) ᵒC, extrema(S): (39.63, 15.27) g/kg, extrema(η): (1.38, -2.39) m, wall time: 16.397 seconds 
[ Info: time: 917 days, iteration: 66024, Δt: 20 minutes,max|u|: (2.25e+00, 1.45e+00, 6.41e-03) m s⁻¹, extrema(T): (31.06, -1.94) ᵒC, extrema(S): (39.64, 14.65) g/kg, extrema(η): (4.08, -2.20) m, wall time: 11.702 seconds 
[ Info: time: 918 days, iteration: 66096, Δt: 20 minutes,max|u|: (2.22e+00, 1.44e+00, 6.48e-03) m s⁻¹, extrema(T): (31.12, -1.94) ᵒC, extrema(S): (39.64, 14.17) g/kg, extrema(η): (3.60, -2.26) m, wall time: 11.678 seconds 
[ Info: time: 919 days, iteration: 66168, Δt: 20 minutes,max|u|: (1.93e+00, 1.56e+00, 6.51e-03) m s⁻¹, extrema(T): (31.31, -1.94) ᵒC, extrema(S): (39.64, 14.97) g/kg, extrema(η): (1.33, -2.23) m, wall time: 11.671 seconds 
[ Info: time: 920 days, iteration: 66240, Δt: 20 minutes,max|u|: (2.14e+00, 1.43e+00, 6.62e-03) m s⁻¹, extrema(T): (31.24, -1.94) ᵒC, extrema(S): (39.65, 14.60) g/kg, extrema(η): (1.28, -3.49) m, wall time: 11.674 seconds 
[ Info: time: 921 days, iteration: 66312, Δt: 20 minutes,max|u|: (2.70e+00, 1.60e+00, 6.62e-03) m s⁻¹, extrema(T): (31.13, -1.94) ᵒC, extrema(S): (39.65, 14.24) g/kg, extrema(η): (1.22, -2.17) m, wall time: 11.786 seconds 
[ Info: time: 922 days, iteration: 66384, Δt: 20 minutes,max|u|: (2.20e+00, 1.43e+00, 6.66e-03) m s⁻¹, extrema(T): (31.31, -1.94) ᵒC, extrema(S): (39.66, 15.52) g/kg, extrema(η): (3.12, -2.16) m, wall time: 11.648 seconds 
[ Info: time: 923 days, iteration: 66456, Δt: 20 minutes,max|u|: (2.15e+00, 1.54e+00, 6.68e-03) m s⁻¹, extrema(T): (31.66, -1.94) ᵒC, extrema(S): (39.66, 15.33) g/kg, extrema(η): (4.13, -2.26) m, wall time: 11.708 seconds 
[ Info: time: 924 days, iteration: 66528, Δt: 20 minutes,max|u|: (2.17e+00, 1.62e+00, 6.73e-03) m s⁻¹, extrema(T): (31.60, -1.95) ᵒC, extrema(S): (39.66, 14.75) g/kg, extrema(η): (1.37, -2.19) m, wall time: 11.728 seconds 
[ Info: time: 925 days, iteration: 66600, Δt: 20 minutes,max|u|: (2.52e+00, 1.45e+00, 6.69e-03) m s⁻¹, extrema(T): (31.67, -1.95) ᵒC, extrema(S): (39.66, 14.24) g/kg, extrema(η): (1.27, -3.33) m, wall time: 11.797 seconds 
[ Info: time: 926 days, iteration: 66672, Δt: 20 minutes,max|u|: (1.84e+00, 1.45e+00, 6.64e-03) m s⁻¹, extrema(T): (31.66, -1.95) ᵒC, extrema(S): (39.66, 15.39) g/kg, extrema(η): (1.35, -2.45) m, wall time: 11.660 seconds 
[ Info: time: 927 days, iteration: 66744, Δt: 20 minutes,max|u|: (1.80e+00, 1.76e+00, 6.62e-03) m s⁻¹, extrema(T): (31.55, -1.95) ᵒC, extrema(S): (39.66, 15.29) g/kg, extrema(η): (2.00, -2.16) m, wall time: 11.662 seconds 
[ Info: time: 928 days, iteration: 66816, Δt: 20 minutes,max|u|: (1.75e+00, 1.46e+00, 6.64e-03) m s⁻¹, extrema(T): (31.65, -1.95) ᵒC, extrema(S): (39.67, 15.53) g/kg, extrema(η): (4.42, -2.27) m, wall time: 11.708 seconds 
[ Info: time: 929 days, iteration: 66888, Δt: 20 minutes,max|u|: (1.75e+00, 1.56e+00, 6.69e-03) m s⁻¹, extrema(T): (31.75, -1.95) ᵒC, extrema(S): (39.67, 14.62) g/kg, extrema(η): (2.64, -2.26) m, wall time: 17.811 seconds 
[ Info: time: 930 days, iteration: 66960, Δt: 20 minutes,max|u|: (2.08e+00, 1.72e+00, 6.65e-03) m s⁻¹, extrema(T): (31.74, -1.95) ᵒC, extrema(S): (39.68, 15.91) g/kg, extrema(η): (3.01, -2.88) m, wall time: 11.825 seconds 
[ Info: time: 931 days, iteration: 67032, Δt: 20 minutes,max|u|: (1.58e+00, 1.47e+00, 6.64e-03) m s⁻¹, extrema(T): (31.72, -1.95) ᵒC, extrema(S): (39.68, 16.54) g/kg, extrema(η): (3.14, -3.44) m, wall time: 11.829 seconds 
[ Info: time: 932 days, iteration: 67104, Δt: 20 minutes,max|u|: (1.56e+00, 1.80e+00, 6.59e-03) m s⁻¹, extrema(T): (31.81, -1.95) ᵒC, extrema(S): (39.68, 15.58) g/kg, extrema(η): (3.41, -2.11) m, wall time: 11.650 seconds 
[ Info: time: 933 days, iteration: 67176, Δt: 20 minutes,max|u|: (1.84e+00, 1.47e+00, 6.58e-03) m s⁻¹, extrema(T): (32.13, -1.95) ᵒC, extrema(S): (39.69, 16.34) g/kg, extrema(η): (4.31, -2.02) m, wall time: 11.626 seconds 
[ Info: time: 934 days, iteration: 67248, Δt: 20 minutes,max|u|: (2.09e+00, 1.46e+00, 6.54e-03) m s⁻¹, extrema(T): (32.27, -1.95) ᵒC, extrema(S): (39.69, 16.68) g/kg, extrema(η): (3.10, -2.12) m, wall time: 11.615 seconds 
[ Info: time: 935 days, iteration: 67320, Δt: 20 minutes,max|u|: (1.87e+00, 1.53e+00, 6.57e-03) m s⁻¹, extrema(T): (32.24, -1.95) ᵒC, extrema(S): (39.69, 15.68) g/kg, extrema(η): (2.78, -2.19) m, wall time: 11.685 seconds 
[ Info: time: 936 days, iteration: 67392, Δt: 20 minutes,max|u|: (1.97e+00, 1.46e+00, 6.55e-03) m s⁻¹, extrema(T): (32.26, -1.94) ᵒC, extrema(S): (39.69, 15.22) g/kg, extrema(η): (2.35, -3.55) m, wall time: 11.815 seconds 
[ Info: time: 937 days, iteration: 67464, Δt: 20 minutes,max|u|: (1.84e+00, 1.69e+00, 6.53e-03) m s⁻¹, extrema(T): (32.36, -1.94) ᵒC, extrema(S): (39.69, 14.77) g/kg, extrema(η): (1.96, -2.27) m, wall time: 11.807 seconds 
[ Info: time: 938 days, iteration: 67536, Δt: 20 minutes,max|u|: (1.63e+00, 1.64e+00, 6.50e-03) m s⁻¹, extrema(T): (32.26, -1.94) ᵒC, extrema(S): (39.70, 14.74) g/kg, extrema(η): (3.67, -2.37) m, wall time: 11.692 seconds 
[ Info: time: 939 days, iteration: 67608, Δt: 20 minutes,max|u|: (1.97e+00, 1.47e+00, 6.50e-03) m s⁻¹, extrema(T): (32.38, -1.94) ᵒC, extrema(S): (39.71, 14.41) g/kg, extrema(η): (3.81, -2.28) m, wall time: 11.666 seconds 
[ Info: time: 940 days, iteration: 67680, Δt: 20 minutes,max|u|: (2.20e+00, 1.68e+00, 6.47e-03) m s⁻¹, extrema(T): (32.33, -1.94) ᵒC, extrema(S): (39.71, 13.96) g/kg, extrema(η): (1.43, -2.32) m, wall time: 11.646 seconds 
[ Info: time: 941 days, iteration: 67752, Δt: 20 minutes,max|u|: (1.97e+00, 1.46e+00, 6.44e-03) m s⁻¹, extrema(T): (32.21, -1.94) ᵒC, extrema(S): (39.71, 13.56) g/kg, extrema(η): (1.38, -3.75) m, wall time: 16.316 seconds 
[ Info: time: 942 days, iteration: 67824, Δt: 20 minutes,max|u|: (1.70e+00, 1.57e+00, 6.40e-03) m s⁻¹, extrema(T): (32.24, -1.94) ᵒC, extrema(S): (39.71, 13.24) g/kg, extrema(η): (1.30, -2.11) m, wall time: 11.753 seconds 
[ Info: time: 943 days, iteration: 67896, Δt: 20 minutes,max|u|: (1.52e+00, 1.54e+00, 6.38e-03) m s⁻¹, extrema(T): (32.25, -1.94) ᵒC, extrema(S): (39.71, 13.42) g/kg, extrema(η): (2.74, -2.05) m, wall time: 11.783 seconds 
[ Info: time: 944 days, iteration: 67968, Δt: 20 minutes,max|u|: (1.57e+00, 1.56e+00, 6.36e-03) m s⁻¹, extrema(T): (32.20, -1.94) ᵒC, extrema(S): (39.71, 13.74) g/kg, extrema(η): (4.27, -2.17) m, wall time: 11.723 seconds 
[ Info: time: 945 days, iteration: 68040, Δt: 20 minutes,max|u|: (1.51e+00, 1.71e+00, 6.34e-03) m s⁻¹, extrema(T): (32.19, -1.94) ᵒC, extrema(S): (39.72, 13.74) g/kg, extrema(η): (1.46, -2.23) m, wall time: 11.812 seconds 
[ Info: time: 946 days, iteration: 68112, Δt: 20 minutes,max|u|: (1.49e+00, 1.69e+00, 6.33e-03) m s⁻¹, extrema(T): (32.15, -1.94) ᵒC, extrema(S): (39.72, 13.90) g/kg, extrema(η): (1.71, -3.19) m, wall time: 11.650 seconds 
[ Info: time: 947 days, iteration: 68184, Δt: 20 minutes,max|u|: (1.57e+00, 1.68e+00, 6.30e-03) m s⁻¹, extrema(T): (32.05, -1.95) ᵒC, extrema(S): (39.72, 14.30) g/kg, extrema(η): (1.54, -2.83) m, wall time: 11.751 seconds 
[ Info: time: 948 days, iteration: 68256, Δt: 20 minutes,max|u|: (1.40e+00, 1.75e+00, 6.32e-03) m s⁻¹, extrema(T): (31.89, -1.95) ᵒC, extrema(S): (39.74, 14.72) g/kg, extrema(η): (1.67, -2.28) m, wall time: 11.701 seconds 
[ Info: time: 949 days, iteration: 68328, Δt: 20 minutes,max|u|: (1.54e+00, 1.68e+00, 6.35e-03) m s⁻¹, extrema(T): (31.84, -1.95) ᵒC, extrema(S): (39.73, 14.39) g/kg, extrema(η): (4.33, -2.34) m, wall time: 11.691 seconds 
[ Info: time: 950 days, iteration: 68400, Δt: 20 minutes,max|u|: (1.66e+00, 1.67e+00, 6.35e-03) m s⁻¹, extrema(T): (31.88, -1.95) ᵒC, extrema(S): (39.74, 13.82) g/kg, extrema(η): (2.31, -2.34) m, wall time: 11.697 seconds 
[ Info: time: 951 days, iteration: 68472, Δt: 20 minutes,max|u|: (1.74e+00, 1.65e+00, 6.33e-03) m s⁻¹, extrema(T): (31.90, -1.95) ᵒC, extrema(S): (39.75, 13.82) g/kg, extrema(η): (1.84, -2.36) m, wall time: 11.707 seconds 
[ Info: time: 952 days, iteration: 68544, Δt: 20 minutes,max|u|: (1.68e+00, 1.59e+00, 6.29e-03) m s⁻¹, extrema(T): (31.68, -1.96) ᵒC, extrema(S): (39.75, 14.53) g/kg, extrema(η): (2.33, -3.35) m, wall time: 11.710 seconds 
[ Info: time: 953 days, iteration: 68616, Δt: 20 minutes,max|u|: (1.74e+00, 1.69e+00, 6.29e-03) m s⁻¹, extrema(T): (31.59, -1.96) ᵒC, extrema(S): (39.75, 14.14) g/kg, extrema(η): (2.68, -2.07) m, wall time: 16.287 seconds 
[ Info: time: 954 days, iteration: 68688, Δt: 20 minutes,max|u|: (1.89e+00, 1.54e+00, 6.25e-03) m s⁻¹, extrema(T): (31.61, -1.96) ᵒC, extrema(S): (39.74, 15.30) g/kg, extrema(η): (4.13, -2.02) m, wall time: 11.596 seconds 
[ Info: time: 955 days, iteration: 68760, Δt: 20 minutes,max|u|: (1.93e+00, 1.53e+00, 6.34e-03) m s⁻¹, extrema(T): (31.67, -1.96) ᵒC, extrema(S): (39.74, 15.15) g/kg, extrema(η): (3.27, -2.15) m, wall time: 11.651 seconds 
[ Info: time: 956 days, iteration: 68832, Δt: 20 minutes,max|u|: (1.65e+00, 1.87e+00, 6.41e-03) m s⁻¹, extrema(T): (31.67, -1.96) ᵒC, extrema(S): (39.75, 14.75) g/kg, extrema(η): (3.01, -2.13) m, wall time: 11.687 seconds 
[ Info: time: 957 days, iteration: 68904, Δt: 20 minutes,max|u|: (2.08e+00, 1.47e+00, 6.49e-03) m s⁻¹, extrema(T): (31.57, -1.96) ᵒC, extrema(S): (39.74, 14.66) g/kg, extrema(η): (2.96, -3.65) m, wall time: 11.802 seconds 
[ Info: time: 958 days, iteration: 68976, Δt: 20 minutes,max|u|: (1.80e+00, 1.68e+00, 6.51e-03) m s⁻¹, extrema(T): (31.52, -1.96) ᵒC, extrema(S): (39.74, 14.86) g/kg, extrema(η): (2.95, -2.22) m, wall time: 11.692 seconds 
[ Info: time: 959 days, iteration: 69048, Δt: 20 minutes,max|u|: (2.43e+00, 1.45e+00, 6.54e-03) m s⁻¹, extrema(T): (31.51, -1.97) ᵒC, extrema(S): (39.75, 14.97) g/kg, extrema(η): (3.55, -2.22) m, wall time: 11.764 seconds 
[ Info: time: 960 days, iteration: 69120, Δt: 20 minutes,max|u|: (2.31e+00, 1.56e+00, 6.61e-03) m s⁻¹, extrema(T): (31.55, -1.96) ᵒC, extrema(S): (39.76, 14.47) g/kg, extrema(η): (4.22, -2.38) m, wall time: 12.884 seconds 
[ Info: time: 961 days, iteration: 69192, Δt: 20 minutes,max|u|: (2.32e+00, 1.68e+00, 6.56e-03) m s⁻¹, extrema(T): (31.58, -1.96) ᵒC, extrema(S): (39.75, 14.96) g/kg, extrema(η): (2.12, -2.18) m, wall time: 11.610 seconds 
[ Info: time: 962 days, iteration: 69264, Δt: 20 minutes,max|u|: (2.05e+00, 1.42e+00, 6.52e-03) m s⁻¹, extrema(T): (31.58, -1.95) ᵒC, extrema(S): (39.75, 15.34) g/kg, extrema(η): (1.75, -3.49) m, wall time: 11.685 seconds 
[ Info: time: 963 days, iteration: 69336, Δt: 20 minutes,max|u|: (2.21e+00, 1.46e+00, 6.51e-03) m s⁻¹, extrema(T): (31.48, -1.94) ᵒC, extrema(S): (39.75, 15.64) g/kg, extrema(η): (1.50, -2.18) m, wall time: 11.700 seconds 
[ Info: time: 964 days, iteration: 69408, Δt: 20 minutes,max|u|: (2.09e+00, 1.60e+00, 6.50e-03) m s⁻¹, extrema(T): (31.40, -1.96) ᵒC, extrema(S): (39.75, 14.80) g/kg, extrema(η): (2.40, -2.31) m, wall time: 11.741 seconds 
[ Info: time: 965 days, iteration: 69480, Δt: 20 minutes,max|u|: (2.13e+00, 1.45e+00, 6.61e-03) m s⁻¹, extrema(T): (31.35, -1.94) ᵒC, extrema(S): (39.75, 14.33) g/kg, extrema(η): (4.40, -2.15) m, wall time: 11.691 seconds 
[ Info: time: 966 days, iteration: 69552, Δt: 20 minutes,max|u|: (2.74e+00, 1.71e+00, 6.63e-03) m s⁻¹, extrema(T): (31.36, -1.96) ᵒC, extrema(S): (39.76, 13.94) g/kg, extrema(η): (1.35, -2.29) m, wall time: 16.419 seconds 
[ Info: time: 967 days, iteration: 69624, Δt: 20 minutes,max|u|: (2.11e+00, 1.47e+00, 6.66e-03) m s⁻¹, extrema(T): (31.45, -1.96) ᵒC, extrema(S): (39.76, 13.56) g/kg, extrema(η): (1.31, -3.29) m, wall time: 11.698 seconds 
[ Info: time: 968 days, iteration: 69696, Δt: 20 minutes,max|u|: (2.12e+00, 1.47e+00, 6.73e-03) m s⁻¹, extrema(T): (31.47, -1.96) ᵒC, extrema(S): (39.76, 14.81) g/kg, extrema(η): (1.46, -2.96) m, wall time: 11.722 seconds 
[ Info: time: 969 days, iteration: 69768, Δt: 20 minutes,max|u|: (2.32e+00, 1.71e+00, 6.72e-03) m s⁻¹, extrema(T): (31.48, -1.96) ᵒC, extrema(S): (39.76, 14.88) g/kg, extrema(η): (1.45, -2.18) m, wall time: 11.718 seconds 
[ Info: time: 970 days, iteration: 69840, Δt: 20 minutes,max|u|: (2.30e+00, 1.90e+00, 6.70e-03) m s⁻¹, extrema(T): (31.47, -1.96) ᵒC, extrema(S): (39.76, 15.02) g/kg, extrema(η): (4.57, -2.34) m, wall time: 11.653 seconds 
[ Info: time: 971 days, iteration: 69912, Δt: 20 minutes,max|u|: (2.16e+00, 1.59e+00, 6.72e-03) m s⁻¹, extrema(T): (31.36, -1.96) ᵒC, extrema(S): (39.77, 15.40) g/kg, extrema(η): (2.23, -2.16) m, wall time: 11.675 seconds 
[ Info: time: 972 days, iteration: 69984, Δt: 20 minutes,max|u|: (1.93e+00, 2.60e+00, 6.76e-03) m s⁻¹, extrema(T): (31.38, -1.96) ᵒC, extrema(S): (39.77, 14.75) g/kg, extrema(η): (1.34, -2.59) m, wall time: 11.645 seconds 
[ Info: time: 973 days, iteration: 70056, Δt: 20 minutes,max|u|: (2.02e+00, 1.79e+00, 6.75e-03) m s⁻¹, extrema(T): (31.36, -1.96) ᵒC, extrema(S): (39.77, 14.16) g/kg, extrema(η): (1.32, -3.73) m, wall time: 11.772 seconds 
[ Info: time: 974 days, iteration: 70128, Δt: 20 minutes,max|u|: (2.23e+00, 1.77e+00, 6.74e-03) m s⁻¹, extrema(T): (31.35, -1.96) ᵒC, extrema(S): (39.77, 13.83) g/kg, extrema(η): (1.33, -2.08) m, wall time: 11.719 seconds 
[ Info: time: 975 days, iteration: 70200, Δt: 20 minutes,max|u|: (2.35e+00, 1.44e+00, 6.80e-03) m s⁻¹, extrema(T): (31.27, -1.94) ᵒC, extrema(S): (39.77, 14.28) g/kg, extrema(η): (4.11, -2.14) m, wall time: 11.671 seconds 
[ Info: time: 976 days, iteration: 70272, Δt: 20 minutes,max|u|: (2.41e+00, 1.46e+00, 6.81e-03) m s⁻¹, extrema(T): (31.31, -1.96) ᵒC, extrema(S): (39.77, 15.11) g/kg, extrema(η): (3.16, -2.31) m, wall time: 11.639 seconds 
[ Info: time: 977 days, iteration: 70344, Δt: 20 minutes,max|u|: (2.24e+00, 1.63e+00, 6.83e-03) m s⁻¹, extrema(T): (31.30, -1.96) ᵒC, extrema(S): (39.78, 14.49) g/kg, extrema(η): (2.38, -2.38) m, wall time: 11.720 seconds 
[ Info: time: 978 days, iteration: 70416, Δt: 20 minutes,max|u|: (2.28e+00, 1.46e+00, 6.85e-03) m s⁻¹, extrema(T): (31.37, -1.96) ᵒC, extrema(S): (39.77, 14.13) g/kg, extrema(η): (2.76, -3.86) m, wall time: 16.545 seconds 
[ Info: time: 979 days, iteration: 70488, Δt: 20 minutes,max|u|: (2.16e+00, 1.85e+00, 6.84e-03) m s⁻¹, extrema(T): (31.41, -1.96) ᵒC, extrema(S): (39.78, 13.87) g/kg, extrema(η): (3.04, -2.44) m, wall time: 11.698 seconds 
[ Info: time: 980 days, iteration: 70560, Δt: 20 minutes,max|u|: (2.04e+00, 1.63e+00, 6.78e-03) m s⁻¹, extrema(T): (31.32, -1.96) ᵒC, extrema(S): (39.77, 13.68) g/kg, extrema(η): (3.59, -2.48) m, wall time: 11.774 seconds 
[ Info: time: 981 days, iteration: 70632, Δt: 20 minutes,max|u|: (1.98e+00, 1.78e+00, 6.70e-03) m s⁻¹, extrema(T): (31.32, -1.96) ᵒC, extrema(S): (39.78, 14.72) g/kg, extrema(η): (4.06, -2.38) m, wall time: 11.691 seconds 
[ Info: time: 982 days, iteration: 70704, Δt: 20 minutes,max|u|: (2.18e+00, 1.65e+00, 6.74e-03) m s⁻¹, extrema(T): (31.32, -1.96) ᵒC, extrema(S): (39.78, 15.49) g/kg, extrema(η): (3.13, -2.20) m, wall time: 11.814 seconds 
[ Info: time: 983 days, iteration: 70776, Δt: 20 minutes,max|u|: (2.44e+00, 1.58e+00, 6.70e-03) m s⁻¹, extrema(T): (31.32, -1.96) ᵒC, extrema(S): (39.78, 15.07) g/kg, extrema(η): (2.81, -3.58) m, wall time: 11.686 seconds 
[ Info: time: 984 days, iteration: 70848, Δt: 20 minutes,max|u|: (2.49e+00, 1.53e+00, 6.70e-03) m s⁻¹, extrema(T): (31.30, -1.97) ᵒC, extrema(S): (39.78, 14.60) g/kg, extrema(η): (2.66, -2.22) m, wall time: 11.696 seconds 
[ Info: time: 985 days, iteration: 70920, Δt: 20 minutes,max|u|: (2.45e+00, 1.62e+00, 6.62e-03) m s⁻¹, extrema(T): (31.37, -1.97) ᵒC, extrema(S): (39.78, 15.36) g/kg, extrema(η): (2.57, -2.35) m, wall time: 11.600 seconds 
[ Info: time: 986 days, iteration: 70992, Δt: 20 minutes,max|u|: (2.30e+00, 1.54e+00, 6.61e-03) m s⁻¹, extrema(T): (31.35, -1.97) ᵒC, extrema(S): (39.79, 15.05) g/kg, extrema(η): (4.43, -2.29) m, wall time: 11.567 seconds 
[ Info: time: 987 days, iteration: 71064, Δt: 20 minutes,max|u|: (2.02e+00, 1.71e+00, 6.61e-03) m s⁻¹, extrema(T): (31.22, -1.97) ᵒC, extrema(S): (39.79, 14.45) g/kg, extrema(η): (1.75, -2.34) m, wall time: 11.731 seconds 
[ Info: time: 988 days, iteration: 71136, Δt: 20 minutes,max|u|: (2.03e+00, 1.46e+00, 6.59e-03) m s⁻¹, extrema(T): (31.20, -1.97) ᵒC, extrema(S): (39.78, 14.33) g/kg, extrema(η): (1.40, -2.49) m, wall time: 11.762 seconds 
[ Info: time: 989 days, iteration: 71208, Δt: 20 minutes,max|u|: (2.35e+00, 1.45e+00, 6.62e-03) m s⁻¹, extrema(T): (31.17, -1.97) ᵒC, extrema(S): (39.79, 13.74) g/kg, extrema(η): (1.47, -2.96) m, wall time: 11.790 seconds 
[ Info: time: 990 days, iteration: 71280, Δt: 20 minutes,max|u|: (2.30e+00, 1.65e+00, 6.60e-03) m s⁻¹, extrema(T): (31.14, -1.97) ᵒC, extrema(S): (39.79, 13.21) g/kg, extrema(η): (1.58, -2.13) m, wall time: 11.752 seconds 
[ Info: time: 991 days, iteration: 71352, Δt: 20 minutes,max|u|: (2.59e+00, 1.44e+00, 6.57e-03) m s⁻¹, extrema(T): (31.14, -1.97) ᵒC, extrema(S): (39.79, 14.02) g/kg, extrema(η): (4.34, -2.25) m, wall time: 23.151 seconds 
[ Info: time: 992 days, iteration: 71424, Δt: 20 minutes,max|u|: (2.56e+00, 1.74e+00, 6.49e-03) m s⁻¹, extrema(T): (31.10, -1.97) ᵒC, extrema(S): (39.79, 15.29) g/kg, extrema(η): (3.14, -2.37) m, wall time: 11.758 seconds 
[ Info: time: 993 days, iteration: 71496, Δt: 20 minutes,max|u|: (2.32e+00, 1.59e+00, 6.50e-03) m s⁻¹, extrema(T): (31.09, -1.96) ᵒC, extrema(S): (39.79, 15.46) g/kg, extrema(η): (1.44, -2.49) m, wall time: 11.707 seconds 
[ Info: time: 994 days, iteration: 71568, Δt: 20 minutes,max|u|: (2.17e+00, 1.52e+00, 6.44e-03) m s⁻¹, extrema(T): (31.05, -1.95) ᵒC, extrema(S): (39.79, 14.83) g/kg, extrema(η): (1.25, -3.57) m, wall time: 11.741 seconds 
[ Info: time: 995 days, iteration: 71640, Δt: 20 minutes,max|u|: (2.30e+00, 1.59e+00, 6.44e-03) m s⁻¹, extrema(T): (31.03, -1.94) ᵒC, extrema(S): (39.79, 14.26) g/kg, extrema(η): (1.34, -2.37) m, wall time: 11.754 seconds 
[ Info: time: 996 days, iteration: 71712, Δt: 20 minutes,max|u|: (2.43e+00, 1.65e+00, 6.48e-03) m s⁻¹, extrema(T): (31.02, -1.94) ᵒC, extrema(S): (39.79, 13.85) g/kg, extrema(η): (3.57, -2.13) m, wall time: 11.832 seconds 
[ Info: time: 997 days, iteration: 71784, Δt: 20 minutes,max|u|: (2.38e+00, 1.64e+00, 6.51e-03) m s⁻¹, extrema(T): (31.06, -1.92) ᵒC, extrema(S): (39.79, 13.60) g/kg, extrema(η): (4.24, -2.29) m, wall time: 11.751 seconds 
[ Info: time: 998 days, iteration: 71856, Δt: 20 minutes,max|u|: (2.26e+00, 1.68e+00, 6.49e-03) m s⁻¹, extrema(T): (31.05, -1.91) ᵒC, extrema(S): (39.80, 13.59) g/kg, extrema(η): (1.56, -2.49) m, wall time: 11.699 seconds 
[ Info: time: 999 days, iteration: 71928, Δt: 20 minutes,max|u|: (2.15e+00, 1.59e+00, 6.42e-03) m s⁻¹, extrema(T): (31.07, -1.90) ᵒC, extrema(S): (39.80, 13.63) g/kg, extrema(η): (1.26, -3.54) m, wall time: 11.742 seconds 
[ Info: time: 1000 days, iteration: 72000, Δt: 20 minutes,max|u|: (2.05e+00, 1.49e+00, 6.41e-03) m s⁻¹, extrema(T): (31.03, -1.91) ᵒC, extrema(S): (39.80, 14.18) g/kg, extrema(η): (1.72, -2.31) m, wall time: 11.641 seconds 
[ Info: time: 1001 days, iteration: 72072, Δt: 20 minutes,max|u|: (2.24e+00, 1.57e+00, 6.44e-03) m s⁻¹, extrema(T): (31.02, -1.91) ᵒC, extrema(S): (39.80, 14.47) g/kg, extrema(η): (2.61, -2.26) m, wall time: 11.635 seconds 
[ Info: time: 1002 days, iteration: 72144, Δt: 20 minutes,max|u|: (2.36e+00, 1.49e+00, 6.41e-03) m s⁻¹, extrema(T): (31.05, -1.90) ᵒC, extrema(S): (39.80, 14.85) g/kg, extrema(η): (4.70, -2.35) m, wall time: 11.702 seconds 
[ Info: time: 1003 days, iteration: 72216, Δt: 20 minutes,max|u|: (2.28e+00, 1.60e+00, 6.44e-03) m s⁻¹, extrema(T): (31.06, -1.90) ᵒC, extrema(S): (39.80, 14.69) g/kg, extrema(η): (2.68, -2.15) m, wall time: 16.614 seconds 
[ Info: time: 1004 days, iteration: 72288, Δt: 20 minutes,max|u|: (2.11e+00, 1.51e+00, 6.37e-03) m s⁻¹, extrema(T): (31.02, -1.91) ᵒC, extrema(S): (39.80, 14.44) g/kg, extrema(η): (2.88, -2.86) m, wall time: 11.891 seconds 
[ Info: time: 1005 days, iteration: 72360, Δt: 20 minutes,max|u|: (2.09e+00, 1.51e+00, 6.34e-03) m s⁻¹, extrema(T): (30.97, -1.92) ᵒC, extrema(S): (39.80, 14.67) g/kg, extrema(η): (3.16, -2.99) m, wall time: 11.781 seconds 
[ Info: time: 1006 days, iteration: 72432, Δt: 20 minutes,max|u|: (1.83e+00, 2.18e+00, 6.39e-03) m s⁻¹, extrema(T): (30.96, -1.92) ᵒC, extrema(S): (39.80, 15.02) g/kg, extrema(η): (3.16, -2.27) m, wall time: 11.723 seconds 
[ Info: time: 1007 days, iteration: 72504, Δt: 20 minutes,max|u|: (1.76e+00, 2.27e+00, 6.36e-03) m s⁻¹, extrema(T): (30.97, -1.95) ᵒC, extrema(S): (39.81, 15.65) g/kg, extrema(η): (4.64, -2.36) m, wall time: 11.870 seconds 
[ Info: time: 1008 days, iteration: 72576, Δt: 20 minutes,max|u|: (1.79e+00, 1.70e+00, 6.40e-03) m s⁻¹, extrema(T): (30.98, -1.95) ᵒC, extrema(S): (39.81, 17.22) g/kg, extrema(η): (2.82, -2.32) m, wall time: 11.779 seconds 
[ Info: time: 1009 days, iteration: 72648, Δt: 20 minutes,max|u|: (1.91e+00, 1.66e+00, 6.42e-03) m s⁻¹, extrema(T): (30.99, -1.95) ᵒC, extrema(S): (39.81, 17.72) g/kg, extrema(η): (2.63, -2.30) m, wall time: 11.860 seconds 
[ Info: time: 1010 days, iteration: 72720, Δt: 20 minutes,max|u|: (1.45e+00, 1.48e+00, 6.42e-03) m s⁻¹, extrema(T): (31.02, -1.95) ᵒC, extrema(S): (39.81, 17.94) g/kg, extrema(η): (2.31, -2.94) m, wall time: 11.772 seconds 
[ Info: time: 1011 days, iteration: 72792, Δt: 20 minutes,max|u|: (1.56e+00, 1.84e+00, 6.42e-03) m s⁻¹, extrema(T): (31.05, -1.94) ᵒC, extrema(S): (39.81, 17.77) g/kg, extrema(η): (2.03, -2.24) m, wall time: 11.730 seconds 
[ Info: time: 1012 days, iteration: 72864, Δt: 20 minutes,max|u|: (1.49e+00, 2.13e+00, 6.39e-03) m s⁻¹, extrema(T): (31.03, -1.94) ᵒC, extrema(S): (39.81, 17.64) g/kg, extrema(η): (4.17, -2.14) m, wall time: 11.816 seconds 
[ Info: time: 1013 days, iteration: 72936, Δt: 20 minutes,max|u|: (1.63e+00, 1.50e+00, 6.32e-03) m s⁻¹, extrema(T): (31.08, -1.94) ᵒC, extrema(S): (39.81, 17.71) g/kg, extrema(η): (3.45, -2.14) m, wall time: 11.715 seconds 
[ Info: time: 1014 days, iteration: 73008, Δt: 20 minutes,max|u|: (1.58e+00, 1.52e+00, 6.30e-03) m s⁻¹, extrema(T): (31.11, -1.94) ᵒC, extrema(S): (39.81, 17.34) g/kg, extrema(η): (1.25, -2.19) m, wall time: 11.786 seconds 
[ Info: time: 1015 days, iteration: 73080, Δt: 20 minutes,max|u|: (2.29e+00, 1.67e+00, 6.36e-03) m s⁻¹, extrema(T): (31.12, -1.94) ᵒC, extrema(S): (39.82, 15.40) g/kg, extrema(η): (1.28, -3.10) m, wall time: 16.574 seconds 
[ Info: time: 1016 days, iteration: 73152, Δt: 20 minutes,max|u|: (1.53e+00, 1.54e+00, 6.41e-03) m s⁻¹, extrema(T): (31.19, -1.94) ᵒC, extrema(S): (39.83, 15.99) g/kg, extrema(η): (1.32, -2.31) m, wall time: 11.765 seconds 
[ Info: time: 1017 days, iteration: 73224, Δt: 20 minutes,max|u|: (1.63e+00, 1.53e+00, 6.48e-03) m s⁻¹, extrema(T): (31.17, -1.94) ᵒC, extrema(S): (39.85, 17.19) g/kg, extrema(η): (3.27, -2.15) m, wall time: 11.791 seconds 
[ Info: time: 1018 days, iteration: 73296, Δt: 20 minutes,max|u|: (1.64e+00, 1.52e+00, 6.54e-03) m s⁻¹, extrema(T): (31.15, -1.94) ᵒC, extrema(S): (39.86, 17.49) g/kg, extrema(η): (4.26, -2.19) m, wall time: 11.652 seconds 
[ Info: time: 1019 days, iteration: 73368, Δt: 20 minutes,max|u|: (1.52e+00, 1.61e+00, 6.62e-03) m s⁻¹, extrema(T): (31.23, -1.94) ᵒC, extrema(S): (39.88, 17.39) g/kg, extrema(η): (1.39, -2.06) m, wall time: 11.783 seconds 
[ Info: time: 1020 days, iteration: 73440, Δt: 20 minutes,max|u|: (1.60e+00, 2.16e+00, 6.60e-03) m s⁻¹, extrema(T): (31.18, -1.94) ᵒC, extrema(S): (39.89, 17.62) g/kg, extrema(η): (1.37, -3.18) m, wall time: 11.682 seconds 
[ Info: time: 1021 days, iteration: 73512, Δt: 20 minutes,max|u|: (2.47e+00, 1.93e+00, 6.62e-03) m s⁻¹, extrema(T): (31.07, -1.93) ᵒC, extrema(S): (39.90, 17.95) g/kg, extrema(η): (1.49, -2.30) m, wall time: 11.699 seconds 
[ Info: time: 1022 days, iteration: 73584, Δt: 20 minutes,max|u|: (1.93e+00, 1.49e+00, 6.60e-03) m s⁻¹, extrema(T): (31.11, -1.92) ᵒC, extrema(S): (39.90, 18.20) g/kg, extrema(η): (2.06, -2.18) m, wall time: 12.689 seconds 
[ Info: time: 1023 days, iteration: 73656, Δt: 20 minutes,max|u|: (1.48e+00, 1.50e+00, 6.64e-03) m s⁻¹, extrema(T): (31.15, -1.93) ᵒC, extrema(S): (39.89, 18.23) g/kg, extrema(η): (4.38, -2.31) m, wall time: 11.717 seconds 
[ Info: time: 1024 days, iteration: 73728, Δt: 20 minutes,max|u|: (1.67e+00, 1.52e+00, 6.64e-03) m s⁻¹, extrema(T): (31.14, -1.94) ᵒC, extrema(S): (39.89, 18.22) g/kg, extrema(η): (2.29, -2.19) m, wall time: 11.834 seconds 
[ Info: time: 1025 days, iteration: 73800, Δt: 20 minutes,max|u|: (1.57e+00, 1.53e+00, 6.69e-03) m s⁻¹, extrema(T): (31.17, -1.93) ᵒC, extrema(S): (39.88, 17.62) g/kg, extrema(η): (1.89, -2.21) m, wall time: 11.750 seconds 
[ Info: time: 1026 days, iteration: 73872, Δt: 20 minutes,max|u|: (1.50e+00, 2.57e+00, 6.69e-03) m s⁻¹, extrema(T): (31.21, -1.92) ᵒC, extrema(S): (39.88, 17.33) g/kg, extrema(η): (2.41, -2.49) m, wall time: 11.795 seconds 
[ Info: time: 1027 days, iteration: 73944, Δt: 20 minutes,max|u|: (1.73e+00, 1.70e+00, 6.71e-03) m s⁻¹, extrema(T): (31.25, -1.94) ᵒC, extrema(S): (39.87, 18.13) g/kg, extrema(η): (2.76, -2.05) m, wall time: 11.803 seconds 
[ Info: time: 1028 days, iteration: 74016, Δt: 20 minutes,max|u|: (1.59e+00, 1.89e+00, 6.71e-03) m s⁻¹, extrema(T): (31.29, -1.94) ᵒC, extrema(S): (39.83, 17.41) g/kg, extrema(η): (4.32, -2.20) m, wall time: 16.573 seconds 
[ Info: time: 1029 days, iteration: 74088, Δt: 20 minutes,max|u|: (1.87e+00, 2.63e+00, 6.78e-03) m s⁻¹, extrema(T): (31.31, -1.94) ᵒC, extrema(S): (39.83, 17.16) g/kg, extrema(η): (3.68, -2.23) m, wall time: 11.770 seconds 
[ Info: time: 1030 days, iteration: 74160, Δt: 20 minutes,max|u|: (1.97e+00, 1.98e+00, 6.81e-03) m s⁻¹, extrema(T): (31.35, -1.94) ᵒC, extrema(S): (39.83, 18.25) g/kg, extrema(η): (3.19, -2.22) m, wall time: 11.818 seconds 
[ Info: time: 1031 days, iteration: 74232, Δt: 20 minutes,max|u|: (1.67e+00, 1.56e+00, 6.81e-03) m s⁻¹, extrema(T): (31.38, -1.94) ᵒC, extrema(S): (39.82, 18.44) g/kg, extrema(η): (3.24, -2.69) m, wall time: 11.747 seconds 
[ Info: time: 1032 days, iteration: 74304, Δt: 20 minutes,max|u|: (1.62e+00, 1.52e+00, 6.78e-03) m s⁻¹, extrema(T): (31.42, -1.94) ᵒC, extrema(S): (39.81, 18.72) g/kg, extrema(η): (3.02, -2.32) m, wall time: 11.748 seconds 
[ Info: time: 1033 days, iteration: 74376, Δt: 20 minutes,max|u|: (1.58e+00, 1.52e+00, 6.69e-03) m s⁻¹, extrema(T): (31.47, -1.94) ᵒC, extrema(S): (39.81, 18.87) g/kg, extrema(η): (3.44, -2.27) m, wall time: 11.659 seconds 
[ Info: time: 1034 days, iteration: 74448, Δt: 20 minutes,max|u|: (1.54e+00, 1.52e+00, 6.66e-03) m s⁻¹, extrema(T): (31.50, -1.94) ᵒC, extrema(S): (39.82, 18.94) g/kg, extrema(η): (4.54, -2.39) m, wall time: 11.739 seconds 
[ Info: time: 1035 days, iteration: 74520, Δt: 20 minutes,max|u|: (1.54e+00, 1.93e+00, 6.59e-03) m s⁻¹, extrema(T): (31.52, -1.94) ᵒC, extrema(S): (39.82, 18.99) g/kg, extrema(η): (2.08, -2.28) m, wall time: 11.761 seconds 
[ Info: time: 1036 days, iteration: 74592, Δt: 20 minutes,max|u|: (1.47e+00, 1.71e+00, 6.59e-03) m s⁻¹, extrema(T): (31.53, -1.94) ᵒC, extrema(S): (39.82, 19.02) g/kg, extrema(η): (1.65, -2.92) m, wall time: 11.647 seconds 
[ Info: time: 1037 days, iteration: 74664, Δt: 20 minutes,max|u|: (1.48e+00, 1.52e+00, 6.58e-03) m s⁻¹, extrema(T): (31.53, -1.94) ᵒC, extrema(S): (39.82, 17.97) g/kg, extrema(η): (1.35, -2.35) m, wall time: 11.754 seconds 
[ Info: time: 1038 days, iteration: 74736, Δt: 20 minutes,max|u|: (1.50e+00, 1.64e+00, 6.58e-03) m s⁻¹, extrema(T): (31.50, -1.94) ᵒC, extrema(S): (39.82, 17.20) g/kg, extrema(η): (1.82, -2.18) m, wall time: 11.763 seconds 
[ Info: time: 1039 days, iteration: 74808, Δt: 20 minutes,max|u|: (1.52e+00, 1.53e+00, 6.59e-03) m s⁻¹, extrema(T): (31.46, -1.94) ᵒC, extrema(S): (39.82, 17.22) g/kg, extrema(η): (4.34, -1.98) m, wall time: 11.892 seconds 
[ Info: time: 1040 days, iteration: 74880, Δt: 20 minutes,max|u|: (1.52e+00, 1.53e+00, 6.61e-03) m s⁻¹, extrema(T): (31.39, -1.93) ᵒC, extrema(S): (39.82, 18.41) g/kg, extrema(η): (2.46, -2.11) m, wall time: 16.606 seconds 
[ Info: time: 1041 days, iteration: 74952, Δt: 20 minutes,max|u|: (1.56e+00, 1.64e+00, 6.58e-03) m s⁻¹, extrema(T): (31.35, -1.93) ᵒC, extrema(S): (39.82, 19.19) g/kg, extrema(η): (1.23, -2.35) m, wall time: 11.702 seconds 
[ Info: time: 1042 days, iteration: 75024, Δt: 20 minutes,max|u|: (1.52e+00, 2.05e+00, 6.54e-03) m s⁻¹, extrema(T): (31.29, -1.92) ᵒC, extrema(S): (39.82, 18.92) g/kg, extrema(η): (1.42, -2.38) m, wall time: 11.803 seconds 
[ Info: time: 1043 days, iteration: 75096, Δt: 20 minutes,max|u|: (1.75e+00, 1.53e+00, 6.50e-03) m s⁻¹, extrema(T): (31.25, -1.92) ᵒC, extrema(S): (39.83, 18.21) g/kg, extrema(η): (1.67, -2.24) m, wall time: 11.665 seconds 
[ Info: time: 1044 days, iteration: 75168, Δt: 20 minutes,max|u|: (1.74e+00, 1.82e+00, 6.45e-03) m s⁻¹, extrema(T): (31.20, -1.91) ᵒC, extrema(S): (39.83, 18.18) g/kg, extrema(η): (3.59, -2.30) m, wall time: 11.724 seconds 
[ Info: time: 1045 days, iteration: 75240, Δt: 20 minutes,max|u|: (2.25e+00, 3.55e+00, 6.45e-03) m s⁻¹, extrema(T): (31.00, -1.89) ᵒC, extrema(S): (39.83, 18.90) g/kg, extrema(η): (3.05, -2.24) m, wall time: 11.863 seconds 
[ Info: time: 1046 days, iteration: 75312, Δt: 20 minutes,max|u|: (1.99e+00, 2.56e+00, 6.41e-03) m s⁻¹, extrema(T): (30.96, -1.88) ᵒC, extrema(S): (39.82, 19.33) g/kg, extrema(η): (2.07, -2.50) m, wall time: 11.707 seconds 
[ Info: time: 1047 days, iteration: 75384, Δt: 20 minutes,max|u|: (1.70e+00, 1.55e+00, 6.43e-03) m s⁻¹, extrema(T): (30.98, -1.88) ᵒC, extrema(S): (39.82, 19.41) g/kg, extrema(η): (1.46, -2.27) m, wall time: 11.665 seconds 
[ Info: time: 1048 days, iteration: 75456, Δt: 20 minutes,max|u|: (1.70e+00, 1.54e+00, 6.42e-03) m s⁻¹, extrema(T): (31.09, -1.88) ᵒC, extrema(S): (39.82, 19.48) g/kg, extrema(η): (2.55, -2.27) m, wall time: 11.695 seconds 
[ Info: time: 1049 days, iteration: 75528, Δt: 20 minutes,max|u|: (1.55e+00, 1.95e+00, 6.48e-03) m s⁻¹, extrema(T): (31.16, -1.88) ᵒC, extrema(S): (39.82, 19.36) g/kg, extrema(η): (4.62, -2.08) m, wall time: 11.842 seconds 
[ Info: time: 1050 days, iteration: 75600, Δt: 20 minutes,max|u|: (2.36e+00, 1.63e+00, 6.52e-03) m s⁻¹, extrema(T): (31.06, -1.88) ᵒC, extrema(S): (39.82, 19.21) g/kg, extrema(η): (2.01, -2.17) m, wall time: 11.711 seconds 
[ Info: time: 1051 days, iteration: 75672, Δt: 20 minutes,max|u|: (2.63e+00, 1.89e+00, 6.58e-03) m s⁻¹, extrema(T): (31.00, -1.88) ᵒC, extrema(S): (39.82, 19.09) g/kg, extrema(η): (2.54, -2.45) m, wall time: 11.806 seconds 
[ Info: time: 1052 days, iteration: 75744, Δt: 20 minutes,max|u|: (1.71e+00, 1.73e+00, 6.61e-03) m s⁻¹, extrema(T): (31.06, -1.88) ᵒC, extrema(S): (39.83, 18.98) g/kg, extrema(η): (2.98, -3.24) m, wall time: 16.629 seconds 
[ Info: time: 1053 days, iteration: 75816, Δt: 20 minutes,max|u|: (2.78e+00, 2.68e+00, 6.65e-03) m s⁻¹, extrema(T): (31.06, -1.89) ᵒC, extrema(S): (39.83, 18.89) g/kg, extrema(η): (3.22, -2.13) m, wall time: 12.865 seconds 
[ Info: time: 1054 days, iteration: 75888, Δt: 20 minutes,max|u|: (2.13e+00, 1.49e+00, 6.64e-03) m s⁻¹, extrema(T): (31.03, -1.90) ᵒC, extrema(S): (39.84, 18.83) g/kg, extrema(η): (4.32, -2.22) m, wall time: 11.649 seconds 
[ Info: time: 1055 days, iteration: 75960, Δt: 20 minutes,max|u|: (2.04e+00, 1.73e+00, 6.72e-03) m s⁻¹, extrema(T): (31.02, -1.91) ᵒC, extrema(S): (39.84, 18.79) g/kg, extrema(η): (3.24, -2.09) m, wall time: 11.718 seconds 
[ Info: time: 1056 days, iteration: 76032, Δt: 20 minutes,max|u|: (1.81e+00, 2.29e+00, 6.67e-03) m s⁻¹, extrema(T): (31.08, -1.91) ᵒC, extrema(S): (39.83, 18.77) g/kg, extrema(η): (3.01, -2.53) m, wall time: 11.861 seconds 
[ Info: time: 1057 days, iteration: 76104, Δt: 20 minutes,max|u|: (1.97e+00, 1.64e+00, 6.60e-03) m s⁻¹, extrema(T): (31.09, -1.91) ᵒC, extrema(S): (39.83, 18.75) g/kg, extrema(η): (2.70, -2.76) m, wall time: 11.680 seconds 
[ Info: time: 1058 days, iteration: 76176, Δt: 20 minutes,max|u|: (1.83e+00, 1.65e+00, 6.72e-03) m s⁻¹, extrema(T): (31.12, -1.91) ᵒC, extrema(S): (39.83, 18.71) g/kg, extrema(η): (2.32, -2.15) m, wall time: 11.789 seconds 
[ Info: time: 1059 days, iteration: 76248, Δt: 20 minutes,max|u|: (2.46e+00, 2.89e+00, 6.76e-03) m s⁻¹, extrema(T): (31.22, -1.91) ᵒC, extrema(S): (39.84, 18.67) g/kg, extrema(η): (4.13, -2.07) m, wall time: 11.716 seconds 
[ Info: time: 1060 days, iteration: 76320, Δt: 20 minutes,max|u|: (1.73e+00, 2.10e+00, 6.79e-03) m s⁻¹, extrema(T): (31.19, -1.91) ᵒC, extrema(S): (39.84, 18.71) g/kg, extrema(η): (3.61, -2.13) m, wall time: 11.843 seconds 
[ Info: time: 1061 days, iteration: 76392, Δt: 20 minutes,max|u|: (2.18e+00, 2.04e+00, 6.80e-03) m s⁻¹, extrema(T): (31.20, -1.91) ᵒC, extrema(S): (39.83, 18.75) g/kg, extrema(η): (1.46, -2.11) m, wall time: 11.709 seconds 
[ Info: time: 1062 days, iteration: 76464, Δt: 20 minutes,max|u|: (1.95e+00, 1.59e+00, 6.83e-03) m s⁻¹, extrema(T): (31.21, -1.90) ᵒC, extrema(S): (39.83, 18.71) g/kg, extrema(η): (1.43, -3.19) m, wall time: 11.756 seconds 
[ Info: time: 1063 days, iteration: 76536, Δt: 20 minutes,max|u|: (1.59e+00, 2.02e+00, 6.79e-03) m s⁻¹, extrema(T): (31.30, -1.91) ᵒC, extrema(S): (39.84, 18.69) g/kg, extrema(η): (1.41, -2.21) m, wall time: 11.677 seconds 
[ Info: time: 1064 days, iteration: 76608, Δt: 20 minutes,max|u|: (1.56e+00, 2.23e+00, 6.82e-03) m s⁻¹, extrema(T): (31.35, -1.92) ᵒC, extrema(S): (39.84, 18.78) g/kg, extrema(η): (3.33, -2.27) m, wall time: 11.757 seconds 
[ Info: time: 1065 days, iteration: 76680, Δt: 20 minutes,max|u|: (4.42e+00, 2.02e+00, 6.82e-03) m s⁻¹, extrema(T): (31.39, -1.92) ᵒC, extrema(S): (39.84, 18.83) g/kg, extrema(η): (1.76, -2.30) m, wall time: 16.536 seconds 
[ Info: time: 1066 days, iteration: 76752, Δt: 20 minutes,max|u|: (1.65e+00, 2.27e+00, 6.81e-03) m s⁻¹, extrema(T): (31.39, -1.92) ᵒC, extrema(S): (39.83, 19.12) g/kg, extrema(η): (1.49, -2.25) m, wall time: 11.730 seconds 
[ Info: time: 1067 days, iteration: 76824, Δt: 20 minutes,max|u|: (1.64e+00, 2.15e+00, 6.84e-03) m s⁻¹, extrema(T): (31.35, -1.92) ᵒC, extrema(S): (39.84, 19.29) g/kg, extrema(η): (1.38, -2.02) m, wall time: 11.737 seconds 
[ Info: time: 1068 days, iteration: 76896, Δt: 20 minutes,max|u|: (1.95e+00, 2.22e+00, 6.85e-03) m s⁻¹, extrema(T): (31.24, -1.91) ᵒC, extrema(S): (39.84, 19.30) g/kg, extrema(η): (1.46, -2.23) m, wall time: 11.658 seconds 
[ Info: time: 1069 days, iteration: 76968, Δt: 20 minutes,max|u|: (2.47e+00, 2.22e+00, 6.81e-03) m s⁻¹, extrema(T): (31.28, -1.90) ᵒC, extrema(S): (39.84, 19.29) g/kg, extrema(η): (4.04, -2.16) m, wall time: 11.728 seconds 
[ Info: time: 1070 days, iteration: 77040, Δt: 20 minutes,max|u|: (1.96e+00, 2.37e+00, 6.77e-03) m s⁻¹, extrema(T): (31.31, -1.90) ᵒC, extrema(S): (39.83, 19.30) g/kg, extrema(η): (3.00, -2.18) m, wall time: 11.688 seconds 
[ Info: time: 1071 days, iteration: 77112, Δt: 20 minutes,max|u|: (2.05e+00, 2.28e+00, 6.80e-03) m s⁻¹, extrema(T): (31.37, -1.92) ᵒC, extrema(S): (39.83, 19.30) g/kg, extrema(η): (1.75, -2.17) m, wall time: 11.725 seconds 
[ Info: time: 1072 days, iteration: 77184, Δt: 20 minutes,max|u|: (1.88e+00, 2.14e+00, 6.76e-03) m s⁻¹, extrema(T): (31.42, -1.91) ᵒC, extrema(S): (39.83, 19.29) g/kg, extrema(η): (2.00, -3.27) m, wall time: 11.784 seconds 
[ Info: time: 1073 days, iteration: 77256, Δt: 20 minutes,max|u|: (1.79e+00, 2.77e+00, 6.72e-03) m s⁻¹, extrema(T): (31.48, -1.91) ᵒC, extrema(S): (39.83, 19.42) g/kg, extrema(η): (2.08, -2.32) m, wall time: 11.782 seconds 
[ Info: time: 1074 days, iteration: 77328, Δt: 20 minutes,max|u|: (1.85e+00, 1.93e+00, 6.68e-03) m s⁻¹, extrema(T): (31.57, -1.91) ᵒC, extrema(S): (39.83, 19.51) g/kg, extrema(η): (3.58, -2.06) m, wall time: 11.852 seconds 
[ Info: time: 1075 days, iteration: 77400, Δt: 20 minutes,max|u|: (1.87e+00, 1.85e+00, 6.68e-03) m s⁻¹, extrema(T): (31.52, -1.90) ᵒC, extrema(S): (39.82, 19.58) g/kg, extrema(η): (3.94, -2.08) m, wall time: 11.711 seconds 
[ Info: time: 1076 days, iteration: 77472, Δt: 20 minutes,max|u|: (1.87e+00, 1.94e+00, 6.68e-03) m s⁻¹, extrema(T): (31.45, -1.91) ᵒC, extrema(S): (39.82, 19.64) g/kg, extrema(η): (3.35, -2.10) m, wall time: 11.710 seconds 
[ Info: time: 1077 days, iteration: 77544, Δt: 20 minutes,max|u|: (1.93e+00, 1.51e+00, 6.61e-03) m s⁻¹, extrema(T): (31.43, -1.91) ᵒC, extrema(S): (39.82, 19.66) g/kg, extrema(η): (3.43, -2.80) m, wall time: 16.643 seconds 
[ Info: time: 1078 days, iteration: 77616, Δt: 20 minutes,max|u|: (1.94e+00, 1.50e+00, 6.49e-03) m s⁻¹, extrema(T): (31.45, -1.91) ᵒC, extrema(S): (39.82, 19.71) g/kg, extrema(η): (3.40, -1.96) m, wall time: 11.864 seconds 
[ Info: time: 1079 days, iteration: 77688, Δt: 20 minutes,max|u|: (1.90e+00, 2.64e+00, 6.46e-03) m s⁻¹, extrema(T): (31.38, -1.91) ᵒC, extrema(S): (39.82, 19.82) g/kg, extrema(η): (3.13, -1.90) m, wall time: 11.573 seconds 
[ Info: time: 1080 days, iteration: 77760, Δt: 20 minutes,max|u|: (1.83e+00, 1.51e+00, 6.53e-03) m s⁻¹, extrema(T): (31.31, -1.91) ᵒC, extrema(S): (39.82, 19.89) g/kg, extrema(η): (4.28, -2.00) m, wall time: 11.675 seconds 
[ Info: time: 1081 days, iteration: 77832, Δt: 20 minutes,max|u|: (1.82e+00, 1.74e+00, 6.54e-03) m s⁻¹, extrema(T): (31.25, -1.91) ᵒC, extrema(S): (39.82, 19.94) g/kg, extrema(η): (2.08, -2.16) m, wall time: 11.755 seconds 
[ Info: time: 1082 days, iteration: 77904, Δt: 20 minutes,max|u|: (1.95e+00, 1.88e+00, 6.49e-03) m s⁻¹, extrema(T): (31.12, -1.91) ᵒC, extrema(S): (39.82, 20.00) g/kg, extrema(η): (1.60, -3.40) m, wall time: 11.735 seconds 
[ Info: time: 1083 days, iteration: 77976, Δt: 20 minutes,max|u|: (1.82e+00, 1.50e+00, 6.55e-03) m s⁻¹, extrema(T): (31.10, -1.91) ᵒC, extrema(S): (39.82, 20.07) g/kg, extrema(η): (1.30, -2.25) m, wall time: 11.827 seconds 
[ Info: time: 1084 days, iteration: 78048, Δt: 20 minutes,max|u|: (1.86e+00, 1.63e+00, 6.59e-03) m s⁻¹, extrema(T): (31.17, -1.90) ᵒC, extrema(S): (39.82, 20.11) g/kg, extrema(η): (1.39, -2.20) m, wall time: 12.748 seconds 
[ Info: time: 1085 days, iteration: 78120, Δt: 20 minutes,max|u|: (1.86e+00, 1.66e+00, 6.56e-03) m s⁻¹, extrema(T): (31.22, -1.90) ᵒC, extrema(S): (39.82, 20.10) g/kg, extrema(η): (3.80, -2.21) m, wall time: 11.800 seconds 
[ Info: time: 1086 days, iteration: 78192, Δt: 20 minutes,max|u|: (1.90e+00, 1.94e+00, 6.59e-03) m s⁻¹, extrema(T): (31.19, -1.90) ᵒC, extrema(S): (39.82, 20.08) g/kg, extrema(η): (2.27, -2.13) m, wall time: 11.616 seconds 
[ Info: time: 1087 days, iteration: 78264, Δt: 20 minutes,max|u|: (1.92e+00, 2.21e+00, 6.54e-03) m s⁻¹, extrema(T): (31.10, -1.90) ᵒC, extrema(S): (39.82, 20.06) g/kg, extrema(η): (1.33, -2.18) m, wall time: 11.664 seconds 
[ Info: time: 1088 days, iteration: 78336, Δt: 20 minutes,max|u|: (1.94e+00, 2.32e+00, 6.55e-03) m s⁻¹, extrema(T): (31.27, -1.90) ᵒC, extrema(S): (39.81, 20.03) g/kg, extrema(η): (1.35, -3.82) m, wall time: 11.714 seconds 
[ Info: time: 1089 days, iteration: 78408, Δt: 20 minutes,max|u|: (1.94e+00, 2.36e+00, 6.41e-03) m s⁻¹, extrema(T): (31.45, -1.90) ᵒC, extrema(S): (39.81, 20.01) g/kg, extrema(η): (1.40, -3.17) m, wall time: 11.830 seconds 
[ Info: time: 1090 days, iteration: 78480, Δt: 20 minutes,max|u|: (1.95e+00, 2.30e+00, 6.39e-03) m s⁻¹, extrema(T): (31.55, -1.91) ᵒC, extrema(S): (39.81, 20.06) g/kg, extrema(η): (3.67, -2.11) m, wall time: 23.907 seconds 
[ Info: time: 1091 days, iteration: 78552, Δt: 20 minutes,max|u|: (1.95e+00, 2.26e+00, 6.49e-03) m s⁻¹, extrema(T): (31.60, -1.92) ᵒC, extrema(S): (39.82, 19.98) g/kg, extrema(η): (2.75, -2.19) m, wall time: 11.752 seconds 
[ Info: time: 1092 days, iteration: 78624, Δt: 20 minutes,max|u|: (1.92e+00, 2.14e+00, 6.54e-03) m s⁻¹, extrema(T): (31.65, -1.92) ᵒC, extrema(S): (39.82, 19.89) g/kg, extrema(η): (1.46, -3.11) m, wall time: 11.663 seconds 
[ Info: time: 1093 days, iteration: 78696, Δt: 20 minutes,max|u|: (1.88e+00, 1.97e+00, 6.56e-03) m s⁻¹, extrema(T): (31.60, -1.92) ᵒC, extrema(S): (39.82, 19.79) g/kg, extrema(η): (1.26, -3.52) m, wall time: 11.656 seconds 
[ Info: time: 1094 days, iteration: 78768, Δt: 20 minutes,max|u|: (1.86e+00, 1.93e+00, 6.60e-03) m s⁻¹, extrema(T): (31.75, -1.92) ᵒC, extrema(S): (39.81, 19.72) g/kg, extrema(η): (1.34, -2.29) m, wall time: 11.739 seconds 
[ Info: time: 1095 days, iteration: 78840, Δt: 20 minutes,max|u|: (1.86e+00, 1.73e+00, 6.63e-03) m s⁻¹, extrema(T): (31.81, -1.92) ᵒC, extrema(S): (39.81, 19.80) g/kg, extrema(η): (3.69, -2.13) m, wall time: 11.651 seconds 
[ Info: time: 1096 days, iteration: 78912, Δt: 20 minutes,max|u|: (2.20e+00, 2.60e+00, 6.63e-03) m s⁻¹, extrema(T): (31.69, -1.92) ᵒC, extrema(S): (39.80, 19.74) g/kg, extrema(η): (3.10, -2.10) m, wall time: 11.751 seconds 
[ Info: time: 1097 days, iteration: 78984, Δt: 20 minutes,max|u|: (2.05e+00, 1.68e+00, 6.73e-03) m s⁻¹, extrema(T): (31.68, -1.93) ᵒC, extrema(S): (39.80, 19.66) g/kg, extrema(η): (2.30, -2.16) m, wall time: 11.743 seconds 
[ Info: time: 1098 days, iteration: 79056, Δt: 20 minutes,max|u|: (1.83e+00, 1.71e+00, 6.73e-03) m s⁻¹, extrema(T): (31.71, -1.93) ᵒC, extrema(S): (39.80, 19.56) g/kg, extrema(η): (2.82, -3.38) m, wall time: 11.697 seconds 
[ Info: time: 1099 days, iteration: 79128, Δt: 20 minutes,max|u|: (1.85e+00, 1.61e+00, 6.75e-03) m s⁻¹, extrema(T): (31.64, -1.93) ᵒC, extrema(S): (39.79, 19.51) g/kg, extrema(η): (3.21, -2.35) m, wall time: 11.631 seconds 
[ Info: time: 1100 days, iteration: 79200, Δt: 20 minutes,max|u|: (1.84e+00, 1.78e+00, 6.78e-03) m s⁻¹, extrema(T): (31.66, -1.93) ᵒC, extrema(S): (39.78, 19.46) g/kg, extrema(η): (3.29, -2.37) m, wall time: 11.588 seconds 
[ Info: time: 1101 days, iteration: 79272, Δt: 20 minutes,max|u|: (1.82e+00, 1.81e+00, 6.72e-03) m s⁻¹, extrema(T): (31.58, -1.93) ᵒC, extrema(S): (39.78, 19.42) g/kg, extrema(η): (3.92, -2.26) m, wall time: 11.641 seconds 
[ Info: time: 1102 days, iteration: 79344, Δt: 20 minutes,max|u|: (1.73e+00, 2.04e+00, 6.74e-03) m s⁻¹, extrema(T): (31.38, -1.93) ᵒC, extrema(S): (39.79, 19.42) g/kg, extrema(η): (2.91, -2.15) m, wall time: 16.487 seconds 
[ Info: time: 1103 days, iteration: 79416, Δt: 20 minutes,max|u|: (1.87e+00, 2.02e+00, 6.78e-03) m s⁻¹, extrema(T): (31.28, -1.93) ᵒC, extrema(S): (39.78, 19.36) g/kg, extrema(η): (2.68, -3.00) m, wall time: 11.864 seconds 
[ Info: time: 1104 days, iteration: 79488, Δt: 20 minutes,max|u|: (1.82e+00, 2.16e+00, 6.79e-03) m s⁻¹, extrema(T): (31.20, -1.94) ᵒC, extrema(S): (39.78, 19.28) g/kg, extrema(η): (2.28, -2.31) m, wall time: 11.695 seconds 
[ Info: time: 1105 days, iteration: 79560, Δt: 20 minutes,max|u|: (1.51e+00, 2.11e+00, 6.84e-03) m s⁻¹, extrema(T): (31.15, -1.94) ᵒC, extrema(S): (39.77, 19.23) g/kg, extrema(η): (2.39, -2.28) m, wall time: 11.717 seconds 
[ Info: time: 1106 days, iteration: 79632, Δt: 20 minutes,max|u|: (2.32e+00, 3.35e+00, 6.80e-03) m s⁻¹, extrema(T): (31.10, -1.94) ᵒC, extrema(S): (39.77, 19.21) g/kg, extrema(η): (4.53, -2.35) m, wall time: 11.640 seconds 
[ Info: time: 1107 days, iteration: 79704, Δt: 20 minutes,max|u|: (1.49e+00, 1.94e+00, 6.80e-03) m s⁻¹, extrema(T): (31.11, -1.95) ᵒC, extrema(S): (39.77, 19.17) g/kg, extrema(η): (2.52, -2.32) m, wall time: 11.702 seconds 
[ Info: time: 1108 days, iteration: 79776, Δt: 20 minutes,max|u|: (1.51e+00, 1.91e+00, 6.77e-03) m s⁻¹, extrema(T): (31.15, -1.94) ᵒC, extrema(S): (39.76, 19.14) g/kg, extrema(η): (1.40, -2.28) m, wall time: 11.696 seconds 
[ Info: time: 1109 days, iteration: 79848, Δt: 20 minutes,max|u|: (1.66e+00, 2.05e+00, 6.74e-03) m s⁻¹, extrema(T): (31.09, -1.94) ᵒC, extrema(S): (39.76, 19.14) g/kg, extrema(η): (1.45, -2.87) m, wall time: 11.601 seconds 
[ Info: time: 1110 days, iteration: 79920, Δt: 20 minutes,max|u|: (1.82e+00, 2.09e+00, 6.72e-03) m s⁻¹, extrema(T): (31.13, -1.94) ᵒC, extrema(S): (39.75, 19.14) g/kg, extrema(η): (1.54, -2.15) m, wall time: 11.644 seconds 
[ Info: time: 1111 days, iteration: 79992, Δt: 20 minutes,max|u|: (1.74e+00, 2.14e+00, 6.74e-03) m s⁻¹, extrema(T): (31.18, -1.95) ᵒC, extrema(S): (39.75, 19.19) g/kg, extrema(η): (4.32, -2.27) m, wall time: 11.680 seconds 
[ Info: time: 1112 days, iteration: 80064, Δt: 20 minutes,max|u|: (1.57e+00, 2.07e+00, 6.75e-03) m s⁻¹, extrema(T): (31.17, -1.95) ᵒC, extrema(S): (39.75, 19.21) g/kg, extrema(η): (2.91, -2.08) m, wall time: 11.752 seconds 
[ Info: time: 1113 days, iteration: 80136, Δt: 20 minutes,max|u|: (1.97e+00, 2.14e+00, 6.75e-03) m s⁻¹, extrema(T): (31.14, -1.95) ᵒC, extrema(S): (39.74, 19.21) g/kg, extrema(η): (1.36, -2.13) m, wall time: 11.762 seconds 
[ Info: time: 1114 days, iteration: 80208, Δt: 20 minutes,max|u|: (1.65e+00, 2.10e+00, 6.74e-03) m s⁻¹, extrema(T): (31.15, -1.95) ᵒC, extrema(S): (39.74, 19.21) g/kg, extrema(η): (1.31, -3.02) m, wall time: 16.596 seconds 
[ Info: time: 1115 days, iteration: 80280, Δt: 20 minutes,max|u|: (1.63e+00, 2.07e+00, 6.66e-03) m s⁻¹, extrema(T): (31.31, -1.95) ᵒC, extrema(S): (39.73, 19.18) g/kg, extrema(η): (1.31, -2.17) m, wall time: 12.783 seconds 
[ Info: time: 1116 days, iteration: 80352, Δt: 20 minutes,max|u|: (2.04e+00, 2.05e+00, 6.65e-03) m s⁻¹, extrema(T): (31.22, -1.95) ᵒC, extrema(S): (39.73, 19.17) g/kg, extrema(η): (2.71, -2.14) m, wall time: 11.641 seconds 
[ Info: time: 1117 days, iteration: 80424, Δt: 20 minutes,max|u|: (1.57e+00, 2.05e+00, 6.64e-03) m s⁻¹, extrema(T): (31.18, -1.95) ᵒC, extrema(S): (39.72, 19.20) g/kg, extrema(η): (3.57, -2.13) m, wall time: 11.822 seconds 
[ Info: time: 1118 days, iteration: 80496, Δt: 20 minutes,max|u|: (1.60e+00, 2.13e+00, 6.69e-03) m s⁻¹, extrema(T): (31.22, -1.96) ᵒC, extrema(S): (39.72, 19.21) g/kg, extrema(η): (1.39, -2.01) m, wall time: 11.713 seconds 
[ Info: time: 1119 days, iteration: 80568, Δt: 20 minutes,max|u|: (1.59e+00, 2.25e+00, 6.71e-03) m s⁻¹, extrema(T): (31.27, -1.96) ᵒC, extrema(S): (39.71, 19.26) g/kg, extrema(η): (1.72, -3.79) m, wall time: 11.788 seconds 
[ Info: time: 1120 days, iteration: 80640, Δt: 20 minutes,max|u|: (1.59e+00, 2.72e+00, 6.71e-03) m s⁻¹, extrema(T): (31.36, -1.96) ᵒC, extrema(S): (39.69, 19.27) g/kg, extrema(η): (2.69, -2.37) m, wall time: 11.765 seconds 
[ Info: time: 1121 days, iteration: 80712, Δt: 20 minutes,max|u|: (1.73e+00, 1.95e+00, 6.76e-03) m s⁻¹, extrema(T): (31.44, -1.96) ᵒC, extrema(S): (39.67, 19.23) g/kg, extrema(η): (2.79, -2.24) m, wall time: 11.804 seconds 
[ Info: time: 1122 days, iteration: 80784, Δt: 20 minutes,max|u|: (1.65e+00, 1.88e+00, 6.81e-03) m s⁻¹, extrema(T): (31.45, -1.96) ᵒC, extrema(S): (39.65, 19.19) g/kg, extrema(η): (4.27, -2.20) m, wall time: 11.695 seconds 
[ Info: time: 1123 days, iteration: 80856, Δt: 20 minutes,max|u|: (1.92e+00, 1.96e+00, 6.86e-03) m s⁻¹, extrema(T): (31.51, -1.96) ᵒC, extrema(S): (39.65, 19.15) g/kg, extrema(η): (3.28, -2.28) m, wall time: 11.756 seconds 
[ Info: time: 1124 days, iteration: 80928, Δt: 20 minutes,max|u|: (1.77e+00, 2.23e+00, 6.89e-03) m s⁻¹, extrema(T): (31.58, -1.96) ᵒC, extrema(S): (39.65, 19.11) g/kg, extrema(η): (3.18, -2.70) m, wall time: 11.742 seconds 
[ Info: time: 1125 days, iteration: 81000, Δt: 20 minutes,max|u|: (1.84e+00, 2.18e+00, 6.90e-03) m s⁻¹, extrema(T): (31.58, -1.96) ᵒC, extrema(S): (39.64, 19.09) g/kg, extrema(η): (2.95, -2.52) m, wall time: 11.726 seconds 
[ Info: time: 1126 days, iteration: 81072, Δt: 20 minutes,max|u|: (1.95e+00, 2.30e+00, 6.90e-03) m s⁻¹, extrema(T): (31.60, -1.96) ᵒC, extrema(S): (39.64, 19.08) g/kg, extrema(η): (2.66, -2.25) m, wall time: 11.640 seconds 
[ Info: time: 1127 days, iteration: 81144, Δt: 20 minutes,max|u|: (1.99e+00, 2.50e+00, 6.89e-03) m s⁻¹, extrema(T): (31.60, -1.96) ᵒC, extrema(S): (39.63, 19.04) g/kg, extrema(η): (4.80, -2.37) m, wall time: 16.683 seconds 
[ Info: time: 1128 days, iteration: 81216, Δt: 20 minutes,max|u|: (1.93e+00, 2.72e+00, 6.90e-03) m s⁻¹, extrema(T): (31.59, -1.97) ᵒC, extrema(S): (39.63, 19.00) g/kg, extrema(η): (2.09, -3.10) m, wall time: 11.892 seconds 
[ Info: time: 1129 days, iteration: 81288, Δt: 20 minutes,max|u|: (1.86e+00, 2.46e+00, 6.93e-03) m s⁻¹, extrema(T): (31.60, -1.98) ᵒC, extrema(S): (39.63, 18.98) g/kg, extrema(η): (1.54, -2.24) m, wall time: 11.825 seconds 
[ Info: time: 1130 days, iteration: 81360, Δt: 20 minutes,max|u|: (1.87e+00, 2.27e+00, 6.92e-03) m s⁻¹, extrema(T): (31.64, -1.97) ᵒC, extrema(S): (39.63, 18.96) g/kg, extrema(η): (1.58, -2.21) m, wall time: 11.771 seconds 
[ Info: time: 1131 days, iteration: 81432, Δt: 20 minutes,max|u|: (1.90e+00, 2.30e+00, 6.86e-03) m s⁻¹, extrema(T): (31.67, -1.96) ᵒC, extrema(S): (39.63, 18.95) g/kg, extrema(η): (1.74, -2.23) m, wall time: 11.669 seconds 
[ Info: time: 1132 days, iteration: 81504, Δt: 20 minutes,max|u|: (1.86e+00, 2.19e+00, 6.87e-03) m s⁻¹, extrema(T): (31.73, -1.96) ᵒC, extrema(S): (39.63, 19.14) g/kg, extrema(η): (3.82, -2.32) m, wall time: 11.753 seconds 
[ Info: time: 1133 days, iteration: 81576, Δt: 20 minutes,max|u|: (1.81e+00, 2.11e+00, 6.93e-03) m s⁻¹, extrema(T): (31.81, -1.95) ᵒC, extrema(S): (39.62, 19.48) g/kg, extrema(η): (1.63, -2.28) m, wall time: 11.685 seconds 
[ Info: time: 1134 days, iteration: 81648, Δt: 20 minutes,max|u|: (1.61e+00, 2.55e+00, 6.93e-03) m s⁻¹, extrema(T): (31.73, -1.95) ᵒC, extrema(S): (39.62, 19.59) g/kg, extrema(η): (1.42, -2.23) m, wall time: 11.716 seconds 
[ Info: time: 1135 days, iteration: 81720, Δt: 20 minutes,max|u|: (1.53e+00, 2.73e+00, 6.91e-03) m s⁻¹, extrema(T): (31.73, -1.95) ᵒC, extrema(S): (39.62, 19.60) g/kg, extrema(η): (1.98, -2.24) m, wall time: 11.744 seconds 
[ Info: time: 1136 days, iteration: 81792, Δt: 20 minutes,max|u|: (1.63e+00, 1.98e+00, 6.87e-03) m s⁻¹, extrema(T): (31.76, -1.95) ᵒC, extrema(S): (39.61, 19.67) g/kg, extrema(η): (1.29, -2.30) m, wall time: 11.775 seconds 
[ Info: time: 1137 days, iteration: 81864, Δt: 20 minutes,max|u|: (1.49e+00, 1.90e+00, 6.85e-03) m s⁻¹, extrema(T): (31.75, -1.95) ᵒC, extrema(S): (39.59, 19.69) g/kg, extrema(η): (3.81, -2.28) m, wall time: 11.712 seconds 
[ Info: time: 1138 days, iteration: 81936, Δt: 20 minutes,max|u|: (1.51e+00, 1.92e+00, 6.90e-03) m s⁻¹, extrema(T): (31.76, -1.95) ᵒC, extrema(S): (39.60, 19.68) g/kg, extrema(η): (2.90, -2.19) m, wall time: 11.635 seconds 
[ Info: time: 1139 days, iteration: 82008, Δt: 20 minutes,max|u|: (1.55e+00, 2.29e+00, 6.85e-03) m s⁻¹, extrema(T): (31.79, -1.95) ᵒC, extrema(S): (39.59, 19.68) g/kg, extrema(η): (1.35, -2.23) m, wall time: 16.478 seconds 
[ Info: time: 1140 days, iteration: 82080, Δt: 20 minutes,max|u|: (1.56e+00, 1.94e+00, 6.85e-03) m s⁻¹, extrema(T): (31.81, -1.95) ᵒC, extrema(S): (39.59, 19.66) g/kg, extrema(η): (1.24, -3.16) m, wall time: 11.656 seconds 
[ Info: time: 1141 days, iteration: 82152, Δt: 20 minutes,max|u|: (1.60e+00, 1.86e+00, 6.82e-03) m s⁻¹, extrema(T): (31.75, -1.95) ᵒC, extrema(S): (39.59, 19.66) g/kg, extrema(η): (1.13, -2.23) m, wall time: 11.760 seconds 
[ Info: time: 1142 days, iteration: 82224, Δt: 20 minutes,max|u|: (1.58e+00, 1.83e+00, 6.78e-03) m s⁻¹, extrema(T): (31.54, -1.95) ᵒC, extrema(S): (39.59, 19.63) g/kg, extrema(η): (3.74, -2.23) m, wall time: 11.943 seconds 
[ Info: time: 1143 days, iteration: 82296, Δt: 20 minutes,max|u|: (2.07e+00, 1.78e+00, 6.75e-03) m s⁻¹, extrema(T): (31.44, -1.96) ᵒC, extrema(S): (39.59, 19.59) g/kg, extrema(η): (3.80, -2.30) m, wall time: 11.672 seconds 
[ Info: time: 1144 days, iteration: 82368, Δt: 20 minutes,max|u|: (2.04e+00, 1.99e+00, 6.77e-03) m s⁻¹, extrema(T): (31.35, -1.96) ᵒC, extrema(S): (39.59, 19.56) g/kg, extrema(η): (2.61, -2.32) m, wall time: 11.690 seconds 
[ Info: time: 1145 days, iteration: 82440, Δt: 20 minutes,max|u|: (1.99e+00, 2.04e+00, 6.76e-03) m s⁻¹, extrema(T): (31.26, -1.96) ᵒC, extrema(S): (39.58, 19.57) g/kg, extrema(η): (2.86, -3.36) m, wall time: 11.732 seconds 
[ Info: time: 1146 days, iteration: 82512, Δt: 20 minutes,max|u|: (1.83e+00, 2.06e+00, 6.70e-03) m s⁻¹, extrema(T): (31.16, -1.96) ᵒC, extrema(S): (39.58, 19.56) g/kg, extrema(η): (3.14, -2.26) m, wall time: 14.055 seconds 
[ Info: time: 1147 days, iteration: 82584, Δt: 20 minutes,max|u|: (1.80e+00, 2.26e+00, 6.64e-03) m s⁻¹, extrema(T): (31.11, -1.96) ᵒC, extrema(S): (39.58, 19.51) g/kg, extrema(η): (3.37, -2.32) m, wall time: 11.691 seconds 
[ Info: time: 1148 days, iteration: 82656, Δt: 20 minutes,max|u|: (2.00e+00, 2.53e+00, 6.63e-03) m s⁻¹, extrema(T): (31.09, -1.97) ᵒC, extrema(S): (39.57, 19.55) g/kg, extrema(η): (4.03, -2.17) m, wall time: 11.737 seconds 
[ Info: time: 1149 days, iteration: 82728, Δt: 20 minutes,max|u|: (2.85e+00, 2.77e+00, 6.62e-03) m s⁻¹, extrema(T): (31.07, -1.97) ᵒC, extrema(S): (39.57, 19.58) g/kg, extrema(η): (2.75, -2.13) m, wall time: 11.767 seconds 
[ Info: time: 1150 days, iteration: 82800, Δt: 20 minutes,max|u|: (3.13e+00, 2.82e+00, 6.61e-03) m s⁻¹, extrema(T): (31.03, -1.97) ᵒC, extrema(S): (39.57, 19.60) g/kg, extrema(η): (2.39, -3.05) m, wall time: 11.622 seconds 
[ Info: time: 1151 days, iteration: 82872, Δt: 20 minutes,max|u|: (1.88e+00, 2.49e+00, 6.60e-03) m s⁻¹, extrema(T): (30.94, -1.96) ᵒC, extrema(S): (39.57, 19.63) g/kg, extrema(η): (1.97, -2.14) m, wall time: 16.551 seconds 
[ Info: time: 1152 days, iteration: 82944, Δt: 20 minutes,max|u|: (2.28e+00, 2.15e+00, 6.62e-03) m s⁻¹, extrema(T): (30.95, -1.96) ᵒC, extrema(S): (39.57, 19.80) g/kg, extrema(η): (2.14, -2.22) m, wall time: 11.657 seconds 
[ Info: time: 1153 days, iteration: 83016, Δt: 20 minutes,max|u|: (2.18e+00, 1.80e+00, 6.59e-03) m s⁻¹, extrema(T): (30.98, -1.96) ᵒC, extrema(S): (39.57, 19.85) g/kg, extrema(η): (4.44, -2.29) m, wall time: 11.662 seconds 
[ Info: time: 1154 days, iteration: 83088, Δt: 20 minutes,max|u|: (1.33e+00, 1.60e+00, 6.63e-03) m s⁻¹, extrema(T): (31.01, -1.96) ᵒC, extrema(S): (39.54, 19.83) g/kg, extrema(η): (1.68, -2.28) m, wall time: 11.615 seconds 
[ Info: time: 1155 days, iteration: 83160, Δt: 20 minutes,max|u|: (1.45e+00, 1.51e+00, 6.62e-03) m s⁻¹, extrema(T): (31.06, -1.96) ᵒC, extrema(S): (39.54, 19.86) g/kg, extrema(η): (1.35, -2.70) m, wall time: 11.759 seconds 
[ Info: Saving checkpoint file
[ Info: time: 1156 days, iteration: 83232, Δt: 20 minutes,max|u|: (1.69e+00, 1.50e+00, 6.61e-03) m s⁻¹, extrema(T): (31.12, -1.96) ᵒC, extrema(S): (39.54, 19.80) g/kg, extrema(η): (1.33, -2.66) m, wall time: 23.869 seconds 
[ Info: time: 1157 days, iteration: 83304, Δt: 20 minutes,max|u|: (1.32e+00, 1.69e+00, 6.58e-03) m s⁻¹, extrema(T): (31.14, -1.96) ᵒC, extrema(S): (39.54, 19.65) g/kg, extrema(η): (1.45, -2.26) m, wall time: 11.772 seconds 
[ Info: time: 1158 days, iteration: 83376, Δt: 20 minutes,max|u|: (1.27e+00, 1.51e+00, 6.63e-03) m s⁻¹, extrema(T): (31.16, -1.96) ᵒC, extrema(S): (39.54, 19.52) g/kg, extrema(η): (4.71, -2.05) m, wall time: 11.738 seconds 
[ Info: time: 1159 days, iteration: 83448, Δt: 20 minutes,max|u|: (1.39e+00, 1.53e+00, 6.61e-03) m s⁻¹, extrema(T): (31.14, -1.95) ᵒC, extrema(S): (39.54, 19.41) g/kg, extrema(η): (2.54, -2.18) m, wall time: 11.709 seconds 
[ Info: time: 1160 days, iteration: 83520, Δt: 20 minutes,max|u|: (1.27e+00, 1.55e+00, 6.63e-03) m s⁻¹, extrema(T): (31.16, -1.95) ᵒC, extrema(S): (39.53, 19.31) g/kg, extrema(η): (1.40, -2.10) m, wall time: 11.749 seconds 
[ Info: time: 1161 days, iteration: 83592, Δt: 20 minutes,max|u|: (1.52e+00, 1.61e+00, 6.62e-03) m s⁻¹, extrema(T): (31.23, -1.95) ᵒC, extrema(S): (39.52, 19.21) g/kg, extrema(η): (1.26, -3.32) m, wall time: 11.677 seconds 
[ Info: time: 1162 days, iteration: 83664, Δt: 20 minutes,max|u|: (1.32e+00, 1.91e+00, 6.61e-03) m s⁻¹, extrema(T): (31.23, -1.95) ᵒC, extrema(S): (39.51, 19.14) g/kg, extrema(η): (1.51, -2.30) m, wall time: 11.664 seconds 
[ Info: time: 1163 days, iteration: 83736, Δt: 20 minutes,max|u|: (1.34e+00, 1.54e+00, 6.71e-03) m s⁻¹, extrema(T): (31.23, -1.95) ᵒC, extrema(S): (39.51, 19.07) g/kg, extrema(η): (4.26, -2.14) m, wall time: 11.639 seconds 
[ Info: time: 1164 days, iteration: 83808, Δt: 20 minutes,max|u|: (1.30e+00, 1.55e+00, 6.76e-03) m s⁻¹, extrema(T): (31.22, -1.95) ᵒC, extrema(S): (39.51, 19.01) g/kg, extrema(η): (3.06, -2.19) m, wall time: 16.664 seconds 
[ Info: time: 1165 days, iteration: 83880, Δt: 20 minutes,max|u|: (1.51e+00, 1.79e+00, 6.79e-03) m s⁻¹, extrema(T): (31.21, -1.95) ᵒC, extrema(S): (39.51, 18.96) g/kg, extrema(η): (1.50, -2.23) m, wall time: 11.697 seconds 
[ Info: time: 1166 days, iteration: 83952, Δt: 20 minutes,max|u|: (1.34e+00, 1.58e+00, 6.84e-03) m s⁻¹, extrema(T): (31.22, -1.95) ᵒC, extrema(S): (39.51, 18.91) g/kg, extrema(η): (2.15, -3.31) m, wall time: 11.748 seconds 
[ Info: time: 1167 days, iteration: 84024, Δt: 20 minutes,max|u|: (1.37e+00, 1.81e+00, 6.83e-03) m s⁻¹, extrema(T): (31.17, -1.95) ᵒC, extrema(S): (39.51, 18.86) g/kg, extrema(η): (2.78, -2.08) m, wall time: 11.716 seconds 
[ Info: time: 1168 days, iteration: 84096, Δt: 20 minutes,max|u|: (1.62e+00, 1.73e+00, 6.85e-03) m s⁻¹, extrema(T): (31.19, -1.96) ᵒC, extrema(S): (39.51, 18.82) g/kg, extrema(η): (3.72, -2.05) m, wall time: 11.649 seconds 
[ Info: time: 1169 days, iteration: 84168, Δt: 20 minutes,max|u|: (1.40e+00, 1.64e+00, 6.84e-03) m s⁻¹, extrema(T): (31.23, -1.96) ᵒC, extrema(S): (39.52, 18.78) g/kg, extrema(η): (3.76, -2.05) m, wall time: 11.670 seconds 
[ Info: time: 1170 days, iteration: 84240, Δt: 20 minutes,max|u|: (2.76e+00, 1.81e+00, 6.82e-03) m s⁻¹, extrema(T): (31.26, -1.96) ᵒC, extrema(S): (39.52, 18.76) g/kg, extrema(η): (3.35, -2.04) m, wall time: 11.820 seconds 
[ Info: time: 1171 days, iteration: 84312, Δt: 20 minutes,max|u|: (1.49e+00, 1.59e+00, 6.80e-03) m s⁻¹, extrema(T): (31.28, -1.96) ᵒC, extrema(S): (39.52, 18.74) g/kg, extrema(η): (3.30, -3.39) m, wall time: 11.786 seconds 
[ Info: time: 1172 days, iteration: 84384, Δt: 20 minutes,max|u|: (1.42e+00, 1.55e+00, 6.78e-03) m s⁻¹, extrema(T): (31.30, -1.96) ᵒC, extrema(S): (39.51, 18.72) g/kg, extrema(η): (3.08, -2.19) m, wall time: 11.694 seconds 
[ Info: time: 1173 days, iteration: 84456, Δt: 20 minutes,max|u|: (1.44e+00, 1.57e+00, 6.81e-03) m s⁻¹, extrema(T): (31.31, -1.96) ᵒC, extrema(S): (39.51, 18.69) g/kg, extrema(η): (3.13, -2.11) m, wall time: 11.798 seconds 
[ Info: time: 1174 days, iteration: 84528, Δt: 20 minutes,max|u|: (1.44e+00, 1.59e+00, 6.86e-03) m s⁻¹, extrema(T): (31.33, -1.97) ᵒC, extrema(S): (39.51, 18.66) g/kg, extrema(η): (4.29, -2.22) m, wall time: 11.699 seconds 
[ Info: time: 1175 days, iteration: 84600, Δt: 20 minutes,max|u|: (1.49e+00, 1.69e+00, 6.76e-03) m s⁻¹, extrema(T): (31.36, -1.97) ᵒC, extrema(S): (39.51, 18.63) g/kg, extrema(η): (1.57, -2.27) m, wall time: 11.777 seconds 
[ Info: time: 1176 days, iteration: 84672, Δt: 20 minutes,max|u|: (1.50e+00, 1.60e+00, 6.80e-03) m s⁻¹, extrema(T): (31.35, -1.96) ᵒC, extrema(S): (39.51, 18.61) g/kg, extrema(η): (1.28, -3.53) m, wall time: 16.579 seconds 
[ Info: time: 1177 days, iteration: 84744, Δt: 20 minutes,max|u|: (1.54e+00, 1.61e+00, 6.81e-03) m s⁻¹, extrema(T): (31.37, -1.96) ᵒC, extrema(S): (39.51, 18.59) g/kg, extrema(η): (1.20, -2.32) m, wall time: 13.292 seconds 
[ Info: time: 1178 days, iteration: 84816, Δt: 20 minutes,max|u|: (1.56e+00, 1.61e+00, 6.80e-03) m s⁻¹, extrema(T): (31.37, -1.95) ᵒC, extrema(S): (39.51, 18.57) g/kg, extrema(η): (2.23, -2.08) m, wall time: 11.825 seconds 
[ Info: time: 1179 days, iteration: 84888, Δt: 20 minutes,max|u|: (2.71e+00, 1.59e+00, 6.80e-03) m s⁻¹, extrema(T): (31.37, -1.95) ᵒC, extrema(S): (39.50, 18.58) g/kg, extrema(η): (4.51, -2.27) m, wall time: 11.736 seconds 
[ Info: time: 1180 days, iteration: 84960, Δt: 20 minutes,max|u|: (1.62e+00, 1.71e+00, 6.82e-03) m s⁻¹, extrema(T): (31.28, -1.95) ᵒC, extrema(S): (39.50, 18.69) g/kg, extrema(η): (1.47, -2.28) m, wall time: 11.730 seconds 
[ Info: time: 1181 days, iteration: 85032, Δt: 20 minutes,max|u|: (1.77e+00, 1.56e+00, 6.86e-03) m s⁻¹, extrema(T): (31.07, -1.95) ᵒC, extrema(S): (39.50, 18.95) g/kg, extrema(η): (1.24, -3.04) m, wall time: 11.713 seconds 
[ Info: time: 1182 days, iteration: 85104, Δt: 20 minutes,max|u|: (1.65e+00, 1.80e+00, 6.89e-03) m s⁻¹, extrema(T): (31.06, -1.95) ᵒC, extrema(S): (39.50, 19.52) g/kg, extrema(η): (1.27, -2.28) m, wall time: 11.774 seconds 
[ Info: time: 1183 days, iteration: 85176, Δt: 20 minutes,max|u|: (1.68e+00, 1.63e+00, 6.84e-03) m s⁻¹, extrema(T): (31.05, -1.94) ᵒC, extrema(S): (39.50, 19.75) g/kg, extrema(η): (1.53, -2.31) m, wall time: 11.748 seconds 
[ Info: time: 1184 days, iteration: 85248, Δt: 20 minutes,max|u|: (1.68e+00, 1.53e+00, 6.82e-03) m s⁻¹, extrema(T): (31.14, -1.94) ᵒC, extrema(S): (39.50, 19.62) g/kg, extrema(η): (4.16, -2.28) m, wall time: 11.672 seconds 
[ Info: time: 1185 days, iteration: 85320, Δt: 20 minutes,max|u|: (2.00e+00, 1.54e+00, 6.89e-03) m s⁻¹, extrema(T): (31.08, -1.93) ᵒC, extrema(S): (39.50, 19.45) g/kg, extrema(η): (2.19, -2.27) m, wall time: 11.899 seconds 
[ Info: time: 1186 days, iteration: 85392, Δt: 20 minutes,max|u|: (1.70e+00, 1.67e+00, 6.87e-03) m s⁻¹, extrema(T): (31.07, -1.93) ᵒC, extrema(S): (39.50, 19.34) g/kg, extrema(η): (1.40, -2.35) m, wall time: 11.776 seconds 
[ Info: time: 1187 days, iteration: 85464, Δt: 20 minutes,max|u|: (1.72e+00, 1.74e+00, 6.90e-03) m s⁻¹, extrema(T): (31.05, -1.93) ᵒC, extrema(S): (39.50, 19.28) g/kg, extrema(η): (1.33, -3.25) m, wall time: 11.908 seconds 
[ Info: time: 1188 days, iteration: 85536, Δt: 20 minutes,max|u|: (1.71e+00, 1.75e+00, 6.87e-03) m s⁻¹, extrema(T): (31.06, -1.93) ᵒC, extrema(S): (39.49, 19.26) g/kg, extrema(η): (1.37, -2.33) m, wall time: 11.788 seconds 
[ Info: time: 1189 days, iteration: 85608, Δt: 20 minutes,max|u|: (1.75e+00, 1.58e+00, 6.88e-03) m s⁻¹, extrema(T): (31.08, -1.92) ᵒC, extrema(S): (39.49, 19.16) g/kg, extrema(η): (4.10, -2.32) m, wall time: 22.225 seconds 
[ Info: time: 1190 days, iteration: 85680, Δt: 20 minutes,max|u|: (1.76e+00, 1.57e+00, 6.89e-03) m s⁻¹, extrema(T): (31.17, -1.92) ᵒC, extrema(S): (39.49, 19.06) g/kg, extrema(η): (3.72, -2.23) m, wall time: 11.807 seconds 
[ Info: time: 1191 days, iteration: 85752, Δt: 20 minutes,max|u|: (1.78e+00, 1.57e+00, 6.90e-03) m s⁻¹, extrema(T): (31.09, -1.92) ᵒC, extrema(S): (39.49, 19.01) g/kg, extrema(η): (2.78, -2.22) m, wall time: 11.768 seconds 
[ Info: time: 1192 days, iteration: 85824, Δt: 20 minutes,max|u|: (1.80e+00, 1.56e+00, 6.89e-03) m s⁻¹, extrema(T): (31.15, -1.92) ᵒC, extrema(S): (39.49, 18.93) g/kg, extrema(η): (3.13, -3.43) m, wall time: 11.811 seconds 
[ Info: time: 1193 days, iteration: 85896, Δt: 20 minutes,max|u|: (1.83e+00, 1.64e+00, 6.88e-03) m s⁻¹, extrema(T): (31.13, -1.91) ᵒC, extrema(S): (39.49, 19.10) g/kg, extrema(η): (3.25, -2.02) m, wall time: 11.791 seconds 
[ Info: time: 1194 days, iteration: 85968, Δt: 20 minutes,max|u|: (1.83e+00, 1.54e+00, 6.92e-03) m s⁻¹, extrema(T): (31.17, -1.91) ᵒC, extrema(S): (39.49, 19.62) g/kg, extrema(η): (3.21, -2.17) m, wall time: 11.796 seconds 
[ Info: time: 1195 days, iteration: 86040, Δt: 20 minutes,max|u|: (1.84e+00, 1.52e+00, 6.96e-03) m s⁻¹, extrema(T): (31.21, -1.91) ᵒC, extrema(S): (39.49, 19.61) g/kg, extrema(η): (4.28, -2.17) m, wall time: 11.758 seconds 
[ Info: time: 1196 days, iteration: 86112, Δt: 20 minutes,max|u|: (1.86e+00, 1.82e+00, 7.02e-03) m s⁻¹, extrema(T): (31.24, -1.91) ᵒC, extrema(S): (39.49, 19.55) g/kg, extrema(η): (2.69, -2.31) m, wall time: 11.774 seconds 
[ Info: time: 1197 days, iteration: 86184, Δt: 20 minutes,max|u|: (1.83e+00, 1.48e+00, 7.02e-03) m s⁻¹, extrema(T): (31.20, -1.91) ᵒC, extrema(S): (39.48, 19.46) g/kg, extrema(η): (2.17, -3.00) m, wall time: 11.867 seconds 
[ Info: time: 1198 days, iteration: 86256, Δt: 20 minutes,max|u|: (1.89e+00, 1.47e+00, 7.00e-03) m s⁻¹, extrema(T): (31.23, -1.91) ᵒC, extrema(S): (39.48, 19.54) g/kg, extrema(η): (1.67, -2.33) m, wall time: 11.730 seconds 
[ Info: time: 1199 days, iteration: 86328, Δt: 20 minutes,max|u|: (1.90e+00, 2.11e+00, 6.98e-03) m s⁻¹, extrema(T): (31.21, -1.92) ᵒC, extrema(S): (39.48, 19.56) g/kg, extrema(η): (2.13, -2.32) m, wall time: 11.727 seconds 
[ Info: time: 1200 days, iteration: 86400, Δt: 20 minutes,max|u|: (1.87e+00, 2.26e+00, 6.94e-03) m s⁻¹, extrema(T): (31.24, -1.92) ᵒC, extrema(S): (39.48, 19.50) g/kg, extrema(η): (4.25, -2.35) m, wall time: 11.658 seconds 
[ Info: time: 1201 days, iteration: 86472, Δt: 20 minutes,max|u|: (1.99e+00, 1.51e+00, 6.94e-03) m s⁻¹, extrema(T): (31.26, -1.92) ᵒC, extrema(S): (39.48, 19.53) g/kg, extrema(η): (2.03, -2.30) m, wall time: 16.609 seconds 
[ Info: time: 1202 days, iteration: 86544, Δt: 20 minutes,max|u|: (2.06e+00, 1.46e+00, 6.86e-03) m s⁻¹, extrema(T): (31.37, -1.92) ᵒC, extrema(S): (39.48, 19.42) g/kg, extrema(η): (1.25, -2.55) m, wall time: 11.728 seconds 
[ Info: time: 1203 days, iteration: 86616, Δt: 20 minutes,max|u|: (2.00e+00, 1.64e+00, 6.81e-03) m s⁻¹, extrema(T): (31.30, -1.92) ᵒC, extrema(S): (39.48, 19.49) g/kg, extrema(η): (1.28, -3.22) m, wall time: 11.745 seconds 
[ Info: time: 1204 days, iteration: 86688, Δt: 20 minutes,max|u|: (1.90e+00, 1.69e+00, 6.79e-03) m s⁻¹, extrema(T): (31.35, -1.92) ᵒC, extrema(S): (39.49, 19.56) g/kg, extrema(η): (1.21, -1.90) m, wall time: 11.654 seconds 
[ Info: time: 1205 days, iteration: 86760, Δt: 20 minutes,max|u|: (1.93e+00, 1.48e+00, 6.75e-03) m s⁻¹, extrema(T): (31.44, -1.91) ᵒC, extrema(S): (39.49, 19.56) g/kg, extrema(η): (4.20, -2.01) m, wall time: 11.721 seconds 
[ Info: time: 1206 days, iteration: 86832, Δt: 20 minutes,max|u|: (1.93e+00, 1.49e+00, 6.71e-03) m s⁻¹, extrema(T): (31.34, -1.92) ᵒC, extrema(S): (39.49, 19.57) g/kg, extrema(η): (2.85, -2.03) m, wall time: 11.872 seconds 
[ Info: time: 1207 days, iteration: 86904, Δt: 20 minutes,max|u|: (1.90e+00, 1.51e+00, 6.65e-03) m s⁻¹, extrema(T): (31.24, -1.91) ᵒC, extrema(S): (39.50, 19.47) g/kg, extrema(η): (1.31, -2.05) m, wall time: 11.781 seconds 
[ Info: time: 1208 days, iteration: 86976, Δt: 20 minutes,max|u|: (1.87e+00, 1.50e+00, 6.68e-03) m s⁻¹, extrema(T): (31.19, -1.92) ᵒC, extrema(S): (39.50, 19.47) g/kg, extrema(η): (1.47, -3.58) m, wall time: 12.931 seconds 
[ Info: time: 1209 days, iteration: 87048, Δt: 20 minutes,max|u|: (1.92e+00, 1.69e+00, 6.63e-03) m s⁻¹, extrema(T): (31.32, -1.92) ᵒC, extrema(S): (39.50, 19.50) g/kg, extrema(η): (1.45, -2.13) m, wall time: 11.940 seconds 
[ Info: time: 1210 days, iteration: 87120, Δt: 20 minutes,max|u|: (1.91e+00, 1.51e+00, 6.60e-03) m s⁻¹, extrema(T): (31.22, -1.92) ᵒC, extrema(S): (39.51, 19.39) g/kg, extrema(η): (3.78, -2.07) m, wall time: 11.815 seconds 
[ Info: time: 1211 days, iteration: 87192, Δt: 20 minutes,max|u|: (1.94e+00, 1.48e+00, 6.55e-03) m s⁻¹, extrema(T): (31.21, -1.93) ᵒC, extrema(S): (39.51, 19.38) g/kg, extrema(η): (3.87, -2.17) m, wall time: 11.752 seconds 
[ Info: time: 1212 days, iteration: 87264, Δt: 20 minutes,max|u|: (1.94e+00, 1.52e+00, 6.57e-03) m s⁻¹, extrema(T): (31.21, -1.93) ᵒC, extrema(S): (39.51, 19.59) g/kg, extrema(η): (1.53, -2.13) m, wall time: 11.777 seconds 
[ Info: time: 1213 days, iteration: 87336, Δt: 20 minutes,max|u|: (1.92e+00, 1.47e+00, 6.55e-03) m s⁻¹, extrema(T): (31.33, -1.93) ᵒC, extrema(S): (39.52, 19.52) g/kg, extrema(η): (2.11, -3.51) m, wall time: 16.591 seconds 
[ Info: time: 1214 days, iteration: 87408, Δt: 20 minutes,max|u|: (1.99e+00, 1.63e+00, 6.49e-03) m s⁻¹, extrema(T): (31.26, -1.93) ᵒC, extrema(S): (39.52, 19.69) g/kg, extrema(η): (2.68, -2.15) m, wall time: 11.809 seconds 
[ Info: time: 1215 days, iteration: 87480, Δt: 20 minutes,max|u|: (1.92e+00, 1.58e+00, 6.46e-03) m s⁻¹, extrema(T): (31.29, -1.93) ᵒC, extrema(S): (39.51, 19.63) g/kg, extrema(η): (3.14, -2.16) m, wall time: 11.817 seconds 
[ Info: time: 1216 days, iteration: 87552, Δt: 20 minutes,max|u|: (1.91e+00, 1.44e+00, 6.44e-03) m s⁻¹, extrema(T): (31.26, -1.93) ᵒC, extrema(S): (39.51, 19.68) g/kg, extrema(η): (4.14, -2.28) m, wall time: 11.794 seconds 
[ Info: time: 1217 days, iteration: 87624, Δt: 20 minutes,max|u|: (1.90e+00, 1.48e+00, 6.49e-03) m s⁻¹, extrema(T): (31.25, -1.93) ᵒC, extrema(S): (39.50, 19.64) g/kg, extrema(η): (3.00, -2.20) m, wall time: 11.730 seconds 
[ Info: time: 1218 days, iteration: 87696, Δt: 20 minutes,max|u|: (1.88e+00, 1.44e+00, 6.53e-03) m s⁻¹, extrema(T): (31.25, -1.93) ᵒC, extrema(S): (39.51, 19.59) g/kg, extrema(η): (2.83, -2.32) m, wall time: 11.650 seconds 
[ Info: time: 1219 days, iteration: 87768, Δt: 20 minutes,max|u|: (1.84e+00, 1.45e+00, 6.48e-03) m s⁻¹, extrema(T): (31.27, -1.93) ᵒC, extrema(S): (39.51, 19.60) g/kg, extrema(η): (2.57, -3.31) m, wall time: 11.722 seconds 
[ Info: time: 1220 days, iteration: 87840, Δt: 20 minutes,max|u|: (1.75e+00, 1.73e+00, 6.43e-03) m s⁻¹, extrema(T): (31.26, -1.93) ᵒC, extrema(S): (39.51, 19.48) g/kg, extrema(η): (2.47, -2.27) m, wall time: 11.754 seconds 
[ Info: time: 1221 days, iteration: 87912, Δt: 20 minutes,max|u|: (1.73e+00, 1.45e+00, 6.48e-03) m s⁻¹, extrema(T): (31.26, -1.93) ᵒC, extrema(S): (39.51, 19.59) g/kg, extrema(η): (4.47, -2.25) m, wall time: 11.714 seconds 
[ Info: time: 1222 days, iteration: 87984, Δt: 20 minutes,max|u|: (1.74e+00, 1.46e+00, 6.46e-03) m s⁻¹, extrema(T): (31.27, -1.93) ᵒC, extrema(S): (39.52, 19.60) g/kg, extrema(η): (2.94, -2.11) m, wall time: 11.699 seconds 
[ Info: time: 1223 days, iteration: 88056, Δt: 20 minutes,max|u|: (1.90e+00, 1.51e+00, 6.47e-03) m s⁻¹, extrema(T): (31.28, -1.92) ᵒC, extrema(S): (39.52, 19.65) g/kg, extrema(η): (1.29, -2.13) m, wall time: 11.820 seconds 
[ Info: time: 1224 days, iteration: 88128, Δt: 20 minutes,max|u|: (1.93e+00, 1.47e+00, 6.51e-03) m s⁻¹, extrema(T): (31.33, -1.93) ᵒC, extrema(S): (39.52, 19.19) g/kg, extrema(η): (1.23, -3.87) m, wall time: 11.731 seconds 
[ Info: time: 1225 days, iteration: 88200, Δt: 20 minutes,max|u|: (2.15e+00, 1.69e+00, 6.48e-03) m s⁻¹, extrema(T): (31.32, -1.92) ᵒC, extrema(S): (39.52, 18.15) g/kg, extrema(η): (1.27, -2.15) m, wall time: 11.654 seconds 
[ Info: time: 1226 days, iteration: 88272, Δt: 20 minutes,max|u|: (2.11e+00, 1.92e+00, 6.52e-03) m s⁻¹, extrema(T): (31.32, -1.92) ᵒC, extrema(S): (39.52, 17.38) g/kg, extrema(η): (3.69, -2.14) m, wall time: 16.504 seconds 
[ Info: time: 1227 days, iteration: 88344, Δt: 20 minutes,max|u|: (2.34e+00, 1.47e+00, 6.62e-03) m s⁻¹, extrema(T): (31.35, -1.92) ᵒC, extrema(S): (39.51, 17.02) g/kg, extrema(η): (3.46, -2.21) m, wall time: 11.644 seconds 
[ Info: time: 1228 days, iteration: 88416, Δt: 20 minutes,max|u|: (2.47e+00, 1.61e+00, 6.67e-03) m s⁻¹, extrema(T): (31.37, -1.91) ᵒC, extrema(S): (39.52, 16.43) g/kg, extrema(η): (1.24, -2.25) m, wall time: 11.675 seconds 
[ Info: time: 1229 days, iteration: 88488, Δt: 20 minutes,max|u|: (2.21e+00, 1.45e+00, 6.68e-03) m s⁻¹, extrema(T): (31.32, -1.90) ᵒC, extrema(S): (39.52, 16.55) g/kg, extrema(η): (1.25, -4.21) m, wall time: 11.617 seconds 
[ Info: time: 1230 days, iteration: 88560, Δt: 20 minutes,max|u|: (1.75e+00, 1.60e+00, 6.71e-03) m s⁻¹, extrema(T): (31.30, -1.91) ᵒC, extrema(S): (39.52, 16.17) g/kg, extrema(η): (1.25, -2.26) m, wall time: 11.758 seconds 
[ Info: time: 1231 days, iteration: 88632, Δt: 20 minutes,max|u|: (1.60e+00, 1.45e+00, 6.73e-03) m s⁻¹, extrema(T): (31.28, -1.92) ᵒC, extrema(S): (39.52, 15.99) g/kg, extrema(η): (2.74, -2.24) m, wall time: 11.882 seconds 
[ Info: time: 1232 days, iteration: 88704, Δt: 20 minutes,max|u|: (1.56e+00, 1.44e+00, 6.64e-03) m s⁻¹, extrema(T): (31.33, -1.93) ᵒC, extrema(S): (39.53, 16.27) g/kg, extrema(η): (3.98, -2.27) m, wall time: 11.774 seconds 
[ Info: time: 1233 days, iteration: 88776, Δt: 20 minutes,max|u|: (1.96e+00, 1.64e+00, 6.58e-03) m s⁻¹, extrema(T): (31.33, -1.93) ᵒC, extrema(S): (39.53, 16.35) g/kg, extrema(η): (1.32, -2.30) m, wall time: 11.676 seconds 
[ Info: time: 1234 days, iteration: 88848, Δt: 20 minutes,max|u|: (1.54e+00, 1.44e+00, 6.60e-03) m s⁻¹, extrema(T): (31.33, -1.93) ᵒC, extrema(S): (39.54, 16.04) g/kg, extrema(η): (1.20, -3.51) m, wall time: 11.771 seconds 
[ Info: time: 1235 days, iteration: 88920, Δt: 20 minutes,max|u|: (1.51e+00, 1.45e+00, 6.48e-03) m s⁻¹, extrema(T): (31.41, -1.93) ᵒC, extrema(S): (39.54, 16.44) g/kg, extrema(η): (1.61, -2.58) m, wall time: 11.697 seconds 
[ Info: time: 1236 days, iteration: 88992, Δt: 20 minutes,max|u|: (1.69e+00, 1.72e+00, 6.51e-03) m s⁻¹, extrema(T): (31.48, -1.93) ᵒC, extrema(S): (39.54, 17.37) g/kg, extrema(η): (2.26, -2.29) m, wall time: 11.631 seconds 
[ Info: time: 1237 days, iteration: 89064, Δt: 20 minutes,max|u|: (1.62e+00, 1.80e+00, 6.50e-03) m s⁻¹, extrema(T): (31.46, -1.94) ᵒC, extrema(S): (39.55, 17.14) g/kg, extrema(η): (4.40, -2.19) m, wall time: 11.807 seconds 
[ Info: time: 1238 days, iteration: 89136, Δt: 20 minutes,max|u|: (1.50e+00, 1.61e+00, 6.42e-03) m s⁻¹, extrema(T): (31.45, -1.94) ᵒC, extrema(S): (39.55, 16.96) g/kg, extrema(η): (3.21, -2.22) m, wall time: 16.623 seconds 
[ Info: time: 1239 days, iteration: 89208, Δt: 20 minutes,max|u|: (1.50e+00, 1.45e+00, 6.38e-03) m s⁻¹, extrema(T): (31.46, -1.94) ᵒC, extrema(S): (39.56, 17.36) g/kg, extrema(η): (3.42, -3.05) m, wall time: 13.076 seconds 
[ Info: time: 1240 days, iteration: 89280, Δt: 20 minutes,max|u|: (1.48e+00, 1.46e+00, 6.37e-03) m s⁻¹, extrema(T): (31.46, -1.94) ᵒC, extrema(S): (39.56, 17.53) g/kg, extrema(η): (3.48, -3.17) m, wall time: 11.802 seconds 
[ Info: time: 1241 days, iteration: 89352, Δt: 20 minutes,max|u|: (1.51e+00, 1.73e+00, 6.33e-03) m s⁻¹, extrema(T): (31.40, -1.94) ᵒC, extrema(S): (39.56, 18.35) g/kg, extrema(η): (3.42, -2.08) m, wall time: 11.659 seconds 
[ Info: time: 1242 days, iteration: 89424, Δt: 20 minutes,max|u|: (1.59e+00, 1.45e+00, 6.34e-03) m s⁻¹, extrema(T): (31.37, -1.93) ᵒC, extrema(S): (39.56, 18.95) g/kg, extrema(η): (4.54, -2.15) m, wall time: 11.661 seconds 
[ Info: time: 1243 days, iteration: 89496, Δt: 20 minutes,max|u|: (1.49e+00, 1.55e+00, 6.36e-03) m s⁻¹, extrema(T): (31.36, -1.93) ᵒC, extrema(S): (39.56, 18.75) g/kg, extrema(η): (2.72, -2.10) m, wall time: 11.682 seconds 
[ Info: time: 1244 days, iteration: 89568, Δt: 20 minutes,max|u|: (1.54e+00, 1.42e+00, 6.34e-03) m s⁻¹, extrema(T): (31.34, -1.94) ᵒC, extrema(S): (39.57, 18.93) g/kg, extrema(η): (2.19, -2.20) m, wall time: 11.722 seconds 
[ Info: time: 1245 days, iteration: 89640, Δt: 20 minutes,max|u|: (1.37e+00, 1.43e+00, 6.29e-03) m s⁻¹, extrema(T): (31.32, -1.94) ᵒC, extrema(S): (39.57, 19.08) g/kg, extrema(η): (1.69, -3.61) m, wall time: 11.782 seconds 
[ Info: time: 1246 days, iteration: 89712, Δt: 20 minutes,max|u|: (1.57e+00, 1.71e+00, 6.30e-03) m s⁻¹, extrema(T): (31.29, -1.95) ᵒC, extrema(S): (39.57, 19.17) g/kg, extrema(η): (1.37, -2.22) m, wall time: 11.784 seconds 
[ Info: time: 1247 days, iteration: 89784, Δt: 20 minutes,max|u|: (1.44e+00, 1.41e+00, 6.33e-03) m s⁻¹, extrema(T): (31.29, -1.95) ᵒC, extrema(S): (39.57, 18.84) g/kg, extrema(η): (4.09, -2.35) m, wall time: 11.704 seconds 
[ Info: time: 1248 days, iteration: 89856, Δt: 20 minutes,max|u|: (1.55e+00, 1.42e+00, 6.37e-03) m s⁻¹, extrema(T): (31.29, -1.94) ᵒC, extrema(S): (39.57, 18.37) g/kg, extrema(η): (3.44, -2.23) m, wall time: 11.679 seconds 
[ Info: time: 1249 days, iteration: 89928, Δt: 20 minutes,max|u|: (1.44e+00, 1.67e+00, 6.43e-03) m s⁻¹, extrema(T): (31.30, -1.94) ᵒC, extrema(S): (39.58, 17.82) g/kg, extrema(η): (1.38, -2.07) m, wall time: 11.713 seconds 
[ Info: time: 1250 days, iteration: 90000, Δt: 20 minutes,max|u|: (1.40e+00, 1.41e+00, 6.39e-03) m s⁻¹, extrema(T): (31.29, -1.92) ᵒC, extrema(S): (39.58, 17.27) g/kg, extrema(η): (1.22, -4.03) m, wall time: 16.473 seconds 
[ Info: time: 1251 days, iteration: 90072, Δt: 20 minutes,max|u|: (1.38e+00, 1.70e+00, 6.33e-03) m s⁻¹, extrema(T): (31.31, -1.94) ᵒC, extrema(S): (39.58, 16.28) g/kg, extrema(η): (1.24, -2.28) m, wall time: 11.690 seconds 
[ Info: time: 1252 days, iteration: 90144, Δt: 20 minutes,max|u|: (1.42e+00, 1.41e+00, 6.29e-03) m s⁻¹, extrema(T): (31.32, -1.94) ᵒC, extrema(S): (39.59, 16.23) g/kg, extrema(η): (3.49, -2.20) m, wall time: 11.788 seconds 
[ Info: time: 1253 days, iteration: 90216, Δt: 20 minutes,max|u|: (1.46e+00, 1.43e+00, 6.24e-03) m s⁻¹, extrema(T): (31.31, -1.94) ᵒC, extrema(S): (39.59, 16.87) g/kg, extrema(η): (4.07, -2.15) m, wall time: 11.759 seconds 
[ Info: time: 1254 days, iteration: 90288, Δt: 20 minutes,max|u|: (1.52e+00, 1.67e+00, 6.23e-03) m s⁻¹, extrema(T): (31.28, -1.94) ᵒC, extrema(S): (39.59, 16.54) g/kg, extrema(η): (1.28, -2.16) m, wall time: 11.715 seconds 
[ Info: time: 1255 days, iteration: 90360, Δt: 20 minutes,max|u|: (1.64e+00, 1.42e+00, 6.28e-03) m s⁻¹, extrema(T): (31.27, -1.94) ᵒC, extrema(S): (39.60, 16.89) g/kg, extrema(η): (1.27, -3.84) m, wall time: 11.837 seconds 
[ Info: time: 1256 days, iteration: 90432, Δt: 20 minutes,max|u|: (1.95e+00, 1.44e+00, 6.37e-03) m s⁻¹, extrema(T): (31.26, -1.95) ᵒC, extrema(S): (39.60, 16.44) g/kg, extrema(η): (1.21, -2.17) m, wall time: 11.663 seconds 
[ Info: time: 1257 days, iteration: 90504, Δt: 20 minutes,max|u|: (2.17e+00, 1.67e+00, 6.44e-03) m s⁻¹, extrema(T): (31.27, -1.95) ᵒC, extrema(S): (39.61, 16.07) g/kg, extrema(η): (2.42, -2.20) m, wall time: 11.741 seconds 
[ Info: time: 1258 days, iteration: 90576, Δt: 20 minutes,max|u|: (2.05e+00, 1.40e+00, 6.45e-03) m s⁻¹, extrema(T): (31.28, -1.95) ᵒC, extrema(S): (39.60, 15.93) g/kg, extrema(η): (4.42, -2.13) m, wall time: 11.707 seconds 
[ Info: time: 1259 days, iteration: 90648, Δt: 20 minutes,max|u|: (1.96e+00, 1.62e+00, 6.54e-03) m s⁻¹, extrema(T): (31.24, -1.95) ᵒC, extrema(S): (39.61, 16.15) g/kg, extrema(η): (2.40, -2.16) m, wall time: 11.778 seconds 
[ Info: time: 1260 days, iteration: 90720, Δt: 20 minutes,max|u|: (1.86e+00, 1.39e+00, 6.53e-03) m s⁻¹, extrema(T): (31.21, -1.95) ᵒC, extrema(S): (39.61, 15.85) g/kg, extrema(η): (2.69, -3.21) m, wall time: 11.739 seconds 
[ Info: time: 1261 days, iteration: 90792, Δt: 20 minutes,max|u|: (1.95e+00, 1.39e+00, 6.56e-03) m s⁻¹, extrema(T): (31.19, -1.95) ᵒC, extrema(S): (39.62, 15.44) g/kg, extrema(η): (3.14, -3.06) m, wall time: 11.728 seconds 
[ Info: time: 1262 days, iteration: 90864, Δt: 20 minutes,max|u|: (2.40e+00, 1.73e+00, 6.57e-03) m s⁻¹, extrema(T): (31.19, -1.96) ᵒC, extrema(S): (39.62, 15.30) g/kg, extrema(η): (3.42, -2.10) m, wall time: 11.750 seconds 
[ Info: time: 1263 days, iteration: 90936, Δt: 20 minutes,max|u|: (1.57e+00, 1.41e+00, 6.61e-03) m s⁻¹, extrema(T): (31.18, -1.96) ᵒC, extrema(S): (39.63, 15.52) g/kg, extrema(η): (4.52, -2.18) m, wall time: 16.549 seconds 
[ Info: time: 1264 days, iteration: 91008, Δt: 20 minutes,max|u|: (1.65e+00, 1.48e+00, 6.54e-03) m s⁻¹, extrema(T): (31.17, -1.96) ᵒC, extrema(S): (39.63, 16.49) g/kg, extrema(η): (3.13, -2.09) m, wall time: 11.766 seconds 
[ Info: time: 1265 days, iteration: 91080, Δt: 20 minutes,max|u|: (2.21e+00, 1.47e+00, 6.46e-03) m s⁻¹, extrema(T): (31.08, -1.96) ᵒC, extrema(S): (39.63, 15.76) g/kg, extrema(η): (2.91, -2.32) m, wall time: 11.727 seconds 
[ Info: time: 1266 days, iteration: 91152, Δt: 20 minutes,max|u|: (2.09e+00, 1.47e+00, 6.50e-03) m s⁻¹, extrema(T): (30.99, -1.96) ᵒC, extrema(S): (39.63, 15.13) g/kg, extrema(η): (2.69, -3.29) m, wall time: 11.664 seconds 
[ Info: time: 1267 days, iteration: 91224, Δt: 20 minutes,max|u|: (2.30e+00, 2.04e+00, 6.59e-03) m s⁻¹, extrema(T): (30.93, -1.96) ᵒC, extrema(S): (39.63, 15.77) g/kg, extrema(η): (2.35, -2.31) m, wall time: 11.779 seconds 
[ Info: time: 1268 days, iteration: 91296, Δt: 20 minutes,max|u|: (2.23e+00, 1.48e+00, 6.63e-03) m s⁻¹, extrema(T): (30.91, -1.96) ᵒC, extrema(S): (39.63, 16.36) g/kg, extrema(η): (4.24, -2.26) m, wall time: 11.687 seconds 
[ Info: time: 1269 days, iteration: 91368, Δt: 20 minutes,max|u|: (1.71e+00, 1.53e+00, 6.71e-03) m s⁻¹, extrema(T): (31.03, -1.96) ᵒC, extrema(S): (39.64, 16.21) g/kg, extrema(η): (3.51, -2.26) m, wall time: 11.695 seconds 
[ Info: time: 1270 days, iteration: 91440, Δt: 20 minutes,max|u|: (1.61e+00, 1.57e+00, 6.75e-03) m s⁻¹, extrema(T): (31.02, -1.96) ᵒC, extrema(S): (39.64, 15.78) g/kg, extrema(η): (1.37, -2.29) m, wall time: 13.148 seconds 
[ Info: time: 1271 days, iteration: 91512, Δt: 20 minutes,max|u|: (1.54e+00, 1.50e+00, 6.70e-03) m s⁻¹, extrema(T): (31.00, -1.96) ᵒC, extrema(S): (39.64, 15.88) g/kg, extrema(η): (1.51, -3.87) m, wall time: 11.687 seconds 
[ Info: time: 1272 days, iteration: 91584, Δt: 20 minutes,max|u|: (1.66e+00, 1.64e+00, 6.59e-03) m s⁻¹, extrema(T): (31.10, -1.96) ᵒC, extrema(S): (39.64, 15.44) g/kg, extrema(η): (1.56, -2.18) m, wall time: 11.693 seconds 
[ Info: time: 1273 days, iteration: 91656, Δt: 20 minutes,max|u|: (1.77e+00, 1.51e+00, 6.50e-03) m s⁻¹, extrema(T): (31.15, -1.95) ᵒC, extrema(S): (39.65, 14.98) g/kg, extrema(η): (3.53, -2.12) m, wall time: 11.763 seconds 
[ Info: time: 1274 days, iteration: 91728, Δt: 20 minutes,max|u|: (2.01e+00, 1.51e+00, 6.41e-03) m s⁻¹, extrema(T): (31.28, -1.94) ᵒC, extrema(S): (39.65, 14.46) g/kg, extrema(η): (3.99, -2.12) m, wall time: 11.675 seconds 
[ Info: time: 1275 days, iteration: 91800, Δt: 20 minutes,max|u|: (1.78e+00, 1.68e+00, 6.41e-03) m s⁻¹, extrema(T): (31.22, -1.94) ᵒC, extrema(S): (39.66, 14.24) g/kg, extrema(η): (1.45, -2.15) m, wall time: 16.579 seconds 
[ Info: time: 1276 days, iteration: 91872, Δt: 20 minutes,max|u|: (1.72e+00, 1.52e+00, 6.41e-03) m s⁻¹, extrema(T): (31.25, -1.93) ᵒC, extrema(S): (39.66, 13.86) g/kg, extrema(η): (1.50, -3.72) m, wall time: 11.739 seconds 
[ Info: time: 1277 days, iteration: 91944, Δt: 20 minutes,max|u|: (1.63e+00, 1.52e+00, 6.47e-03) m s⁻¹, extrema(T): (31.25, -1.93) ᵒC, extrema(S): (39.67, 13.68) g/kg, extrema(η): (1.58, -2.30) m, wall time: 11.788 seconds 
[ Info: time: 1278 days, iteration: 92016, Δt: 20 minutes,max|u|: (1.50e+00, 1.63e+00, 6.44e-03) m s⁻¹, extrema(T): (31.31, -1.92) ᵒC, extrema(S): (39.67, 13.78) g/kg, extrema(η): (2.56, -2.33) m, wall time: 11.756 seconds 
[ Info: time: 1279 days, iteration: 92088, Δt: 20 minutes,max|u|: (1.73e+00, 1.49e+00, 6.50e-03) m s⁻¹, extrema(T): (31.21, -1.93) ᵒC, extrema(S): (39.67, 13.86) g/kg, extrema(η): (4.44, -2.34) m, wall time: 11.646 seconds 
[ Info: time: 1280 days, iteration: 92160, Δt: 20 minutes,max|u|: (1.95e+00, 1.64e+00, 6.50e-03) m s⁻¹, extrema(T): (31.06, -1.93) ᵒC, extrema(S): (39.68, 15.99) g/kg, extrema(η): (1.54, -2.41) m, wall time: 11.689 seconds 
[ Info: time: 1281 days, iteration: 92232, Δt: 20 minutes,max|u|: (1.72e+00, 1.46e+00, 6.58e-03) m s⁻¹, extrema(T): (31.06, -1.93) ᵒC, extrema(S): (39.68, 15.27) g/kg, extrema(η): (1.45, -3.42) m, wall time: 11.762 seconds 
[ Info: time: 1282 days, iteration: 92304, Δt: 20 minutes,max|u|: (2.24e+00, 1.44e+00, 6.55e-03) m s⁻¹, extrema(T): (31.07, -1.93) ᵒC, extrema(S): (39.68, 14.64) g/kg, extrema(η): (2.06, -2.95) m, wall time: 11.798 seconds 
[ Info: time: 1283 days, iteration: 92376, Δt: 20 minutes,max|u|: (2.23e+00, 1.74e+00, 6.57e-03) m s⁻¹, extrema(T): (31.13, -1.93) ᵒC, extrema(S): (39.68, 14.18) g/kg, extrema(η): (2.63, -2.25) m, wall time: 11.795 seconds 
[ Info: time: 1284 days, iteration: 92448, Δt: 20 minutes,max|u|: (1.90e+00, 1.44e+00, 6.62e-03) m s⁻¹, extrema(T): (31.32, -1.93) ᵒC, extrema(S): (39.69, 14.97) g/kg, extrema(η): (4.46, -2.20) m, wall time: 11.746 seconds 
[ Info: time: 1285 days, iteration: 92520, Δt: 20 minutes,max|u|: (2.14e+00, 1.61e+00, 6.70e-03) m s⁻¹, extrema(T): (31.25, -1.93) ᵒC, extrema(S): (39.69, 14.60) g/kg, extrema(η): (3.37, -2.29) m, wall time: 11.801 seconds 
[ Info: time: 1286 days, iteration: 92592, Δt: 20 minutes,max|u|: (2.73e+00, 1.44e+00, 6.81e-03) m s⁻¹, extrema(T): (31.12, -1.93) ᵒC, extrema(S): (39.69, 14.24) g/kg, extrema(η): (3.45, -2.20) m, wall time: 11.645 seconds 
[ Info: time: 1287 days, iteration: 92664, Δt: 20 minutes,max|u|: (2.28e+00, 1.42e+00, 6.92e-03) m s⁻¹, extrema(T): (31.32, -1.93) ᵒC, extrema(S): (39.70, 15.52) g/kg, extrema(η): (3.51, -3.48) m, wall time: 11.731 seconds 
[ Info: time: 1288 days, iteration: 92736, Δt: 20 minutes,max|u|: (2.26e+00, 1.78e+00, 6.95e-03) m s⁻¹, extrema(T): (31.66, -1.93) ᵒC, extrema(S): (39.70, 15.33) g/kg, extrema(η): (3.36, -2.26) m, wall time: 22.105 seconds 
[ Info: time: 1289 days, iteration: 92808, Δt: 20 minutes,max|u|: (2.27e+00, 1.43e+00, 6.96e-03) m s⁻¹, extrema(T): (31.60, -1.94) ᵒC, extrema(S): (39.70, 14.75) g/kg, extrema(η): (4.06, -2.18) m, wall time: 11.950 seconds 
[ Info: time: 1290 days, iteration: 92880, Δt: 20 minutes,max|u|: (2.63e+00, 1.45e+00, 6.94e-03) m s⁻¹, extrema(T): (31.68, -1.94) ᵒC, extrema(S): (39.70, 14.24) g/kg, extrema(η): (3.67, -2.15) m, wall time: 11.873 seconds 
[ Info: time: 1291 days, iteration: 92952, Δt: 20 minutes,max|u|: (1.90e+00, 1.60e+00, 6.92e-03) m s⁻¹, extrema(T): (31.66, -1.94) ᵒC, extrema(S): (39.70, 15.39) g/kg, extrema(η): (2.24, -2.30) m, wall time: 11.769 seconds 
[ Info: time: 1292 days, iteration: 93024, Δt: 20 minutes,max|u|: (1.86e+00, 1.46e+00, 6.89e-03) m s⁻¹, extrema(T): (31.56, -1.95) ᵒC, extrema(S): (39.71, 15.29) g/kg, extrema(η): (1.81, -3.69) m, wall time: 11.818 seconds 
[ Info: time: 1293 days, iteration: 93096, Δt: 20 minutes,max|u|: (1.80e+00, 1.68e+00, 6.88e-03) m s⁻¹, extrema(T): (31.65, -1.95) ᵒC, extrema(S): (39.71, 15.52) g/kg, extrema(η): (1.39, -2.27) m, wall time: 11.709 seconds 
[ Info: time: 1294 days, iteration: 93168, Δt: 20 minutes,max|u|: (1.78e+00, 1.47e+00, 6.87e-03) m s⁻¹, extrema(T): (31.76, -1.95) ᵒC, extrema(S): (39.71, 14.61) g/kg, extrema(η): (3.30, -2.26) m, wall time: 11.767 seconds 
[ Info: time: 1295 days, iteration: 93240, Δt: 20 minutes,max|u|: (2.17e+00, 1.73e+00, 6.82e-03) m s⁻¹, extrema(T): (31.74, -1.94) ᵒC, extrema(S): (39.72, 15.91) g/kg, extrema(η): (4.10, -2.24) m, wall time: 11.729 seconds 
[ Info: time: 1296 days, iteration: 93312, Δt: 20 minutes,max|u|: (1.65e+00, 1.73e+00, 6.80e-03) m s⁻¹, extrema(T): (31.72, -1.94) ᵒC, extrema(S): (39.72, 16.54) g/kg, extrema(η): (1.43, -2.19) m, wall time: 11.762 seconds 
[ Info: time: 1297 days, iteration: 93384, Δt: 20 minutes,max|u|: (1.67e+00, 1.47e+00, 6.76e-03) m s⁻¹, extrema(T): (31.82, -1.94) ᵒC, extrema(S): (39.72, 15.58) g/kg, extrema(η): (1.45, -3.78) m, wall time: 11.728 seconds 
[ Info: time: 1298 days, iteration: 93456, Δt: 20 minutes,max|u|: (1.90e+00, 1.48e+00, 6.74e-03) m s⁻¹, extrema(T): (32.13, -1.94) ᵒC, extrema(S): (39.73, 16.34) g/kg, extrema(η): (1.43, -2.35) m, wall time: 11.743 seconds 
[ Info: time: 1299 days, iteration: 93528, Δt: 20 minutes,max|u|: (2.10e+00, 1.60e+00, 6.68e-03) m s⁻¹, extrema(T): (32.27, -1.95) ᵒC, extrema(S): (39.73, 16.68) g/kg, extrema(η): (2.43, -2.13) m, wall time: 11.713 seconds 
[ Info: time: 1300 days, iteration: 93600, Δt: 20 minutes,max|u|: (1.88e+00, 1.48e+00, 6.68e-03) m s⁻¹, extrema(T): (32.25, -1.95) ᵒC, extrema(S): (39.73, 15.68) g/kg, extrema(η): (4.28, -2.15) m, wall time: 16.512 seconds 
[ Info: time: 1301 days, iteration: 93672, Δt: 20 minutes,max|u|: (2.01e+00, 1.69e+00, 6.66e-03) m s⁻¹, extrema(T): (32.26, -1.94) ᵒC, extrema(S): (39.73, 15.22) g/kg, extrema(η): (1.46, -2.18) m, wall time: 12.885 seconds 
[ Info: time: 1302 days, iteration: 93744, Δt: 20 minutes,max|u|: (1.90e+00, 1.48e+00, 6.67e-03) m s⁻¹, extrema(T): (32.36, -1.93) ᵒC, extrema(S): (39.73, 14.77) g/kg, extrema(η): (1.40, -3.26) m, wall time: 11.762 seconds 
[ Info: time: 1303 days, iteration: 93816, Δt: 20 minutes,max|u|: (1.70e+00, 1.61e+00, 6.68e-03) m s⁻¹, extrema(T): (32.26, -1.93) ᵒC, extrema(S): (39.74, 14.74) g/kg, extrema(η): (1.34, -3.35) m, wall time: 11.789 seconds 
[ Info: time: 1304 days, iteration: 93888, Δt: 20 minutes,max|u|: (2.00e+00, 1.70e+00, 6.62e-03) m s⁻¹, extrema(T): (32.39, -1.93) ᵒC, extrema(S): (39.75, 14.41) g/kg, extrema(η): (1.35, -2.26) m, wall time: 11.786 seconds 
[ Info: time: 1305 days, iteration: 93960, Δt: 20 minutes,max|u|: (2.25e+00, 1.55e+00, 6.55e-03) m s⁻¹, extrema(T): (32.34, -1.93) ᵒC, extrema(S): (39.75, 13.96) g/kg, extrema(η): (4.25, -2.35) m, wall time: 11.762 seconds 
[ Info: time: 1306 days, iteration: 94032, Δt: 20 minutes,max|u|: (1.97e+00, 1.48e+00, 6.50e-03) m s⁻¹, extrema(T): (32.22, -1.93) ᵒC, extrema(S): (39.75, 13.55) g/kg, extrema(η): (2.62, -2.13) m, wall time: 11.710 seconds 
[ Info: time: 1307 days, iteration: 94104, Δt: 20 minutes,max|u|: (1.71e+00, 1.47e+00, 6.50e-03) m s⁻¹, extrema(T): (32.25, -1.93) ᵒC, extrema(S): (39.75, 13.23) g/kg, extrema(η): (2.39, -2.28) m, wall time: 11.725 seconds 
[ Info: time: 1308 days, iteration: 94176, Δt: 20 minutes,max|u|: (1.56e+00, 1.45e+00, 6.51e-03) m s⁻¹, extrema(T): (32.25, -1.93) ᵒC, extrema(S): (39.75, 13.42) g/kg, extrema(η): (2.88, -3.76) m, wall time: 11.678 seconds 
[ Info: time: 1309 days, iteration: 94248, Δt: 20 minutes,max|u|: (1.65e+00, 1.71e+00, 6.51e-03) m s⁻¹, extrema(T): (32.21, -1.93) ᵒC, extrema(S): (39.75, 13.74) g/kg, extrema(η): (3.22, -2.16) m, wall time: 11.729 seconds 
[ Info: time: 1310 days, iteration: 94320, Δt: 20 minutes,max|u|: (1.53e+00, 1.56e+00, 6.51e-03) m s⁻¹, extrema(T): (32.19, -1.94) ᵒC, extrema(S): (39.75, 13.74) g/kg, extrema(η): (4.01, -2.21) m, wall time: 11.747 seconds 
[ Info: time: 1311 days, iteration: 94392, Δt: 20 minutes,max|u|: (1.53e+00, 1.62e+00, 6.45e-03) m s⁻¹, extrema(T): (32.15, -1.94) ᵒC, extrema(S): (39.76, 13.90) g/kg, extrema(η): (3.70, -2.21) m, wall time: 11.757 seconds 
[ Info: time: 1312 days, iteration: 94464, Δt: 20 minutes,max|u|: (1.65e+00, 1.61e+00, 6.47e-03) m s⁻¹, extrema(T): (32.06, -1.95) ᵒC, extrema(S): (39.76, 14.30) g/kg, extrema(η): (3.45, -2.30) m, wall time: 16.596 seconds 
[ Info: time: 1313 days, iteration: 94536, Δt: 20 minutes,max|u|: (1.46e+00, 1.64e+00, 6.56e-03) m s⁻¹, extrema(T): (31.88, -1.95) ᵒC, extrema(S): (39.77, 14.72) g/kg, extrema(η): (3.31, -3.43) m, wall time: 11.769 seconds 
[ Info: time: 1314 days, iteration: 94608, Δt: 20 minutes,max|u|: (1.70e+00, 1.63e+00, 6.57e-03) m s⁻¹, extrema(T): (31.83, -1.95) ᵒC, extrema(S): (39.77, 14.39) g/kg, extrema(η): (3.05, -2.32) m, wall time: 11.739 seconds 
[ Info: time: 1315 days, iteration: 94680, Δt: 20 minutes,max|u|: (1.76e+00, 1.62e+00, 6.58e-03) m s⁻¹, extrema(T): (31.87, -1.95) ᵒC, extrema(S): (39.78, 13.81) g/kg, extrema(η): (3.15, -2.32) m, wall time: 11.659 seconds 
[ Info: time: 1316 days, iteration: 94752, Δt: 20 minutes,max|u|: (1.84e+00, 1.59e+00, 6.54e-03) m s⁻¹, extrema(T): (31.89, -1.96) ᵒC, extrema(S): (39.79, 13.82) g/kg, extrema(η): (4.46, -2.33) m, wall time: 11.720 seconds 
[ Info: time: 1317 days, iteration: 94824, Δt: 20 minutes,max|u|: (1.83e+00, 1.68e+00, 6.45e-03) m s⁻¹, extrema(T): (31.67, -1.96) ᵒC, extrema(S): (39.79, 14.53) g/kg, extrema(η): (1.75, -2.26) m, wall time: 11.680 seconds 
[ Info: time: 1318 days, iteration: 94896, Δt: 20 minutes,max|u|: (1.92e+00, 1.52e+00, 6.45e-03) m s⁻¹, extrema(T): (31.59, -1.96) ᵒC, extrema(S): (39.79, 14.14) g/kg, extrema(η): (1.57, -3.01) m, wall time: 11.682 seconds 
[ Info: time: 1319 days, iteration: 94968, Δt: 20 minutes,max|u|: (2.03e+00, 1.52e+00, 6.42e-03) m s⁻¹, extrema(T): (31.61, -1.96) ᵒC, extrema(S): (39.78, 15.30) g/kg, extrema(η): (1.39, -2.82) m, wall time: 11.811 seconds 
[ Info: time: 1320 days, iteration: 95040, Δt: 20 minutes,max|u|: (2.02e+00, 1.67e+00, 6.48e-03) m s⁻¹, extrema(T): (31.67, -1.96) ᵒC, extrema(S): (39.78, 15.15) g/kg, extrema(η): (1.54, -2.12) m, wall time: 11.731 seconds 
[ Info: time: 1321 days, iteration: 95112, Δt: 20 minutes,max|u|: (1.77e+00, 1.87e+00, 6.52e-03) m s⁻¹, extrema(T): (31.67, -1.96) ᵒC, extrema(S): (39.79, 14.75) g/kg, extrema(η): (4.58, -2.15) m, wall time: 11.777 seconds 
[ Info: time: 1322 days, iteration: 95184, Δt: 20 minutes,max|u|: (2.11e+00, 1.56e+00, 6.57e-03) m s⁻¹, extrema(T): (31.57, -1.96) ᵒC, extrema(S): (39.78, 14.65) g/kg, extrema(η): (2.40, -2.19) m, wall time: 11.697 seconds 
[ Info: time: 1323 days, iteration: 95256, Δt: 20 minutes,max|u|: (1.95e+00, 1.45e+00, 6.57e-03) m s⁻¹, extrema(T): (31.51, -1.96) ᵒC, extrema(S): (39.78, 14.85) g/kg, extrema(η): (1.48, -2.26) m, wall time: 11.680 seconds 
[ Info: time: 1324 days, iteration: 95328, Δt: 20 minutes,max|u|: (2.52e+00, 1.44e+00, 6.60e-03) m s⁻¹, extrema(T): (31.50, -1.96) ᵒC, extrema(S): (39.79, 14.97) g/kg, extrema(η): (1.60, -3.49) m, wall time: 11.669 seconds 
[ Info: time: 1325 days, iteration: 95400, Δt: 20 minutes,max|u|: (2.38e+00, 1.69e+00, 6.63e-03) m s⁻¹, extrema(T): (31.53, -1.96) ᵒC, extrema(S): (39.79, 14.46) g/kg, extrema(η): (1.53, -2.36) m, wall time: 16.541 seconds 
[ Info: time: 1326 days, iteration: 95472, Δt: 20 minutes,max|u|: (2.41e+00, 1.41e+00, 6.55e-03) m s⁻¹, extrema(T): (31.57, -1.95) ᵒC, extrema(S): (39.79, 14.96) g/kg, extrema(η): (4.21, -2.17) m, wall time: 11.822 seconds 
[ Info: time: 1327 days, iteration: 95544, Δt: 20 minutes,max|u|: (2.18e+00, 1.41e+00, 6.54e-03) m s⁻¹, extrema(T): (31.56, -1.95) ᵒC, extrema(S): (39.79, 15.34) g/kg, extrema(η): (3.36, -2.18) m, wall time: 11.820 seconds 
[ Info: time: 1328 days, iteration: 95616, Δt: 20 minutes,max|u|: (2.31e+00, 1.55e+00, 6.51e-03) m s⁻¹, extrema(T): (31.46, -1.93) ᵒC, extrema(S): (39.79, 15.64) g/kg, extrema(η): (1.57, -2.11) m, wall time: 11.765 seconds 
[ Info: time: 1329 days, iteration: 95688, Δt: 20 minutes,max|u|: (2.21e+00, 1.52e+00, 6.52e-03) m s⁻¹, extrema(T): (31.39, -1.94) ᵒC, extrema(S): (39.79, 14.80) g/kg, extrema(η): (1.35, -4.10) m, wall time: 11.638 seconds 
[ Info: time: 1330 days, iteration: 95760, Δt: 20 minutes,max|u|: (2.26e+00, 1.71e+00, 6.59e-03) m s⁻¹, extrema(T): (31.34, -1.95) ᵒC, extrema(S): (39.79, 14.32) g/kg, extrema(η): (1.80, -2.14) m, wall time: 11.712 seconds 
[ Info: time: 1331 days, iteration: 95832, Δt: 20 minutes,max|u|: (2.89e+00, 1.45e+00, 6.58e-03) m s⁻¹, extrema(T): (31.35, -1.95) ᵒC, extrema(S): (39.79, 13.94) g/kg, extrema(η): (3.13, -2.28) m, wall time: 11.672 seconds 
[ Info: time: 1332 days, iteration: 95904, Δt: 20 minutes,max|u|: (2.26e+00, 1.45e+00, 6.62e-03) m s⁻¹, extrema(T): (31.44, -1.95) ᵒC, extrema(S): (39.80, 13.56) g/kg, extrema(η): (4.17, -2.16) m, wall time: 12.937 seconds 
[ Info: time: 1333 days, iteration: 95976, Δt: 20 minutes,max|u|: (2.29e+00, 1.65e+00, 6.68e-03) m s⁻¹, extrema(T): (31.46, -1.96) ᵒC, extrema(S): (39.80, 14.81) g/kg, extrema(η): (3.17, -2.09) m, wall time: 11.745 seconds 
[ Info: time: 1334 days, iteration: 96048, Δt: 20 minutes,max|u|: (2.47e+00, 1.58e+00, 6.68e-03) m s⁻¹, extrema(T): (31.47, -1.96) ᵒC, extrema(S): (39.80, 14.88) g/kg, extrema(η): (3.45, -3.64) m, wall time: 11.834 seconds 
[ Info: time: 1335 days, iteration: 96120, Δt: 20 minutes,max|u|: (2.43e+00, 1.91e+00, 6.66e-03) m s⁻¹, extrema(T): (31.47, -1.96) ᵒC, extrema(S): (39.80, 15.02) g/kg, extrema(η): (3.56, -2.33) m, wall time: 11.773 seconds 
[ Info: time: 1336 days, iteration: 96192, Δt: 20 minutes,max|u|: (2.27e+00, 1.67e+00, 6.65e-03) m s⁻¹, extrema(T): (31.35, -1.96) ᵒC, extrema(S): (39.80, 15.40) g/kg, extrema(η): (3.52, -2.15) m, wall time: 11.689 seconds 
[ Info: time: 1337 days, iteration: 96264, Δt: 20 minutes,max|u|: (2.02e+00, 2.59e+00, 6.67e-03) m s⁻¹, extrema(T): (31.29, -1.96) ᵒC, extrema(S): (39.81, 14.74) g/kg, extrema(η): (4.57, -2.02) m, wall time: 16.518 seconds 
[ Info: time: 1338 days, iteration: 96336, Δt: 20 minutes,max|u|: (2.15e+00, 1.78e+00, 6.63e-03) m s⁻¹, extrema(T): (31.32, -1.96) ᵒC, extrema(S): (39.80, 14.16) g/kg, extrema(η): (3.01, -2.06) m, wall time: 11.746 seconds 
[ Info: time: 1339 days, iteration: 96408, Δt: 20 minutes,max|u|: (2.34e+00, 1.79e+00, 6.65e-03) m s⁻¹, extrema(T): (31.28, -1.96) ᵒC, extrema(S): (39.80, 13.83) g/kg, extrema(η): (2.66, -2.98) m, wall time: 11.766 seconds 
[ Info: time: 1340 days, iteration: 96480, Δt: 20 minutes,max|u|: (2.43e+00, 1.42e+00, 6.71e-03) m s⁻¹, extrema(T): (31.24, -1.96) ᵒC, extrema(S): (39.80, 14.28) g/kg, extrema(η): (2.29, -3.13) m, wall time: 11.827 seconds 
[ Info: time: 1341 days, iteration: 96552, Δt: 20 minutes,max|u|: (2.47e+00, 1.68e+00, 6.73e-03) m s⁻¹, extrema(T): (31.31, -1.96) ᵒC, extrema(S): (39.81, 15.11) g/kg, extrema(η): (1.92, -2.28) m, wall time: 11.705 seconds 
[ Info: time: 1342 days, iteration: 96624, Δt: 20 minutes,max|u|: (2.32e+00, 1.62e+00, 6.76e-03) m s⁻¹, extrema(T): (31.30, -1.96) ᵒC, extrema(S): (39.82, 14.49) g/kg, extrema(η): (4.47, -2.34) m, wall time: 11.719 seconds 
[ Info: time: 1343 days, iteration: 96696, Δt: 20 minutes,max|u|: (2.37e+00, 1.49e+00, 6.79e-03) m s⁻¹, extrema(T): (31.38, -1.96) ᵒC, extrema(S): (39.81, 14.12) g/kg, extrema(η): (2.79, -2.52) m, wall time: 11.671 seconds 
[ Info: time: 1344 days, iteration: 96768, Δt: 20 minutes,max|u|: (2.24e+00, 1.92e+00, 6.78e-03) m s⁻¹, extrema(T): (31.41, -1.96) ᵒC, extrema(S): (39.81, 13.87) g/kg, extrema(η): (1.65, -2.39) m, wall time: 11.759 seconds 
[ Info: time: 1345 days, iteration: 96840, Δt: 20 minutes,max|u|: (2.08e+00, 1.62e+00, 6.75e-03) m s⁻¹, extrema(T): (31.32, -1.96) ᵒC, extrema(S): (39.81, 13.68) g/kg, extrema(η): (1.31, -3.72) m, wall time: 11.765 seconds 
[ Info: time: 1346 days, iteration: 96912, Δt: 20 minutes,max|u|: (2.05e+00, 1.77e+00, 6.69e-03) m s⁻¹, extrema(T): (31.31, -1.96) ᵒC, extrema(S): (39.81, 14.72) g/kg, extrema(η): (1.26, -2.34) m, wall time: 11.736 seconds 
[ Info: time: 1347 days, iteration: 96984, Δt: 20 minutes,max|u|: (2.22e+00, 1.51e+00, 6.74e-03) m s⁻¹, extrema(T): (31.31, -1.96) ᵒC, extrema(S): (39.81, 15.48) g/kg, extrema(η): (4.04, -2.22) m, wall time: 11.666 seconds 
[ Info: time: 1348 days, iteration: 97056, Δt: 20 minutes,max|u|: (2.50e+00, 1.52e+00, 6.74e-03) m s⁻¹, extrema(T): (31.29, -1.96) ᵒC, extrema(S): (39.81, 15.07) g/kg, extrema(η): (3.43, -2.15) m, wall time: 11.735 seconds 
[ Info: time: 1349 days, iteration: 97128, Δt: 20 minutes,max|u|: (2.54e+00, 1.60e+00, 6.74e-03) m s⁻¹, extrema(T): (31.28, -1.96) ᵒC, extrema(S): (39.81, 14.60) g/kg, extrema(η): (1.42, -2.23) m, wall time: 16.595 seconds 
[ Info: time: 1350 days, iteration: 97200, Δt: 20 minutes,max|u|: (2.48e+00, 1.48e+00, 6.69e-03) m s⁻¹, extrema(T): (31.36, -1.96) ᵒC, extrema(S): (39.81, 15.36) g/kg, extrema(η): (1.24, -3.63) m, wall time: 11.652 seconds 
[ Info: time: 1351 days, iteration: 97272, Δt: 20 minutes,max|u|: (2.32e+00, 1.50e+00, 6.69e-03) m s⁻¹, extrema(T): (31.34, -1.96) ᵒC, extrema(S): (39.82, 15.05) g/kg, extrema(η): (1.22, -2.27) m, wall time: 11.669 seconds 
[ Info: time: 1352 days, iteration: 97344, Δt: 20 minutes,max|u|: (2.01e+00, 1.45e+00, 6.72e-03) m s⁻¹, extrema(T): (31.21, -1.96) ᵒC, extrema(S): (39.83, 14.45) g/kg, extrema(η): (3.00, -2.32) m, wall time: 11.731 seconds 
[ Info: time: 1353 days, iteration: 97416, Δt: 20 minutes,max|u|: (2.03e+00, 1.46e+00, 6.67e-03) m s⁻¹, extrema(T): (31.19, -1.96) ᵒC, extrema(S): (39.82, 14.33) g/kg, extrema(η): (4.06, -2.18) m, wall time: 11.820 seconds 
[ Info: time: 1354 days, iteration: 97488, Δt: 20 minutes,max|u|: (2.42e+00, 1.67e+00, 6.68e-03) m s⁻¹, extrema(T): (31.16, -1.96) ᵒC, extrema(S): (39.82, 13.74) g/kg, extrema(η): (1.50, -2.24) m, wall time: 11.756 seconds 
[ Info: time: 1355 days, iteration: 97560, Δt: 20 minutes,max|u|: (2.36e+00, 1.45e+00, 6.71e-03) m s⁻¹, extrema(T): (31.12, -1.96) ᵒC, extrema(S): (39.82, 13.21) g/kg, extrema(η): (2.00, -3.06) m, wall time: 11.790 seconds 
[ Info: time: 1356 days, iteration: 97632, Δt: 20 minutes,max|u|: (2.62e+00, 1.45e+00, 6.66e-03) m s⁻¹, extrema(T): (31.12, -1.96) ᵒC, extrema(S): (39.82, 14.02) g/kg, extrema(η): (2.57, -2.45) m, wall time: 11.692 seconds 
[ Info: time: 1357 days, iteration: 97704, Δt: 20 minutes,max|u|: (2.59e+00, 1.74e+00, 6.57e-03) m s⁻¹, extrema(T): (31.09, -1.96) ᵒC, extrema(S): (39.82, 15.29) g/kg, extrema(η): (3.10, -2.36) m, wall time: 11.694 seconds 
[ Info: time: 1358 days, iteration: 97776, Δt: 20 minutes,max|u|: (2.36e+00, 1.57e+00, 6.60e-03) m s⁻¹, extrema(T): (31.09, -1.96) ᵒC, extrema(S): (39.82, 15.46) g/kg, extrema(η): (4.24, -2.47) m, wall time: 11.710 seconds 
[ Info: time: 1359 days, iteration: 97848, Δt: 20 minutes,max|u|: (2.22e+00, 1.47e+00, 6.56e-03) m s⁻¹, extrema(T): (31.04, -1.96) ᵒC, extrema(S): (39.82, 14.83) g/kg, extrema(η): (3.54, -2.43) m, wall time: 11.751 seconds 
[ Info: time: 1360 days, iteration: 97920, Δt: 20 minutes,max|u|: (2.34e+00, 1.55e+00, 6.58e-03) m s⁻¹, extrema(T): (31.02, -1.96) ᵒC, extrema(S): (39.82, 14.26) g/kg, extrema(η): (3.53, -2.34) m, wall time: 11.774 seconds 
[ Info: time: 1361 days, iteration: 97992, Δt: 20 minutes,max|u|: (2.44e+00, 1.64e+00, 6.62e-03) m s⁻¹, extrema(T): (31.02, -1.96) ᵒC, extrema(S): (39.82, 13.84) g/kg, extrema(η): (3.46, -2.98) m, wall time: 11.645 seconds 
[ Info: time: 1362 days, iteration: 98064, Δt: 20 minutes,max|u|: (2.37e+00, 1.76e+00, 6.66e-03) m s⁻¹, extrema(T): (31.06, -1.96) ᵒC, extrema(S): (39.83, 13.58) g/kg, extrema(η): (3.27, -2.27) m, wall time: 16.622 seconds 
[ Info: time: 1363 days, iteration: 98136, Δt: 20 minutes,max|u|: (2.26e+00, 1.56e+00, 6.69e-03) m s⁻¹, extrema(T): (31.05, -1.95) ᵒC, extrema(S): (39.83, 13.57) g/kg, extrema(η): (4.31, -2.46) m, wall time: 12.937 seconds 
[ Info: time: 1364 days, iteration: 98208, Δt: 20 minutes,max|u|: (2.17e+00, 1.54e+00, 6.65e-03) m s⁻¹, extrema(T): (31.06, -1.94) ᵒC, extrema(S): (39.83, 13.61) g/kg, extrema(η): (3.38, -2.46) m, wall time: 11.718 seconds 
[ Info: time: 1365 days, iteration: 98280, Δt: 20 minutes,max|u|: (2.06e+00, 1.50e+00, 6.64e-03) m s⁻¹, extrema(T): (31.01, -1.93) ᵒC, extrema(S): (39.83, 14.17) g/kg, extrema(η): (2.20, -2.27) m, wall time: 11.740 seconds 
[ Info: time: 1366 days, iteration: 98352, Δt: 20 minutes,max|u|: (2.22e+00, 1.50e+00, 6.67e-03) m s⁻¹, extrema(T): (31.00, -1.92) ᵒC, extrema(S): (39.83, 14.46) g/kg, extrema(η): (1.80, -3.02) m, wall time: 11.646 seconds 
[ Info: time: 1367 days, iteration: 98424, Δt: 20 minutes,max|u|: (2.31e+00, 1.58e+00, 6.65e-03) m s⁻¹, extrema(T): (31.04, -1.92) ᵒC, extrema(S): (39.83, 14.84) g/kg, extrema(η): (1.34, -2.30) m, wall time: 11.677 seconds 
[ Info: time: 1368 days, iteration: 98496, Δt: 20 minutes,max|u|: (2.21e+00, 1.51e+00, 6.66e-03) m s⁻¹, extrema(T): (31.04, -1.90) ᵒC, extrema(S): (39.83, 14.68) g/kg, extrema(η): (3.43, -2.15) m, wall time: 11.719 seconds 
[ Info: time: 1369 days, iteration: 98568, Δt: 20 minutes,max|u|: (2.06e+00, 1.52e+00, 6.70e-03) m s⁻¹, extrema(T): (31.00, -1.91) ᵒC, extrema(S): (39.83, 14.43) g/kg, extrema(η): (4.36, -2.37) m, wall time: 11.807 seconds 
[ Info: time: 1370 days, iteration: 98640, Δt: 20 minutes,max|u|: (2.05e+00, 1.71e+00, 6.68e-03) m s⁻¹, extrema(T): (30.95, -1.91) ᵒC, extrema(S): (39.84, 14.65) g/kg, extrema(η): (1.24, -2.35) m, wall time: 11.762 seconds 
[ Info: time: 1371 days, iteration: 98712, Δt: 20 minutes,max|u|: (1.79e+00, 2.18e+00, 6.71e-03) m s⁻¹, extrema(T): (30.94, -1.92) ᵒC, extrema(S): (39.83, 15.01) g/kg, extrema(η): (1.28, -3.51) m, wall time: 11.685 seconds 
[ Info: time: 1372 days, iteration: 98784, Δt: 20 minutes,max|u|: (1.74e+00, 2.27e+00, 6.66e-03) m s⁻¹, extrema(T): (30.95, -1.94) ᵒC, extrema(S): (39.84, 15.64) g/kg, extrema(η): (2.19, -2.37) m, wall time: 11.685 seconds 
[ Info: time: 1373 days, iteration: 98856, Δt: 20 minutes,max|u|: (1.74e+00, 1.69e+00, 6.65e-03) m s⁻¹, extrema(T): (30.96, -1.93) ᵒC, extrema(S): (39.84, 17.21) g/kg, extrema(η): (2.31, -2.33) m, wall time: 11.755 seconds 
[ Info: time: 1374 days, iteration: 98928, Δt: 20 minutes,max|u|: (1.91e+00, 1.66e+00, 6.63e-03) m s⁻¹, extrema(T): (30.97, -1.93) ᵒC, extrema(S): (39.84, 17.71) g/kg, extrema(η): (4.36, -2.32) m, wall time: 16.596 seconds 
[ Info: time: 1375 days, iteration: 99000, Δt: 20 minutes,max|u|: (1.52e+00, 1.78e+00, 6.66e-03) m s⁻¹, extrema(T): (31.00, -1.93) ᵒC, extrema(S): (39.84, 17.93) g/kg, extrema(η): (1.99, -2.25) m, wall time: 11.652 seconds 
[ Info: time: 1376 days, iteration: 99072, Δt: 20 minutes,max|u|: (1.52e+00, 1.49e+00, 6.65e-03) m s⁻¹, extrema(T): (31.03, -1.93) ᵒC, extrema(S): (39.84, 17.76) g/kg, extrema(η): (1.36, -2.61) m, wall time: 11.674 seconds 
[ Info: time: 1377 days, iteration: 99144, Δt: 20 minutes,max|u|: (1.50e+00, 2.15e+00, 6.59e-03) m s⁻¹, extrema(T): (31.01, -1.94) ᵒC, extrema(S): (39.84, 17.64) g/kg, extrema(η): (1.33, -3.42) m, wall time: 11.961 seconds 
[ Info: time: 1378 days, iteration: 99216, Δt: 20 minutes,max|u|: (1.63e+00, 1.75e+00, 6.53e-03) m s⁻¹, extrema(T): (31.07, -1.94) ᵒC, extrema(S): (39.84, 17.71) g/kg, extrema(η): (1.36, -2.13) m, wall time: 11.746 seconds 
[ Info: time: 1379 days, iteration: 99288, Δt: 20 minutes,max|u|: (1.58e+00, 1.52e+00, 6.52e-03) m s⁻¹, extrema(T): (31.10, -1.94) ᵒC, extrema(S): (39.84, 17.53) g/kg, extrema(η): (4.49, -2.16) m, wall time: 11.746 seconds 
[ Info: time: 1380 days, iteration: 99360, Δt: 20 minutes,max|u|: (1.83e+00, 1.67e+00, 6.56e-03) m s⁻¹, extrema(T): (31.10, -1.93) ᵒC, extrema(S): (39.85, 15.64) g/kg, extrema(η): (3.31, -2.31) m, wall time: 11.762 seconds 
[ Info: time: 1381 days, iteration: 99432, Δt: 20 minutes,max|u|: (1.56e+00, 1.54e+00, 6.63e-03) m s⁻¹, extrema(T): (31.18, -1.93) ᵒC, extrema(S): (39.85, 16.16) g/kg, extrema(η): (2.52, -2.35) m, wall time: 11.703 seconds 
[ Info: time: 1382 days, iteration: 99504, Δt: 20 minutes,max|u|: (1.61e+00, 1.53e+00, 6.71e-03) m s⁻¹, extrema(T): (31.15, -1.94) ᵒC, extrema(S): (39.87, 17.18) g/kg, extrema(η): (2.90, -3.48) m, wall time: 11.738 seconds 
[ Info: time: 1383 days, iteration: 99576, Δt: 20 minutes,max|u|: (1.55e+00, 1.65e+00, 6.72e-03) m s⁻¹, extrema(T): (31.14, -1.94) ᵒC, extrema(S): (39.88, 17.49) g/kg, extrema(η): (3.21, -2.20) m, wall time: 11.779 seconds 
[ Info: time: 1384 days, iteration: 99648, Δt: 20 minutes,max|u|: (1.51e+00, 1.51e+00, 6.76e-03) m s⁻¹, extrema(T): (31.22, -1.94) ᵒC, extrema(S): (39.90, 17.43) g/kg, extrema(η): (3.87, -2.03) m, wall time: 11.792 seconds 
[ Info: time: 1385 days, iteration: 99720, Δt: 20 minutes,max|u|: (1.55e+00, 2.16e+00, 6.76e-03) m s⁻¹, extrema(T): (31.17, -1.94) ᵒC, extrema(S): (39.91, 17.65) g/kg, extrema(η): (3.89, -2.15) m, wall time: 11.690 seconds 
[ Info: time: 1386 days, iteration: 99792, Δt: 20 minutes,max|u|: (2.47e+00, 1.93e+00, 6.75e-03) m s⁻¹, extrema(T): (31.07, -1.93) ᵒC, extrema(S): (39.92, 17.94) g/kg, extrema(η): (3.19, -2.12) m, wall time: 11.618 seconds 
[ Info: time: 1387 days, iteration: 99864, Δt: 20 minutes,max|u|: (1.94e+00, 1.48e+00, 6.71e-03) m s⁻¹, extrema(T): (31.09, -1.94) ᵒC, extrema(S): (39.92, 18.19) g/kg, extrema(η): (3.05, -2.97) m, wall time: 22.947 seconds 
[ Info: time: 1388 days, iteration: 99936, Δt: 20 minutes,max|u|: (1.53e+00, 1.49e+00, 6.78e-03) m s⁻¹, extrema(T): (31.11, -1.93) ᵒC, extrema(S): (39.91, 18.22) g/kg, extrema(η): (2.72, -2.29) m, wall time: 11.724 seconds 
[ Info: time: 1389 days, iteration: 100008, Δt: 20 minutes,max|u|: (1.65e+00, 1.61e+00, 6.75e-03) m s⁻¹, extrema(T): (31.11, -1.94) ᵒC, extrema(S): (39.91, 18.21) g/kg, extrema(η): (2.93, -2.18) m, wall time: 11.747 seconds 
[ Info: time: 1390 days, iteration: 100080, Δt: 20 minutes,max|u|: (1.63e+00, 1.53e+00, 6.80e-03) m s⁻¹, extrema(T): (31.13, -1.94) ᵒC, extrema(S): (39.90, 17.81) g/kg, extrema(η): (4.68, -2.21) m, wall time: 11.700 seconds 
[ Info: time: 1391 days, iteration: 100152, Δt: 20 minutes,max|u|: (1.53e+00, 2.58e+00, 6.81e-03) m s⁻¹, extrema(T): (31.17, -1.94) ᵒC, extrema(S): (39.90, 17.44) g/kg, extrema(η): (2.26, -2.10) m, wall time: 11.748 seconds 
[ Info: time: 1392 days, iteration: 100224, Δt: 20 minutes,max|u|: (1.74e+00, 1.56e+00, 6.86e-03) m s⁻¹, extrema(T): (31.21, -1.94) ᵒC, extrema(S): (39.89, 18.17) g/kg, extrema(η): (1.32, -2.17) m, wall time: 11.714 seconds 
[ Info: time: 1393 days, iteration: 100296, Δt: 20 minutes,max|u|: (1.59e+00, 1.89e+00, 6.88e-03) m s⁻¹, extrema(T): (31.25, -1.94) ᵒC, extrema(S): (39.87, 17.47) g/kg, extrema(η): (1.35, -2.64) m, wall time: 11.661 seconds 
[ Info: time: 1394 days, iteration: 100368, Δt: 20 minutes,max|u|: (1.86e+00, 2.64e+00, 6.89e-03) m s⁻¹, extrema(T): (31.28, -1.93) ᵒC, extrema(S): (39.87, 17.21) g/kg, extrema(η): (1.39, -2.19) m, wall time: 13.063 seconds 
[ Info: time: 1395 days, iteration: 100440, Δt: 20 minutes,max|u|: (1.92e+00, 1.98e+00, 6.92e-03) m s⁻¹, extrema(T): (31.32, -1.93) ᵒC, extrema(S): (39.86, 18.31) g/kg, extrema(η): (4.59, -2.17) m, wall time: 11.656 seconds 
[ Info: time: 1396 days, iteration: 100512, Δt: 20 minutes,max|u|: (1.64e+00, 1.56e+00, 6.90e-03) m s⁻¹, extrema(T): (31.37, -1.93) ᵒC, extrema(S): (39.86, 18.44) g/kg, extrema(η): (3.51, -2.17) m, wall time: 11.700 seconds 
[ Info: time: 1397 days, iteration: 100584, Δt: 20 minutes,max|u|: (1.59e+00, 1.51e+00, 6.86e-03) m s⁻¹, extrema(T): (31.41, -1.93) ᵒC, extrema(S): (39.86, 18.72) g/kg, extrema(η): (1.36, -2.27) m, wall time: 11.653 seconds 
[ Info: time: 1398 days, iteration: 100656, Δt: 20 minutes,max|u|: (1.55e+00, 1.50e+00, 6.74e-03) m s⁻¹, extrema(T): (31.46, -1.93) ᵒC, extrema(S): (39.86, 18.86) g/kg, extrema(η): (1.28, -3.36) m, wall time: 11.715 seconds 
[ Info: time: 1399 days, iteration: 100728, Δt: 20 minutes,max|u|: (1.60e+00, 1.65e+00, 6.70e-03) m s⁻¹, extrema(T): (31.50, -1.93) ᵒC, extrema(S): (39.87, 18.93) g/kg, extrema(η): (1.51, -2.37) m, wall time: 16.632 seconds 
[ Info: time: 1400 days, iteration: 100800, Δt: 20 minutes,max|u|: (1.60e+00, 1.93e+00, 6.59e-03) m s⁻¹, extrema(T): (31.53, -1.93) ᵒC, extrema(S): (39.87, 18.98) g/kg, extrema(η): (3.59, -2.27) m, wall time: 11.769 seconds 
[ Info: time: 1401 days, iteration: 100872, Δt: 20 minutes,max|u|: (1.47e+00, 1.71e+00, 6.58e-03) m s⁻¹, extrema(T): (31.55, -1.93) ᵒC, extrema(S): (39.87, 19.01) g/kg, extrema(η): (3.91, -2.27) m, wall time: 11.699 seconds 
[ Info: time: 1402 days, iteration: 100944, Δt: 20 minutes,max|u|: (1.49e+00, 1.51e+00, 6.56e-03) m s⁻¹, extrema(T): (31.56, -1.93) ᵒC, extrema(S): (39.87, 17.83) g/kg, extrema(η): (1.35, -2.17) m, wall time: 11.748 seconds 
[ Info: time: 1403 days, iteration: 101016, Δt: 20 minutes,max|u|: (1.52e+00, 1.51e+00, 6.54e-03) m s⁻¹, extrema(T): (31.53, -1.93) ᵒC, extrema(S): (39.87, 17.14) g/kg, extrema(η): (1.42, -3.46) m, wall time: 11.750 seconds 
[ Info: time: 1404 days, iteration: 101088, Δt: 20 minutes,max|u|: (1.55e+00, 1.50e+00, 6.53e-03) m s⁻¹, extrema(T): (31.50, -1.93) ᵒC, extrema(S): (39.87, 17.25) g/kg, extrema(η): (1.97, -2.27) m, wall time: 11.680 seconds 
[ Info: time: 1405 days, iteration: 101160, Δt: 20 minutes,max|u|: (1.58e+00, 1.56e+00, 6.56e-03) m s⁻¹, extrema(T): (31.44, -1.93) ᵒC, extrema(S): (39.87, 18.57) g/kg, extrema(η): (2.58, -2.11) m, wall time: 11.750 seconds 
[ Info: time: 1406 days, iteration: 101232, Δt: 20 minutes,max|u|: (1.57e+00, 1.66e+00, 6.52e-03) m s⁻¹, extrema(T): (31.39, -1.93) ᵒC, extrema(S): (39.87, 19.19) g/kg, extrema(η): (4.03, -2.16) m, wall time: 11.716 seconds 
[ Info: time: 1407 days, iteration: 101304, Δt: 20 minutes,max|u|: (1.56e+00, 2.08e+00, 6.53e-03) m s⁻¹, extrema(T): (31.32, -1.92) ᵒC, extrema(S): (39.87, 19.14) g/kg, extrema(η): (3.01, -2.14) m, wall time: 11.720 seconds 
[ Info: time: 1408 days, iteration: 101376, Δt: 20 minutes,max|u|: (1.78e+00, 1.52e+00, 6.51e-03) m s⁻¹, extrema(T): (31.27, -1.93) ᵒC, extrema(S): (39.88, 18.54) g/kg, extrema(η): (3.24, -2.80) m, wall time: 11.732 seconds 
[ Info: time: 1409 days, iteration: 101448, Δt: 20 minutes,max|u|: (1.72e+00, 1.82e+00, 6.47e-03) m s⁻¹, extrema(T): (31.21, -1.93) ᵒC, extrema(S): (39.88, 18.61) g/kg, extrema(η): (3.30, -2.29) m, wall time: 11.734 seconds 
[ Info: time: 1410 days, iteration: 101520, Δt: 20 minutes,max|u|: (2.23e+00, 3.55e+00, 6.46e-03) m s⁻¹, extrema(T): (31.01, -1.91) ᵒC, extrema(S): (39.89, 19.33) g/kg, extrema(η): (3.11, -2.26) m, wall time: 11.735 seconds 
[ Info: time: 1411 days, iteration: 101592, Δt: 20 minutes,max|u|: (2.00e+00, 2.55e+00, 6.42e-03) m s⁻¹, extrema(T): (30.95, -1.90) ᵒC, extrema(S): (39.87, 19.33) g/kg, extrema(η): (3.66, -2.23) m, wall time: 16.603 seconds 
[ Info: time: 1412 days, iteration: 101664, Δt: 20 minutes,max|u|: (1.75e+00, 1.53e+00, 6.46e-03) m s⁻¹, extrema(T): (30.98, -1.89) ᵒC, extrema(S): (39.87, 19.41) g/kg, extrema(η): (2.44, -2.24) m, wall time: 11.771 seconds 
[ Info: time: 1413 days, iteration: 101736, Δt: 20 minutes,max|u|: (1.77e+00, 1.53e+00, 6.47e-03) m s⁻¹, extrema(T): (31.09, -1.88) ᵒC, extrema(S): (39.87, 19.47) g/kg, extrema(η): (2.05, -2.43) m, wall time: 11.773 seconds 
[ Info: time: 1414 days, iteration: 101808, Δt: 20 minutes,max|u|: (1.59e+00, 1.95e+00, 6.49e-03) m s⁻¹, extrema(T): (31.15, -1.88) ᵒC, extrema(S): (39.88, 19.36) g/kg, extrema(η): (1.66, -2.10) m, wall time: 11.771 seconds 
[ Info: time: 1415 days, iteration: 101880, Δt: 20 minutes,max|u|: (2.36e+00, 1.63e+00, 6.52e-03) m s⁻¹, extrema(T): (31.05, -1.88) ᵒC, extrema(S): (39.88, 19.21) g/kg, extrema(η): (2.52, -2.18) m, wall time: 11.721 seconds 
[ Info: time: 1416 days, iteration: 101952, Δt: 20 minutes,max|u|: (2.62e+00, 1.88e+00, 6.55e-03) m s⁻¹, extrema(T): (30.99, -1.87) ᵒC, extrema(S): (39.88, 19.08) g/kg, extrema(η): (4.28, -2.19) m, wall time: 11.727 seconds 
[ Info: time: 1417 days, iteration: 102024, Δt: 20 minutes,max|u|: (1.69e+00, 1.87e+00, 6.59e-03) m s⁻¹, extrema(T): (31.05, -1.87) ᵒC, extrema(S): (39.88, 18.98) g/kg, extrema(η): (1.48, -2.10) m, wall time: 11.723 seconds 
[ Info: time: 1418 days, iteration: 102096, Δt: 20 minutes,max|u|: (2.88e+00, 2.68e+00, 6.67e-03) m s⁻¹, extrema(T): (31.05, -1.89) ᵒC, extrema(S): (39.88, 18.89) g/kg, extrema(η): (1.62, -2.92) m, wall time: 11.627 seconds 
[ Info: time: 1419 days, iteration: 102168, Δt: 20 minutes,max|u|: (2.12e+00, 1.47e+00, 6.66e-03) m s⁻¹, extrema(T): (31.02, -1.90) ᵒC, extrema(S): (39.88, 18.82) g/kg, extrema(η): (1.53, -2.68) m, wall time: 11.730 seconds 
[ Info: time: 1420 days, iteration: 102240, Δt: 20 minutes,max|u|: (2.03e+00, 1.73e+00, 6.64e-03) m s⁻¹, extrema(T): (31.01, -1.91) ᵒC, extrema(S): (39.88, 18.78) g/kg, extrema(η): (1.55, -2.07) m, wall time: 11.686 seconds 
[ Info: time: 1421 days, iteration: 102312, Δt: 20 minutes,max|u|: (1.80e+00, 2.29e+00, 6.62e-03) m s⁻¹, extrema(T): (31.08, -1.91) ᵒC, extrema(S): (39.88, 18.76) g/kg, extrema(η): (4.12, -2.52) m, wall time: 11.679 seconds 
[ Info: time: 1422 days, iteration: 102384, Δt: 20 minutes,max|u|: (1.97e+00, 1.64e+00, 6.64e-03) m s⁻¹, extrema(T): (31.09, -1.91) ᵒC, extrema(S): (39.88, 18.75) g/kg, extrema(η): (2.23, -2.29) m, wall time: 11.638 seconds 
[ Info: time: 1423 days, iteration: 102456, Δt: 20 minutes,max|u|: (1.82e+00, 1.65e+00, 6.72e-03) m s⁻¹, extrema(T): (31.11, -1.91) ᵒC, extrema(S): (39.88, 18.71) g/kg, extrema(η): (1.45, -2.27) m, wall time: 11.720 seconds 
[ Info: time: 1424 days, iteration: 102528, Δt: 20 minutes,max|u|: (2.51e+00, 2.85e+00, 6.66e-03) m s⁻¹, extrema(T): (31.21, -1.91) ᵒC, extrema(S): (39.88, 18.66) g/kg, extrema(η): (2.33, -2.39) m, wall time: 16.567 seconds 
[ Info: time: 1425 days, iteration: 102600, Δt: 20 minutes,max|u|: (1.75e+00, 2.13e+00, 6.65e-03) m s⁻¹, extrema(T): (31.18, -1.91) ᵒC, extrema(S): (39.88, 18.71) g/kg, extrema(η): (1.48, -2.13) m, wall time: 12.898 seconds 
[ Info: time: 1426 days, iteration: 102672, Δt: 20 minutes,max|u|: (2.17e+00, 2.04e+00, 6.67e-03) m s⁻¹, extrema(T): (31.19, -1.91) ᵒC, extrema(S): (39.88, 18.74) g/kg, extrema(η): (4.10, -2.16) m, wall time: 11.775 seconds 
[ Info: time: 1427 days, iteration: 102744, Δt: 20 minutes,max|u|: (1.97e+00, 1.58e+00, 6.71e-03) m s⁻¹, extrema(T): (31.20, -1.90) ᵒC, extrema(S): (39.88, 18.72) g/kg, extrema(η): (1.96, -2.36) m, wall time: 11.593 seconds 
[ Info: time: 1428 days, iteration: 102816, Δt: 20 minutes,max|u|: (1.65e+00, 2.02e+00, 6.74e-03) m s⁻¹, extrema(T): (31.30, -1.91) ᵒC, extrema(S): (39.89, 18.71) g/kg, extrema(η): (1.52, -2.63) m, wall time: 11.704 seconds 
[ Info: time: 1429 days, iteration: 102888, Δt: 20 minutes,max|u|: (1.59e+00, 2.22e+00, 6.75e-03) m s⁻¹, extrema(T): (31.34, -1.92) ᵒC, extrema(S): (39.89, 18.79) g/kg, extrema(η): (2.11, -2.28) m, wall time: 11.731 seconds 
[ Info: time: 1430 days, iteration: 102960, Δt: 20 minutes,max|u|: (4.56e+00, 1.98e+00, 6.71e-03) m s⁻¹, extrema(T): (31.37, -1.92) ᵒC, extrema(S): (39.89, 18.84) g/kg, extrema(η): (2.66, -2.26) m, wall time: 11.677 seconds 
[ Info: time: 1431 days, iteration: 103032, Δt: 20 minutes,max|u|: (1.65e+00, 2.24e+00, 6.68e-03) m s⁻¹, extrema(T): (31.37, -1.92) ᵒC, extrema(S): (39.88, 19.12) g/kg, extrema(η): (3.84, -2.25) m, wall time: 11.655 seconds 
[ Info: time: 1432 days, iteration: 103104, Δt: 20 minutes,max|u|: (1.66e+00, 2.12e+00, 6.72e-03) m s⁻¹, extrema(T): (31.34, -1.92) ᵒC, extrema(S): (39.88, 19.29) g/kg, extrema(η): (3.22, -2.01) m, wall time: 11.722 seconds 
[ Info: time: 1433 days, iteration: 103176, Δt: 20 minutes,max|u|: (1.95e+00, 2.19e+00, 6.76e-03) m s⁻¹, extrema(T): (31.22, -1.91) ᵒC, extrema(S): (39.89, 19.30) g/kg, extrema(η): (3.33, -2.23) m, wall time: 11.726 seconds 
[ Info: time: 1434 days, iteration: 103248, Δt: 20 minutes,max|u|: (2.46e+00, 2.20e+00, 6.77e-03) m s⁻¹, extrema(T): (31.25, -1.91) ᵒC, extrema(S): (39.88, 19.29) g/kg, extrema(η): (3.35, -2.14) m, wall time: 11.825 seconds 
[ Info: time: 1435 days, iteration: 103320, Δt: 20 minutes,max|u|: (1.93e+00, 2.35e+00, 6.74e-03) m s⁻¹, extrema(T): (31.28, -1.90) ᵒC, extrema(S): (39.88, 19.30) g/kg, extrema(η): (3.13, -2.16) m, wall time: 11.685 seconds 
[ Info: time: 1436 days, iteration: 103392, Δt: 20 minutes,max|u|: (2.02e+00, 2.26e+00, 6.78e-03) m s⁻¹, extrema(T): (31.33, -1.92) ᵒC, extrema(S): (39.87, 19.30) g/kg, extrema(η): (4.44, -2.14) m, wall time: 16.487 seconds 
[ Info: time: 1437 days, iteration: 103464, Δt: 20 minutes,max|u|: (1.86e+00, 2.11e+00, 6.76e-03) m s⁻¹, extrema(T): (31.36, -1.92) ᵒC, extrema(S): (39.87, 19.29) g/kg, extrema(η): (3.13, -2.11) m, wall time: 11.699 seconds 
[ Info: time: 1438 days, iteration: 103536, Δt: 20 minutes,max|u|: (1.81e+00, 2.79e+00, 6.77e-03) m s⁻¹, extrema(T): (31.43, -1.91) ᵒC, extrema(S): (39.87, 19.42) g/kg, extrema(η): (1.89, -2.30) m, wall time: 11.696 seconds 
[ Info: time: 1439 days, iteration: 103608, Δt: 20 minutes,max|u|: (1.88e+00, 1.93e+00, 6.74e-03) m s⁻¹, extrema(T): (31.52, -1.92) ᵒC, extrema(S): (39.88, 19.51) g/kg, extrema(η): (2.48, -2.94) m, wall time: 11.741 seconds 
[ Info: time: 1440 days, iteration: 103680, Δt: 20 minutes,max|u|: (1.91e+00, 1.85e+00, 6.74e-03) m s⁻¹, extrema(T): (31.47, -1.91) ᵒC, extrema(S): (39.88, 19.58) g/kg, extrema(η): (1.32, -2.06) m, wall time: 11.562 seconds 
[ Info: time: 1441 days, iteration: 103752, Δt: 20 minutes,max|u|: (1.93e+00, 2.10e+00, 6.74e-03) m s⁻¹, extrema(T): (31.42, -1.91) ᵒC, extrema(S): (39.87, 19.64) g/kg, extrema(η): (3.91, -2.08) m, wall time: 11.651 seconds 
[ Info: time: 1442 days, iteration: 103824, Δt: 20 minutes,max|u|: (1.96e+00, 1.50e+00, 6.62e-03) m s⁻¹, extrema(T): (31.41, -1.91) ᵒC, extrema(S): (39.87, 19.66) g/kg, extrema(η): (3.60, -2.07) m, wall time: 11.669 seconds 
[ Info: time: 1443 days, iteration: 103896, Δt: 20 minutes,max|u|: (1.87e+00, 1.64e+00, 6.66e-03) m s⁻¹, extrema(T): (31.43, -1.92) ᵒC, extrema(S): (39.87, 19.70) g/kg, extrema(η): (1.38, -1.98) m, wall time: 11.737 seconds 
[ Info: time: 1444 days, iteration: 103968, Δt: 20 minutes,max|u|: (1.93e+00, 2.63e+00, 6.62e-03) m s⁻¹, extrema(T): (31.37, -1.91) ᵒC, extrema(S): (39.87, 19.81) g/kg, extrema(η): (2.79, -3.29) m, wall time: 11.719 seconds 
[ Info: time: 1445 days, iteration: 104040, Δt: 20 minutes,max|u|: (1.91e+00, 1.49e+00, 6.59e-03) m s⁻¹, extrema(T): (31.30, -1.92) ᵒC, extrema(S): (39.87, 19.88) g/kg, extrema(η): (1.24, -2.03) m, wall time: 11.617 seconds 
[ Info: time: 1446 days, iteration: 104112, Δt: 20 minutes,max|u|: (1.80e+00, 2.21e+00, 6.59e-03) m s⁻¹, extrema(T): (31.22, -1.91) ᵒC, extrema(S): (39.86, 19.94) g/kg, extrema(η): (3.11, -2.20) m, wall time: 11.623 seconds 
[ Info: time: 1447 days, iteration: 104184, Δt: 20 minutes,max|u|: (1.86e+00, 1.87e+00, 6.57e-03) m s⁻¹, extrema(T): (31.08, -1.91) ᵒC, extrema(S): (39.86, 19.99) g/kg, extrema(η): (2.72, -2.11) m, wall time: 11.633 seconds 
[ Info: time: 1448 days, iteration: 104256, Δt: 20 minutes,max|u|: (1.92e+00, 1.50e+00, 6.62e-03) m s⁻¹, extrema(T): (31.10, -1.91) ᵒC, extrema(S): (39.87, 20.07) g/kg, extrema(η): (1.26, -2.25) m, wall time: 17.443 seconds 
[ Info: time: 1449 days, iteration: 104328, Δt: 20 minutes,max|u|: (1.94e+00, 1.64e+00, 6.68e-03) m s⁻¹, extrema(T): (31.17, -1.91) ᵒC, extrema(S): (39.87, 20.11) g/kg, extrema(η): (1.31, -3.70) m, wall time: 11.671 seconds 
[ Info: time: 1450 days, iteration: 104400, Δt: 20 minutes,max|u|: (1.95e+00, 1.67e+00, 6.62e-03) m s⁻¹, extrema(T): (31.22, -1.90) ᵒC, extrema(S): (39.86, 20.09) g/kg, extrema(η): (1.38, -2.31) m, wall time: 11.674 seconds 
[ Info: time: 1451 days, iteration: 104472, Δt: 20 minutes,max|u|: (1.94e+00, 1.93e+00, 6.64e-03) m s⁻¹, extrema(T): (31.18, -1.90) ᵒC, extrema(S): (39.86, 20.08) g/kg, extrema(η): (2.40, -2.17) m, wall time: 11.675 seconds 
[ Info: time: 1452 days, iteration: 104544, Δt: 20 minutes,max|u|: (1.96e+00, 2.19e+00, 6.60e-03) m s⁻¹, extrema(T): (31.11, -1.90) ᵒC, extrema(S): (39.86, 20.06) g/kg, extrema(η): (4.13, -2.20) m, wall time: 11.611 seconds 
[ Info: time: 1453 days, iteration: 104616, Δt: 20 minutes,max|u|: (2.00e+00, 2.30e+00, 6.63e-03) m s⁻¹, extrema(T): (31.27, -1.90) ᵒC, extrema(S): (39.86, 20.03) g/kg, extrema(η): (1.99, -2.15) m, wall time: 11.643 seconds 
[ Info: time: 1454 days, iteration: 104688, Δt: 20 minutes,max|u|: (2.02e+00, 2.33e+00, 6.42e-03) m s⁻¹, extrema(T): (31.45, -1.90) ᵒC, extrema(S): (39.86, 20.01) g/kg, extrema(η): (2.54, -3.35) m, wall time: 11.614 seconds 
[ Info: time: 1455 days, iteration: 104760, Δt: 20 minutes,max|u|: (2.03e+00, 2.28e+00, 6.44e-03) m s⁻¹, extrema(T): (31.54, -1.91) ᵒC, extrema(S): (39.86, 20.05) g/kg, extrema(η): (2.92, -3.13) m, wall time: 11.740 seconds 
[ Info: time: 1456 days, iteration: 104832, Δt: 20 minutes,max|u|: (2.01e+00, 2.22e+00, 6.55e-03) m s⁻¹, extrema(T): (31.58, -1.91) ᵒC, extrema(S): (39.86, 19.97) g/kg, extrema(η): (3.34, -2.20) m, wall time: 13.064 seconds 
[ Info: time: 1457 days, iteration: 104904, Δt: 20 minutes,max|u|: (1.97e+00, 2.13e+00, 6.62e-03) m s⁻¹, extrema(T): (31.64, -1.92) ᵒC, extrema(S): (39.87, 19.88) g/kg, extrema(η): (4.14, -3.12) m, wall time: 11.767 seconds 
[ Info: time: 1458 days, iteration: 104976, Δt: 20 minutes,max|u|: (1.99e+00, 1.95e+00, 6.65e-03) m s⁻¹, extrema(T): (31.59, -1.91) ᵒC, extrema(S): (39.86, 19.78) g/kg, extrema(η): (3.19, -2.27) m, wall time: 11.644 seconds 
[ Info: time: 1459 days, iteration: 105048, Δt: 20 minutes,max|u|: (1.98e+00, 1.83e+00, 6.74e-03) m s⁻¹, extrema(T): (31.74, -1.92) ᵒC, extrema(S): (39.86, 19.71) g/kg, extrema(η): (2.98, -2.52) m, wall time: 11.600 seconds 
[ Info: time: 1460 days, iteration: 105120, Δt: 20 minutes,max|u|: (1.97e+00, 1.70e+00, 6.81e-03) m s⁻¹, extrema(T): (31.79, -1.92) ᵒC, extrema(S): (39.85, 19.79) g/kg, extrema(η): (2.69, -2.96) m, wall time: 11.628 seconds 
[ Info: time: 1461 days, iteration: 105192, Δt: 20 minutes,max|u|: (2.20e+00, 2.59e+00, 6.80e-03) m s⁻¹, extrema(T): (31.66, -1.93) ᵒC, extrema(S): (39.85, 19.73) g/kg, extrema(η): (2.25, -2.09) m, wall time: 16.544 seconds 
[ Info: time: 1462 days, iteration: 105264, Δt: 20 minutes,max|u|: (2.05e+00, 1.66e+00, 6.84e-03) m s⁻¹, extrema(T): (31.64, -1.93) ᵒC, extrema(S): (39.84, 19.65) g/kg, extrema(η): (4.17, -2.13) m, wall time: 11.641 seconds 
[ Info: time: 1463 days, iteration: 105336, Δt: 20 minutes,max|u|: (1.97e+00, 1.72e+00, 6.86e-03) m s⁻¹, extrema(T): (31.68, -1.94) ᵒC, extrema(S): (39.84, 19.55) g/kg, extrema(η): (2.00, -2.19) m, wall time: 11.635 seconds 
[ Info: time: 1464 days, iteration: 105408, Δt: 20 minutes,max|u|: (1.94e+00, 1.61e+00, 6.90e-03) m s⁻¹, extrema(T): (31.63, -1.94) ᵒC, extrema(S): (39.83, 19.50) g/kg, extrema(η): (1.25, -2.32) m, wall time: 11.670 seconds 
[ Info: time: 1465 days, iteration: 105480, Δt: 20 minutes,max|u|: (1.92e+00, 1.78e+00, 6.86e-03) m s⁻¹, extrema(T): (31.62, -1.94) ᵒC, extrema(S): (39.83, 19.45) g/kg, extrema(η): (1.32, -3.29) m, wall time: 11.696 seconds 
[ Info: time: 1466 days, iteration: 105552, Δt: 20 minutes,max|u|: (1.87e+00, 1.82e+00, 6.80e-03) m s⁻¹, extrema(T): (31.57, -1.94) ᵒC, extrema(S): (39.83, 19.41) g/kg, extrema(η): (1.27, -2.24) m, wall time: 11.670 seconds 
[ Info: time: 1467 days, iteration: 105624, Δt: 20 minutes,max|u|: (1.74e+00, 2.05e+00, 6.79e-03) m s⁻¹, extrema(T): (31.35, -1.93) ᵒC, extrema(S): (39.83, 19.42) g/kg, extrema(η): (3.84, -2.14) m, wall time: 11.631 seconds 
[ Info: time: 1468 days, iteration: 105696, Δt: 20 minutes,max|u|: (1.87e+00, 2.03e+00, 6.83e-03) m s⁻¹, extrema(T): (31.25, -1.94) ᵒC, extrema(S): (39.82, 19.36) g/kg, extrema(η): (3.13, -2.27) m, wall time: 11.571 seconds 
[ Info: time: 1469 days, iteration: 105768, Δt: 20 minutes,max|u|: (1.84e+00, 2.18e+00, 6.83e-03) m s⁻¹, extrema(T): (31.17, -1.94) ᵒC, extrema(S): (39.82, 19.28) g/kg, extrema(η): (1.41, -2.30) m, wall time: 11.643 seconds 
[ Info: time: 1470 days, iteration: 105840, Δt: 20 minutes,max|u|: (1.59e+00, 2.11e+00, 6.85e-03) m s⁻¹, extrema(T): (31.12, -1.94) ᵒC, extrema(S): (39.81, 19.22) g/kg, extrema(η): (1.35, -3.29) m, wall time: 11.718 seconds 
[ Info: time: 1471 days, iteration: 105912, Δt: 20 minutes,max|u|: (2.32e+00, 3.34e+00, 6.81e-03) m s⁻¹, extrema(T): (31.07, -1.94) ᵒC, extrema(S): (39.81, 19.20) g/kg, extrema(η): (1.32, -2.34) m, wall time: 11.779 seconds 
[ Info: time: 1472 days, iteration: 105984, Δt: 20 minutes,max|u|: (1.56e+00, 1.94e+00, 6.77e-03) m s⁻¹, extrema(T): (31.09, -1.95) ᵒC, extrema(S): (39.81, 19.17) g/kg, extrema(η): (3.55, -2.32) m, wall time: 11.572 seconds 
[ Info: time: 1473 days, iteration: 106056, Δt: 20 minutes,max|u|: (1.57e+00, 1.89e+00, 6.75e-03) m s⁻¹, extrema(T): (31.12, -1.94) ᵒC, extrema(S): (39.81, 19.13) g/kg, extrema(η): (3.91, -2.27) m, wall time: 16.640 seconds 
[ Info: time: 1474 days, iteration: 106128, Δt: 20 minutes,max|u|: (1.66e+00, 2.03e+00, 6.71e-03) m s⁻¹, extrema(T): (31.07, -1.94) ᵒC, extrema(S): (39.81, 19.13) g/kg, extrema(η): (1.42, -2.28) m, wall time: 11.693 seconds 
[ Info: time: 1475 days, iteration: 106200, Δt: 20 minutes,max|u|: (1.81e+00, 2.06e+00, 6.69e-03) m s⁻¹, extrema(T): (31.12, -1.94) ᵒC, extrema(S): (39.81, 19.14) g/kg, extrema(η): (1.51, -3.01) m, wall time: 11.560 seconds 
[ Info: time: 1476 days, iteration: 106272, Δt: 20 minutes,max|u|: (1.74e+00, 2.11e+00, 6.76e-03) m s⁻¹, extrema(T): (31.15, -1.94) ᵒC, extrema(S): (39.80, 19.18) g/kg, extrema(η): (1.80, -2.29) m, wall time: 11.626 seconds 
[ Info: time: 1477 days, iteration: 106344, Δt: 20 minutes,max|u|: (1.64e+00, 2.04e+00, 6.72e-03) m s⁻¹, extrema(T): (31.16, -1.94) ᵒC, extrema(S): (39.80, 19.20) g/kg, extrema(η): (2.64, -2.08) m, wall time: 11.714 seconds 
[ Info: time: 1478 days, iteration: 106416, Δt: 20 minutes,max|u|: (2.04e+00, 2.10e+00, 6.73e-03) m s⁻¹, extrema(T): (31.10, -1.94) ᵒC, extrema(S): (39.79, 19.20) g/kg, extrema(η): (4.17, -2.14) m, wall time: 11.725 seconds 
[ Info: time: 1479 days, iteration: 106488, Δt: 20 minutes,max|u|: (1.66e+00, 2.06e+00, 6.72e-03) m s⁻¹, extrema(T): (31.15, -1.95) ᵒC, extrema(S): (39.78, 19.20) g/kg, extrema(η): (3.13, -2.23) m, wall time: 11.667 seconds 
[ Info: time: 1480 days, iteration: 106560, Δt: 20 minutes,max|u|: (1.64e+00, 2.03e+00, 6.70e-03) m s⁻¹, extrema(T): (31.32, -1.95) ᵒC, extrema(S): (39.78, 19.18) g/kg, extrema(η): (3.38, -2.16) m, wall time: 11.740 seconds 
[ Info: time: 1481 days, iteration: 106632, Δt: 20 minutes,max|u|: (2.04e+00, 2.01e+00, 6.68e-03) m s⁻¹, extrema(T): (31.22, -1.95) ᵒC, extrema(S): (39.78, 19.17) g/kg, extrema(η): (3.40, -2.60) m, wall time: 11.622 seconds 
[ Info: time: 1482 days, iteration: 106704, Δt: 20 minutes,max|u|: (1.67e+00, 2.02e+00, 6.65e-03) m s⁻¹, extrema(T): (31.19, -1.95) ᵒC, extrema(S): (39.77, 19.19) g/kg, extrema(η): (3.22, -2.12) m, wall time: 11.621 seconds 
[ Info: time: 1483 days, iteration: 106776, Δt: 20 minutes,max|u|: (1.67e+00, 2.09e+00, 6.69e-03) m s⁻¹, extrema(T): (31.22, -1.96) ᵒC, extrema(S): (39.76, 19.20) g/kg, extrema(η): (4.02, -1.99) m, wall time: 11.617 seconds 
[ Info: time: 1484 days, iteration: 106848, Δt: 20 minutes,max|u|: (1.65e+00, 2.24e+00, 6.71e-03) m s⁻¹, extrema(T): (31.26, -1.95) ᵒC, extrema(S): (39.75, 19.25) g/kg, extrema(η): (2.61, -2.09) m, wall time: 11.703 seconds 
[ Info: time: 1485 days, iteration: 106920, Δt: 20 minutes,max|u|: (1.64e+00, 2.74e+00, 6.70e-03) m s⁻¹, extrema(T): (31.37, -1.96) ᵒC, extrema(S): (39.74, 19.26) g/kg, extrema(η): (2.77, -2.01) m, wall time: 11.675 seconds 
[ Info: time: 1486 days, iteration: 106992, Δt: 20 minutes,max|u|: (1.72e+00, 1.92e+00, 6.73e-03) m s⁻¹, extrema(T): (31.43, -1.96) ᵒC, extrema(S): (39.73, 19.22) g/kg, extrema(η): (1.35, -3.43) m, wall time: 20.730 seconds 
[ Info: time: 1487 days, iteration: 107064, Δt: 20 minutes,max|u|: (1.65e+00, 1.87e+00, 6.78e-03) m s⁻¹, extrema(T): (31.45, -1.95) ᵒC, extrema(S): (39.69, 19.18) g/kg, extrema(η): (1.33, -2.19) m, wall time: 12.922 seconds 
[ Info: time: 1488 days, iteration: 107136, Δt: 20 minutes,max|u|: (1.91e+00, 1.95e+00, 6.77e-03) m s⁻¹, extrema(T): (31.52, -1.95) ᵒC, extrema(S): (39.69, 19.15) g/kg, extrema(η): (4.00, -2.28) m, wall time: 11.848 seconds 
[ Info: time: 1489 days, iteration: 107208, Δt: 20 minutes,max|u|: (1.77e+00, 2.23e+00, 6.78e-03) m s⁻¹, extrema(T): (31.58, -1.95) ᵒC, extrema(S): (39.69, 19.10) g/kg, extrema(η): (3.42, -2.24) m, wall time: 11.882 seconds 
[ Info: time: 1490 days, iteration: 107280, Δt: 20 minutes,max|u|: (1.85e+00, 2.18e+00, 6.80e-03) m s⁻¹, extrema(T): (31.59, -1.95) ᵒC, extrema(S): (39.69, 19.08) g/kg, extrema(η): (1.45, -2.16) m, wall time: 11.838 seconds 
[ Info: time: 1491 days, iteration: 107352, Δt: 20 minutes,max|u|: (1.95e+00, 2.31e+00, 6.82e-03) m s⁻¹, extrema(T): (31.61, -1.96) ᵒC, extrema(S): (39.68, 19.07) g/kg, extrema(η): (1.39, -3.07) m, wall time: 11.847 seconds 
[ Info: time: 1492 days, iteration: 107424, Δt: 20 minutes,max|u|: (1.98e+00, 2.48e+00, 6.80e-03) m s⁻¹, extrema(T): (31.61, -1.96) ᵒC, extrema(S): (39.68, 19.03) g/kg, extrema(η): (1.39, -2.20) m, wall time: 11.912 seconds 
[ Info: time: 1493 days, iteration: 107496, Δt: 20 minutes,max|u|: (1.91e+00, 2.72e+00, 6.78e-03) m s⁻¹, extrema(T): (31.60, -1.97) ᵒC, extrema(S): (39.68, 19.00) g/kg, extrema(η): (4.02, -3.13) m, wall time: 11.906 seconds 
[ Info: time: 1494 days, iteration: 107568, Δt: 20 minutes,max|u|: (1.84e+00, 2.46e+00, 6.83e-03) m s⁻¹, extrema(T): (31.61, -1.98) ᵒC, extrema(S): (39.68, 18.97) g/kg, extrema(η): (3.19, -2.21) m, wall time: 11.930 seconds 
[ Info: time: 1495 days, iteration: 107640, Δt: 20 minutes,max|u|: (1.88e+00, 2.28e+00, 6.82e-03) m s⁻¹, extrema(T): (31.66, -1.96) ᵒC, extrema(S): (39.68, 18.95) g/kg, extrema(η): (1.42, -2.25) m, wall time: 11.951 seconds 
[ Info: time: 1496 days, iteration: 107712, Δt: 20 minutes,max|u|: (1.91e+00, 2.30e+00, 6.84e-03) m s⁻¹, extrema(T): (31.68, -1.96) ᵒC, extrema(S): (39.68, 18.94) g/kg, extrema(η): (1.39, -2.99) m, wall time: 11.911 seconds 
[ Info: time: 1497 days, iteration: 107784, Δt: 20 minutes,max|u|: (1.87e+00, 2.19e+00, 6.85e-03) m s⁻¹, extrema(T): (31.75, -1.96) ᵒC, extrema(S): (39.67, 19.13) g/kg, extrema(η): (1.39, -2.33) m, wall time: 11.868 seconds 
[ Info: time: 1498 days, iteration: 107856, Δt: 20 minutes,max|u|: (1.81e+00, 2.11e+00, 6.91e-03) m s⁻¹, extrema(T): (31.83, -1.95) ᵒC, extrema(S): (39.67, 19.47) g/kg, extrema(η): (3.41, -2.29) m, wall time: 16.805 seconds 
[ Info: time: 1499 days, iteration: 107928, Δt: 20 minutes,max|u|: (1.62e+00, 2.55e+00, 6.95e-03) m s⁻¹, extrema(T): (31.75, -1.95) ᵒC, extrema(S): (39.67, 19.58) g/kg, extrema(η): (2.91, -2.15) m, wall time: 11.867 seconds 
[ Info: time: 1500 days, iteration: 108000, Δt: 20 minutes,max|u|: (1.53e+00, 2.74e+00, 6.99e-03) m s⁻¹, extrema(T): (31.75, -1.95) ᵒC, extrema(S): (39.67, 19.59) g/kg, extrema(η): (2.22, -2.24) m, wall time: 12.016 seconds 
[ Info: time: 1501 days, iteration: 108072, Δt: 20 minutes,max|u|: (1.65e+00, 1.96e+00, 7.01e-03) m s⁻¹, extrema(T): (31.79, -1.95) ᵒC, extrema(S): (39.66, 19.66) g/kg, extrema(η): (2.71, -2.62) m, wall time: 11.912 seconds 
[ Info: time: 1502 days, iteration: 108144, Δt: 20 minutes,max|u|: (1.49e+00, 1.89e+00, 7.01e-03) m s⁻¹, extrema(T): (31.78, -1.95) ᵒC, extrema(S): (39.65, 19.68) g/kg, extrema(η): (3.13, -2.27) m, wall time: 11.920 seconds 
[ Info: time: 1503 days, iteration: 108216, Δt: 20 minutes,max|u|: (1.51e+00, 1.90e+00, 7.07e-03) m s⁻¹, extrema(T): (31.80, -1.95) ᵒC, extrema(S): (39.64, 19.67) g/kg, extrema(η): (3.26, -2.17) m, wall time: 11.861 seconds 
[ Info: time: 1504 days, iteration: 108288, Δt: 20 minutes,max|u|: (1.55e+00, 2.27e+00, 7.03e-03) m s⁻¹, extrema(T): (31.81, -1.95) ᵒC, extrema(S): (39.64, 19.67) g/kg, extrema(η): (4.57, -2.20) m, wall time: 11.881 seconds 
[ Info: time: 1505 days, iteration: 108360, Δt: 20 minutes,max|u|: (1.53e+00, 1.93e+00, 7.05e-03) m s⁻¹, extrema(T): (31.84, -1.95) ᵒC, extrema(S): (39.64, 19.65) g/kg, extrema(η): (3.09, -2.18) m, wall time: 11.816 seconds 
[ Info: time: 1506 days, iteration: 108432, Δt: 20 minutes,max|u|: (1.57e+00, 1.85e+00, 7.04e-03) m s⁻¹, extrema(T): (31.76, -1.95) ᵒC, extrema(S): (39.64, 19.65) g/kg, extrema(η): (2.81, -2.62) m, wall time: 11.929 seconds 
[ Info: time: 1507 days, iteration: 108504, Δt: 20 minutes,max|u|: (1.57e+00, 1.83e+00, 7.01e-03) m s⁻¹, extrema(T): (31.59, -1.95) ᵒC, extrema(S): (39.64, 19.62) g/kg, extrema(η): (2.47, -2.44) m, wall time: 11.937 seconds 
[ Info: time: 1508 days, iteration: 108576, Δt: 20 minutes,max|u|: (2.08e+00, 1.79e+00, 6.98e-03) m s⁻¹, extrema(T): (31.50, -1.96) ᵒC, extrema(S): (39.63, 19.58) g/kg, extrema(η): (2.13, -2.27) m, wall time: 11.805 seconds 
[ Info: time: 1509 days, iteration: 108648, Δt: 20 minutes,max|u|: (2.04e+00, 2.00e+00, 6.99e-03) m s⁻¹, extrema(T): (31.40, -1.96) ᵒC, extrema(S): (39.63, 19.55) g/kg, extrema(η): (4.66, -2.29) m, wall time: 11.858 seconds 
[ Info: time: 1510 days, iteration: 108720, Δt: 20 minutes,max|u|: (1.99e+00, 2.06e+00, 7.01e-03) m s⁻¹, extrema(T): (31.29, -1.96) ᵒC, extrema(S): (39.63, 19.56) g/kg, extrema(η): (2.44, -2.29) m, wall time: 16.822 seconds 
[ Info: time: 1511 days, iteration: 108792, Δt: 20 minutes,max|u|: (1.83e+00, 2.09e+00, 6.95e-03) m s⁻¹, extrema(T): (31.18, -1.96) ᵒC, extrema(S): (39.63, 19.55) g/kg, extrema(η): (1.38, -2.32) m, wall time: 11.873 seconds 
[ Info: time: 1512 days, iteration: 108864, Δt: 20 minutes,max|u|: (1.79e+00, 2.29e+00, 6.88e-03) m s⁻¹, extrema(T): (31.11, -1.96) ᵒC, extrema(S): (39.62, 19.50) g/kg, extrema(η): (1.39, -2.65) m, wall time: 11.916 seconds 
[ Info: time: 1513 days, iteration: 108936, Δt: 20 minutes,max|u|: (1.99e+00, 2.57e+00, 6.84e-03) m s⁻¹, extrema(T): (31.10, -1.97) ᵒC, extrema(S): (39.62, 19.54) g/kg, extrema(η): (1.38, -2.16) m, wall time: 11.884 seconds 
[ Info: time: 1514 days, iteration: 109008, Δt: 20 minutes,max|u|: (2.92e+00, 2.80e+00, 6.82e-03) m s⁻¹, extrema(T): (31.08, -1.97) ᵒC, extrema(S): (39.62, 19.57) g/kg, extrema(η): (4.00, -2.13) m, wall time: 11.949 seconds 
[ Info: time: 1515 days, iteration: 109080, Δt: 20 minutes,max|u|: (3.17e+00, 2.85e+00, 6.82e-03) m s⁻¹, extrema(T): (31.04, -1.96) ᵒC, extrema(S): (39.62, 19.59) g/kg, extrema(η): (2.76, -2.17) m, wall time: 11.820 seconds 
[ Info: time: 1516 days, iteration: 109152, Δt: 20 minutes,max|u|: (1.93e+00, 2.51e+00, 6.84e-03) m s⁻¹, extrema(T): (31.00, -1.96) ᵒC, extrema(S): (39.62, 19.62) g/kg, extrema(η): (1.40, -2.16) m, wall time: 11.859 seconds 
[ Info: time: 1517 days, iteration: 109224, Δt: 20 minutes,max|u|: (2.28e+00, 2.18e+00, 6.87e-03) m s⁻¹, extrema(T): (31.01, -1.95) ᵒC, extrema(S): (39.61, 19.78) g/kg, extrema(η): (1.37, -3.80) m, wall time: 11.895 seconds 
[ Info: time: 1518 days, iteration: 109296, Δt: 20 minutes,max|u|: (2.18e+00, 1.82e+00, 6.80e-03) m s⁻¹, extrema(T): (31.03, -1.95) ᵒC, extrema(S): (39.61, 19.84) g/kg, extrema(η): (2.10, -2.30) m, wall time: 13.044 seconds 
[ Info: time: 1519 days, iteration: 109368, Δt: 20 minutes,max|u|: (1.33e+00, 1.51e+00, 6.86e-03) m s⁻¹, extrema(T): (31.07, -1.95) ᵒC, extrema(S): (39.59, 19.82) g/kg, extrema(η): (3.81, -2.27) m, wall time: 11.929 seconds 
[ Info: time: 1520 days, iteration: 109440, Δt: 20 minutes,max|u|: (1.40e+00, 1.50e+00, 6.80e-03) m s⁻¹, extrema(T): (31.11, -1.95) ᵒC, extrema(S): (39.59, 19.85) g/kg, extrema(η): (3.74, -2.33) m, wall time: 11.920 seconds 
[ Info: Saving checkpoint file
[ Info: time: 1521 days, iteration: 109512, Δt: 20 minutes,max|u|: (1.72e+00, 1.62e+00, 6.78e-03) m s⁻¹, extrema(T): (31.16, -1.95) ᵒC, extrema(S): (39.59, 19.79) g/kg, extrema(η): (1.31, -2.06) m, wall time: 17.677 seconds 
[ Info: time: 1522 days, iteration: 109584, Δt: 20 minutes,max|u|: (1.38e+00, 1.49e+00, 6.77e-03) m s⁻¹, extrema(T): (31.18, -1.95) ᵒC, extrema(S): (39.59, 19.64) g/kg, extrema(η): (1.34, -3.69) m, wall time: 11.727 seconds 
[ Info: time: 1523 days, iteration: 109656, Δt: 20 minutes,max|u|: (1.27e+00, 1.61e+00, 6.81e-03) m s⁻¹, extrema(T): (31.19, -1.95) ᵒC, extrema(S): (39.59, 19.51) g/kg, extrema(η): (2.04, -2.05) m, wall time: 16.520 seconds 
[ Info: time: 1524 days, iteration: 109728, Δt: 20 minutes,max|u|: (1.52e+00, 1.49e+00, 6.78e-03) m s⁻¹, extrema(T): (31.17, -1.95) ᵒC, extrema(S): (39.59, 19.40) g/kg, extrema(η): (3.38, -2.17) m, wall time: 11.664 seconds 
[ Info: time: 1525 days, iteration: 109800, Δt: 20 minutes,max|u|: (1.28e+00, 1.55e+00, 6.78e-03) m s⁻¹, extrema(T): (31.19, -1.95) ᵒC, extrema(S): (39.59, 19.31) g/kg, extrema(η): (4.23, -2.09) m, wall time: 11.653 seconds 
[ Info: time: 1526 days, iteration: 109872, Δt: 20 minutes,max|u|: (1.54e+00, 1.60e+00, 6.73e-03) m s⁻¹, extrema(T): (31.26, -1.95) ᵒC, extrema(S): (39.58, 19.20) g/kg, extrema(η): (3.32, -2.24) m, wall time: 11.624 seconds 
[ Info: time: 1527 days, iteration: 109944, Δt: 20 minutes,max|u|: (1.31e+00, 1.51e+00, 6.71e-03) m s⁻¹, extrema(T): (31.25, -1.95) ᵒC, extrema(S): (39.57, 19.13) g/kg, extrema(η): (3.47, -3.33) m, wall time: 11.712 seconds 
[ Info: time: 1528 days, iteration: 110016, Δt: 20 minutes,max|u|: (1.32e+00, 1.63e+00, 6.77e-03) m s⁻¹, extrema(T): (31.25, -1.95) ᵒC, extrema(S): (39.57, 19.06) g/kg, extrema(η): (3.39, -2.14) m, wall time: 11.839 seconds 
[ Info: time: 1529 days, iteration: 110088, Δt: 20 minutes,max|u|: (1.33e+00, 1.61e+00, 6.80e-03) m s⁻¹, extrema(T): (31.25, -1.95) ᵒC, extrema(S): (39.57, 19.00) g/kg, extrema(η): (3.15, -2.17) m, wall time: 11.643 seconds 
[ Info: time: 1530 days, iteration: 110160, Δt: 20 minutes,max|u|: (1.50e+00, 1.79e+00, 6.78e-03) m s⁻¹, extrema(T): (31.25, -1.95) ᵒC, extrema(S): (39.57, 18.95) g/kg, extrema(η): (4.47, -2.21) m, wall time: 11.698 seconds 
[ Info: time: 1531 days, iteration: 110232, Δt: 20 minutes,max|u|: (1.38e+00, 1.58e+00, 6.82e-03) m s⁻¹, extrema(T): (31.26, -1.95) ᵒC, extrema(S): (39.57, 18.90) g/kg, extrema(η): (2.29, -2.27) m, wall time: 11.698 seconds 
[ Info: time: 1532 days, iteration: 110304, Δt: 20 minutes,max|u|: (1.37e+00, 1.60e+00, 6.87e-03) m s⁻¹, extrema(T): (31.20, -1.95) ᵒC, extrema(S): (39.57, 18.85) g/kg, extrema(η): (1.80, -3.01) m, wall time: 11.776 seconds 
[ Info: time: 1533 days, iteration: 110376, Δt: 20 minutes,max|u|: (1.65e+00, 1.73e+00, 6.94e-03) m s⁻¹, extrema(T): (31.22, -1.95) ᵒC, extrema(S): (39.57, 18.81) g/kg, extrema(η): (1.95, -2.36) m, wall time: 11.690 seconds 
[ Info: time: 1534 days, iteration: 110448, Δt: 20 minutes,max|u|: (1.56e+00, 1.66e+00, 6.92e-03) m s⁻¹, extrema(T): (31.25, -1.96) ᵒC, extrema(S): (39.57, 18.77) g/kg, extrema(η): (1.83, -2.04) m, wall time: 11.755 seconds 
[ Info: time: 1535 days, iteration: 110520, Δt: 20 minutes,max|u|: (2.47e+00, 1.85e+00, 6.89e-03) m s⁻¹, extrema(T): (31.28, -1.96) ᵒC, extrema(S): (39.57, 18.75) g/kg, extrema(η): (4.49, -2.03) m, wall time: 16.694 seconds 
[ Info: time: 1536 days, iteration: 110592, Δt: 20 minutes,max|u|: (1.52e+00, 1.61e+00, 6.92e-03) m s⁻¹, extrema(T): (31.31, -1.96) ᵒC, extrema(S): (39.57, 18.74) g/kg, extrema(η): (2.05, -2.13) m, wall time: 11.787 seconds 
[ Info: time: 1537 days, iteration: 110664, Δt: 20 minutes,max|u|: (1.53e+00, 1.57e+00, 6.93e-03) m s⁻¹, extrema(T): (31.32, -1.96) ᵒC, extrema(S): (39.57, 18.71) g/kg, extrema(η): (1.24, -2.27) m, wall time: 11.778 seconds 
[ Info: time: 1538 days, iteration: 110736, Δt: 20 minutes,max|u|: (1.45e+00, 1.59e+00, 6.97e-03) m s⁻¹, extrema(T): (31.34, -1.96) ᵒC, extrema(S): (39.57, 18.68) g/kg, extrema(η): (1.26, -3.32) m, wall time: 11.712 seconds 
[ Info: time: 1539 days, iteration: 110808, Δt: 20 minutes,max|u|: (1.46e+00, 1.71e+00, 6.98e-03) m s⁻¹, extrema(T): (31.36, -1.96) ᵒC, extrema(S): (39.57, 18.66) g/kg, extrema(η): (1.24, -2.22) m, wall time: 11.739 seconds 
[ Info: time: 1540 days, iteration: 110880, Δt: 20 minutes,max|u|: (1.55e+00, 1.56e+00, 6.89e-03) m s⁻¹, extrema(T): (31.38, -1.96) ᵒC, extrema(S): (39.57, 18.63) g/kg, extrema(η): (4.34, -2.28) m, wall time: 11.666 seconds 
[ Info: time: 1541 days, iteration: 110952, Δt: 20 minutes,max|u|: (1.51e+00, 1.57e+00, 6.88e-03) m s⁻¹, extrema(T): (31.37, -1.96) ᵒC, extrema(S): (39.57, 18.60) g/kg, extrema(η): (2.69, -2.10) m, wall time: 11.701 seconds 
[ Info: time: 1542 days, iteration: 111024, Δt: 20 minutes,max|u|: (1.56e+00, 1.58e+00, 6.93e-03) m s⁻¹, extrema(T): (31.39, -1.95) ᵒC, extrema(S): (39.56, 18.59) g/kg, extrema(η): (1.17, -2.22) m, wall time: 11.693 seconds 
[ Info: time: 1543 days, iteration: 111096, Δt: 20 minutes,max|u|: (1.59e+00, 1.59e+00, 6.91e-03) m s⁻¹, extrema(T): (31.40, -1.95) ᵒC, extrema(S): (39.56, 18.56) g/kg, extrema(η): (1.24, -3.96) m, wall time: 11.789 seconds 
[ Info: time: 1544 days, iteration: 111168, Δt: 20 minutes,max|u|: (2.80e+00, 1.72e+00, 6.96e-03) m s⁻¹, extrema(T): (31.41, -1.95) ᵒC, extrema(S): (39.56, 18.57) g/kg, extrema(η): (1.39, -2.29) m, wall time: 11.698 seconds 
[ Info: time: 1545 days, iteration: 111240, Δt: 20 minutes,max|u|: (1.71e+00, 1.56e+00, 6.93e-03) m s⁻¹, extrema(T): (31.31, -1.95) ᵒC, extrema(S): (39.56, 18.68) g/kg, extrema(η): (4.13, -2.30) m, wall time: 11.734 seconds 
[ Info: time: 1546 days, iteration: 111312, Δt: 20 minutes,max|u|: (1.88e+00, 1.56e+00, 6.96e-03) m s⁻¹, extrema(T): (31.11, -1.95) ᵒC, extrema(S): (39.56, 18.94) g/kg, extrema(η): (3.25, -2.20) m, wall time: 11.689 seconds 
[ Info: time: 1547 days, iteration: 111384, Δt: 20 minutes,max|u|: (1.71e+00, 1.80e+00, 6.95e-03) m s⁻¹, extrema(T): (31.06, -1.94) ᵒC, extrema(S): (39.56, 19.52) g/kg, extrema(η): (2.13, -2.17) m, wall time: 16.597 seconds 
[ Info: time: 1548 days, iteration: 111456, Δt: 20 minutes,max|u|: (1.69e+00, 1.53e+00, 6.96e-03) m s⁻¹, extrema(T): (31.04, -1.94) ᵒC, extrema(S): (39.55, 19.74) g/kg, extrema(η): (2.63, -3.35) m, wall time: 11.788 seconds 
[ Info: time: 1549 days, iteration: 111528, Δt: 20 minutes,max|u|: (1.70e+00, 1.66e+00, 6.92e-03) m s⁻¹, extrema(T): (31.14, -1.94) ᵒC, extrema(S): (39.55, 19.61) g/kg, extrema(η): (3.07, -2.28) m, wall time: 13.049 seconds 
[ Info: time: 1550 days, iteration: 111600, Δt: 20 minutes,max|u|: (1.98e+00, 1.54e+00, 6.97e-03) m s⁻¹, extrema(T): (31.07, -1.93) ᵒC, extrema(S): (39.55, 19.44) g/kg, extrema(η): (3.36, -2.27) m, wall time: 11.753 seconds 
[ Info: time: 1551 days, iteration: 111672, Δt: 20 minutes,max|u|: (1.88e+00, 1.64e+00, 6.93e-03) m s⁻¹, extrema(T): (31.08, -1.93) ᵒC, extrema(S): (39.55, 19.33) g/kg, extrema(η): (4.32, -2.26) m, wall time: 11.702 seconds 
[ Info: time: 1552 days, iteration: 111744, Δt: 20 minutes,max|u|: (1.76e+00, 1.72e+00, 6.97e-03) m s⁻¹, extrema(T): (31.06, -1.93) ᵒC, extrema(S): (39.55, 19.27) g/kg, extrema(η): (2.90, -2.29) m, wall time: 11.698 seconds 
[ Info: time: 1553 days, iteration: 111816, Δt: 20 minutes,max|u|: (1.78e+00, 1.62e+00, 6.96e-03) m s⁻¹, extrema(T): (31.07, -1.93) ᵒC, extrema(S): (39.55, 19.25) g/kg, extrema(η): (2.64, -2.53) m, wall time: 11.685 seconds 
[ Info: time: 1554 days, iteration: 111888, Δt: 20 minutes,max|u|: (1.78e+00, 1.58e+00, 6.95e-03) m s⁻¹, extrema(T): (31.09, -1.92) ᵒC, extrema(S): (39.55, 19.15) g/kg, extrema(η): (2.30, -2.31) m, wall time: 11.683 seconds 
[ Info: time: 1555 days, iteration: 111960, Δt: 20 minutes,max|u|: (1.84e+00, 1.64e+00, 6.95e-03) m s⁻¹, extrema(T): (31.17, -1.92) ᵒC, extrema(S): (39.54, 19.05) g/kg, extrema(η): (2.28, -2.20) m, wall time: 11.814 seconds 
[ Info: time: 1556 days, iteration: 112032, Δt: 20 minutes,max|u|: (1.82e+00, 1.57e+00, 6.94e-03) m s⁻¹, extrema(T): (31.09, -1.92) ᵒC, extrema(S): (39.54, 19.00) g/kg, extrema(η): (4.67, -2.22) m, wall time: 11.739 seconds 
[ Info: time: 1557 days, iteration: 112104, Δt: 20 minutes,max|u|: (1.82e+00, 1.59e+00, 6.94e-03) m s⁻¹, extrema(T): (31.16, -1.92) ᵒC, extrema(S): (39.54, 18.92) g/kg, extrema(η): (2.23, -2.08) m, wall time: 11.723 seconds 
[ Info: time: 1558 days, iteration: 112176, Δt: 20 minutes,max|u|: (1.86e+00, 1.56e+00, 6.94e-03) m s⁻¹, extrema(T): (31.13, -1.91) ᵒC, extrema(S): (39.54, 19.09) g/kg, extrema(η): (1.20, -2.23) m, wall time: 11.716 seconds 
[ Info: time: 1559 days, iteration: 112248, Δt: 20 minutes,max|u|: (1.89e+00, 1.55e+00, 6.96e-03) m s⁻¹, extrema(T): (31.17, -1.91) ᵒC, extrema(S): (39.54, 19.61) g/kg, extrema(η): (1.16, -3.19) m, wall time: 11.765 seconds 
[ Info: time: 1560 days, iteration: 112320, Δt: 20 minutes,max|u|: (1.90e+00, 1.70e+00, 6.97e-03) m s⁻¹, extrema(T): (31.21, -1.91) ᵒC, extrema(S): (39.54, 19.60) g/kg, extrema(η): (1.25, -2.16) m, wall time: 16.590 seconds 
[ Info: time: 1561 days, iteration: 112392, Δt: 20 minutes,max|u|: (1.91e+00, 1.52e+00, 7.04e-03) m s⁻¹, extrema(T): (31.23, -1.91) ᵒC, extrema(S): (39.54, 19.54) g/kg, extrema(η): (4.41, -2.29) m, wall time: 11.729 seconds 
[ Info: time: 1562 days, iteration: 112464, Δt: 20 minutes,max|u|: (1.91e+00, 1.51e+00, 7.05e-03) m s⁻¹, extrema(T): (31.20, -1.91) ᵒC, extrema(S): (39.54, 19.45) g/kg, extrema(η): (3.20, -2.30) m, wall time: 11.815 seconds 
[ Info: time: 1563 days, iteration: 112536, Δt: 20 minutes,max|u|: (1.89e+00, 1.53e+00, 7.05e-03) m s⁻¹, extrema(T): (31.23, -1.91) ᵒC, extrema(S): (39.54, 19.53) g/kg, extrema(η): (1.32, -2.31) m, wall time: 11.748 seconds 
[ Info: time: 1564 days, iteration: 112608, Δt: 20 minutes,max|u|: (1.92e+00, 2.10e+00, 7.04e-03) m s⁻¹, extrema(T): (31.22, -1.91) ᵒC, extrema(S): (39.54, 19.55) g/kg, extrema(η): (1.36, -3.65) m, wall time: 11.751 seconds 
[ Info: time: 1565 days, iteration: 112680, Δt: 20 minutes,max|u|: (1.92e+00, 2.23e+00, 7.01e-03) m s⁻¹, extrema(T): (31.24, -1.91) ᵒC, extrema(S): (39.54, 19.49) g/kg, extrema(η): (1.36, -2.34) m, wall time: 11.650 seconds 
[ Info: time: 1566 days, iteration: 112752, Δt: 20 minutes,max|u|: (1.92e+00, 1.47e+00, 7.03e-03) m s⁻¹, extrema(T): (31.27, -1.91) ᵒC, extrema(S): (39.53, 19.52) g/kg, extrema(η): (3.47, -2.29) m, wall time: 11.721 seconds 
[ Info: time: 1567 days, iteration: 112824, Δt: 20 minutes,max|u|: (2.07e+00, 1.48e+00, 6.97e-03) m s⁻¹, extrema(T): (31.37, -1.91) ᵒC, extrema(S): (39.53, 19.41) g/kg, extrema(η): (3.78, -2.21) m, wall time: 11.711 seconds 
[ Info: time: 1568 days, iteration: 112896, Δt: 20 minutes,max|u|: (1.97e+00, 1.64e+00, 6.92e-03) m s⁻¹, extrema(T): (31.31, -1.91) ᵒC, extrema(S): (39.53, 19.48) g/kg, extrema(η): (1.34, -2.06) m, wall time: 11.708 seconds 
[ Info: time: 1569 days, iteration: 112968, Δt: 20 minutes,max|u|: (1.99e+00, 1.50e+00, 6.91e-03) m s⁻¹, extrema(T): (31.34, -1.91) ᵒC, extrema(S): (39.53, 19.55) g/kg, extrema(η): (1.67, -3.91) m, wall time: 11.694 seconds 
[ Info: time: 1570 days, iteration: 113040, Δt: 20 minutes,max|u|: (1.98e+00, 1.50e+00, 6.88e-03) m s⁻¹, extrema(T): (31.44, -1.91) ᵒC, extrema(S): (39.54, 19.55) g/kg, extrema(η): (2.29, -2.04) m, wall time: 11.764 seconds 
[ Info: time: 1571 days, iteration: 113112, Δt: 20 minutes,max|u|: (1.97e+00, 1.57e+00, 6.89e-03) m s⁻¹, extrema(T): (31.34, -1.91) ᵒC, extrema(S): (39.54, 19.56) g/kg, extrema(η): (2.79, -2.03) m, wall time: 11.785 seconds 
[ Info: time: 1572 days, iteration: 113184, Δt: 20 minutes,max|u|: (1.95e+00, 1.54e+00, 6.85e-03) m s⁻¹, extrema(T): (31.24, -1.91) ᵒC, extrema(S): (39.54, 19.46) g/kg, extrema(η): (4.42, -2.05) m, wall time: 16.699 seconds 
[ Info: time: 1573 days, iteration: 113256, Δt: 20 minutes,max|u|: (1.90e+00, 1.65e+00, 6.88e-03) m s⁻¹, extrema(T): (31.20, -1.91) ᵒC, extrema(S): (39.55, 19.46) g/kg, extrema(η): (3.24, -2.13) m, wall time: 11.725 seconds 
[ Info: time: 1574 days, iteration: 113328, Δt: 20 minutes,max|u|: (1.91e+00, 1.54e+00, 6.89e-03) m s⁻¹, extrema(T): (31.32, -1.92) ᵒC, extrema(S): (39.55, 19.49) g/kg, extrema(η): (3.19, -2.91) m, wall time: 11.764 seconds 
[ Info: time: 1575 days, iteration: 113400, Δt: 20 minutes,max|u|: (1.91e+00, 1.54e+00, 6.88e-03) m s⁻¹, extrema(T): (31.23, -1.92) ᵒC, extrema(S): (39.55, 19.38) g/kg, extrema(η): (3.10, -2.67) m, wall time: 11.779 seconds 
[ Info: time: 1576 days, iteration: 113472, Δt: 20 minutes,max|u|: (1.94e+00, 1.69e+00, 6.83e-03) m s⁻¹, extrema(T): (31.20, -1.92) ᵒC, extrema(S): (39.56, 19.37) g/kg, extrema(η): (2.76, -2.16) m, wall time: 11.760 seconds 
[ Info: time: 1577 days, iteration: 113544, Δt: 20 minutes,max|u|: (1.94e+00, 1.52e+00, 6.87e-03) m s⁻¹, extrema(T): (31.20, -1.92) ᵒC, extrema(S): (39.56, 19.58) g/kg, extrema(η): (4.39, -2.10) m, wall time: 11.778 seconds 
[ Info: time: 1578 days, iteration: 113616, Δt: 20 minutes,max|u|: (1.94e+00, 1.51e+00, 6.88e-03) m s⁻¹, extrema(T): (31.33, -1.93) ᵒC, extrema(S): (39.56, 19.51) g/kg, extrema(η): (2.73, -2.22) m, wall time: 11.761 seconds 
[ Info: time: 1579 days, iteration: 113688, Δt: 20 minutes,max|u|: (2.05e+00, 1.63e+00, 6.86e-03) m s⁻¹, extrema(T): (31.25, -1.93) ᵒC, extrema(S): (39.56, 19.68) g/kg, extrema(η): (1.30, -2.10) m, wall time: 11.727 seconds 
[ Info: time: 1580 days, iteration: 113760, Δt: 20 minutes,max|u|: (1.91e+00, 1.48e+00, 6.83e-03) m s⁻¹, extrema(T): (31.30, -1.93) ᵒC, extrema(S): (39.56, 19.62) g/kg, extrema(η): (1.26, -3.21) m, wall time: 13.146 seconds 
[ Info: time: 1581 days, iteration: 113832, Δt: 20 minutes,max|u|: (1.92e+00, 1.71e+00, 6.83e-03) m s⁻¹, extrema(T): (31.27, -1.93) ᵒC, extrema(S): (39.55, 19.68) g/kg, extrema(η): (1.34, -2.27) m, wall time: 11.676 seconds 
[ Info: time: 1582 days, iteration: 113904, Δt: 20 minutes,max|u|: (1.89e+00, 1.49e+00, 6.86e-03) m s⁻¹, extrema(T): (31.23, -1.93) ᵒC, extrema(S): (39.55, 19.63) g/kg, extrema(η): (3.88, -2.19) m, wall time: 11.733 seconds 
[ Info: time: 1583 days, iteration: 113976, Δt: 20 minutes,max|u|: (1.88e+00, 1.49e+00, 6.88e-03) m s⁻¹, extrema(T): (31.25, -1.93) ᵒC, extrema(S): (39.55, 19.59) g/kg, extrema(η): (4.09, -2.22) m, wall time: 11.666 seconds 
[ Info: time: 1584 days, iteration: 114048, Δt: 20 minutes,max|u|: (1.82e+00, 1.74e+00, 6.82e-03) m s⁻¹, extrema(T): (31.30, -1.93) ᵒC, extrema(S): (39.55, 19.59) g/kg, extrema(η): (1.32, -2.32) m, wall time: 11.735 seconds 
[ Info: time: 1585 days, iteration: 114120, Δt: 20 minutes,max|u|: (1.78e+00, 1.50e+00, 6.80e-03) m s⁻¹, extrema(T): (31.29, -1.93) ᵒC, extrema(S): (39.56, 19.47) g/kg, extrema(η): (1.35, -4.04) m, wall time: 22.200 seconds 
[ Info: time: 1586 days, iteration: 114192, Δt: 20 minutes,max|u|: (1.77e+00, 1.67e+00, 6.81e-03) m s⁻¹, extrema(T): (31.32, -1.92) ᵒC, extrema(S): (39.56, 19.58) g/kg, extrema(η): (1.35, -2.23) m, wall time: 11.771 seconds 
[ Info: time: 1587 days, iteration: 114264, Δt: 20 minutes,max|u|: (1.77e+00, 1.52e+00, 6.78e-03) m s⁻¹, extrema(T): (31.32, -1.93) ᵒC, extrema(S): (39.56, 19.59) g/kg, extrema(η): (3.24, -2.11) m, wall time: 11.767 seconds 
[ Info: time: 1588 days, iteration: 114336, Δt: 20 minutes,max|u|: (1.80e+00, 1.51e+00, 6.76e-03) m s⁻¹, extrema(T): (31.30, -1.92) ᵒC, extrema(S): (39.57, 19.64) g/kg, extrema(η): (3.64, -2.12) m, wall time: 11.787 seconds 
[ Info: time: 1589 days, iteration: 114408, Δt: 20 minutes,max|u|: (1.77e+00, 1.64e+00, 6.81e-03) m s⁻¹, extrema(T): (31.33, -1.92) ᵒC, extrema(S): (39.56, 18.89) g/kg, extrema(η): (1.32, -2.05) m, wall time: 11.750 seconds 
[ Info: time: 1590 days, iteration: 114480, Δt: 20 minutes,max|u|: (2.03e+00, 1.51e+00, 6.81e-03) m s⁻¹, extrema(T): (31.33, -1.92) ᵒC, extrema(S): (39.56, 17.80) g/kg, extrema(η): (1.35, -4.03) m, wall time: 11.773 seconds 
[ Info: time: 1591 days, iteration: 114552, Δt: 20 minutes,max|u|: (2.01e+00, 1.91e+00, 6.84e-03) m s⁻¹, extrema(T): (31.33, -1.92) ᵒC, extrema(S): (39.56, 17.14) g/kg, extrema(η): (1.52, -2.39) m, wall time: 11.758 seconds 
[ Info: time: 1592 days, iteration: 114624, Δt: 20 minutes,max|u|: (2.32e+00, 1.65e+00, 6.94e-03) m s⁻¹, extrema(T): (31.36, -1.92) ᵒC, extrema(S): (39.56, 16.93) g/kg, extrema(η): (2.30, -2.19) m, wall time: 11.763 seconds 
[ Info: time: 1593 days, iteration: 114696, Δt: 20 minutes,max|u|: (2.41e+00, 1.54e+00, 6.95e-03) m s⁻¹, extrema(T): (31.39, -1.91) ᵒC, extrema(S): (39.56, 16.49) g/kg, extrema(η): (4.19, -2.24) m, wall time: 11.704 seconds 
[ Info: time: 1594 days, iteration: 114768, Δt: 20 minutes,max|u|: (2.13e+00, 1.65e+00, 6.95e-03) m s⁻¹, extrema(T): (31.34, -1.90) ᵒC, extrema(S): (39.57, 16.69) g/kg, extrema(η): (2.48, -2.24) m, wall time: 11.790 seconds 
[ Info: time: 1595 days, iteration: 114840, Δt: 20 minutes,max|u|: (1.62e+00, 1.47e+00, 6.99e-03) m s⁻¹, extrema(T): (31.31, -1.91) ᵒC, extrema(S): (39.57, 16.46) g/kg, extrema(η): (2.93, -3.59) m, wall time: 11.724 seconds 
[ Info: time: 1596 days, iteration: 114912, Δt: 20 minutes,max|u|: (1.57e+00, 1.47e+00, 7.00e-03) m s⁻¹, extrema(T): (31.33, -1.92) ᵒC, extrema(S): (39.57, 16.37) g/kg, extrema(η): (3.22, -3.12) m, wall time: 11.751 seconds 
[ Info: time: 1597 days, iteration: 114984, Δt: 20 minutes,max|u|: (1.60e+00, 1.68e+00, 6.89e-03) m s⁻¹, extrema(T): (31.35, -1.92) ᵒC, extrema(S): (39.57, 16.71) g/kg, extrema(η): (3.34, -2.26) m, wall time: 16.541 seconds 
[ Info: time: 1598 days, iteration: 115056, Δt: 20 minutes,max|u|: (1.96e+00, 1.46e+00, 6.85e-03) m s⁻¹, extrema(T): (31.33, -1.93) ᵒC, extrema(S): (39.58, 16.84) g/kg, extrema(η): (4.45, -2.26) m, wall time: 11.683 seconds 
[ Info: time: 1599 days, iteration: 115128, Δt: 20 minutes,max|u|: (1.58e+00, 1.48e+00, 6.84e-03) m s⁻¹, extrema(T): (31.33, -1.93) ᵒC, extrema(S): (39.59, 16.49) g/kg, extrema(η): (3.06, -2.02) m, wall time: 11.738 seconds 
[ Info: time: 1600 days, iteration: 115200, Δt: 20 minutes,max|u|: (1.57e+00, 1.47e+00, 6.80e-03) m s⁻¹, extrema(T): (31.45, -1.93) ᵒC, extrema(S): (39.59, 16.73) g/kg, extrema(η): (2.66, -2.30) m, wall time: 11.811 seconds 
[ Info: time: 1601 days, iteration: 115272, Δt: 20 minutes,max|u|: (1.67e+00, 1.51e+00, 6.82e-03) m s⁻¹, extrema(T): (31.52, -1.93) ᵒC, extrema(S): (39.59, 17.51) g/kg, extrema(η): (2.30, -3.37) m, wall time: 11.760 seconds 
[ Info: time: 1602 days, iteration: 115344, Δt: 20 minutes,max|u|: (1.61e+00, 1.80e+00, 6.79e-03) m s⁻¹, extrema(T): (31.51, -1.93) ᵒC, extrema(S): (39.59, 17.26) g/kg, extrema(η): (1.87, -2.15) m, wall time: 11.800 seconds 
[ Info: time: 1603 days, iteration: 115416, Δt: 20 minutes,max|u|: (1.50e+00, 1.47e+00, 6.73e-03) m s⁻¹, extrema(T): (31.49, -1.94) ᵒC, extrema(S): (39.59, 16.99) g/kg, extrema(η): (4.15, -2.20) m, wall time: 11.838 seconds 
[ Info: time: 1604 days, iteration: 115488, Δt: 20 minutes,max|u|: (1.51e+00, 1.47e+00, 6.69e-03) m s⁻¹, extrema(T): (31.51, -1.94) ᵒC, extrema(S): (39.60, 17.26) g/kg, extrema(η): (3.17, -2.11) m, wall time: 11.705 seconds 
[ Info: time: 1605 days, iteration: 115560, Δt: 20 minutes,max|u|: (1.54e+00, 1.60e+00, 6.67e-03) m s⁻¹, extrema(T): (31.51, -1.94) ᵒC, extrema(S): (39.60, 17.34) g/kg, extrema(η): (1.17, -2.00) m, wall time: 11.783 seconds 
[ Info: time: 1606 days, iteration: 115632, Δt: 20 minutes,max|u|: (1.45e+00, 1.46e+00, 6.62e-03) m s⁻¹, extrema(T): (31.46, -1.93) ᵒC, extrema(S): (39.60, 18.15) g/kg, extrema(η): (1.18, -3.75) m, wall time: 11.755 seconds 
[ Info: time: 1607 days, iteration: 115704, Δt: 20 minutes,max|u|: (1.46e+00, 1.58e+00, 6.62e-03) m s⁻¹, extrema(T): (31.42, -1.91) ᵒC, extrema(S): (39.60, 18.94) g/kg, extrema(η): (1.17, -2.12) m, wall time: 11.833 seconds 
[ Info: time: 1608 days, iteration: 115776, Δt: 20 minutes,max|u|: (1.49e+00, 1.45e+00, 6.60e-03) m s⁻¹, extrema(T): (31.42, -1.90) ᵒC, extrema(S): (39.60, 18.74) g/kg, extrema(η): (3.43, -2.08) m, wall time: 11.775 seconds 
[ Info: time: 1609 days, iteration: 115848, Δt: 20 minutes,max|u|: (1.41e+00, 1.44e+00, 6.61e-03) m s⁻¹, extrema(T): (31.39, -1.93) ᵒC, extrema(S): (39.61, 18.93) g/kg, extrema(η): (4.09, -2.17) m, wall time: 16.685 seconds 
[ Info: time: 1610 days, iteration: 115920, Δt: 20 minutes,max|u|: (1.41e+00, 1.71e+00, 6.55e-03) m s⁻¹, extrema(T): (31.37, -1.93) ᵒC, extrema(S): (39.61, 19.08) g/kg, extrema(η): (1.39, -2.17) m, wall time: 11.762 seconds 
[ Info: time: 1611 days, iteration: 115992, Δt: 20 minutes,max|u|: (1.57e+00, 1.43e+00, 6.54e-03) m s⁻¹, extrema(T): (31.33, -1.93) ᵒC, extrema(S): (39.61, 19.18) g/kg, extrema(η): (1.44, -3.72) m, wall time: 13.063 seconds 
[ Info: time: 1612 days, iteration: 116064, Δt: 20 minutes,max|u|: (1.44e+00, 1.52e+00, 6.57e-03) m s⁻¹, extrema(T): (31.32, -1.93) ᵒC, extrema(S): (39.61, 18.84) g/kg, extrema(η): (1.52, -2.36) m, wall time: 11.763 seconds 
[ Info: time: 1613 days, iteration: 116136, Δt: 20 minutes,max|u|: (1.58e+00, 1.58e+00, 6.63e-03) m s⁻¹, extrema(T): (31.25, -1.93) ᵒC, extrema(S): (39.62, 18.38) g/kg, extrema(η): (2.31, -2.23) m, wall time: 11.728 seconds 
[ Info: time: 1614 days, iteration: 116208, Δt: 20 minutes,max|u|: (1.40e+00, 1.44e+00, 6.60e-03) m s⁻¹, extrema(T): (31.26, -1.94) ᵒC, extrema(S): (39.62, 17.82) g/kg, extrema(η): (4.42, -2.06) m, wall time: 11.741 seconds 
[ Info: time: 1615 days, iteration: 116280, Δt: 20 minutes,max|u|: (1.38e+00, 1.69e+00, 6.53e-03) m s⁻¹, extrema(T): (31.27, -1.92) ᵒC, extrema(S): (39.62, 17.31) g/kg, extrema(η): (1.24, -2.06) m, wall time: 11.845 seconds 
[ Info: time: 1616 days, iteration: 116352, Δt: 20 minutes,max|u|: (1.40e+00, 1.44e+00, 6.52e-03) m s⁻¹, extrema(T): (31.27, -1.93) ᵒC, extrema(S): (39.63, 16.35) g/kg, extrema(η): (1.66, -3.48) m, wall time: 11.810 seconds 
[ Info: time: 1617 days, iteration: 116424, Δt: 20 minutes,max|u|: (1.42e+00, 1.43e+00, 6.47e-03) m s⁻¹, extrema(T): (31.28, -1.94) ᵒC, extrema(S): (39.63, 16.43) g/kg, extrema(η): (2.24, -2.88) m, wall time: 11.725 seconds 
[ Info: time: 1618 days, iteration: 116496, Δt: 20 minutes,max|u|: (1.43e+00, 1.76e+00, 6.40e-03) m s⁻¹, extrema(T): (31.27, -1.94) ᵒC, extrema(S): (39.63, 16.88) g/kg, extrema(η): (2.91, -2.14) m, wall time: 11.820 seconds 
[ Info: time: 1619 days, iteration: 116568, Δt: 20 minutes,max|u|: (1.48e+00, 1.44e+00, 6.36e-03) m s⁻¹, extrema(T): (31.27, -1.94) ᵒC, extrema(S): (39.63, 16.55) g/kg, extrema(η): (4.52, -2.13) m, wall time: 11.813 seconds 
[ Info: time: 1620 days, iteration: 116640, Δt: 20 minutes,max|u|: (1.57e+00, 1.54e+00, 6.39e-03) m s⁻¹, extrema(T): (31.27, -1.94) ᵒC, extrema(S): (39.64, 16.87) g/kg, extrema(η): (3.47, -2.14) m, wall time: 11.830 seconds 
[ Info: time: 1621 days, iteration: 116712, Δt: 20 minutes,max|u|: (1.97e+00, 1.44e+00, 6.48e-03) m s⁻¹, extrema(T): (31.28, -1.94) ᵒC, extrema(S): (39.64, 16.43) g/kg, extrema(η): (3.51, -2.25) m, wall time: 11.756 seconds 
[ Info: time: 1622 days, iteration: 116784, Δt: 20 minutes,max|u|: (2.13e+00, 1.43e+00, 6.58e-03) m s⁻¹, extrema(T): (31.29, -1.95) ᵒC, extrema(S): (39.65, 16.07) g/kg, extrema(η): (3.47, -3.41) m, wall time: 16.677 seconds 
[ Info: time: 1623 days, iteration: 116856, Δt: 20 minutes,max|u|: (1.99e+00, 1.73e+00, 6.58e-03) m s⁻¹, extrema(T): (31.27, -1.95) ᵒC, extrema(S): (39.65, 15.94) g/kg, extrema(η): (3.26, -2.10) m, wall time: 11.818 seconds 
[ Info: time: 1624 days, iteration: 116928, Δt: 20 minutes,max|u|: (1.91e+00, 1.42e+00, 6.67e-03) m s⁻¹, extrema(T): (31.26, -1.95) ᵒC, extrema(S): (39.65, 16.15) g/kg, extrema(η): (4.29, -2.13) m, wall time: 11.814 seconds 
[ Info: time: 1625 days, iteration: 117000, Δt: 20 minutes,max|u|: (1.84e+00, 1.40e+00, 6.71e-03) m s⁻¹, extrema(T): (31.26, -1.95) ᵒC, extrema(S): (39.65, 15.85) g/kg, extrema(η): (3.20, -2.01) m, wall time: 11.795 seconds 
[ Info: time: 1626 days, iteration: 117072, Δt: 20 minutes,max|u|: (1.95e+00, 1.58e+00, 6.74e-03) m s⁻¹, extrema(T): (31.25, -1.95) ᵒC, extrema(S): (39.66, 15.44) g/kg, extrema(η): (1.80, -2.06) m, wall time: 11.723 seconds 
[ Info: time: 1627 days, iteration: 117144, Δt: 20 minutes,max|u|: (2.49e+00, 1.62e+00, 6.77e-03) m s⁻¹, extrema(T): (31.23, -1.95) ᵒC, extrema(S): (39.66, 15.30) g/kg, extrema(η): (1.36, -3.60) m, wall time: 11.753 seconds 
[ Info: time: 1628 days, iteration: 117216, Δt: 20 minutes,max|u|: (1.62e+00, 1.67e+00, 6.78e-03) m s⁻¹, extrema(T): (31.22, -1.95) ᵒC, extrema(S): (39.67, 15.52) g/kg, extrema(η): (1.29, -2.15) m, wall time: 11.813 seconds 
[ Info: time: 1629 days, iteration: 117288, Δt: 20 minutes,max|u|: (1.68e+00, 1.43e+00, 6.72e-03) m s⁻¹, extrema(T): (31.19, -1.95) ᵒC, extrema(S): (39.67, 16.49) g/kg, extrema(η): (3.63, -2.07) m, wall time: 11.703 seconds 
[ Info: time: 1630 days, iteration: 117360, Δt: 20 minutes,max|u|: (2.24e+00, 1.41e+00, 6.65e-03) m s⁻¹, extrema(T): (31.13, -1.95) ᵒC, extrema(S): (39.67, 15.75) g/kg, extrema(η): (3.77, -2.12) m, wall time: 11.763 seconds 
[ Info: time: 1631 days, iteration: 117432, Δt: 20 minutes,max|u|: (2.15e+00, 1.74e+00, 6.69e-03) m s⁻¹, extrema(T): (30.98, -1.95) ᵒC, extrema(S): (39.67, 15.13) g/kg, extrema(η): (1.33, -2.26) m, wall time: 11.874 seconds 
[ Info: time: 1632 days, iteration: 117504, Δt: 20 minutes,max|u|: (2.34e+00, 2.06e+00, 6.77e-03) m s⁻¹, extrema(T): (30.92, -1.95) ᵒC, extrema(S): (39.67, 15.76) g/kg, extrema(η): (1.39, -3.62) m, wall time: 11.790 seconds 
[ Info: time: 1633 days, iteration: 117576, Δt: 20 minutes,max|u|: (2.29e+00, 1.46e+00, 6.76e-03) m s⁻¹, extrema(T): (30.90, -1.95) ᵒC, extrema(S): (39.68, 16.36) g/kg, extrema(η): (1.47, -2.25) m, wall time: 11.739 seconds 
[ Info: time: 1634 days, iteration: 117648, Δt: 20 minutes,max|u|: (1.77e+00, 1.56e+00, 6.85e-03) m s⁻¹, extrema(T): (31.02, -1.95) ᵒC, extrema(S): (39.68, 16.20) g/kg, extrema(η): (2.68, -2.25) m, wall time: 16.532 seconds 
[ Info: time: 1635 days, iteration: 117720, Δt: 20 minutes,max|u|: (1.66e+00, 1.53e+00, 6.88e-03) m s⁻¹, extrema(T): (31.00, -1.95) ᵒC, extrema(S): (39.68, 15.77) g/kg, extrema(η): (4.37, -2.28) m, wall time: 11.805 seconds 
[ Info: time: 1636 days, iteration: 117792, Δt: 20 minutes,max|u|: (1.57e+00, 1.68e+00, 6.86e-03) m s⁻¹, extrema(T): (30.98, -1.95) ᵒC, extrema(S): (39.68, 15.88) g/kg, extrema(η): (1.59, -2.21) m, wall time: 11.813 seconds 
[ Info: time: 1637 days, iteration: 117864, Δt: 20 minutes,max|u|: (1.80e+00, 1.58e+00, 6.82e-03) m s⁻¹, extrema(T): (31.08, -1.95) ᵒC, extrema(S): (39.68, 15.43) g/kg, extrema(η): (1.63, -3.48) m, wall time: 11.768 seconds 
[ Info: time: 1638 days, iteration: 117936, Δt: 20 minutes,max|u|: (1.90e+00, 1.48e+00, 6.69e-03) m s⁻¹, extrema(T): (31.13, -1.94) ᵒC, extrema(S): (39.69, 14.98) g/kg, extrema(η): (1.54, -2.89) m, wall time: 11.876 seconds 
[ Info: time: 1639 days, iteration: 118008, Δt: 20 minutes,max|u|: (2.11e+00, 1.72e+00, 6.64e-03) m s⁻¹, extrema(T): (31.26, -1.93) ᵒC, extrema(S): (39.69, 14.46) g/kg, extrema(η): (1.59, -2.12) m, wall time: 11.782 seconds 
[ Info: time: 1640 days, iteration: 118080, Δt: 20 minutes,max|u|: (1.91e+00, 1.50e+00, 6.64e-03) m s⁻¹, extrema(T): (31.21, -1.93) ᵒC, extrema(S): (39.70, 14.24) g/kg, extrema(η): (4.38, -2.14) m, wall time: 11.716 seconds 
[ Info: time: 1641 days, iteration: 118152, Δt: 20 minutes,max|u|: (1.79e+00, 1.52e+00, 6.66e-03) m s⁻¹, extrema(T): (31.23, -1.93) ᵒC, extrema(S): (39.70, 13.87) g/kg, extrema(η): (2.36, -2.28) m, wall time: 11.867 seconds 
[ Info: time: 1642 days, iteration: 118224, Δt: 20 minutes,max|u|: (1.81e+00, 1.49e+00, 6.73e-03) m s⁻¹, extrema(T): (31.24, -1.93) ᵒC, extrema(S): (39.71, 13.68) g/kg, extrema(η): (2.89, -2.34) m, wall time: 12.975 seconds 
[ Info: time: 1643 days, iteration: 118296, Δt: 20 minutes,max|u|: (1.71e+00, 1.49e+00, 6.72e-03) m s⁻¹, extrema(T): (31.29, -1.93) ᵒC, extrema(S): (39.71, 13.79) g/kg, extrema(η): (3.19, -3.55) m, wall time: 11.690 seconds 
[ Info: time: 1644 days, iteration: 118368, Δt: 20 minutes,max|u|: (1.91e+00, 1.77e+00, 6.75e-03) m s⁻¹, extrema(T): (31.17, -1.91) ᵒC, extrema(S): (39.71, 13.86) g/kg, extrema(η): (3.44, -2.32) m, wall time: 11.811 seconds 
[ Info: time: 1645 days, iteration: 118440, Δt: 20 minutes,max|u|: (2.12e+00, 1.47e+00, 6.77e-03) m s⁻¹, extrema(T): (31.04, -1.93) ᵒC, extrema(S): (39.71, 15.98) g/kg, extrema(η): (4.29, -2.39) m, wall time: 11.849 seconds 
[ Info: time: 1646 days, iteration: 118512, Δt: 20 minutes,max|u|: (1.91e+00, 1.45e+00, 6.83e-03) m s⁻¹, extrema(T): (31.05, -1.93) ᵒC, extrema(S): (39.71, 15.26) g/kg, extrema(η): (3.36, -2.32) m, wall time: 16.546 seconds 
[ Info: time: 1647 days, iteration: 118584, Δt: 20 minutes,max|u|: (2.41e+00, 1.64e+00, 6.87e-03) m s⁻¹, extrema(T): (31.05, -1.93) ᵒC, extrema(S): (39.72, 14.64) g/kg, extrema(η): (3.20, -2.16) m, wall time: 11.734 seconds 
[ Info: time: 1648 days, iteration: 118656, Δt: 20 minutes,max|u|: (2.38e+00, 1.43e+00, 6.92e-03) m s⁻¹, extrema(T): (31.11, -1.93) ᵒC, extrema(S): (39.72, 14.17) g/kg, extrema(η): (2.89, -3.58) m, wall time: 11.817 seconds 
[ Info: time: 1649 days, iteration: 118728, Δt: 20 minutes,max|u|: (2.09e+00, 1.69e+00, 6.92e-03) m s⁻¹, extrema(T): (31.31, -1.93) ᵒC, extrema(S): (39.72, 14.97) g/kg, extrema(η): (2.51, -2.18) m, wall time: 11.760 seconds 
[ Info: time: 1650 days, iteration: 118800, Δt: 20 minutes,max|u|: (2.15e+00, 1.42e+00, 6.92e-03) m s⁻¹, extrema(T): (31.23, -1.93) ᵒC, extrema(S): (39.73, 14.59) g/kg, extrema(η): (3.82, -2.27) m, wall time: 11.713 seconds 
[ Info: time: 1651 days, iteration: 118872, Δt: 20 minutes,max|u|: (2.73e+00, 1.42e+00, 7.01e-03) m s⁻¹, extrema(T): (31.13, -1.93) ᵒC, extrema(S): (39.73, 14.24) g/kg, extrema(η): (4.25, -2.20) m, wall time: 11.814 seconds 
[ Info: time: 1652 days, iteration: 118944, Δt: 20 minutes,max|u|: (2.33e+00, 1.69e+00, 7.14e-03) m s⁻¹, extrema(T): (31.33, -1.94) ᵒC, extrema(S): (39.73, 15.52) g/kg, extrema(η): (1.32, -2.18) m, wall time: 11.912 seconds 
[ Info: time: 1653 days, iteration: 119016, Δt: 20 minutes,max|u|: (2.34e+00, 1.64e+00, 7.18e-03) m s⁻¹, extrema(T): (31.67, -1.94) ᵒC, extrema(S): (39.74, 15.32) g/kg, extrema(η): (1.37, -3.60) m, wall time: 12.130 seconds 
[ Info: time: 1654 days, iteration: 119088, Δt: 20 minutes,max|u|: (2.32e+00, 1.50e+00, 7.16e-03) m s⁻¹, extrema(T): (31.60, -1.94) ᵒC, extrema(S): (39.73, 14.75) g/kg, extrema(η): (1.32, -2.18) m, wall time: 11.669 seconds 
[ Info: time: 1655 days, iteration: 119160, Δt: 20 minutes,max|u|: (2.71e+00, 1.57e+00, 7.11e-03) m s⁻¹, extrema(T): (31.67, -1.95) ᵒC, extrema(S): (39.74, 14.24) g/kg, extrema(η): (2.62, -2.13) m, wall time: 11.701 seconds 
[ Info: time: 1656 days, iteration: 119232, Δt: 20 minutes,max|u|: (2.02e+00, 1.44e+00, 7.08e-03) m s⁻¹, extrema(T): (31.64, -1.95) ᵒC, extrema(S): (39.74, 15.38) g/kg, extrema(η): (4.40, -2.27) m, wall time: 11.761 seconds 
[ Info: time: 1657 days, iteration: 119304, Δt: 20 minutes,max|u|: (1.99e+00, 1.64e+00, 7.05e-03) m s⁻¹, extrema(T): (31.54, -1.95) ᵒC, extrema(S): (39.74, 15.28) g/kg, extrema(η): (1.37, -2.19) m, wall time: 11.789 seconds 
[ Info: time: 1658 days, iteration: 119376, Δt: 20 minutes,max|u|: (1.95e+00, 1.45e+00, 7.05e-03) m s⁻¹, extrema(T): (31.63, -1.95) ᵒC, extrema(S): (39.75, 15.52) g/kg, extrema(η): (1.47, -3.26) m, wall time: 11.792 seconds 
[ Info: time: 1659 days, iteration: 119448, Δt: 20 minutes,max|u|: (1.93e+00, 1.46e+00, 7.05e-03) m s⁻¹, extrema(T): (31.73, -1.94) ᵒC, extrema(S): (39.75, 14.61) g/kg, extrema(η): (1.43, -3.10) m, wall time: 16.584 seconds 
[ Info: time: 1660 days, iteration: 119520, Δt: 20 minutes,max|u|: (2.22e+00, 1.72e+00, 6.99e-03) m s⁻¹, extrema(T): (31.72, -1.94) ᵒC, extrema(S): (39.75, 15.91) g/kg, extrema(η): (1.47, -2.24) m, wall time: 11.736 seconds 
[ Info: time: 1661 days, iteration: 119592, Δt: 20 minutes,max|u|: (1.73e+00, 1.47e+00, 6.92e-03) m s⁻¹, extrema(T): (31.70, -1.93) ᵒC, extrema(S): (39.76, 16.53) g/kg, extrema(η): (4.31, -2.19) m, wall time: 11.757 seconds 
[ Info: time: 1662 days, iteration: 119664, Δt: 20 minutes,max|u|: (1.76e+00, 1.51e+00, 6.89e-03) m s⁻¹, extrema(T): (31.79, -1.94) ᵒC, extrema(S): (39.76, 15.57) g/kg, extrema(η): (2.17, -2.16) m, wall time: 11.772 seconds 
[ Info: time: 1663 days, iteration: 119736, Δt: 20 minutes,max|u|: (2.04e+00, 1.47e+00, 6.87e-03) m s⁻¹, extrema(T): (32.11, -1.94) ᵒC, extrema(S): (39.76, 16.33) g/kg, extrema(η): (1.48, -2.62) m, wall time: 11.836 seconds 
[ Info: time: 1664 days, iteration: 119808, Δt: 20 minutes,max|u|: (2.23e+00, 1.46e+00, 6.79e-03) m s⁻¹, extrema(T): (32.25, -1.94) ᵒC, extrema(S): (39.76, 16.67) g/kg, extrema(η): (1.59, -3.70) m, wall time: 11.739 seconds 
[ Info: time: 1665 days, iteration: 119880, Δt: 20 minutes,max|u|: (2.00e+00, 1.73e+00, 6.75e-03) m s⁻¹, extrema(T): (32.23, -1.94) ᵒC, extrema(S): (39.76, 15.68) g/kg, extrema(η): (2.15, -2.15) m, wall time: 11.681 seconds 
[ Info: time: 1666 days, iteration: 119952, Δt: 20 minutes,max|u|: (2.09e+00, 1.47e+00, 6.75e-03) m s⁻¹, extrema(T): (32.22, -1.94) ᵒC, extrema(S): (39.77, 15.22) g/kg, extrema(η): (4.08, -2.17) m, wall time: 11.737 seconds 
[ Info: time: 1667 days, iteration: 120024, Δt: 20 minutes,max|u|: (2.07e+00, 1.46e+00, 6.76e-03) m s⁻¹, extrema(T): (32.34, -1.93) ᵒC, extrema(S): (39.76, 14.77) g/kg, extrema(η): (3.35, -2.22) m, wall time: 11.812 seconds 
[ Info: time: 1668 days, iteration: 120096, Δt: 20 minutes,max|u|: (1.83e+00, 1.62e+00, 6.77e-03) m s⁻¹, extrema(T): (32.22, -1.93) ᵒC, extrema(S): (39.77, 14.74) g/kg, extrema(η): (3.09, -2.32) m, wall time: 11.817 seconds 
[ Info: time: 1669 days, iteration: 120168, Δt: 20 minutes,max|u|: (2.15e+00, 1.47e+00, 6.75e-03) m s⁻¹, extrema(T): (32.35, -1.94) ᵒC, extrema(S): (39.78, 14.41) g/kg, extrema(η): (3.26, -3.74) m, wall time: 11.801 seconds 
[ Info: time: 1670 days, iteration: 120240, Δt: 20 minutes,max|u|: (2.22e+00, 1.61e+00, 6.74e-03) m s⁻¹, extrema(T): (32.30, -1.93) ᵒC, extrema(S): (39.78, 13.96) g/kg, extrema(η): (3.35, -2.35) m, wall time: 11.778 seconds 
[ Info: time: 1671 days, iteration: 120312, Δt: 20 minutes,max|u|: (1.96e+00, 1.48e+00, 6.74e-03) m s⁻¹, extrema(T): (32.16, -1.93) ᵒC, extrema(S): (39.78, 13.55) g/kg, extrema(η): (3.45, -2.12) m, wall time: 16.562 seconds 
[ Info: time: 1672 days, iteration: 120384, Δt: 20 minutes,max|u|: (1.71e+00, 1.46e+00, 6.72e-03) m s⁻¹, extrema(T): (32.20, -1.94) ᵒC, extrema(S): (39.78, 13.23) g/kg, extrema(η): (4.09, -2.14) m, wall time: 11.760 seconds 
[ Info: time: 1673 days, iteration: 120456, Δt: 20 minutes,max|u|: (1.59e+00, 1.68e+00, 6.73e-03) m s⁻¹, extrema(T): (32.20, -1.94) ᵒC, extrema(S): (39.78, 13.42) g/kg, extrema(η): (2.75, -2.09) m, wall time: 13.073 seconds 
[ Info: time: 1674 days, iteration: 120528, Δt: 20 minutes,max|u|: (1.78e+00, 1.51e+00, 6.75e-03) m s⁻¹, extrema(T): (32.14, -1.94) ᵒC, extrema(S): (39.78, 13.74) g/kg, extrema(η): (2.37, -3.44) m, wall time: 11.754 seconds 
[ Info: time: 1675 days, iteration: 120600, Δt: 20 minutes,max|u|: (1.57e+00, 1.59e+00, 6.75e-03) m s⁻¹, extrema(T): (32.13, -1.94) ᵒC, extrema(S): (39.79, 13.73) g/kg, extrema(η): (2.03, -2.18) m, wall time: 11.683 seconds 
[ Info: time: 1676 days, iteration: 120672, Δt: 20 minutes,max|u|: (1.55e+00, 1.68e+00, 6.73e-03) m s⁻¹, extrema(T): (32.09, -1.94) ᵒC, extrema(S): (39.79, 13.89) g/kg, extrema(η): (2.31, -2.18) m, wall time: 11.700 seconds 
[ Info: time: 1677 days, iteration: 120744, Δt: 20 minutes,max|u|: (1.73e+00, 1.65e+00, 6.70e-03) m s⁻¹, extrema(T): (32.01, -1.94) ᵒC, extrema(S): (39.79, 14.30) g/kg, extrema(η): (4.55, -2.26) m, wall time: 11.777 seconds 
[ Info: time: 1678 days, iteration: 120816, Δt: 20 minutes,max|u|: (1.46e+00, 1.67e+00, 6.72e-03) m s⁻¹, extrema(T): (31.85, -1.94) ᵒC, extrema(S): (39.80, 14.71) g/kg, extrema(η): (2.00, -2.21) m, wall time: 11.750 seconds 
[ Info: time: 1679 days, iteration: 120888, Δt: 20 minutes,max|u|: (1.74e+00, 1.66e+00, 6.81e-03) m s⁻¹, extrema(T): (31.77, -1.94) ᵒC, extrema(S): (39.80, 14.39) g/kg, extrema(η): (1.40, -2.63) m, wall time: 11.765 seconds 
[ Info: time: 1680 days, iteration: 120960, Δt: 20 minutes,max|u|: (1.80e+00, 1.65e+00, 6.77e-03) m s⁻¹, extrema(T): (31.82, -1.95) ᵒC, extrema(S): (39.81, 13.81) g/kg, extrema(η): (1.45, -3.23) m, wall time: 11.739 seconds 
[ Info: time: 1681 days, iteration: 121032, Δt: 20 minutes,max|u|: (1.83e+00, 1.75e+00, 6.69e-03) m s⁻¹, extrema(T): (31.84, -1.95) ᵒC, extrema(S): (39.82, 13.82) g/kg, extrema(η): (1.35, -2.31) m, wall time: 11.708 seconds 
[ Info: time: 1682 days, iteration: 121104, Δt: 20 minutes,max|u|: (1.77e+00, 1.55e+00, 6.64e-03) m s⁻¹, extrema(T): (31.63, -1.95) ᵒC, extrema(S): (39.82, 14.52) g/kg, extrema(η): (4.29, -2.24) m, wall time: 11.776 seconds 
[ Info: time: 1683 days, iteration: 121176, Δt: 20 minutes,max|u|: (1.86e+00, 1.53e+00, 6.65e-03) m s⁻¹, extrema(T): (31.56, -1.95) ᵒC, extrema(S): (39.82, 14.14) g/kg, extrema(η): (3.15, -2.03) m, wall time: 11.687 seconds 
[ Info: time: 1684 days, iteration: 121248, Δt: 20 minutes,max|u|: (1.98e+00, 1.59e+00, 6.65e-03) m s⁻¹, extrema(T): (31.58, -1.95) ᵒC, extrema(S): (39.81, 15.30) g/kg, extrema(η): (1.45, -1.98) m, wall time: 22.145 seconds 
[ Info: time: 1685 days, iteration: 121320, Δt: 20 minutes,max|u|: (1.99e+00, 1.52e+00, 6.72e-03) m s⁻¹, extrema(T): (31.64, -1.95) ᵒC, extrema(S): (39.81, 15.15) g/kg, extrema(η): (1.61, -3.95) m, wall time: 11.777 seconds 
[ Info: time: 1686 days, iteration: 121392, Δt: 20 minutes,max|u|: (1.70e+00, 1.87e+00, 6.75e-03) m s⁻¹, extrema(T): (31.63, -1.95) ᵒC, extrema(S): (39.82, 14.75) g/kg, extrema(η): (1.55, -2.14) m, wall time: 11.754 seconds 
[ Info: time: 1687 days, iteration: 121464, Δt: 20 minutes,max|u|: (2.06e+00, 1.47e+00, 6.81e-03) m s⁻¹, extrema(T): (31.53, -1.95) ᵒC, extrema(S): (39.81, 14.65) g/kg, extrema(η): (3.66, -2.17) m, wall time: 11.807 seconds 
[ Info: time: 1688 days, iteration: 121536, Δt: 20 minutes,max|u|: (1.84e+00, 1.47e+00, 6.81e-03) m s⁻¹, extrema(T): (31.48, -1.95) ᵒC, extrema(S): (39.81, 14.85) g/kg, extrema(η): (3.96, -2.17) m, wall time: 11.783 seconds 
[ Info: time: 1689 days, iteration: 121608, Δt: 20 minutes,max|u|: (2.49e+00, 1.60e+00, 6.85e-03) m s⁻¹, extrema(T): (31.47, -1.95) ᵒC, extrema(S): (39.82, 14.96) g/kg, extrema(η): (1.66, -2.26) m, wall time: 11.793 seconds 
[ Info: time: 1690 days, iteration: 121680, Δt: 20 minutes,max|u|: (2.35e+00, 1.58e+00, 6.89e-03) m s⁻¹, extrema(T): (31.49, -1.95) ᵒC, extrema(S): (39.82, 14.46) g/kg, extrema(η): (1.76, -3.59) m, wall time: 11.692 seconds 
[ Info: time: 1691 days, iteration: 121752, Δt: 20 minutes,max|u|: (2.36e+00, 1.62e+00, 6.81e-03) m s⁻¹, extrema(T): (31.53, -1.95) ᵒC, extrema(S): (39.82, 14.95) g/kg, extrema(η): (2.33, -2.14) m, wall time: 11.796 seconds 
[ Info: time: 1692 days, iteration: 121824, Δt: 20 minutes,max|u|: (2.10e+00, 1.60e+00, 6.78e-03) m s⁻¹, extrema(T): (31.52, -1.96) ᵒC, extrema(S): (39.82, 15.33) g/kg, extrema(η): (2.75, -2.16) m, wall time: 11.743 seconds 
[ Info: time: 1693 days, iteration: 121896, Δt: 20 minutes,max|u|: (2.41e+00, 1.44e+00, 6.75e-03) m s⁻¹, extrema(T): (31.42, -1.94) ᵒC, extrema(S): (39.82, 15.64) g/kg, extrema(η): (4.41, -2.07) m, wall time: 11.768 seconds 
[ Info: time: 1694 days, iteration: 121968, Δt: 20 minutes,max|u|: (2.15e+00, 1.69e+00, 6.75e-03) m s⁻¹, extrema(T): (31.35, -1.95) ᵒC, extrema(S): (39.82, 14.79) g/kg, extrema(η): (3.31, -2.25) m, wall time: 11.799 seconds 
[ Info: time: 1695 days, iteration: 122040, Δt: 20 minutes,max|u|: (2.17e+00, 1.46e+00, 6.83e-03) m s⁻¹, extrema(T): (31.30, -1.96) ᵒC, extrema(S): (39.82, 14.32) g/kg, extrema(η): (3.33, -3.32) m, wall time: 11.772 seconds 
[ Info: time: 1696 days, iteration: 122112, Δt: 20 minutes,max|u|: (2.92e+00, 1.46e+00, 6.80e-03) m s⁻¹, extrema(T): (31.31, -1.96) ᵒC, extrema(S): (39.83, 13.93) g/kg, extrema(η): (3.36, -3.05) m, wall time: 16.639 seconds 
[ Info: time: 1697 days, iteration: 122184, Δt: 20 minutes,max|u|: (2.12e+00, 1.79e+00, 6.86e-03) m s⁻¹, extrema(T): (31.41, -1.96) ᵒC, extrema(S): (39.83, 13.55) g/kg, extrema(η): (3.27, -2.13) m, wall time: 11.883 seconds 
[ Info: time: 1698 days, iteration: 122256, Δt: 20 minutes,max|u|: (2.16e+00, 1.47e+00, 6.91e-03) m s⁻¹, extrema(T): (31.43, -1.96) ᵒC, extrema(S): (39.83, 14.80) g/kg, extrema(η): (4.60, -2.05) m, wall time: 11.755 seconds 
[ Info: time: 1699 days, iteration: 122328, Δt: 20 minutes,max|u|: (2.33e+00, 1.56e+00, 6.92e-03) m s⁻¹, extrema(T): (31.44, -1.96) ᵒC, extrema(S): (39.83, 14.88) g/kg, extrema(η): (2.69, -2.11) m, wall time: 11.778 seconds 
[ Info: time: 1700 days, iteration: 122400, Δt: 20 minutes,max|u|: (2.30e+00, 1.90e+00, 6.91e-03) m s⁻¹, extrema(T): (31.44, -1.96) ᵒC, extrema(S): (39.83, 15.01) g/kg, extrema(η): (2.31, -2.30) m, wall time: 11.753 seconds 
[ Info: time: 1701 days, iteration: 122472, Δt: 20 minutes,max|u|: (2.12e+00, 1.46e+00, 6.88e-03) m s⁻¹, extrema(T): (31.31, -1.96) ᵒC, extrema(S): (39.83, 15.39) g/kg, extrema(η): (1.91, -3.61) m, wall time: 11.766 seconds 
[ Info: time: 1702 days, iteration: 122544, Δt: 20 minutes,max|u|: (1.88e+00, 2.58e+00, 6.91e-03) m s⁻¹, extrema(T): (31.26, -1.96) ᵒC, extrema(S): (39.84, 14.74) g/kg, extrema(η): (1.64, -2.00) m, wall time: 11.801 seconds 
[ Info: time: 1703 days, iteration: 122616, Δt: 20 minutes,max|u|: (1.98e+00, 1.78e+00, 6.84e-03) m s⁻¹, extrema(T): (31.29, -1.96) ᵒC, extrema(S): (39.84, 14.15) g/kg, extrema(η): (4.23, -2.02) m, wall time: 11.797 seconds 
[ Info: time: 1704 days, iteration: 122688, Δt: 20 minutes,max|u|: (2.19e+00, 1.77e+00, 6.86e-03) m s⁻¹, extrema(T): (31.26, -1.96) ᵒC, extrema(S): (39.84, 13.82) g/kg, extrema(η): (3.40, -2.10) m, wall time: 12.907 seconds 
[ Info: time: 1705 days, iteration: 122760, Δt: 20 minutes,max|u|: (2.27e+00, 1.62e+00, 6.91e-03) m s⁻¹, extrema(T): (31.18, -1.95) ᵒC, extrema(S): (39.84, 14.28) g/kg, extrema(η): (1.58, -2.16) m, wall time: 11.691 seconds 
[ Info: time: 1706 days, iteration: 122832, Δt: 20 minutes,max|u|: (2.30e+00, 1.46e+00, 6.92e-03) m s⁻¹, extrema(T): (31.28, -1.96) ᵒC, extrema(S): (39.84, 15.11) g/kg, extrema(η): (1.34, -3.75) m, wall time: 11.755 seconds 
[ Info: time: 1707 days, iteration: 122904, Δt: 20 minutes,max|u|: (2.14e+00, 1.74e+00, 6.95e-03) m s⁻¹, extrema(T): (31.26, -1.95) ᵒC, extrema(S): (39.85, 14.49) g/kg, extrema(η): (1.33, -2.30) m, wall time: 11.737 seconds 
[ Info: time: 1708 days, iteration: 122976, Δt: 20 minutes,max|u|: (2.18e+00, 1.47e+00, 6.98e-03) m s⁻¹, extrema(T): (31.34, -1.95) ᵒC, extrema(S): (39.84, 14.12) g/kg, extrema(η): (3.45, -2.48) m, wall time: 16.634 seconds 
[ Info: time: 1709 days, iteration: 123048, Δt: 20 minutes,max|u|: (2.29e+00, 1.95e+00, 6.93e-03) m s⁻¹, extrema(T): (31.37, -1.95) ᵒC, extrema(S): (39.85, 13.86) g/kg, extrema(η): (3.86, -2.35) m, wall time: 11.793 seconds 
[ Info: time: 1710 days, iteration: 123120, Δt: 20 minutes,max|u|: (2.05e+00, 1.68e+00, 6.89e-03) m s⁻¹, extrema(T): (31.25, -1.95) ᵒC, extrema(S): (39.84, 13.68) g/kg, extrema(η): (1.36, -2.41) m, wall time: 11.811 seconds 
[ Info: time: 1711 days, iteration: 123192, Δt: 20 minutes,max|u|: (1.87e+00, 1.77e+00, 6.85e-03) m s⁻¹, extrema(T): (31.25, -1.95) ᵒC, extrema(S): (39.84, 14.72) g/kg, extrema(η): (1.28, -3.99) m, wall time: 11.721 seconds 
[ Info: time: 1712 days, iteration: 123264, Δt: 20 minutes,max|u|: (2.03e+00, 1.54e+00, 6.86e-03) m s⁻¹, extrema(T): (31.16, -1.95) ᵒC, extrema(S): (39.84, 15.48) g/kg, extrema(η): (1.27, -2.22) m, wall time: 11.896 seconds 
[ Info: time: 1713 days, iteration: 123336, Δt: 20 minutes,max|u|: (2.34e+00, 1.54e+00, 6.83e-03) m s⁻¹, extrema(T): (31.25, -1.95) ᵒC, extrema(S): (39.84, 15.07) g/kg, extrema(η): (2.50, -2.13) m, wall time: 11.726 seconds 
[ Info: time: 1714 days, iteration: 123408, Δt: 20 minutes,max|u|: (2.41e+00, 1.48e+00, 6.85e-03) m s⁻¹, extrema(T): (31.24, -1.95) ᵒC, extrema(S): (39.85, 14.60) g/kg, extrema(η): (4.23, -2.21) m, wall time: 11.715 seconds 
[ Info: time: 1715 days, iteration: 123480, Δt: 20 minutes,max|u|: (2.38e+00, 1.61e+00, 6.83e-03) m s⁻¹, extrema(T): (31.32, -1.96) ᵒC, extrema(S): (39.85, 15.35) g/kg, extrema(η): (1.65, -2.29) m, wall time: 11.671 seconds 
[ Info: time: 1716 days, iteration: 123552, Δt: 20 minutes,max|u|: (2.19e+00, 1.50e+00, 6.78e-03) m s⁻¹, extrema(T): (31.30, -1.96) ᵒC, extrema(S): (39.86, 15.05) g/kg, extrema(η): (2.21, -2.98) m, wall time: 11.881 seconds 
[ Info: time: 1717 days, iteration: 123624, Δt: 20 minutes,max|u|: (1.86e+00, 1.46e+00, 6.77e-03) m s⁻¹, extrema(T): (31.16, -1.96) ᵒC, extrema(S): (39.87, 14.45) g/kg, extrema(η): (2.72, -2.66) m, wall time: 11.770 seconds 
[ Info: time: 1718 days, iteration: 123696, Δt: 20 minutes,max|u|: (1.84e+00, 1.68e+00, 6.76e-03) m s⁻¹, extrema(T): (31.10, -1.96) ᵒC, extrema(S): (39.85, 14.33) g/kg, extrema(η): (3.14, -2.15) m, wall time: 11.805 seconds 
[ Info: time: 1719 days, iteration: 123768, Δt: 20 minutes,max|u|: (2.27e+00, 1.46e+00, 6.79e-03) m s⁻¹, extrema(T): (31.09, -1.96) ᵒC, extrema(S): (39.85, 13.74) g/kg, extrema(η): (4.31, -2.21) m, wall time: 11.762 seconds 
[ Info: time: 1720 days, iteration: 123840, Δt: 20 minutes,max|u|: (2.23e+00, 1.45e+00, 6.81e-03) m s⁻¹, extrema(T): (31.07, -1.96) ᵒC, extrema(S): (39.86, 13.21) g/kg, extrema(η): (3.51, -2.09) m, wall time: 11.743 seconds 
[ Info: time: 1721 days, iteration: 123912, Δt: 20 minutes,max|u|: (2.51e+00, 1.45e+00, 6.78e-03) m s⁻¹, extrema(T): (31.07, -1.96) ᵒC, extrema(S): (39.85, 14.02) g/kg, extrema(η): (3.49, -2.19) m, wall time: 16.649 seconds 
[ Info: time: 1722 days, iteration: 123984, Δt: 20 minutes,max|u|: (2.45e+00, 1.74e+00, 6.71e-03) m s⁻¹, extrema(T): (31.05, -1.97) ᵒC, extrema(S): (39.85, 15.29) g/kg, extrema(η): (3.43, -3.00) m, wall time: 11.747 seconds 
[ Info: time: 1723 days, iteration: 124056, Δt: 20 minutes,max|u|: (2.20e+00, 1.79e+00, 6.72e-03) m s⁻¹, extrema(T): (31.04, -1.97) ᵒC, extrema(S): (39.85, 15.45) g/kg, extrema(η): (3.27, -2.44) m, wall time: 11.783 seconds 
[ Info: time: 1724 days, iteration: 124128, Δt: 20 minutes,max|u|: (2.11e+00, 1.46e+00, 6.67e-03) m s⁻¹, extrema(T): (31.00, -1.97) ᵒC, extrema(S): (39.85, 14.83) g/kg, extrema(η): (3.45, -2.39) m, wall time: 11.878 seconds 
[ Info: time: 1725 days, iteration: 124200, Δt: 20 minutes,max|u|: (2.20e+00, 1.54e+00, 6.68e-03) m s⁻¹, extrema(T): (30.97, -1.97) ᵒC, extrema(S): (39.85, 14.26) g/kg, extrema(η): (4.29, -2.30) m, wall time: 11.749 seconds 
[ Info: time: 1726 days, iteration: 124272, Δt: 20 minutes,max|u|: (2.31e+00, 1.65e+00, 6.79e-03) m s⁻¹, extrema(T): (31.01, -1.97) ᵒC, extrema(S): (39.85, 13.84) g/kg, extrema(η): (2.07, -2.13) m, wall time: 11.720 seconds 
[ Info: time: 1727 days, iteration: 124344, Δt: 20 minutes,max|u|: (2.24e+00, 1.55e+00, 6.83e-03) m s⁻¹, extrema(T): (31.04, -1.96) ᵒC, extrema(S): (39.86, 13.58) g/kg, extrema(η): (1.64, -3.37) m, wall time: 11.838 seconds 
[ Info: time: 1728 days, iteration: 124416, Δt: 20 minutes,max|u|: (2.11e+00, 1.53e+00, 6.82e-03) m s⁻¹, extrema(T): (31.04, -1.96) ᵒC, extrema(S): (39.86, 13.57) g/kg, extrema(η): (1.49, -2.43) m, wall time: 11.867 seconds 
[ Info: time: 1729 days, iteration: 124488, Δt: 20 minutes,max|u|: (2.02e+00, 1.54e+00, 6.74e-03) m s⁻¹, extrema(T): (31.04, -1.94) ᵒC, extrema(S): (39.85, 13.61) g/kg, extrema(η): (2.81, -2.42) m, wall time: 11.725 seconds 
[ Info: time: 1730 days, iteration: 124560, Δt: 20 minutes,max|u|: (1.95e+00, 1.47e+00, 6.74e-03) m s⁻¹, extrema(T): (30.99, -1.91) ᵒC, extrema(S): (39.85, 14.17) g/kg, extrema(η): (4.46, -2.23) m, wall time: 11.738 seconds 
[ Info: time: 1731 days, iteration: 124632, Δt: 20 minutes,max|u|: (2.13e+00, 1.65e+00, 6.77e-03) m s⁻¹, extrema(T): (30.98, -1.91) ᵒC, extrema(S): (39.86, 14.46) g/kg, extrema(η): (1.71, -2.19) m, wall time: 11.812 seconds 
[ Info: time: 1732 days, iteration: 124704, Δt: 20 minutes,max|u|: (2.22e+00, 1.48e+00, 6.72e-03) m s⁻¹, extrema(T): (31.01, -1.89) ᵒC, extrema(S): (39.86, 14.84) g/kg, extrema(η): (1.31, -2.69) m, wall time: 11.827 seconds 
[ Info: time: 1733 days, iteration: 124776, Δt: 20 minutes,max|u|: (2.11e+00, 1.48e+00, 6.73e-03) m s⁻¹, extrema(T): (31.01, -1.88) ᵒC, extrema(S): (39.87, 14.68) g/kg, extrema(η): (1.27, -2.94) m, wall time: 16.656 seconds 
[ Info: time: 1734 days, iteration: 124848, Δt: 20 minutes,max|u|: (1.96e+00, 1.76e+00, 6.68e-03) m s⁻¹, extrema(T): (30.97, -1.89) ᵒC, extrema(S): (39.86, 14.43) g/kg, extrema(η): (1.35, -2.34) m, wall time: 11.857 seconds 
[ Info: time: 1735 days, iteration: 124920, Δt: 20 minutes,max|u|: (1.96e+00, 1.50e+00, 6.67e-03) m s⁻¹, extrema(T): (30.92, -1.90) ᵒC, extrema(S): (39.86, 14.65) g/kg, extrema(η): (4.51, -2.33) m, wall time: 12.822 seconds 
[ Info: time: 1736 days, iteration: 124992, Δt: 20 minutes,max|u|: (1.73e+00, 2.18e+00, 6.74e-03) m s⁻¹, extrema(T): (30.92, -1.91) ᵒC, extrema(S): (39.86, 15.01) g/kg, extrema(η): (2.55, -2.29) m, wall time: 11.763 seconds 
[ Info: time: 1737 days, iteration: 125064, Δt: 20 minutes,max|u|: (1.68e+00, 2.27e+00, 6.71e-03) m s⁻¹, extrema(T): (30.95, -1.93) ᵒC, extrema(S): (39.87, 15.63) g/kg, extrema(η): (2.19, -2.37) m, wall time: 11.766 seconds 
[ Info: time: 1738 days, iteration: 125136, Δt: 20 minutes,max|u|: (1.69e+00, 1.69e+00, 6.71e-03) m s⁻¹, extrema(T): (30.95, -1.93) ᵒC, extrema(S): (39.87, 17.21) g/kg, extrema(η): (1.95, -3.58) m, wall time: 11.772 seconds 
[ Info: time: 1739 days, iteration: 125208, Δt: 20 minutes,max|u|: (1.91e+00, 1.72e+00, 6.67e-03) m s⁻¹, extrema(T): (30.97, -1.93) ᵒC, extrema(S): (39.88, 17.71) g/kg, extrema(η): (1.61, -2.30) m, wall time: 11.765 seconds 
[ Info: time: 1740 days, iteration: 125280, Δt: 20 minutes,max|u|: (1.56e+00, 1.48e+00, 6.69e-03) m s⁻¹, extrema(T): (31.00, -1.93) ᵒC, extrema(S): (39.87, 17.93) g/kg, extrema(η): (4.34, -2.22) m, wall time: 11.710 seconds 
[ Info: time: 1741 days, iteration: 125352, Δt: 20 minutes,max|u|: (1.52e+00, 1.47e+00, 6.69e-03) m s⁻¹, extrema(T): (31.03, -1.93) ᵒC, extrema(S): (39.88, 17.75) g/kg, extrema(η): (3.78, -2.27) m, wall time: 11.712 seconds 
[ Info: time: 1742 days, iteration: 125424, Δt: 20 minutes,max|u|: (1.52e+00, 2.14e+00, 6.70e-03) m s⁻¹, extrema(T): (31.00, -1.94) ᵒC, extrema(S): (39.88, 17.64) g/kg, extrema(η): (2.60, -2.11) m, wall time: 11.796 seconds 
[ Info: time: 1743 days, iteration: 125496, Δt: 20 minutes,max|u|: (1.62e+00, 1.49e+00, 6.60e-03) m s⁻¹, extrema(T): (31.07, -1.94) ᵒC, extrema(S): (39.88, 17.70) g/kg, extrema(η): (3.01, -3.68) m, wall time: 11.760 seconds 
[ Info: time: 1744 days, iteration: 125568, Δt: 20 minutes,max|u|: (1.58e+00, 1.53e+00, 6.57e-03) m s⁻¹, extrema(T): (31.10, -1.93) ᵒC, extrema(S): (39.88, 17.52) g/kg, extrema(η): (3.30, -2.13) m, wall time: 11.747 seconds 
[ Info: time: 1745 days, iteration: 125640, Δt: 20 minutes,max|u|: (2.19e+00, 1.66e+00, 6.55e-03) m s⁻¹, extrema(T): (31.10, -1.93) ᵒC, extrema(S): (39.89, 15.94) g/kg, extrema(η): (3.39, -2.28) m, wall time: 16.598 seconds 
[ Info: time: 1746 days, iteration: 125712, Δt: 20 minutes,max|u|: (1.58e+00, 1.52e+00, 6.60e-03) m s⁻¹, extrema(T): (31.18, -1.94) ᵒC, extrema(S): (39.89, 16.35) g/kg, extrema(η): (4.35, -2.32) m, wall time: 11.781 seconds 
[ Info: time: 1747 days, iteration: 125784, Δt: 20 minutes,max|u|: (1.63e+00, 1.59e+00, 6.68e-03) m s⁻¹, extrema(T): (31.16, -1.94) ᵒC, extrema(S): (39.89, 17.18) g/kg, extrema(η): (3.12, -2.16) m, wall time: 11.804 seconds 
[ Info: time: 1748 days, iteration: 125856, Δt: 20 minutes,max|u|: (1.61e+00, 1.50e+00, 6.70e-03) m s⁻¹, extrema(T): (31.14, -1.94) ᵒC, extrema(S): (39.90, 17.49) g/kg, extrema(η): (2.90, -3.00) m, wall time: 11.723 seconds 
[ Info: time: 1749 days, iteration: 125928, Δt: 20 minutes,max|u|: (1.53e+00, 1.50e+00, 6.73e-03) m s⁻¹, extrema(T): (31.22, -1.94) ᵒC, extrema(S): (39.91, 17.51) g/kg, extrema(η): (2.61, -2.12) m, wall time: 11.741 seconds 
[ Info: time: 1750 days, iteration: 126000, Δt: 20 minutes,max|u|: (1.56e+00, 2.15e+00, 6.71e-03) m s⁻¹, extrema(T): (31.17, -1.94) ᵒC, extrema(S): (39.93, 17.65) g/kg, extrema(η): (2.25, -2.12) m, wall time: 11.770 seconds 
[ Info: time: 1751 days, iteration: 126072, Δt: 20 minutes,max|u|: (2.47e+00, 1.92e+00, 6.73e-03) m s⁻¹, extrema(T): (31.07, -1.93) ᵒC, extrema(S): (39.94, 17.94) g/kg, extrema(η): (4.50, -2.09) m, wall time: 11.709 seconds 
[ Info: time: 1752 days, iteration: 126144, Δt: 20 minutes,max|u|: (1.95e+00, 1.53e+00, 6.72e-03) m s⁻¹, extrema(T): (31.10, -1.93) ᵒC, extrema(S): (39.94, 18.19) g/kg, extrema(η): (2.30, -2.12) m, wall time: 11.703 seconds 
[ Info: time: 1753 days, iteration: 126216, Δt: 20 minutes,max|u|: (1.55e+00, 1.48e+00, 6.78e-03) m s⁻¹, extrema(T): (31.11, -1.93) ᵒC, extrema(S): (39.93, 18.22) g/kg, extrema(η): (1.48, -2.25) m, wall time: 11.828 seconds 
[ Info: time: 1754 days, iteration: 126288, Δt: 20 minutes,max|u|: (1.64e+00, 1.50e+00, 6.79e-03) m s⁻¹, extrema(T): (31.11, -1.93) ᵒC, extrema(S): (39.92, 18.21) g/kg, extrema(η): (1.35, -2.89) m, wall time: 11.770 seconds 
[ Info: time: 1755 days, iteration: 126360, Δt: 20 minutes,max|u|: (1.61e+00, 1.66e+00, 6.79e-03) m s⁻¹, extrema(T): (31.14, -1.93) ᵒC, extrema(S): (39.92, 17.74) g/kg, extrema(η): (1.33, -2.18) m, wall time: 11.844 seconds 
[ Info: time: 1756 days, iteration: 126432, Δt: 20 minutes,max|u|: (1.56e+00, 2.60e+00, 6.84e-03) m s⁻¹, extrema(T): (31.18, -1.93) ᵒC, extrema(S): (39.91, 17.35) g/kg, extrema(η): (4.51, -2.07) m, wall time: 11.764 seconds 
[ Info: time: 1757 days, iteration: 126504, Δt: 20 minutes,max|u|: (1.74e+00, 1.53e+00, 6.86e-03) m s⁻¹, extrema(T): (31.23, -1.93) ᵒC, extrema(S): (39.90, 18.08) g/kg, extrema(η): (3.78, -2.04) m, wall time: 11.764 seconds 
[ Info: time: 1758 days, iteration: 126576, Δt: 20 minutes,max|u|: (1.59e+00, 1.89e+00, 6.87e-03) m s⁻¹, extrema(T): (31.27, -1.93) ᵒC, extrema(S): (39.90, 17.47) g/kg, extrema(η): (1.32, -2.22) m, wall time: 16.568 seconds 
[ Info: time: 1759 days, iteration: 126648, Δt: 20 minutes,max|u|: (1.86e+00, 2.63e+00, 6.87e-03) m s⁻¹, extrema(T): (31.30, -1.93) ᵒC, extrema(S): (39.91, 17.20) g/kg, extrema(η): (1.36, -3.25) m, wall time: 11.817 seconds 
[ Info: time: 1760 days, iteration: 126720, Δt: 20 minutes,max|u|: (1.96e+00, 1.98e+00, 6.91e-03) m s⁻¹, extrema(T): (31.34, -1.93) ᵒC, extrema(S): (39.90, 18.27) g/kg, extrema(η): (1.32, -2.16) m, wall time: 11.763 seconds 
[ Info: time: 1761 days, iteration: 126792, Δt: 20 minutes,max|u|: (1.70e+00, 1.56e+00, 6.88e-03) m s⁻¹, extrema(T): (31.39, -1.93) ᵒC, extrema(S): (39.90, 18.43) g/kg, extrema(η): (3.36, -2.16) m, wall time: 11.773 seconds 
[ Info: time: 1762 days, iteration: 126864, Δt: 20 minutes,max|u|: (1.67e+00, 1.49e+00, 6.86e-03) m s⁻¹, extrema(T): (31.43, -1.93) ᵒC, extrema(S): (39.91, 18.71) g/kg, extrema(η): (4.08, -2.25) m, wall time: 11.704 seconds 
[ Info: time: 1763 days, iteration: 126936, Δt: 20 minutes,max|u|: (1.64e+00, 1.66e+00, 6.75e-03) m s⁻¹, extrema(T): (31.48, -1.93) ᵒC, extrema(S): (39.91, 18.86) g/kg, extrema(η): (1.29, -2.22) m, wall time: 11.677 seconds 
[ Info: time: 1764 days, iteration: 127008, Δt: 20 minutes,max|u|: (1.65e+00, 1.48e+00, 6.70e-03) m s⁻¹, extrema(T): (31.51, -1.93) ᵒC, extrema(S): (39.91, 18.93) g/kg, extrema(η): (1.53, -3.01) m, wall time: 11.693 seconds 
[ Info: time: 1765 days, iteration: 127080, Δt: 20 minutes,max|u|: (1.66e+00, 1.93e+00, 6.65e-03) m s⁻¹, extrema(T): (31.54, -1.93) ᵒC, extrema(S): (39.91, 18.98) g/kg, extrema(η): (1.93, -2.32) m, wall time: 11.734 seconds 
[ Info: time: 1766 days, iteration: 127152, Δt: 20 minutes,max|u|: (1.46e+00, 1.70e+00, 6.62e-03) m s⁻¹, extrema(T): (31.56, -1.93) ᵒC, extrema(S): (39.91, 19.01) g/kg, extrema(η): (2.51, -2.24) m, wall time: 12.871 seconds 
[ Info: time: 1767 days, iteration: 127224, Δt: 20 minutes,max|u|: (1.48e+00, 1.51e+00, 6.59e-03) m s⁻¹, extrema(T): (31.56, -1.93) ᵒC, extrema(S): (39.91, 18.01) g/kg, extrema(η): (4.27, -2.13) m, wall time: 11.803 seconds 
[ Info: time: 1768 days, iteration: 127296, Δt: 20 minutes,max|u|: (1.56e+00, 1.50e+00, 6.59e-03) m s⁻¹, extrema(T): (31.52, -1.93) ᵒC, extrema(S): (39.91, 17.34) g/kg, extrema(η): (3.18, -2.14) m, wall time: 11.691 seconds 
[ Info: time: 1769 days, iteration: 127368, Δt: 20 minutes,max|u|: (1.54e+00, 1.49e+00, 6.64e-03) m s⁻¹, extrema(T): (31.48, -1.93) ᵒC, extrema(S): (39.91, 17.42) g/kg, extrema(η): (3.34, -2.20) m, wall time: 11.722 seconds 
[ Info: time: 1770 days, iteration: 127440, Δt: 20 minutes,max|u|: (1.54e+00, 1.50e+00, 6.66e-03) m s⁻¹, extrema(T): (31.42, -1.93) ᵒC, extrema(S): (39.91, 18.73) g/kg, extrema(η): (3.46, -2.98) m, wall time: 16.664 seconds 
[ Info: time: 1771 days, iteration: 127512, Δt: 20 minutes,max|u|: (1.62e+00, 1.67e+00, 6.61e-03) m s⁻¹, extrema(T): (31.36, -1.93) ᵒC, extrema(S): (39.91, 19.18) g/kg, extrema(η): (3.24, -2.13) m, wall time: 11.761 seconds 
[ Info: time: 1772 days, iteration: 127584, Δt: 20 minutes,max|u|: (1.55e+00, 2.09e+00, 6.61e-03) m s⁻¹, extrema(T): (31.30, -1.92) ᵒC, extrema(S): (39.92, 19.20) g/kg, extrema(η): (4.16, -2.11) m, wall time: 11.689 seconds 
[ Info: time: 1773 days, iteration: 127656, Δt: 20 minutes,max|u|: (1.80e+00, 1.51e+00, 6.57e-03) m s⁻¹, extrema(T): (31.24, -1.92) ᵒC, extrema(S): (39.92, 18.60) g/kg, extrema(η): (2.64, -2.26) m, wall time: 11.805 seconds 
[ Info: time: 1774 days, iteration: 127728, Δt: 20 minutes,max|u|: (1.71e+00, 1.82e+00, 6.54e-03) m s⁻¹, extrema(T): (31.19, -1.91) ᵒC, extrema(S): (39.92, 18.59) g/kg, extrema(η): (2.26, -2.25) m, wall time: 11.821 seconds 
[ Info: time: 1775 days, iteration: 127800, Δt: 20 minutes,max|u|: (2.26e+00, 3.55e+00, 6.55e-03) m s⁻¹, extrema(T): (30.98, -1.91) ᵒC, extrema(S): (39.93, 19.29) g/kg, extrema(η): (3.04, -2.23) m, wall time: 11.893 seconds 
[ Info: time: 1776 days, iteration: 127872, Δt: 20 minutes,max|u|: (2.00e+00, 2.55e+00, 6.49e-03) m s⁻¹, extrema(T): (30.96, -1.90) ᵒC, extrema(S): (39.91, 19.33) g/kg, extrema(η): (2.25, -2.19) m, wall time: 11.729 seconds 
[ Info: time: 1777 days, iteration: 127944, Δt: 20 minutes,max|u|: (1.86e+00, 1.52e+00, 6.49e-03) m s⁻¹, extrema(T): (30.99, -1.88) ᵒC, extrema(S): (39.91, 19.40) g/kg, extrema(η): (4.28, -2.20) m, wall time: 11.878 seconds 
[ Info: time: 1778 days, iteration: 128016, Δt: 20 minutes,max|u|: (1.86e+00, 1.52e+00, 6.53e-03) m s⁻¹, extrema(T): (31.09, -1.88) ᵒC, extrema(S): (39.92, 19.47) g/kg, extrema(η): (2.11, -2.20) m, wall time: 11.887 seconds 
[ Info: time: 1779 days, iteration: 128088, Δt: 20 minutes,max|u|: (1.67e+00, 1.95e+00, 6.57e-03) m s⁻¹, extrema(T): (31.16, -1.88) ᵒC, extrema(S): (39.92, 19.35) g/kg, extrema(η): (1.31, -2.10) m, wall time: 11.870 seconds 
[ Info: time: 1780 days, iteration: 128160, Δt: 20 minutes,max|u|: (2.36e+00, 1.64e+00, 6.61e-03) m s⁻¹, extrema(T): (31.06, -1.88) ᵒC, extrema(S): (39.92, 19.21) g/kg, extrema(η): (1.28, -2.95) m, wall time: 11.957 seconds 
[ Info: time: 1781 days, iteration: 128232, Δt: 20 minutes,max|u|: (2.62e+00, 1.88e+00, 6.62e-03) m s⁻¹, extrema(T): (31.00, -1.87) ᵒC, extrema(S): (39.92, 19.08) g/kg, extrema(η): (1.30, -2.17) m, wall time: 11.801 seconds 
[ Info: time: 1782 days, iteration: 128304, Δt: 20 minutes,max|u|: (1.69e+00, 1.50e+00, 6.62e-03) m s⁻¹, extrema(T): (31.06, -1.88) ᵒC, extrema(S): (39.92, 18.98) g/kg, extrema(η): (4.10, -2.07) m, wall time: 11.908 seconds 
[ Info: time: 1783 days, iteration: 128376, Δt: 20 minutes,max|u|: (2.87e+00, 2.69e+00, 6.69e-03) m s⁻¹, extrema(T): (31.07, -1.89) ᵒC, extrema(S): (39.92, 18.89) g/kg, extrema(η): (3.13, -2.08) m, wall time: 29.240 seconds 
[ Info: time: 1784 days, iteration: 128448, Δt: 20 minutes,max|u|: (2.15e+00, 1.50e+00, 6.71e-03) m s⁻¹, extrema(T): (31.03, -1.90) ᵒC, extrema(S): (39.92, 18.82) g/kg, extrema(η): (1.50, -2.17) m, wall time: 11.947 seconds 
[ Info: time: 1785 days, iteration: 128520, Δt: 20 minutes,max|u|: (2.04e+00, 1.72e+00, 6.71e-03) m s⁻¹, extrema(T): (31.02, -1.91) ᵒC, extrema(S): (39.92, 18.78) g/kg, extrema(η): (1.45, -3.52) m, wall time: 11.882 seconds 
[ Info: time: 1786 days, iteration: 128592, Δt: 20 minutes,max|u|: (1.80e+00, 2.29e+00, 6.68e-03) m s⁻¹, extrema(T): (31.08, -1.91) ᵒC, extrema(S): (39.91, 18.76) g/kg, extrema(η): (1.42, -2.53) m, wall time: 12.090 seconds 
[ Info: time: 1787 days, iteration: 128664, Δt: 20 minutes,max|u|: (1.97e+00, 1.64e+00, 6.70e-03) m s⁻¹, extrema(T): (31.09, -1.91) ᵒC, extrema(S): (39.92, 18.74) g/kg, extrema(η): (4.03, -2.29) m, wall time: 12.049 seconds 
[ Info: time: 1788 days, iteration: 128736, Δt: 20 minutes,max|u|: (1.83e+00, 1.65e+00, 6.77e-03) m s⁻¹, extrema(T): (31.09, -1.91) ᵒC, extrema(S): (39.92, 18.70) g/kg, extrema(η): (3.07, -2.11) m, wall time: 11.869 seconds 
[ Info: time: 1789 days, iteration: 128808, Δt: 20 minutes,max|u|: (2.45e+00, 2.81e+00, 6.81e-03) m s⁻¹, extrema(T): (31.18, -1.91) ᵒC, extrema(S): (39.92, 18.66) g/kg, extrema(η): (2.65, -2.05) m, wall time: 11.847 seconds 
[ Info: time: 1790 days, iteration: 128880, Δt: 20 minutes,max|u|: (1.75e+00, 2.15e+00, 6.86e-03) m s⁻¹, extrema(T): (31.17, -1.91) ᵒC, extrema(S): (39.91, 18.70) g/kg, extrema(η): (2.03, -3.08) m, wall time: 11.851 seconds 
[ Info: time: 1791 days, iteration: 128952, Δt: 20 minutes,max|u|: (2.18e+00, 2.02e+00, 6.86e-03) m s⁻¹, extrema(T): (31.17, -1.91) ᵒC, extrema(S): (39.91, 18.74) g/kg, extrema(η): (2.52, -2.13) m, wall time: 11.971 seconds 
[ Info: time: 1792 days, iteration: 129024, Δt: 20 minutes,max|u|: (1.96e+00, 1.59e+00, 6.88e-03) m s⁻¹, extrema(T): (31.19, -1.90) ᵒC, extrema(S): (39.91, 18.72) g/kg, extrema(η): (3.38, -2.33) m, wall time: 11.859 seconds 
[ Info: time: 1793 days, iteration: 129096, Δt: 20 minutes,max|u|: (1.62e+00, 2.03e+00, 6.89e-03) m s⁻¹, extrema(T): (31.28, -1.91) ᵒC, extrema(S): (39.92, 18.71) g/kg, extrema(η): (3.05, -2.18) m, wall time: 11.838 seconds 
[ Info: time: 1794 days, iteration: 129168, Δt: 20 minutes,max|u|: (1.62e+00, 2.25e+00, 6.90e-03) m s⁻¹, extrema(T): (31.32, -1.92) ᵒC, extrema(S): (39.92, 18.79) g/kg, extrema(η): (3.14, -2.25) m, wall time: 11.881 seconds 
[ Info: time: 1795 days, iteration: 129240, Δt: 20 minutes,max|u|: (4.58e+00, 1.99e+00, 6.94e-03) m s⁻¹, extrema(T): (31.35, -1.92) ᵒC, extrema(S): (39.92, 18.84) g/kg, extrema(η): (3.11, -2.57) m, wall time: 16.916 seconds 
[ Info: time: 1796 days, iteration: 129312, Δt: 20 minutes,max|u|: (1.65e+00, 2.24e+00, 6.88e-03) m s⁻¹, extrema(T): (31.34, -1.92) ᵒC, extrema(S): (39.91, 19.11) g/kg, extrema(η): (2.94, -2.23) m, wall time: 11.961 seconds 
[ Info: time: 1797 days, iteration: 129384, Δt: 20 minutes,max|u|: (1.66e+00, 2.13e+00, 6.83e-03) m s⁻¹, extrema(T): (31.31, -1.92) ᵒC, extrema(S): (39.91, 19.29) g/kg, extrema(η): (3.99, -1.98) m, wall time: 13.349 seconds 
[ Info: time: 1798 days, iteration: 129456, Δt: 20 minutes,max|u|: (1.95e+00, 2.20e+00, 6.94e-03) m s⁻¹, extrema(T): (31.20, -1.91) ᵒC, extrema(S): (39.90, 19.30) g/kg, extrema(η): (3.29, -2.19) m, wall time: 12.385 seconds 
[ Info: time: 1799 days, iteration: 129528, Δt: 20 minutes,max|u|: (2.45e+00, 2.21e+00, 6.98e-03) m s⁻¹, extrema(T): (31.23, -1.91) ᵒC, extrema(S): (39.90, 19.29) g/kg, extrema(η): (1.95, -2.11) m, wall time: 12.006 seconds 
[ Info: time: 1800 days, iteration: 129600, Δt: 20 minutes,max|u|: (1.93e+00, 2.36e+00, 6.93e-03) m s⁻¹, extrema(T): (31.27, -1.90) ᵒC, extrema(S): (39.90, 19.30) g/kg, extrema(η): (1.52, -2.94) m, wall time: 11.860 seconds 
[ Info: time: 1801 days, iteration: 129672, Δt: 20 minutes,max|u|: (2.03e+00, 2.27e+00, 6.94e-03) m s⁻¹, extrema(T): (31.32, -1.92) ᵒC, extrema(S): (39.90, 19.30) g/kg, extrema(η): (1.75, -2.11) m, wall time: 11.890 seconds 
[ Info: time: 1802 days, iteration: 129744, Δt: 20 minutes,max|u|: (1.87e+00, 2.13e+00, 6.94e-03) m s⁻¹, extrema(T): (31.36, -1.92) ᵒC, extrema(S): (39.90, 19.29) g/kg, extrema(η): (3.72, -2.08) m, wall time: 11.932 seconds 
[ Info: time: 1803 days, iteration: 129816, Δt: 20 minutes,max|u|: (1.79e+00, 2.81e+00, 6.93e-03) m s⁻¹, extrema(T): (31.43, -1.91) ᵒC, extrema(S): (39.90, 19.41) g/kg, extrema(η): (3.98, -2.27) m, wall time: 11.961 seconds 
[ Info: time: 1804 days, iteration: 129888, Δt: 20 minutes,max|u|: (1.88e+00, 2.07e+00, 6.93e-03) m s⁻¹, extrema(T): (31.52, -1.92) ᵒC, extrema(S): (39.90, 19.51) g/kg, extrema(η): (2.47, -2.01) m, wall time: 11.936 seconds 
[ Info: time: 1805 days, iteration: 129960, Δt: 20 minutes,max|u|: (1.92e+00, 1.85e+00, 6.93e-03) m s⁻¹, extrema(T): (31.47, -1.91) ᵒC, extrema(S): (39.90, 19.57) g/kg, extrema(η): (1.31, -2.93) m, wall time: 11.884 seconds 
[ Info: time: 1806 days, iteration: 130032, Δt: 20 minutes,max|u|: (2.02e+00, 2.21e+00, 6.93e-03) m s⁻¹, extrema(T): (31.41, -1.91) ᵒC, extrema(S): (39.90, 19.63) g/kg, extrema(η): (3.27, -2.05) m, wall time: 11.902 seconds 
[ Info: time: 1807 days, iteration: 130104, Δt: 20 minutes,max|u|: (1.99e+00, 1.51e+00, 6.86e-03) m s⁻¹, extrema(T): (31.40, -1.91) ᵒC, extrema(S): (39.90, 19.65) g/kg, extrema(η): (2.26, -2.06) m, wall time: 17.028 seconds 
[ Info: time: 1808 days, iteration: 130176, Δt: 20 minutes,max|u|: (1.91e+00, 1.51e+00, 6.88e-03) m s⁻¹, extrema(T): (31.42, -1.92) ᵒC, extrema(S): (39.89, 19.70) g/kg, extrema(η): (4.21, -1.98) m, wall time: 11.885 seconds 
[ Info: time: 1809 days, iteration: 130248, Δt: 20 minutes,max|u|: (1.89e+00, 2.63e+00, 6.80e-03) m s⁻¹, extrema(T): (31.36, -1.91) ᵒC, extrema(S): (39.89, 19.81) g/kg, extrema(η): (2.78, -1.95) m, wall time: 11.982 seconds 
[ Info: time: 1810 days, iteration: 130320, Δt: 20 minutes,max|u|: (1.92e+00, 1.50e+00, 6.81e-03) m s⁻¹, extrema(T): (31.29, -1.92) ᵒC, extrema(S): (39.89, 19.88) g/kg, extrema(η): (1.23, -2.83) m, wall time: 12.124 seconds 
[ Info: time: 1811 days, iteration: 130392, Δt: 20 minutes,max|u|: (1.92e+00, 2.37e+00, 6.83e-03) m s⁻¹, extrema(T): (31.21, -1.91) ᵒC, extrema(S): (39.89, 19.93) g/kg, extrema(η): (1.29, -2.41) m, wall time: 11.915 seconds 
[ Info: time: 1812 days, iteration: 130464, Δt: 20 minutes,max|u|: (1.96e+00, 1.85e+00, 6.78e-03) m s⁻¹, extrema(T): (31.07, -1.91) ᵒC, extrema(S): (39.89, 19.99) g/kg, extrema(η): (1.71, -2.09) m, wall time: 11.940 seconds 
[ Info: time: 1813 days, iteration: 130536, Δt: 20 minutes,max|u|: (2.04e+00, 1.49e+00, 6.83e-03) m s⁻¹, extrema(T): (31.09, -1.91) ᵒC, extrema(S): (39.89, 20.06) g/kg, extrema(η): (3.81, -2.23) m, wall time: 11.958 seconds 
[ Info: time: 1814 days, iteration: 130608, Δt: 20 minutes,max|u|: (2.10e+00, 1.62e+00, 6.89e-03) m s⁻¹, extrema(T): (31.16, -1.91) ᵒC, extrema(S): (39.89, 20.10) g/kg, extrema(η): (1.53, -2.18) m, wall time: 11.960 seconds 
[ Info: time: 1815 days, iteration: 130680, Δt: 20 minutes,max|u|: (2.10e+00, 1.66e+00, 6.88e-03) m s⁻¹, extrema(T): (31.20, -1.90) ᵒC, extrema(S): (39.89, 20.08) g/kg, extrema(η): (2.12, -3.02) m, wall time: 11.871 seconds 
[ Info: time: 1816 days, iteration: 130752, Δt: 20 minutes,max|u|: (2.05e+00, 1.92e+00, 6.90e-03) m s⁻¹, extrema(T): (31.16, -1.90) ᵒC, extrema(S): (39.88, 20.07) g/kg, extrema(η): (2.61, -3.03) m, wall time: 11.955 seconds 
[ Info: time: 1817 days, iteration: 130824, Δt: 20 minutes,max|u|: (2.01e+00, 2.18e+00, 6.85e-03) m s⁻¹, extrema(T): (31.10, -1.90) ᵒC, extrema(S): (39.88, 20.05) g/kg, extrema(η): (2.92, -2.17) m, wall time: 11.924 seconds 
[ Info: time: 1818 days, iteration: 130896, Δt: 20 minutes,max|u|: (2.03e+00, 2.30e+00, 6.87e-03) m s⁻¹, extrema(T): (31.26, -1.90) ᵒC, extrema(S): (39.88, 20.02) g/kg, extrema(η): (4.21, -2.12) m, wall time: 11.947 seconds 
[ Info: time: 1819 days, iteration: 130968, Δt: 20 minutes,max|u|: (2.06e+00, 2.32e+00, 6.76e-03) m s⁻¹, extrema(T): (31.44, -1.91) ᵒC, extrema(S): (39.88, 20.00) g/kg, extrema(η): (3.16, -3.17) m, wall time: 11.885 seconds 
[ Info: time: 1820 days, iteration: 131040, Δt: 20 minutes,max|u|: (2.06e+00, 2.27e+00, 6.79e-03) m s⁻¹, extrema(T): (31.54, -1.91) ᵒC, extrema(S): (39.88, 20.05) g/kg, extrema(η): (2.94, -2.53) m, wall time: 18.355 seconds 
[ Info: time: 1821 days, iteration: 131112, Δt: 20 minutes,max|u|: (2.03e+00, 2.22e+00, 6.84e-03) m s⁻¹, extrema(T): (31.59, -1.91) ᵒC, extrema(S): (39.89, 19.97) g/kg, extrema(η): (2.84, -3.65) m, wall time: 11.968 seconds 
[ Info: time: 1822 days, iteration: 131184, Δt: 20 minutes,max|u|: (2.01e+00, 2.12e+00, 6.89e-03) m s⁻¹, extrema(T): (31.64, -1.92) ᵒC, extrema(S): (39.89, 19.88) g/kg, extrema(η): (2.56, -3.12) m, wall time: 12.024 seconds 
[ Info: time: 1823 days, iteration: 131256, Δt: 20 minutes,max|u|: (2.01e+00, 1.95e+00, 6.90e-03) m s⁻¹, extrema(T): (31.58, -1.92) ᵒC, extrema(S): (39.89, 19.78) g/kg, extrema(η): (4.28, -2.24) m, wall time: 12.010 seconds 
[ Info: time: 1824 days, iteration: 131328, Δt: 20 minutes,max|u|: (2.02e+00, 1.83e+00, 6.99e-03) m s⁻¹, extrema(T): (31.73, -1.92) ᵒC, extrema(S): (39.88, 19.71) g/kg, extrema(η): (3.18, -2.31) m, wall time: 11.904 seconds 
[ Info: time: 1825 days, iteration: 131400, Δt: 20 minutes,max|u|: (2.02e+00, 1.71e+00, 7.04e-03) m s⁻¹, extrema(T): (31.78, -1.93) ᵒC, extrema(S): (39.88, 19.78) g/kg, extrema(η): (1.22, -2.12) m, wall time: 11.862 seconds 
[ Info: time: 1826 days, iteration: 131472, Δt: 20 minutes,max|u|: (2.20e+00, 2.59e+00, 7.02e-03) m s⁻¹, extrema(T): (31.66, -1.93) ᵒC, extrema(S): (39.87, 19.73) g/kg, extrema(η): (1.40, -3.36) m, wall time: 11.835 seconds 
[ Info: time: 1827 days, iteration: 131544, Δt: 20 minutes,max|u|: (2.05e+00, 1.68e+00, 7.05e-03) m s⁻¹, extrema(T): (31.62, -1.93) ᵒC, extrema(S): (39.87, 19.64) g/kg, extrema(η): (1.29, -2.11) m, wall time: 11.916 seconds 
[ Info: time: 1828 days, iteration: 131616, Δt: 20 minutes,max|u|: (2.06e+00, 1.72e+00, 7.04e-03) m s⁻¹, extrema(T): (31.66, -1.94) ᵒC, extrema(S): (39.87, 19.55) g/kg, extrema(η): (3.24, -2.16) m, wall time: 13.183 seconds 
[ Info: time: 1829 days, iteration: 131688, Δt: 20 minutes,max|u|: (2.04e+00, 1.63e+00, 7.05e-03) m s⁻¹, extrema(T): (31.63, -1.94) ᵒC, extrema(S): (39.86, 19.49) g/kg, extrema(η): (3.21, -2.28) m, wall time: 11.961 seconds 
[ Info: time: 1830 days, iteration: 131760, Δt: 20 minutes,max|u|: (1.99e+00, 1.78e+00, 7.01e-03) m s⁻¹, extrema(T): (31.60, -1.94) ᵒC, extrema(S): (39.86, 19.45) g/kg, extrema(η): (1.33, -2.31) m, wall time: 12.047 seconds 
[ Info: time: 1831 days, iteration: 131832, Δt: 20 minutes,max|u|: (1.93e+00, 1.83e+00, 6.98e-03) m s⁻¹, extrema(T): (31.57, -1.93) ᵒC, extrema(S): (39.86, 19.41) g/kg, extrema(η): (1.26, -3.72) m, wall time: 12.154 seconds 
[ Info: time: 1832 days, iteration: 131904, Δt: 20 minutes,max|u|: (1.79e+00, 2.06e+00, 6.97e-03) m s⁻¹, extrema(T): (31.33, -1.93) ᵒC, extrema(S): (39.86, 19.41) g/kg, extrema(η): (1.19, -2.13) m, wall time: 17.346 seconds 
[ Info: time: 1833 days, iteration: 131976, Δt: 20 minutes,max|u|: (1.87e+00, 2.04e+00, 6.99e-03) m s⁻¹, extrema(T): (31.23, -1.94) ᵒC, extrema(S): (39.85, 19.35) g/kg, extrema(η): (2.93, -2.25) m, wall time: 11.826 seconds 
[ Info: time: 1834 days, iteration: 132048, Δt: 20 minutes,max|u|: (1.84e+00, 2.19e+00, 7.00e-03) m s⁻¹, extrema(T): (31.16, -1.94) ᵒC, extrema(S): (39.85, 19.27) g/kg, extrema(η): (3.92, -2.27) m, wall time: 11.919 seconds 
[ Info: time: 1835 days, iteration: 132120, Δt: 20 minutes,max|u|: (1.61e+00, 2.12e+00, 7.05e-03) m s⁻¹, extrema(T): (31.11, -1.94) ᵒC, extrema(S): (39.85, 19.22) g/kg, extrema(η): (1.39, -2.25) m, wall time: 12.004 seconds 
[ Info: time: 1836 days, iteration: 132192, Δt: 20 minutes,max|u|: (2.30e+00, 3.33e+00, 7.03e-03) m s⁻¹, extrema(T): (31.08, -1.94) ᵒC, extrema(S): (39.85, 19.20) g/kg, extrema(η): (1.35, -2.94) m, wall time: 11.800 seconds 
[ Info: time: 1837 days, iteration: 132264, Δt: 20 minutes,max|u|: (1.63e+00, 1.95e+00, 6.99e-03) m s⁻¹, extrema(T): (31.10, -1.95) ᵒC, extrema(S): (39.85, 19.16) g/kg, extrema(η): (1.39, -2.31) m, wall time: 11.969 seconds 
[ Info: time: 1838 days, iteration: 132336, Δt: 20 minutes,max|u|: (1.66e+00, 1.89e+00, 6.96e-03) m s⁻¹, extrema(T): (31.13, -1.94) ᵒC, extrema(S): (39.85, 19.13) g/kg, extrema(η): (2.07, -2.25) m, wall time: 11.962 seconds 
[ Info: time: 1839 days, iteration: 132408, Δt: 20 minutes,max|u|: (1.67e+00, 2.04e+00, 6.92e-03) m s⁻¹, extrema(T): (31.07, -1.94) ᵒC, extrema(S): (39.85, 19.13) g/kg, extrema(η): (4.17, -2.25) m, wall time: 12.038 seconds 
[ Info: time: 1840 days, iteration: 132480, Δt: 20 minutes,max|u|: (1.82e+00, 2.07e+00, 6.93e-03) m s⁻¹, extrema(T): (31.13, -1.94) ᵒC, extrema(S): (39.85, 19.13) g/kg, extrema(η): (2.80, -2.18) m, wall time: 11.892 seconds 
[ Info: time: 1841 days, iteration: 132552, Δt: 20 minutes,max|u|: (1.74e+00, 2.12e+00, 6.92e-03) m s⁻¹, extrema(T): (31.16, -1.95) ᵒC, extrema(S): (39.85, 19.17) g/kg, extrema(η): (3.20, -2.29) m, wall time: 12.147 seconds 
[ Info: time: 1842 days, iteration: 132624, Δt: 20 minutes,max|u|: (1.67e+00, 2.06e+00, 6.92e-03) m s⁻¹, extrema(T): (31.17, -1.95) ᵒC, extrema(S): (39.84, 19.20) g/kg, extrema(η): (3.29, -2.06) m, wall time: 11.948 seconds 
[ Info: time: 1843 days, iteration: 132696, Δt: 20 minutes,max|u|: (2.09e+00, 2.12e+00, 6.90e-03) m s⁻¹, extrema(T): (31.12, -1.95) ᵒC, extrema(S): (39.84, 19.19) g/kg, extrema(η): (3.28, -2.12) m, wall time: 11.928 seconds 
[ Info: time: 1844 days, iteration: 132768, Δt: 20 minutes,max|u|: (1.66e+00, 2.08e+00, 6.89e-03) m s⁻¹, extrema(T): (31.12, -1.95) ᵒC, extrema(S): (39.83, 19.19) g/kg, extrema(η): (4.01, -2.20) m, wall time: 17.407 seconds 
[ Info: time: 1845 days, iteration: 132840, Δt: 20 minutes,max|u|: (1.66e+00, 2.05e+00, 6.85e-03) m s⁻¹, extrema(T): (31.29, -1.95) ᵒC, extrema(S): (39.83, 19.17) g/kg, extrema(η): (2.81, -2.13) m, wall time: 12.036 seconds 
[ Info: time: 1846 days, iteration: 132912, Δt: 20 minutes,max|u|: (2.06e+00, 2.03e+00, 6.86e-03) m s⁻¹, extrema(T): (31.19, -1.95) ᵒC, extrema(S): (39.82, 19.16) g/kg, extrema(η): (2.47, -2.09) m, wall time: 11.931 seconds 
[ Info: time: 1847 days, iteration: 132984, Δt: 20 minutes,max|u|: (1.69e+00, 2.04e+00, 6.84e-03) m s⁻¹, extrema(T): (31.17, -1.95) ᵒC, extrema(S): (39.81, 19.18) g/kg, extrema(η): (1.93, -3.24) m, wall time: 11.996 seconds 
[ Info: time: 1848 days, iteration: 133056, Δt: 20 minutes,max|u|: (1.71e+00, 2.12e+00, 6.88e-03) m s⁻¹, extrema(T): (31.20, -1.96) ᵒC, extrema(S): (39.81, 19.19) g/kg, extrema(η): (1.37, -1.96) m, wall time: 11.902 seconds 
[ Info: time: 1849 days, iteration: 133128, Δt: 20 minutes,max|u|: (1.71e+00, 2.24e+00, 6.88e-03) m s⁻¹, extrema(T): (31.25, -1.96) ᵒC, extrema(S): (39.80, 19.24) g/kg, extrema(η): (3.52, -2.06) m, wall time: 11.954 seconds 
[ Info: time: 1850 days, iteration: 133200, Δt: 20 minutes,max|u|: (1.71e+00, 2.76e+00, 6.86e-03) m s⁻¹, extrema(T): (31.35, -1.96) ᵒC, extrema(S): (39.78, 19.25) g/kg, extrema(η): (3.45, -1.98) m, wall time: 11.900 seconds 
[ Info: time: 1851 days, iteration: 133272, Δt: 20 minutes,max|u|: (1.73e+00, 1.95e+00, 6.90e-03) m s⁻¹, extrema(T): (31.41, -1.96) ᵒC, extrema(S): (39.77, 19.21) g/kg, extrema(η): (1.39, -2.18) m, wall time: 11.844 seconds 
[ Info: time: 1852 days, iteration: 133344, Δt: 20 minutes,max|u|: (1.66e+00, 1.90e+00, 6.92e-03) m s⁻¹, extrema(T): (31.44, -1.96) ᵒC, extrema(S): (39.74, 19.18) g/kg, extrema(η): (1.35, -3.75) m, wall time: 12.017 seconds 
[ Info: time: 1853 days, iteration: 133416, Δt: 20 minutes,max|u|: (1.92e+00, 1.98e+00, 6.93e-03) m s⁻¹, extrema(T): (31.50, -1.96) ᵒC, extrema(S): (39.74, 19.14) g/kg, extrema(η): (1.39, -2.28) m, wall time: 11.982 seconds 
[ Info: time: 1854 days, iteration: 133488, Δt: 20 minutes,max|u|: (1.78e+00, 2.26e+00, 6.94e-03) m s⁻¹, extrema(T): (31.56, -1.96) ᵒC, extrema(S): (39.74, 19.09) g/kg, extrema(η): (3.07, -2.24) m, wall time: 11.878 seconds 
[ Info: time: 1855 days, iteration: 133560, Δt: 20 minutes,max|u|: (1.86e+00, 2.21e+00, 6.95e-03) m s⁻¹, extrema(T): (31.57, -1.96) ᵒC, extrema(S): (39.73, 19.07) g/kg, extrema(η): (3.68, -2.14) m, wall time: 11.916 seconds 
[ Info: time: 1856 days, iteration: 133632, Δt: 20 minutes,max|u|: (1.96e+00, 2.33e+00, 6.95e-03) m s⁻¹, extrema(T): (31.59, -1.96) ᵒC, extrema(S): (39.73, 19.07) g/kg, extrema(η): (1.38, -2.22) m, wall time: 11.974 seconds 
[ Info: time: 1857 days, iteration: 133704, Δt: 20 minutes,max|u|: (2.01e+00, 2.48e+00, 6.93e-03) m s⁻¹, extrema(T): (31.60, -1.97) ᵒC, extrema(S): (39.72, 19.03) g/kg, extrema(η): (1.37, -2.59) m, wall time: 17.237 seconds 
[ Info: time: 1858 days, iteration: 133776, Δt: 20 minutes,max|u|: (1.91e+00, 2.71e+00, 6.90e-03) m s⁻¹, extrema(T): (31.59, -1.97) ᵒC, extrema(S): (39.72, 18.99) g/kg, extrema(η): (1.46, -3.13) m, wall time: 11.963 seconds 
[ Info: time: 1859 days, iteration: 133848, Δt: 20 minutes,max|u|: (1.85e+00, 2.49e+00, 6.91e-03) m s⁻¹, extrema(T): (31.61, -1.98) ᵒC, extrema(S): (39.72, 18.96) g/kg, extrema(η): (3.15, -2.20) m, wall time: 13.178 seconds 
[ Info: time: 1860 days, iteration: 133920, Δt: 20 minutes,max|u|: (1.89e+00, 2.30e+00, 6.93e-03) m s⁻¹, extrema(T): (31.64, -1.97) ᵒC, extrema(S): (39.72, 18.94) g/kg, extrema(η): (4.11, -2.25) m, wall time: 12.010 seconds 
[ Info: time: 1861 days, iteration: 133992, Δt: 20 minutes,max|u|: (1.91e+00, 2.32e+00, 6.94e-03) m s⁻¹, extrema(T): (31.67, -1.96) ᵒC, extrema(S): (39.72, 18.93) g/kg, extrema(η): (1.56, -2.27) m, wall time: 11.915 seconds 
[ Info: time: 1862 days, iteration: 134064, Δt: 20 minutes,max|u|: (1.86e+00, 2.21e+00, 6.97e-03) m s⁻¹, extrema(T): (31.74, -1.96) ᵒC, extrema(S): (39.72, 19.12) g/kg, extrema(η): (2.19, -2.90) m, wall time: 11.991 seconds 
[ Info: time: 1863 days, iteration: 134136, Δt: 20 minutes,max|u|: (1.81e+00, 2.13e+00, 6.99e-03) m s⁻¹, extrema(T): (31.82, -1.95) ᵒC, extrema(S): (39.72, 19.47) g/kg, extrema(η): (2.79, -2.28) m, wall time: 11.911 seconds 
[ Info: time: 1864 days, iteration: 134208, Δt: 20 minutes,max|u|: (1.60e+00, 2.56e+00, 6.99e-03) m s⁻¹, extrema(T): (31.74, -1.95) ᵒC, extrema(S): (39.72, 19.57) g/kg, extrema(η): (3.10, -2.13) m, wall time: 11.927 seconds 
[ Info: time: 1865 days, iteration: 134280, Δt: 20 minutes,max|u|: (1.54e+00, 2.74e+00, 6.98e-03) m s⁻¹, extrema(T): (31.73, -1.95) ᵒC, extrema(S): (39.71, 19.59) g/kg, extrema(η): (3.97, -2.24) m, wall time: 11.827 seconds 
[ Info: time: 1866 days, iteration: 134352, Δt: 20 minutes,max|u|: (1.64e+00, 1.98e+00, 6.99e-03) m s⁻¹, extrema(T): (31.77, -1.95) ᵒC, extrema(S): (39.71, 19.65) g/kg, extrema(η): (3.22, -2.26) m, wall time: 12.028 seconds 
[ Info: time: 1867 days, iteration: 134424, Δt: 20 minutes,max|u|: (1.50e+00, 1.91e+00, 6.99e-03) m s⁻¹, extrema(T): (31.75, -1.95) ᵒC, extrema(S): (39.70, 19.67) g/kg, extrema(η): (3.15, -2.38) m, wall time: 11.992 seconds 
[ Info: time: 1868 days, iteration: 134496, Δt: 20 minutes,max|u|: (1.52e+00, 1.92e+00, 7.01e-03) m s⁻¹, extrema(T): (31.77, -1.95) ᵒC, extrema(S): (39.68, 19.67) g/kg, extrema(η): (2.86, -2.37) m, wall time: 11.906 seconds 
[ Info: time: 1869 days, iteration: 134568, Δt: 20 minutes,max|u|: (1.56e+00, 2.25e+00, 6.97e-03) m s⁻¹, extrema(T): (31.78, -1.95) ᵒC, extrema(S): (39.68, 19.67) g/kg, extrema(η): (2.51, -2.18) m, wall time: 17.239 seconds 
[ Info: time: 1870 days, iteration: 134640, Δt: 20 minutes,max|u|: (1.54e+00, 1.95e+00, 6.99e-03) m s⁻¹, extrema(T): (31.81, -1.95) ᵒC, extrema(S): (39.68, 19.64) g/kg, extrema(η): (4.67, -2.15) m, wall time: 11.867 seconds 
[ Info: time: 1871 days, iteration: 134712, Δt: 20 minutes,max|u|: (1.55e+00, 1.87e+00, 6.98e-03) m s⁻¹, extrema(T): (31.70, -1.95) ᵒC, extrema(S): (39.68, 19.64) g/kg, extrema(η): (2.64, -2.20) m, wall time: 11.948 seconds 
[ Info: time: 1872 days, iteration: 134784, Δt: 20 minutes,max|u|: (1.57e+00, 1.86e+00, 6.98e-03) m s⁻¹, extrema(T): (31.59, -1.95) ᵒC, extrema(S): (39.67, 19.61) g/kg, extrema(η): (1.22, -2.18) m, wall time: 11.852 seconds 
[ Info: time: 1873 days, iteration: 134856, Δt: 20 minutes,max|u|: (2.05e+00, 1.81e+00, 6.98e-03) m s⁻¹, extrema(T): (31.46, -1.96) ᵒC, extrema(S): (39.67, 19.57) g/kg, extrema(η): (1.23, -3.29) m, wall time: 11.878 seconds 
[ Info: time: 1874 days, iteration: 134928, Δt: 20 minutes,max|u|: (2.06e+00, 2.03e+00, 6.99e-03) m s⁻¹, extrema(T): (31.39, -1.96) ᵒC, extrema(S): (39.66, 19.54) g/kg, extrema(η): (1.18, -2.27) m, wall time: 11.917 seconds 
[ Info: time: 1875 days, iteration: 135000, Δt: 20 minutes,max|u|: (2.00e+00, 2.08e+00, 7.00e-03) m s⁻¹, extrema(T): (31.27, -1.96) ᵒC, extrema(S): (39.67, 19.56) g/kg, extrema(η): (4.47, -2.26) m, wall time: 11.843 seconds 
[ Info: time: 1876 days, iteration: 135072, Δt: 20 minutes,max|u|: (1.83e+00, 2.11e+00, 6.96e-03) m s⁻¹, extrema(T): (31.19, -1.96) ᵒC, extrema(S): (39.67, 19.54) g/kg, extrema(η): (3.05, -2.28) m, wall time: 11.843 seconds 
[ Info: time: 1877 days, iteration: 135144, Δt: 20 minutes,max|u|: (1.79e+00, 2.31e+00, 6.89e-03) m s⁻¹, extrema(T): (31.11, -1.96) ᵒC, extrema(S): (39.67, 19.49) g/kg, extrema(η): (1.37, -2.34) m, wall time: 11.857 seconds 
[ Info: time: 1878 days, iteration: 135216, Δt: 20 minutes,max|u|: (2.00e+00, 2.58e+00, 6.88e-03) m s⁻¹, extrema(T): (31.10, -1.96) ᵒC, extrema(S): (39.67, 19.53) g/kg, extrema(η): (1.36, -3.13) m, wall time: 11.889 seconds 
[ Info: time: 1879 days, iteration: 135288, Δt: 20 minutes,max|u|: (2.90e+00, 2.81e+00, 6.84e-03) m s⁻¹, extrema(T): (31.09, -1.97) ᵒC, extrema(S): (39.66, 19.56) g/kg, extrema(η): (1.59, -2.13) m, wall time: 11.876 seconds 
[ Info: time: 1880 days, iteration: 135360, Δt: 20 minutes,max|u|: (3.16e+00, 2.86e+00, 6.83e-03) m s⁻¹, extrema(T): (31.03, -1.96) ᵒC, extrema(S): (39.66, 19.59) g/kg, extrema(η): (3.61, -2.15) m, wall time: 12.053 seconds 
[ Info: time: 1881 days, iteration: 135432, Δt: 20 minutes,max|u|: (1.94e+00, 2.52e+00, 6.86e-03) m s⁻¹, extrema(T): (30.97, -1.96) ᵒC, extrema(S): (39.66, 19.61) g/kg, extrema(η): (3.67, -2.17) m, wall time: 11.869 seconds 
[ Info: time: 1882 days, iteration: 135504, Δt: 20 minutes,max|u|: (2.28e+00, 2.18e+00, 6.90e-03) m s⁻¹, extrema(T): (30.99, -1.96) ᵒC, extrema(S): (39.66, 19.78) g/kg, extrema(η): (1.39, -2.18) m, wall time: 21.303 seconds 
[ Info: time: 1883 days, iteration: 135576, Δt: 20 minutes,max|u|: (2.18e+00, 1.82e+00, 6.86e-03) m s⁻¹, extrema(T): (31.00, -1.95) ᵒC, extrema(S): (39.66, 19.83) g/kg, extrema(η): (2.11, -3.86) m, wall time: 11.853 seconds 
[ Info: time: 1884 days, iteration: 135648, Δt: 20 minutes,max|u|: (1.33e+00, 1.58e+00, 6.89e-03) m s⁻¹, extrema(T): (31.03, -1.95) ᵒC, extrema(S): (39.63, 19.81) g/kg, extrema(η): (1.23, -2.25) m, wall time: 11.831 seconds 
[ Info: time: 1885 days, iteration: 135720, Δt: 20 minutes,max|u|: (1.41e+00, 1.50e+00, 6.83e-03) m s⁻¹, extrema(T): (31.08, -1.95) ᵒC, extrema(S): (39.63, 19.85) g/kg, extrema(η): (3.23, -2.31) m, wall time: 11.973 seconds 
[ Info: Saving checkpoint file
[ Info: time: 1886 days, iteration: 135792, Δt: 20 minutes,max|u|: (1.70e+00, 1.49e+00, 6.83e-03) m s⁻¹, extrema(T): (31.13, -1.95) ᵒC, extrema(S): (39.63, 19.78) g/kg, extrema(η): (4.44, -2.05) m, wall time: 33.160 seconds 
[ Info: time: 1887 days, iteration: 135864, Δt: 20 minutes,max|u|: (1.41e+00, 1.64e+00, 6.80e-03) m s⁻¹, extrema(T): (31.14, -1.95) ᵒC, extrema(S): (39.63, 19.63) g/kg, extrema(η): (2.73, -2.29) m, wall time: 11.776 seconds 
[ Info: time: 1888 days, iteration: 135936, Δt: 20 minutes,max|u|: (1.28e+00, 1.49e+00, 6.87e-03) m s⁻¹, extrema(T): (31.16, -1.95) ᵒC, extrema(S): (39.63, 19.50) g/kg, extrema(η): (3.15, -3.17) m, wall time: 11.725 seconds 
[ Info: time: 1889 days, iteration: 136008, Δt: 20 minutes,max|u|: (1.62e+00, 1.54e+00, 6.85e-03) m s⁻¹, extrema(T): (31.13, -1.95) ᵒC, extrema(S): (39.63, 19.39) g/kg, extrema(η): (3.31, -2.17) m, wall time: 11.749 seconds 
[ Info: time: 1890 days, iteration: 136080, Δt: 20 minutes,max|u|: (1.30e+00, 1.59e+00, 6.85e-03) m s⁻¹, extrema(T): (31.16, -1.95) ᵒC, extrema(S): (39.62, 19.30) g/kg, extrema(η): (3.37, -2.07) m, wall time: 12.844 seconds 
[ Info: time: 1891 days, iteration: 136152, Δt: 20 minutes,max|u|: (1.50e+00, 1.64e+00, 6.86e-03) m s⁻¹, extrema(T): (31.23, -1.95) ᵒC, extrema(S): (39.62, 19.20) g/kg, extrema(η): (4.63, -2.21) m, wall time: 11.737 seconds 
[ Info: time: 1892 days, iteration: 136224, Δt: 20 minutes,max|u|: (1.34e+00, 1.72e+00, 6.85e-03) m s⁻¹, extrema(T): (31.22, -1.95) ᵒC, extrema(S): (39.62, 19.13) g/kg, extrema(η): (2.90, -2.25) m, wall time: 11.750 seconds 
[ Info: time: 1893 days, iteration: 136296, Δt: 20 minutes,max|u|: (1.34e+00, 1.52e+00, 6.93e-03) m s⁻¹, extrema(T): (31.22, -1.95) ᵒC, extrema(S): (39.62, 19.05) g/kg, extrema(η): (2.48, -3.00) m, wall time: 11.721 seconds 
[ Info: time: 1894 days, iteration: 136368, Δt: 20 minutes,max|u|: (1.35e+00, 1.53e+00, 6.96e-03) m s⁻¹, extrema(T): (31.22, -1.95) ᵒC, extrema(S): (39.62, 18.99) g/kg, extrema(η): (2.00, -2.51) m, wall time: 17.355 seconds 
[ Info: time: 1895 days, iteration: 136440, Δt: 20 minutes,max|u|: (1.50e+00, 1.79e+00, 6.97e-03) m s⁻¹, extrema(T): (31.23, -1.95) ᵒC, extrema(S): (39.62, 18.94) g/kg, extrema(η): (1.97, -2.20) m, wall time: 11.838 seconds 
[ Info: time: 1896 days, iteration: 136512, Δt: 20 minutes,max|u|: (1.40e+00, 1.60e+00, 7.01e-03) m s⁻¹, extrema(T): (31.24, -1.95) ᵒC, extrema(S): (39.62, 18.90) g/kg, extrema(η): (4.50, -2.26) m, wall time: 11.781 seconds 
[ Info: time: 1897 days, iteration: 136584, Δt: 20 minutes,max|u|: (1.42e+00, 1.63e+00, 7.02e-03) m s⁻¹, extrema(T): (31.19, -1.95) ᵒC, extrema(S): (39.62, 18.84) g/kg, extrema(η): (2.08, -2.09) m, wall time: 11.711 seconds 
[ Info: time: 1898 days, iteration: 136656, Δt: 20 minutes,max|u|: (1.60e+00, 1.75e+00, 7.02e-03) m s⁻¹, extrema(T): (31.21, -1.95) ᵒC, extrema(S): (39.62, 18.81) g/kg, extrema(η): (1.85, -2.28) m, wall time: 11.806 seconds 
[ Info: time: 1899 days, iteration: 136728, Δt: 20 minutes,max|u|: (1.45e+00, 1.68e+00, 7.08e-03) m s⁻¹, extrema(T): (31.23, -1.96) ᵒC, extrema(S): (39.62, 18.77) g/kg, extrema(η): (1.20, -3.08) m, wall time: 11.774 seconds 
[ Info: time: 1900 days, iteration: 136800, Δt: 20 minutes,max|u|: (2.72e+00, 1.88e+00, 7.05e-03) m s⁻¹, extrema(T): (31.25, -1.96) ᵒC, extrema(S): (39.62, 18.75) g/kg, extrema(η): (1.21, -2.02) m, wall time: 11.806 seconds 
[ Info: time: 1901 days, iteration: 136872, Δt: 20 minutes,max|u|: (1.43e+00, 1.62e+00, 7.03e-03) m s⁻¹, extrema(T): (31.28, -1.96) ᵒC, extrema(S): (39.62, 18.73) g/kg, extrema(η): (4.24, -2.11) m, wall time: 11.807 seconds 
[ Info: time: 1902 days, iteration: 136944, Δt: 20 minutes,max|u|: (1.42e+00, 1.58e+00, 7.01e-03) m s⁻¹, extrema(T): (31.29, -1.96) ᵒC, extrema(S): (39.61, 18.71) g/kg, extrema(η): (2.93, -2.13) m, wall time: 11.809 seconds 
[ Info: time: 1903 days, iteration: 137016, Δt: 20 minutes,max|u|: (1.45e+00, 1.60e+00, 7.01e-03) m s⁻¹, extrema(T): (31.31, -1.96) ᵒC, extrema(S): (39.61, 18.68) g/kg, extrema(η): (1.30, -2.07) m, wall time: 11.749 seconds 
[ Info: time: 1904 days, iteration: 137088, Δt: 20 minutes,max|u|: (1.47e+00, 1.57e+00, 7.04e-03) m s⁻¹, extrema(T): (31.33, -1.96) ᵒC, extrema(S): (39.61, 18.65) g/kg, extrema(η): (1.27, -3.79) m, wall time: 11.737 seconds 
[ Info: time: 1905 days, iteration: 137160, Δt: 20 minutes,max|u|: (1.57e+00, 1.71e+00, 6.95e-03) m s⁻¹, extrema(T): (31.35, -1.96) ᵒC, extrema(S): (39.61, 18.62) g/kg, extrema(η): (1.24, -2.28) m, wall time: 11.819 seconds 
[ Info: time: 1906 days, iteration: 137232, Δt: 20 minutes,max|u|: (1.49e+00, 1.59e+00, 7.00e-03) m s⁻¹, extrema(T): (31.34, -1.96) ᵒC, extrema(S): (39.61, 18.60) g/kg, extrema(η): (3.91, -2.09) m, wall time: 17.636 seconds 
[ Info: time: 1907 days, iteration: 137304, Δt: 20 minutes,max|u|: (1.56e+00, 1.61e+00, 7.03e-03) m s⁻¹, extrema(T): (31.37, -1.96) ᵒC, extrema(S): (39.61, 18.58) g/kg, extrema(η): (3.10, -2.04) m, wall time: 11.770 seconds 
[ Info: time: 1908 days, iteration: 137376, Δt: 20 minutes,max|u|: (1.59e+00, 1.60e+00, 7.04e-03) m s⁻¹, extrema(T): (31.37, -1.95) ᵒC, extrema(S): (39.61, 18.56) g/kg, extrema(η): (1.39, -2.12) m, wall time: 11.725 seconds 
[ Info: time: 1909 days, iteration: 137448, Δt: 20 minutes,max|u|: (2.80e+00, 1.58e+00, 7.11e-03) m s⁻¹, extrema(T): (31.38, -1.95) ᵒC, extrema(S): (39.61, 18.57) g/kg, extrema(η): (2.00, -3.77) m, wall time: 11.744 seconds 
[ Info: time: 1910 days, iteration: 137520, Δt: 20 minutes,max|u|: (1.65e+00, 1.64e+00, 7.11e-03) m s⁻¹, extrema(T): (31.29, -1.95) ᵒC, extrema(S): (39.60, 18.67) g/kg, extrema(η): (2.54, -2.27) m, wall time: 11.739 seconds 
[ Info: time: 1911 days, iteration: 137592, Δt: 20 minutes,max|u|: (1.79e+00, 1.59e+00, 7.14e-03) m s⁻¹, extrema(T): (31.09, -1.95) ᵒC, extrema(S): (39.60, 18.93) g/kg, extrema(η): (3.34, -2.18) m, wall time: 11.676 seconds 
[ Info: time: 1912 days, iteration: 137664, Δt: 20 minutes,max|u|: (1.68e+00, 1.80e+00, 7.13e-03) m s⁻¹, extrema(T): (31.08, -1.95) ᵒC, extrema(S): (39.60, 19.51) g/kg, extrema(η): (4.55, -2.13) m, wall time: 11.689 seconds 
[ Info: time: 1913 days, iteration: 137736, Δt: 20 minutes,max|u|: (1.70e+00, 1.59e+00, 7.12e-03) m s⁻¹, extrema(T): (31.05, -1.94) ᵒC, extrema(S): (39.60, 19.74) g/kg, extrema(η): (3.16, -2.27) m, wall time: 11.707 seconds 
[ Info: time: 1914 days, iteration: 137808, Δt: 20 minutes,max|u|: (1.71e+00, 1.54e+00, 7.08e-03) m s⁻¹, extrema(T): (31.14, -1.94) ᵒC, extrema(S): (39.60, 19.60) g/kg, extrema(η): (3.09, -3.46) m, wall time: 11.808 seconds 
[ Info: time: 1915 days, iteration: 137880, Δt: 20 minutes,max|u|: (1.99e+00, 1.54e+00, 7.08e-03) m s⁻¹, extrema(T): (31.08, -1.94) ᵒC, extrema(S): (39.60, 19.44) g/kg, extrema(η): (2.83, -2.24) m, wall time: 11.712 seconds 
[ Info: time: 1916 days, iteration: 137952, Δt: 20 minutes,max|u|: (1.86e+00, 1.66e+00, 7.07e-03) m s⁻¹, extrema(T): (31.09, -1.93) ᵒC, extrema(S): (39.60, 19.33) g/kg, extrema(η): (2.66, -2.25) m, wall time: 11.744 seconds 
[ Info: time: 1917 days, iteration: 138024, Δt: 20 minutes,max|u|: (1.77e+00, 1.75e+00, 7.05e-03) m s⁻¹, extrema(T): (31.07, -1.93) ᵒC, extrema(S): (39.60, 19.27) g/kg, extrema(η): (4.56, -2.26) m, wall time: 11.789 seconds 
[ Info: time: 1918 days, iteration: 138096, Δt: 20 minutes,max|u|: (1.80e+00, 1.73e+00, 7.08e-03) m s⁻¹, extrema(T): (31.07, -1.93) ᵒC, extrema(S): (39.59, 19.24) g/kg, extrema(η): (2.06, -2.27) m, wall time: 11.683 seconds 
[ Info: time: 1919 days, iteration: 138168, Δt: 20 minutes,max|u|: (1.81e+00, 1.58e+00, 7.07e-03) m s⁻¹, extrema(T): (31.10, -1.93) ᵒC, extrema(S): (39.59, 19.14) g/kg, extrema(η): (1.36, -2.27) m, wall time: 17.068 seconds 
[ Info: time: 1920 days, iteration: 138240, Δt: 20 minutes,max|u|: (1.88e+00, 1.57e+00, 7.04e-03) m s⁻¹, extrema(T): (31.17, -1.92) ᵒC, extrema(S): (39.59, 19.05) g/kg, extrema(η): (1.23, -2.69) m, wall time: 11.698 seconds 
[ Info: time: 1921 days, iteration: 138312, Δt: 20 minutes,max|u|: (1.83e+00, 1.67e+00, 7.04e-03) m s⁻¹, extrema(T): (31.09, -1.92) ᵒC, extrema(S): (39.59, 18.99) g/kg, extrema(η): (1.22, -2.21) m, wall time: 12.866 seconds 
[ Info: time: 1922 days, iteration: 138384, Δt: 20 minutes,max|u|: (1.83e+00, 1.56e+00, 7.01e-03) m s⁻¹, extrema(T): (31.16, -1.92) ᵒC, extrema(S): (39.59, 18.92) g/kg, extrema(η): (4.60, -2.07) m, wall time: 11.762 seconds 
[ Info: time: 1923 days, iteration: 138456, Δt: 20 minutes,max|u|: (1.86e+00, 1.57e+00, 7.02e-03) m s⁻¹, extrema(T): (31.14, -1.92) ᵒC, extrema(S): (39.59, 19.09) g/kg, extrema(η): (3.05, -1.96) m, wall time: 11.746 seconds 
[ Info: time: 1924 days, iteration: 138528, Δt: 20 minutes,max|u|: (1.90e+00, 1.53e+00, 7.07e-03) m s⁻¹, extrema(T): (31.15, -1.91) ᵒC, extrema(S): (39.59, 19.61) g/kg, extrema(η): (1.19, -2.12) m, wall time: 11.802 seconds 
[ Info: time: 1925 days, iteration: 138600, Δt: 20 minutes,max|u|: (1.93e+00, 1.52e+00, 7.08e-03) m s⁻¹, extrema(T): (31.20, -1.91) ᵒC, extrema(S): (39.59, 19.60) g/kg, extrema(η): (1.23, -3.71) m, wall time: 11.782 seconds 
[ Info: time: 1926 days, iteration: 138672, Δt: 20 minutes,max|u|: (1.92e+00, 1.83e+00, 7.14e-03) m s⁻¹, extrema(T): (31.23, -1.91) ᵒC, extrema(S): (39.58, 19.53) g/kg, extrema(η): (1.24, -2.27) m, wall time: 11.764 seconds 
[ Info: time: 1927 days, iteration: 138744, Δt: 20 minutes,max|u|: (1.91e+00, 1.49e+00, 7.14e-03) m s⁻¹, extrema(T): (31.18, -1.91) ᵒC, extrema(S): (39.58, 19.44) g/kg, extrema(η): (3.98, -2.28) m, wall time: 11.732 seconds 
[ Info: time: 1928 days, iteration: 138816, Δt: 20 minutes,max|u|: (1.90e+00, 1.48e+00, 7.13e-03) m s⁻¹, extrema(T): (31.22, -1.91) ᵒC, extrema(S): (39.58, 19.52) g/kg, extrema(η): (3.63, -2.28) m, wall time: 11.694 seconds 
[ Info: time: 1929 days, iteration: 138888, Δt: 20 minutes,max|u|: (1.93e+00, 2.10e+00, 7.14e-03) m s⁻¹, extrema(T): (31.21, -1.91) ᵒC, extrema(S): (39.58, 19.54) g/kg, extrema(η): (1.38, -2.29) m, wall time: 11.692 seconds 
[ Info: time: 1930 days, iteration: 138960, Δt: 20 minutes,max|u|: (1.92e+00, 2.22e+00, 7.10e-03) m s⁻¹, extrema(T): (31.23, -1.91) ᵒC, extrema(S): (39.58, 19.48) g/kg, extrema(η): (1.38, -3.49) m, wall time: 11.811 seconds 
[ Info: time: 1931 days, iteration: 139032, Δt: 20 minutes,max|u|: (1.94e+00, 1.50e+00, 7.09e-03) m s⁻¹, extrema(T): (31.25, -1.91) ᵒC, extrema(S): (39.58, 19.52) g/kg, extrema(η): (1.48, -2.27) m, wall time: 17.455 seconds 
[ Info: time: 1932 days, iteration: 139104, Δt: 20 minutes,max|u|: (2.08e+00, 1.48e+00, 7.03e-03) m s⁻¹, extrema(T): (31.38, -1.91) ᵒC, extrema(S): (39.58, 19.40) g/kg, extrema(η): (2.86, -2.19) m, wall time: 11.794 seconds 
[ Info: time: 1933 days, iteration: 139176, Δt: 20 minutes,max|u|: (1.99e+00, 1.64e+00, 7.00e-03) m s⁻¹, extrema(T): (31.30, -1.91) ᵒC, extrema(S): (39.58, 19.47) g/kg, extrema(η): (4.38, -2.04) m, wall time: 11.733 seconds 
[ Info: time: 1934 days, iteration: 139248, Δt: 20 minutes,max|u|: (2.01e+00, 1.63e+00, 7.04e-03) m s⁻¹, extrema(T): (31.32, -1.91) ᵒC, extrema(S): (39.58, 19.54) g/kg, extrema(η): (3.03, -1.94) m, wall time: 11.842 seconds 
[ Info: time: 1935 days, iteration: 139320, Δt: 20 minutes,max|u|: (2.01e+00, 1.51e+00, 6.99e-03) m s⁻¹, extrema(T): (31.43, -1.91) ᵒC, extrema(S): (39.58, 19.54) g/kg, extrema(η): (3.23, -3.28) m, wall time: 11.864 seconds 
[ Info: time: 1936 days, iteration: 139392, Δt: 20 minutes,max|u|: (1.99e+00, 1.52e+00, 7.02e-03) m s⁻¹, extrema(T): (31.32, -1.91) ᵒC, extrema(S): (39.58, 19.56) g/kg, extrema(η): (3.29, -2.31) m, wall time: 11.877 seconds 
[ Info: time: 1937 days, iteration: 139464, Δt: 20 minutes,max|u|: (1.98e+00, 1.68e+00, 6.98e-03) m s⁻¹, extrema(T): (31.23, -1.91) ᵒC, extrema(S): (39.58, 19.45) g/kg, extrema(η): (3.23, -2.03) m, wall time: 11.829 seconds 
[ Info: time: 1938 days, iteration: 139536, Δt: 20 minutes,max|u|: (1.95e+00, 1.52e+00, 7.04e-03) m s⁻¹, extrema(T): (31.20, -1.91) ᵒC, extrema(S): (39.59, 19.46) g/kg, extrema(η): (4.71, -2.09) m, wall time: 11.800 seconds 
[ Info: time: 1939 days, iteration: 139608, Δt: 20 minutes,max|u|: (1.95e+00, 1.61e+00, 7.04e-03) m s⁻¹, extrema(T): (31.31, -1.91) ᵒC, extrema(S): (39.59, 19.49) g/kg, extrema(η): (2.49, -2.06) m, wall time: 11.787 seconds 
[ Info: time: 1940 days, iteration: 139680, Δt: 20 minutes,max|u|: (1.93e+00, 1.52e+00, 6.99e-03) m s⁻¹, extrema(T): (31.23, -1.92) ᵒC, extrema(S): (39.59, 19.38) g/kg, extrema(η): (2.06, -2.44) m, wall time: 11.692 seconds 
[ Info: time: 1941 days, iteration: 139752, Δt: 20 minutes,max|u|: (1.94e+00, 1.51e+00, 6.95e-03) m s⁻¹, extrema(T): (31.18, -1.92) ᵒC, extrema(S): (39.60, 19.36) g/kg, extrema(η): (1.51, -2.85) m, wall time: 11.781 seconds 
[ Info: time: 1942 days, iteration: 139824, Δt: 20 minutes,max|u|: (1.95e+00, 1.71e+00, 6.81e-03) m s⁻¹, extrema(T): (31.18, -1.92) ᵒC, extrema(S): (39.60, 19.57) g/kg, extrema(η): (1.20, -2.07) m, wall time: 11.781 seconds 
[ Info: time: 1943 days, iteration: 139896, Δt: 20 minutes,max|u|: (1.94e+00, 1.50e+00, 6.84e-03) m s⁻¹, extrema(T): (31.31, -1.92) ᵒC, extrema(S): (39.60, 19.50) g/kg, extrema(η): (4.35, -2.20) m, wall time: 17.202 seconds 
[ Info: time: 1944 days, iteration: 139968, Δt: 20 minutes,max|u|: (2.05e+00, 1.60e+00, 6.85e-03) m s⁻¹, extrema(T): (31.25, -1.93) ᵒC, extrema(S): (39.60, 19.68) g/kg, extrema(η): (3.25, -2.07) m, wall time: 11.805 seconds 
[ Info: time: 1945 days, iteration: 140040, Δt: 20 minutes,max|u|: (1.92e+00, 1.48e+00, 6.85e-03) m s⁻¹, extrema(T): (31.30, -1.93) ᵒC, extrema(S): (39.60, 19.61) g/kg, extrema(η): (1.29, -2.17) m, wall time: 11.826 seconds 
[ Info: time: 1946 days, iteration: 140112, Δt: 20 minutes,max|u|: (1.90e+00, 1.48e+00, 6.85e-03) m s⁻¹, extrema(T): (31.26, -1.93) ᵒC, extrema(S): (39.59, 19.67) g/kg, extrema(η): (1.37, -3.88) m, wall time: 11.840 seconds 
[ Info: time: 1947 days, iteration: 140184, Δt: 20 minutes,max|u|: (1.90e+00, 1.72e+00, 6.89e-03) m s⁻¹, extrema(T): (31.21, -1.93) ᵒC, extrema(S): (39.58, 19.63) g/kg, extrema(η): (1.35, -2.17) m, wall time: 11.786 seconds 
[ Info: time: 1948 days, iteration: 140256, Δt: 20 minutes,max|u|: (1.89e+00, 1.48e+00, 6.94e-03) m s⁻¹, extrema(T): (31.26, -1.93) ᵒC, extrema(S): (39.59, 19.58) g/kg, extrema(η): (4.21, -2.20) m, wall time: 11.707 seconds 
[ Info: time: 1949 days, iteration: 140328, Δt: 20 minutes,max|u|: (1.86e+00, 1.48e+00, 6.92e-03) m s⁻¹, extrema(T): (31.32, -1.92) ᵒC, extrema(S): (39.59, 19.59) g/kg, extrema(η): (3.28, -2.31) m, wall time: 11.713 seconds 
[ Info: time: 1950 days, iteration: 140400, Δt: 20 minutes,max|u|: (1.81e+00, 1.59e+00, 6.85e-03) m s⁻¹, extrema(T): (31.31, -1.92) ᵒC, extrema(S): (39.59, 19.47) g/kg, extrema(η): (1.40, -2.24) m, wall time: 11.798 seconds 
[ Info: time: 1951 days, iteration: 140472, Δt: 20 minutes,max|u|: (1.79e+00, 1.49e+00, 6.87e-03) m s⁻¹, extrema(T): (31.34, -1.91) ᵒC, extrema(S): (39.60, 19.57) g/kg, extrema(η): (1.39, -3.89) m, wall time: 11.814 seconds 
[ Info: time: 1952 days, iteration: 140544, Δt: 20 minutes,max|u|: (1.79e+00, 1.65e+00, 6.84e-03) m s⁻¹, extrema(T): (31.34, -1.92) ᵒC, extrema(S): (39.60, 19.58) g/kg, extrema(η): (1.30, -2.10) m, wall time: 13.358 seconds 
[ Info: time: 1953 days, iteration: 140616, Δt: 20 minutes,max|u|: (1.93e+00, 1.50e+00, 6.83e-03) m s⁻¹, extrema(T): (31.33, -1.92) ᵒC, extrema(S): (39.60, 19.64) g/kg, extrema(η): (3.18, -2.10) m, wall time: 11.853 seconds 
[ Info: time: 1954 days, iteration: 140688, Δt: 20 minutes,max|u|: (1.85e+00, 1.50e+00, 6.83e-03) m s⁻¹, extrema(T): (31.34, -1.92) ᵒC, extrema(S): (39.60, 18.97) g/kg, extrema(η): (3.73, -2.03) m, wall time: 11.695 seconds 
[ Info: time: 1955 days, iteration: 140760, Δt: 20 minutes,max|u|: (2.07e+00, 1.64e+00, 6.84e-03) m s⁻¹, extrema(T): (31.32, -1.92) ᵒC, extrema(S): (39.60, 17.92) g/kg, extrema(η): (1.78, -2.12) m, wall time: 11.680 seconds 
[ Info: time: 1956 days, iteration: 140832, Δt: 20 minutes,max|u|: (2.08e+00, 1.91e+00, 6.90e-03) m s⁻¹, extrema(T): (31.33, -1.92) ᵒC, extrema(S): (39.60, 17.32) g/kg, extrema(η): (2.36, -3.98) m, wall time: 17.076 seconds 
[ Info: time: 1957 days, iteration: 140904, Δt: 20 minutes,max|u|: (2.36e+00, 1.57e+00, 6.94e-03) m s⁻¹, extrema(T): (31.36, -1.91) ᵒC, extrema(S): (39.59, 17.19) g/kg, extrema(η): (2.84, -2.21) m, wall time: 11.836 seconds 
[ Info: time: 1958 days, iteration: 140976, Δt: 20 minutes,max|u|: (2.45e+00, 1.67e+00, 6.99e-03) m s⁻¹, extrema(T): (31.39, -1.90) ᵒC, extrema(S): (39.60, 16.80) g/kg, extrema(η): (3.11, -2.22) m, wall time: 11.778 seconds 
[ Info: time: 1959 days, iteration: 141048, Δt: 20 minutes,max|u|: (2.18e+00, 1.47e+00, 6.98e-03) m s⁻¹, extrema(T): (31.34, -1.89) ᵒC, extrema(S): (39.61, 16.94) g/kg, extrema(η): (4.12, -2.21) m, wall time: 11.711 seconds 
[ Info: time: 1960 days, iteration: 141120, Δt: 20 minutes,max|u|: (1.68e+00, 1.68e+00, 7.02e-03) m s⁻¹, extrema(T): (31.31, -1.90) ᵒC, extrema(S): (39.61, 16.64) g/kg, extrema(η): (3.19, -2.21) m, wall time: 11.678 seconds 
[ Info: time: 1961 days, iteration: 141192, Δt: 20 minutes,max|u|: (1.58e+00, 1.46e+00, 7.05e-03) m s⁻¹, extrema(T): (31.32, -1.92) ᵒC, extrema(S): (39.61, 16.48) g/kg, extrema(η): (3.01, -3.48) m, wall time: 11.698 seconds 
[ Info: time: 1962 days, iteration: 141264, Δt: 20 minutes,max|u|: (1.61e+00, 1.45e+00, 6.95e-03) m s⁻¹, extrema(T): (31.34, -1.92) ᵒC, extrema(S): (39.61, 16.78) g/kg, extrema(η): (2.76, -2.78) m, wall time: 11.757 seconds 
[ Info: time: 1963 days, iteration: 141336, Δt: 20 minutes,max|u|: (1.96e+00, 1.67e+00, 6.91e-03) m s⁻¹, extrema(T): (31.36, -1.92) ᵒC, extrema(S): (39.62, 16.90) g/kg, extrema(η): (2.44, -2.24) m, wall time: 11.781 seconds 
[ Info: time: 1964 days, iteration: 141408, Δt: 20 minutes,max|u|: (1.60e+00, 1.45e+00, 6.90e-03) m s⁻¹, extrema(T): (31.34, -1.92) ᵒC, extrema(S): (39.62, 16.51) g/kg, extrema(η): (4.43, -1.98) m, wall time: 11.785 seconds 
[ Info: time: 1965 days, iteration: 141480, Δt: 20 minutes,max|u|: (1.59e+00, 1.58e+00, 6.87e-03) m s⁻¹, extrema(T): (31.40, -1.93) ᵒC, extrema(S): (39.62, 16.68) g/kg, extrema(η): (2.27, -2.29) m, wall time: 11.686 seconds 
[ Info: time: 1966 days, iteration: 141552, Δt: 20 minutes,max|u|: (1.68e+00, 1.53e+00, 6.92e-03) m s⁻¹, extrema(T): (31.46, -1.93) ᵒC, extrema(S): (39.62, 17.39) g/kg, extrema(η): (1.25, -2.34) m, wall time: 11.707 seconds 
[ Info: time: 1967 days, iteration: 141624, Δt: 20 minutes,max|u|: (1.64e+00, 1.80e+00, 7.00e-03) m s⁻¹, extrema(T): (31.47, -1.93) ᵒC, extrema(S): (39.62, 17.10) g/kg, extrema(η): (1.20, -3.57) m, wall time: 11.754 seconds 
[ Info: time: 1968 days, iteration: 141696, Δt: 20 minutes,max|u|: (1.52e+00, 1.69e+00, 6.89e-03) m s⁻¹, extrema(T): (31.46, -1.93) ᵒC, extrema(S): (39.63, 16.85) g/kg, extrema(η): (1.19, -2.19) m, wall time: 16.699 seconds 
[ Info: time: 1969 days, iteration: 141768, Δt: 20 minutes,max|u|: (1.50e+00, 1.45e+00, 6.85e-03) m s⁻¹, extrema(T): (31.48, -1.93) ᵒC, extrema(S): (39.63, 17.17) g/kg, extrema(η): (4.10, -2.11) m, wall time: 11.709 seconds 
[ Info: time: 1970 days, iteration: 141840, Δt: 20 minutes,max|u|: (1.51e+00, 1.46e+00, 6.80e-03) m s⁻¹, extrema(T): (31.48, -1.93) ᵒC, extrema(S): (39.63, 17.26) g/kg, extrema(η): (3.05, -1.96) m, wall time: 11.798 seconds 
[ Info: time: 1971 days, iteration: 141912, Δt: 20 minutes,max|u|: (1.48e+00, 1.61e+00, 6.75e-03) m s⁻¹, extrema(T): (31.43, -1.92) ᵒC, extrema(S): (39.63, 18.08) g/kg, extrema(η): (1.22, -2.05) m, wall time: 11.774 seconds 
[ Info: time: 1972 days, iteration: 141984, Δt: 20 minutes,max|u|: (1.52e+00, 1.45e+00, 6.72e-03) m s⁻¹, extrema(T): (31.40, -1.89) ᵒC, extrema(S): (39.63, 18.93) g/kg, extrema(η): (1.20, -3.88) m, wall time: 11.741 seconds 
[ Info: time: 1973 days, iteration: 142056, Δt: 20 minutes,max|u|: (1.51e+00, 1.64e+00, 6.69e-03) m s⁻¹, extrema(T): (31.39, -1.89) ᵒC, extrema(S): (39.63, 18.73) g/kg, extrema(η): (1.19, -2.08) m, wall time: 11.720 seconds 
[ Info: time: 1974 days, iteration: 142128, Δt: 20 minutes,max|u|: (1.42e+00, 1.44e+00, 6.66e-03) m s⁻¹, extrema(T): (31.38, -1.92) ᵒC, extrema(S): (39.64, 18.92) g/kg, extrema(η): (3.45, -2.14) m, wall time: 11.780 seconds 
[ Info: time: 1975 days, iteration: 142200, Δt: 20 minutes,max|u|: (1.42e+00, 1.44e+00, 6.63e-03) m s⁻¹, extrema(T): (31.35, -1.93) ᵒC, extrema(S): (39.64, 19.07) g/kg, extrema(η): (3.92, -2.14) m, wall time: 11.702 seconds 
[ Info: time: 1976 days, iteration: 142272, Δt: 20 minutes,max|u|: (1.57e+00, 1.71e+00, 6.61e-03) m s⁻¹, extrema(T): (31.31, -1.93) ᵒC, extrema(S): (39.64, 19.18) g/kg, extrema(η): (1.47, -2.24) m, wall time: 11.730 seconds 
[ Info: time: 1977 days, iteration: 142344, Δt: 20 minutes,max|u|: (1.46e+00, 1.43e+00, 6.67e-03) m s⁻¹, extrema(T): (31.31, -1.92) ᵒC, extrema(S): (39.64, 18.84) g/kg, extrema(η): (1.54, -3.92) m, wall time: 11.760 seconds 
[ Info: time: 1978 days, iteration: 142416, Δt: 20 minutes,max|u|: (1.56e+00, 1.55e+00, 6.67e-03) m s⁻¹, extrema(T): (31.28, -1.93) ᵒC, extrema(S): (39.65, 18.38) g/kg, extrema(η): (1.37, -2.24) m, wall time: 11.810 seconds 
[ Info: time: 1979 days, iteration: 142488, Δt: 20 minutes,max|u|: (1.40e+00, 1.60e+00, 6.70e-03) m s⁻¹, extrema(T): (31.30, -1.93) ᵒC, extrema(S): (39.65, 17.82) g/kg, extrema(η): (2.62, -2.05) m, wall time: 11.729 seconds 
[ Info: time: 1980 days, iteration: 142560, Δt: 20 minutes,max|u|: (1.39e+00, 1.45e+00, 6.67e-03) m s⁻¹, extrema(T): (31.30, -1.93) ᵒC, extrema(S): (39.66, 17.48) g/kg, extrema(η): (4.33, -2.04) m, wall time: 11.741 seconds 
[ Info: time: 1981 days, iteration: 142632, Δt: 20 minutes,max|u|: (1.41e+00, 1.68e+00, 6.69e-03) m s⁻¹, extrema(T): (31.29, -1.93) ᵒC, extrema(S): (39.66, 16.52) g/kg, extrema(η): (2.86, -2.29) m, wall time: 22.449 seconds 
[ Info: time: 1982 days, iteration: 142704, Δt: 20 minutes,max|u|: (1.44e+00, 1.45e+00, 6.70e-03) m s⁻¹, extrema(T): (31.30, -1.93) ᵒC, extrema(S): (39.66, 16.54) g/kg, extrema(η): (3.13, -3.21) m, wall time: 11.776 seconds 
[ Info: time: 1983 days, iteration: 142776, Δt: 20 minutes,max|u|: (1.44e+00, 1.46e+00, 6.64e-03) m s⁻¹, extrema(T): (31.29, -1.94) ᵒC, extrema(S): (39.66, 16.89) g/kg, extrema(η): (3.44, -2.79) m, wall time: 12.844 seconds 
[ Info: time: 1984 days, iteration: 142848, Δt: 20 minutes,max|u|: (1.49e+00, 1.81e+00, 6.63e-03) m s⁻¹, extrema(T): (31.26, -1.94) ᵒC, extrema(S): (39.66, 16.55) g/kg, extrema(η): (3.45, -2.11) m, wall time: 11.763 seconds 
[ Info: time: 1985 days, iteration: 142920, Δt: 20 minutes,max|u|: (1.55e+00, 1.46e+00, 6.67e-03) m s⁻¹, extrema(T): (31.27, -1.94) ᵒC, extrema(S): (39.67, 16.87) g/kg, extrema(η): (4.57, -2.11) m, wall time: 11.842 seconds 
[ Info: time: 1986 days, iteration: 142992, Δt: 20 minutes,max|u|: (1.97e+00, 1.57e+00, 6.76e-03) m s⁻¹, extrema(T): (31.27, -1.94) ᵒC, extrema(S): (39.67, 16.43) g/kg, extrema(η): (2.99, -2.09) m, wall time: 11.798 seconds 
[ Info: time: 1987 days, iteration: 143064, Δt: 20 minutes,max|u|: (2.13e+00, 1.46e+00, 6.88e-03) m s⁻¹, extrema(T): (31.28, -1.94) ᵒC, extrema(S): (39.68, 16.07) g/kg, extrema(η): (2.65, -2.42) m, wall time: 11.826 seconds 
[ Info: time: 1988 days, iteration: 143136, Δt: 20 minutes,max|u|: (1.98e+00, 1.44e+00, 6.91e-03) m s⁻¹, extrema(T): (31.27, -1.95) ᵒC, extrema(S): (39.68, 15.94) g/kg, extrema(η): (2.25, -3.33) m, wall time: 11.824 seconds 
[ Info: time: 1989 days, iteration: 143208, Δt: 20 minutes,max|u|: (1.92e+00, 1.75e+00, 6.97e-03) m s⁻¹, extrema(T): (31.25, -1.95) ᵒC, extrema(S): (39.68, 16.15) g/kg, extrema(η): (1.84, -2.11) m, wall time: 11.744 seconds 
[ Info: time: 1990 days, iteration: 143280, Δt: 20 minutes,max|u|: (1.81e+00, 1.43e+00, 6.98e-03) m s⁻¹, extrema(T): (31.21, -1.95) ᵒC, extrema(S): (39.68, 15.85) g/kg, extrema(η): (4.13, -2.00) m, wall time: 11.768 seconds 
[ Info: time: 1991 days, iteration: 143352, Δt: 20 minutes,max|u|: (1.92e+00, 1.43e+00, 7.01e-03) m s⁻¹, extrema(T): (31.21, -1.95) ᵒC, extrema(S): (39.69, 15.44) g/kg, extrema(η): (3.17, -2.06) m, wall time: 11.767 seconds 
[ Info: time: 1992 days, iteration: 143424, Δt: 20 minutes,max|u|: (2.48e+00, 1.61e+00, 7.04e-03) m s⁻¹, extrema(T): (31.21, -1.95) ᵒC, extrema(S): (39.69, 15.30) g/kg, extrema(η): (1.29, -2.07) m, wall time: 11.786 seconds 
[ Info: time: 1993 days, iteration: 143496, Δt: 20 minutes,max|u|: (1.63e+00, 1.43e+00, 7.11e-03) m s⁻¹, extrema(T): (31.20, -1.95) ᵒC, extrema(S): (39.70, 15.52) g/kg, extrema(η): (1.26, -3.66) m, wall time: 16.925 seconds 
[ Info: time: 1994 days, iteration: 143568, Δt: 20 minutes,max|u|: (1.63e+00, 1.68e+00, 7.06e-03) m s⁻¹, extrema(T): (31.18, -1.95) ᵒC, extrema(S): (39.70, 16.49) g/kg, extrema(η): (1.29, -2.06) m, wall time: 11.797 seconds 
[ Info: time: 1995 days, iteration: 143640, Δt: 20 minutes,max|u|: (2.17e+00, 1.44e+00, 6.98e-03) m s⁻¹, extrema(T): (31.07, -1.95) ᵒC, extrema(S): (39.70, 15.75) g/kg, extrema(η): (3.53, -2.10) m, wall time: 11.765 seconds 
[ Info: time: 1996 days, iteration: 143712, Δt: 20 minutes,max|u|: (2.08e+00, 1.47e+00, 7.00e-03) m s⁻¹, extrema(T): (30.98, -1.95) ᵒC, extrema(S): (39.70, 15.14) g/kg, extrema(η): (3.91, -2.24) m, wall time: 11.764 seconds 
[ Info: time: 1997 days, iteration: 143784, Δt: 20 minutes,max|u|: (2.30e+00, 2.13e+00, 7.06e-03) m s⁻¹, extrema(T): (30.93, -1.95) ᵒC, extrema(S): (39.70, 15.77) g/kg, extrema(η): (1.39, -2.26) m, wall time: 11.748 seconds 
[ Info: time: 1998 days, iteration: 143856, Δt: 20 minutes,max|u|: (2.23e+00, 1.48e+00, 7.10e-03) m s⁻¹, extrema(T): (30.89, -1.95) ᵒC, extrema(S): (39.70, 16.36) g/kg, extrema(η): (1.48, -3.74) m, wall time: 11.809 seconds 
[ Info: time: 1999 days, iteration: 143928, Δt: 20 minutes,max|u|: (1.69e+00, 1.58e+00, 7.15e-03) m s⁻¹, extrema(T): (31.02, -1.95) ᵒC, extrema(S): (39.71, 16.20) g/kg, extrema(η): (1.50, -2.24) m, wall time: 11.829 seconds 
[ Info: time: 2000 days, iteration: 144000, Δt: 20 minutes,max|u|: (1.56e+00, 1.59e+00, 7.11e-03) m s⁻¹, extrema(T): (31.00, -1.94) ᵒC, extrema(S): (39.71, 15.77) g/kg, extrema(η): (2.74, -2.25) m, wall time: 11.837 seconds 
[ Info: time: 2001 days, iteration: 144072, Δt: 20 minutes,max|u|: (1.58e+00, 1.49e+00, 7.10e-03) m s⁻¹, extrema(T): (30.98, -1.94) ᵒC, extrema(S): (39.71, 15.88) g/kg, extrema(η): (4.16, -2.17) m, wall time: 11.811 seconds 
[ Info: time: 2002 days, iteration: 144144, Δt: 20 minutes,max|u|: (1.69e+00, 1.65e+00, 7.03e-03) m s⁻¹, extrema(T): (31.08, -1.94) ᵒC, extrema(S): (39.71, 15.43) g/kg, extrema(η): (1.65, -2.19) m, wall time: 11.806 seconds 
[ Info: time: 2003 days, iteration: 144216, Δt: 20 minutes,max|u|: (1.83e+00, 1.49e+00, 6.93e-03) m s⁻¹, extrema(T): (31.12, -1.94) ᵒC, extrema(S): (39.71, 14.97) g/kg, extrema(η): (2.03, -3.36) m, wall time: 11.757 seconds 
[ Info: time: 2004 days, iteration: 144288, Δt: 20 minutes,max|u|: (2.04e+00, 1.50e+00, 6.87e-03) m s⁻¹, extrema(T): (31.25, -1.93) ᵒC, extrema(S): (39.72, 14.46) g/kg, extrema(η): (2.58, -2.86) m, wall time: 11.720 seconds 
[ Info: time: 2005 days, iteration: 144360, Δt: 20 minutes,max|u|: (1.81e+00, 1.77e+00, 6.85e-03) m s⁻¹, extrema(T): (31.20, -1.93) ᵒC, extrema(S): (39.72, 14.24) g/kg, extrema(η): (2.99, -2.12) m, wall time: 16.908 seconds 
[ Info: time: 2006 days, iteration: 144432, Δt: 20 minutes,max|u|: (1.70e+00, 1.50e+00, 6.90e-03) m s⁻¹, extrema(T): (31.23, -1.93) ᵒC, extrema(S): (39.73, 13.87) g/kg, extrema(η): (4.63, -2.26) m, wall time: 11.757 seconds 
[ Info: time: 2007 days, iteration: 144504, Δt: 20 minutes,max|u|: (1.70e+00, 1.53e+00, 6.95e-03) m s⁻¹, extrema(T): (31.23, -1.91) ᵒC, extrema(S): (39.73, 13.69) g/kg, extrema(η): (3.46, -2.29) m, wall time: 11.837 seconds 
[ Info: time: 2008 days, iteration: 144576, Δt: 20 minutes,max|u|: (1.63e+00, 1.49e+00, 6.92e-03) m s⁻¹, extrema(T): (31.28, -1.91) ᵒC, extrema(S): (39.73, 13.79) g/kg, extrema(η): (3.36, -2.49) m, wall time: 11.804 seconds 
[ Info: time: 2009 days, iteration: 144648, Δt: 20 minutes,max|u|: (1.85e+00, 1.47e+00, 6.95e-03) m s⁻¹, extrema(T): (31.16, -1.91) ᵒC, extrema(S): (39.73, 13.86) g/kg, extrema(η): (3.28, -3.26) m, wall time: 11.873 seconds 
[ Info: time: 2010 days, iteration: 144720, Δt: 20 minutes,max|u|: (2.04e+00, 1.82e+00, 6.97e-03) m s⁻¹, extrema(T): (31.03, -1.91) ᵒC, extrema(S): (39.74, 15.98) g/kg, extrema(η): (3.11, -2.36) m, wall time: 11.828 seconds 
[ Info: time: 2011 days, iteration: 144792, Δt: 20 minutes,max|u|: (1.80e+00, 1.44e+00, 7.02e-03) m s⁻¹, extrema(T): (31.04, -1.92) ᵒC, extrema(S): (39.74, 15.26) g/kg, extrema(η): (4.26, -2.28) m, wall time: 11.771 seconds 
[ Info: time: 2012 days, iteration: 144864, Δt: 20 minutes,max|u|: (2.33e+00, 1.43e+00, 7.04e-03) m s⁻¹, extrema(T): (31.05, -1.92) ᵒC, extrema(S): (39.74, 14.64) g/kg, extrema(η): (3.29, -2.12) m, wall time: 11.842 seconds 
[ Info: time: 2013 days, iteration: 144936, Δt: 20 minutes,max|u|: (2.30e+00, 1.54e+00, 6.96e-03) m s⁻¹, extrema(T): (31.10, -1.92) ᵒC, extrema(S): (39.75, 14.17) g/kg, extrema(η): (1.89, -2.18) m, wall time: 11.845 seconds 
[ Info: time: 2014 days, iteration: 145008, Δt: 20 minutes,max|u|: (2.03e+00, 1.42e+00, 7.03e-03) m s⁻¹, extrema(T): (31.30, -1.93) ᵒC, extrema(S): (39.75, 14.97) g/kg, extrema(η): (1.44, -3.68) m, wall time: 12.852 seconds 
[ Info: time: 2015 days, iteration: 145080, Δt: 20 minutes,max|u|: (2.15e+00, 1.72e+00, 7.10e-03) m s⁻¹, extrema(T): (31.22, -1.93) ᵒC, extrema(S): (39.75, 14.59) g/kg, extrema(η): (1.35, -2.24) m, wall time: 11.793 seconds 
[ Info: time: 2016 days, iteration: 145152, Δt: 20 minutes,max|u|: (2.66e+00, 1.43e+00, 7.15e-03) m s⁻¹, extrema(T): (31.12, -1.94) ᵒC, extrema(S): (39.75, 14.24) g/kg, extrema(η): (3.78, -2.17) m, wall time: 11.832 seconds 
[ Info: time: 2017 days, iteration: 145224, Δt: 20 minutes,max|u|: (2.48e+00, 1.41e+00, 7.24e-03) m s⁻¹, extrema(T): (31.32, -1.94) ᵒC, extrema(S): (39.76, 15.51) g/kg, extrema(η): (3.91, -2.16) m, wall time: 11.774 seconds 
[ Info: time: 2018 days, iteration: 145296, Δt: 20 minutes,max|u|: (2.39e+00, 1.66e+00, 7.25e-03) m s⁻¹, extrema(T): (31.67, -1.95) ᵒC, extrema(S): (39.76, 15.32) g/kg, extrema(η): (1.60, -2.26) m, wall time: 16.734 seconds 
[ Info: time: 2019 days, iteration: 145368, Δt: 20 minutes,max|u|: (2.35e+00, 1.42e+00, 7.23e-03) m s⁻¹, extrema(T): (31.60, -1.95) ᵒC, extrema(S): (39.76, 14.75) g/kg, extrema(η): (1.36, -3.78) m, wall time: 11.739 seconds 
[ Info: time: 2020 days, iteration: 145440, Δt: 20 minutes,max|u|: (2.75e+00, 1.50e+00, 7.17e-03) m s⁻¹, extrema(T): (31.67, -1.95) ᵒC, extrema(S): (39.76, 14.24) g/kg, extrema(η): (1.26, -2.10) m, wall time: 11.695 seconds 
[ Info: time: 2021 days, iteration: 145512, Δt: 20 minutes,max|u|: (1.97e+00, 1.53e+00, 7.09e-03) m s⁻¹, extrema(T): (31.63, -1.95) ᵒC, extrema(S): (39.76, 15.38) g/kg, extrema(η): (2.70, -2.25) m, wall time: 11.731 seconds 
[ Info: time: 2022 days, iteration: 145584, Δt: 20 minutes,max|u|: (1.95e+00, 1.45e+00, 7.05e-03) m s⁻¹, extrema(T): (31.53, -1.95) ᵒC, extrema(S): (39.77, 15.28) g/kg, extrema(η): (4.26, -2.17) m, wall time: 11.781 seconds 
[ Info: time: 2023 days, iteration: 145656, Δt: 20 minutes,max|u|: (1.91e+00, 1.62e+00, 7.08e-03) m s⁻¹, extrema(T): (31.62, -1.95) ᵒC, extrema(S): (39.77, 15.51) g/kg, extrema(η): (1.49, -2.29) m, wall time: 11.854 seconds 
[ Info: time: 2024 days, iteration: 145728, Δt: 20 minutes,max|u|: (1.92e+00, 1.46e+00, 7.08e-03) m s⁻¹, extrema(T): (31.73, -1.95) ᵒC, extrema(S): (39.77, 14.60) g/kg, extrema(η): (1.45, -3.41) m, wall time: 11.726 seconds 
[ Info: time: 2025 days, iteration: 145800, Δt: 20 minutes,max|u|: (2.28e+00, 1.70e+00, 7.02e-03) m s⁻¹, extrema(T): (31.71, -1.95) ᵒC, extrema(S): (39.77, 15.90) g/kg, extrema(η): (1.49, -3.16) m, wall time: 11.655 seconds 
[ Info: time: 2026 days, iteration: 145872, Δt: 20 minutes,max|u|: (1.73e+00, 1.75e+00, 6.97e-03) m s⁻¹, extrema(T): (31.70, -1.94) ᵒC, extrema(S): (39.78, 16.53) g/kg, extrema(η): (1.49, -2.18) m, wall time: 11.717 seconds 
[ Info: time: 2027 days, iteration: 145944, Δt: 20 minutes,max|u|: (1.73e+00, 1.46e+00, 6.87e-03) m s⁻¹, extrema(T): (31.79, -1.93) ᵒC, extrema(S): (39.78, 15.57) g/kg, extrema(η): (4.34, -2.13) m, wall time: 11.749 seconds 
[ Info: time: 2028 days, iteration: 146016, Δt: 20 minutes,max|u|: (2.02e+00, 1.50e+00, 6.88e-03) m s⁻¹, extrema(T): (32.11, -1.94) ᵒC, extrema(S): (39.78, 16.33) g/kg, extrema(η): (2.18, -1.97) m, wall time: 11.767 seconds 
[ Info: time: 2029 days, iteration: 146088, Δt: 20 minutes,max|u|: (2.25e+00, 1.45e+00, 6.93e-03) m s⁻¹, extrema(T): (32.25, -1.94) ᵒC, extrema(S): (39.78, 16.67) g/kg, extrema(η): (2.67, -2.41) m, wall time: 11.826 seconds 
[ Info: time: 2030 days, iteration: 146160, Δt: 20 minutes,max|u|: (2.03e+00, 1.47e+00, 6.87e-03) m s⁻¹, extrema(T): (32.22, -1.94) ᵒC, extrema(S): (39.79, 15.68) g/kg, extrema(η): (3.04, -3.67) m, wall time: 16.865 seconds 
[ Info: time: 2031 days, iteration: 146232, Δt: 20 minutes,max|u|: (2.12e+00, 1.72e+00, 6.80e-03) m s⁻¹, extrema(T): (32.21, -1.94) ᵒC, extrema(S): (39.79, 15.22) g/kg, extrema(η): (3.19, -2.14) m, wall time: 11.840 seconds 
[ Info: time: 2032 days, iteration: 146304, Δt: 20 minutes,max|u|: (2.06e+00, 1.47e+00, 6.81e-03) m s⁻¹, extrema(T): (32.33, -1.94) ᵒC, extrema(S): (39.79, 14.77) g/kg, extrema(η): (4.08, -2.19) m, wall time: 11.716 seconds 
[ Info: time: 2033 days, iteration: 146376, Δt: 20 minutes,max|u|: (1.82e+00, 1.64e+00, 6.82e-03) m s⁻¹, extrema(T): (32.21, -1.94) ᵒC, extrema(S): (39.79, 14.74) g/kg, extrema(η): (3.28, -2.28) m, wall time: 11.756 seconds 
[ Info: time: 2034 days, iteration: 146448, Δt: 20 minutes,max|u|: (2.14e+00, 1.54e+00, 6.78e-03) m s⁻¹, extrema(T): (32.34, -1.93) ᵒC, extrema(S): (39.80, 14.41) g/kg, extrema(η): (3.01, -2.20) m, wall time: 11.766 seconds 
[ Info: time: 2035 days, iteration: 146520, Δt: 20 minutes,max|u|: (2.21e+00, 1.53e+00, 6.70e-03) m s⁻¹, extrema(T): (32.29, -1.94) ᵒC, extrema(S): (39.81, 13.95) g/kg, extrema(η): (2.85, -3.68) m, wall time: 11.811 seconds 
[ Info: time: 2036 days, iteration: 146592, Δt: 20 minutes,max|u|: (1.95e+00, 1.65e+00, 6.70e-03) m s⁻¹, extrema(T): (32.15, -1.94) ᵒC, extrema(S): (39.80, 13.55) g/kg, extrema(η): (2.59, -2.10) m, wall time: 11.783 seconds 
[ Info: time: 2037 days, iteration: 146664, Δt: 20 minutes,max|u|: (1.70e+00, 1.45e+00, 6.67e-03) m s⁻¹, extrema(T): (32.18, -1.94) ᵒC, extrema(S): (39.80, 13.23) g/kg, extrema(η): (3.36, -2.12) m, wall time: 11.816 seconds 
[ Info: time: 2038 days, iteration: 146736, Δt: 20 minutes,max|u|: (1.60e+00, 1.45e+00, 6.66e-03) m s⁻¹, extrema(T): (32.19, -1.94) ᵒC, extrema(S): (39.80, 13.41) g/kg, extrema(η): (4.12, -2.08) m, wall time: 11.711 seconds 
[ Info: time: 2039 days, iteration: 146808, Δt: 20 minutes,max|u|: (1.79e+00, 1.72e+00, 6.66e-03) m s⁻¹, extrema(T): (32.12, -1.94) ᵒC, extrema(S): (39.80, 13.74) g/kg, extrema(η): (1.43, -2.08) m, wall time: 11.723 seconds 
[ Info: time: 2040 days, iteration: 146880, Δt: 20 minutes,max|u|: (1.61e+00, 1.56e+00, 6.65e-03) m s⁻¹, extrema(T): (32.11, -1.94) ᵒC, extrema(S): (39.81, 13.73) g/kg, extrema(η): (1.43, -3.35) m, wall time: 11.744 seconds 
[ Info: time: 2041 days, iteration: 146952, Δt: 20 minutes,max|u|: (1.57e+00, 1.62e+00, 6.63e-03) m s⁻¹, extrema(T): (32.07, -1.94) ᵒC, extrema(S): (39.82, 13.89) g/kg, extrema(η): (1.67, -2.25) m, wall time: 11.761 seconds 
[ Info: time: 2042 days, iteration: 147024, Δt: 20 minutes,max|u|: (1.73e+00, 1.64e+00, 6.59e-03) m s⁻¹, extrema(T): (31.99, -1.94) ᵒC, extrema(S): (39.81, 14.29) g/kg, extrema(η): (2.18, -2.24) m, wall time: 16.939 seconds 
[ Info: time: 2043 days, iteration: 147096, Δt: 20 minutes,max|u|: (1.46e+00, 1.64e+00, 6.64e-03) m s⁻¹, extrema(T): (31.84, -1.94) ᵒC, extrema(S): (39.83, 14.71) g/kg, extrema(η): (4.53, -2.19) m, wall time: 11.809 seconds 
[ Info: time: 2044 days, iteration: 147168, Δt: 20 minutes,max|u|: (1.76e+00, 1.62e+00, 6.65e-03) m s⁻¹, extrema(T): (31.75, -1.94) ᵒC, extrema(S): (39.82, 14.38) g/kg, extrema(η): (1.81, -2.25) m, wall time: 11.871 seconds 
[ Info: time: 2045 days, iteration: 147240, Δt: 20 minutes,max|u|: (1.84e+00, 1.62e+00, 6.63e-03) m s⁻¹, extrema(T): (31.81, -1.94) ᵒC, extrema(S): (39.83, 13.81) g/kg, extrema(η): (1.49, -2.66) m, wall time: 13.277 seconds 
[ Info: time: 2046 days, iteration: 147312, Δt: 20 minutes,max|u|: (1.90e+00, 1.62e+00, 6.58e-03) m s⁻¹, extrema(T): (31.83, -1.95) ᵒC, extrema(S): (39.84, 13.81) g/kg, extrema(η): (1.36, -3.21) m, wall time: 11.793 seconds 
[ Info: time: 2047 days, iteration: 147384, Δt: 20 minutes,max|u|: (1.83e+00, 1.77e+00, 6.54e-03) m s⁻¹, extrema(T): (31.62, -1.95) ᵒC, extrema(S): (39.84, 14.52) g/kg, extrema(η): (1.37, -2.21) m, wall time: 11.840 seconds 
[ Info: time: 2048 days, iteration: 147456, Δt: 20 minutes,max|u|: (1.90e+00, 1.52e+00, 6.56e-03) m s⁻¹, extrema(T): (31.55, -1.95) ᵒC, extrema(S): (39.84, 14.14) g/kg, extrema(η): (4.26, -2.01) m, wall time: 11.732 seconds 
[ Info: time: 2049 days, iteration: 147528, Δt: 20 minutes,max|u|: (2.04e+00, 1.53e+00, 6.56e-03) m s⁻¹, extrema(T): (31.57, -1.95) ᵒC, extrema(S): (39.83, 15.29) g/kg, extrema(η): (2.78, -1.97) m, wall time: 11.715 seconds 
[ Info: time: 2050 days, iteration: 147600, Δt: 20 minutes,max|u|: (2.05e+00, 1.55e+00, 6.65e-03) m s⁻¹, extrema(T): (31.63, -1.95) ᵒC, extrema(S): (39.84, 15.14) g/kg, extrema(η): (1.63, -2.07) m, wall time: 11.782 seconds 
[ Info: time: 2051 days, iteration: 147672, Δt: 20 minutes,max|u|: (1.80e+00, 1.87e+00, 6.65e-03) m s⁻¹, extrema(T): (31.62, -1.95) ᵒC, extrema(S): (39.84, 14.74) g/kg, extrema(η): (1.57, -3.75) m, wall time: 11.732 seconds 
[ Info: time: 2052 days, iteration: 147744, Δt: 20 minutes,max|u|: (2.18e+00, 1.75e+00, 6.69e-03) m s⁻¹, extrema(T): (31.52, -1.95) ᵒC, extrema(S): (39.83, 14.65) g/kg, extrema(η): (1.44, -2.16) m, wall time: 11.807 seconds 
[ Info: time: 2053 days, iteration: 147816, Δt: 20 minutes,max|u|: (1.91e+00, 1.45e+00, 6.69e-03) m s⁻¹, extrema(T): (31.47, -1.95) ᵒC, extrema(S): (39.83, 14.85) g/kg, extrema(η): (3.96, -2.15) m, wall time: 11.811 seconds 
[ Info: time: 2054 days, iteration: 147888, Δt: 20 minutes,max|u|: (2.58e+00, 1.43e+00, 6.72e-03) m s⁻¹, extrema(T): (31.46, -1.96) ᵒC, extrema(S): (39.84, 14.96) g/kg, extrema(η): (3.65, -2.25) m, wall time: 11.761 seconds 
[ Info: time: 2055 days, iteration: 147960, Δt: 20 minutes,max|u|: (2.44e+00, 1.58e+00, 6.79e-03) m s⁻¹, extrema(T): (31.48, -1.96) ᵒC, extrema(S): (39.84, 14.46) g/kg, extrema(η): (2.68, -2.30) m, wall time: 16.896 seconds 
[ Info: time: 2056 days, iteration: 148032, Δt: 20 minutes,max|u|: (2.44e+00, 1.40e+00, 6.73e-03) m s⁻¹, extrema(T): (31.52, -1.96) ᵒC, extrema(S): (39.84, 14.95) g/kg, extrema(η): (3.06, -3.52) m, wall time: 11.847 seconds 
[ Info: time: 2057 days, iteration: 148104, Δt: 20 minutes,max|u|: (2.18e+00, 1.60e+00, 6.69e-03) m s⁻¹, extrema(T): (31.52, -1.96) ᵒC, extrema(S): (39.84, 15.33) g/kg, extrema(η): (3.21, -2.15) m, wall time: 11.772 seconds 
[ Info: time: 2058 days, iteration: 148176, Δt: 20 minutes,max|u|: (2.37e+00, 1.61e+00, 6.67e-03) m s⁻¹, extrema(T): (31.41, -1.95) ᵒC, extrema(S): (39.84, 15.63) g/kg, extrema(η): (3.34, -2.04) m, wall time: 11.680 seconds 
[ Info: time: 2059 days, iteration: 148248, Δt: 20 minutes,max|u|: (2.24e+00, 1.51e+00, 6.73e-03) m s⁻¹, extrema(T): (31.34, -1.95) ᵒC, extrema(S): (39.85, 14.79) g/kg, extrema(η): (4.30, -2.22) m, wall time: 11.773 seconds 
[ Info: time: 2060 days, iteration: 148320, Δt: 20 minutes,max|u|: (2.27e+00, 1.73e+00, 6.85e-03) m s⁻¹, extrema(T): (31.30, -1.96) ᵒC, extrema(S): (39.84, 14.32) g/kg, extrema(η): (3.00, -2.08) m, wall time: 11.826 seconds 
[ Info: time: 2061 days, iteration: 148392, Δt: 20 minutes,max|u|: (2.91e+00, 1.45e+00, 6.85e-03) m s⁻¹, extrema(T): (31.31, -1.96) ᵒC, extrema(S): (39.85, 13.93) g/kg, extrema(η): (2.80, -3.56) m, wall time: 11.794 seconds 
[ Info: time: 2062 days, iteration: 148464, Δt: 20 minutes,max|u|: (2.21e+00, 1.46e+00, 6.91e-03) m s⁻¹, extrema(T): (31.40, -1.96) ᵒC, extrema(S): (39.85, 13.55) g/kg, extrema(η): (2.53, -2.56) m, wall time: 11.689 seconds 
[ Info: time: 2063 days, iteration: 148536, Δt: 20 minutes,max|u|: (2.23e+00, 1.72e+00, 7.01e-03) m s⁻¹, extrema(T): (31.43, -1.96) ᵒC, extrema(S): (39.85, 14.80) g/kg, extrema(η): (2.20, -2.05) m, wall time: 11.720 seconds 
[ Info: time: 2064 days, iteration: 148608, Δt: 20 minutes,max|u|: (2.42e+00, 1.56e+00, 6.97e-03) m s⁻¹, extrema(T): (31.44, -1.96) ᵒC, extrema(S): (39.85, 14.87) g/kg, extrema(η): (4.57, -2.10) m, wall time: 11.709 seconds 
[ Info: time: 2065 days, iteration: 148680, Δt: 20 minutes,max|u|: (2.39e+00, 1.90e+00, 6.96e-03) m s⁻¹, extrema(T): (31.43, -1.96) ᵒC, extrema(S): (39.85, 15.01) g/kg, extrema(η): (2.03, -2.25) m, wall time: 11.754 seconds 
[ Info: time: 2066 days, iteration: 148752, Δt: 20 minutes,max|u|: (2.21e+00, 1.45e+00, 6.93e-03) m s⁻¹, extrema(T): (31.31, -1.96) ᵒC, extrema(S): (39.85, 15.39) g/kg, extrema(η): (1.76, -2.89) m, wall time: 11.765 seconds 
[ Info: time: 2067 days, iteration: 148824, Δt: 20 minutes,max|u|: (2.00e+00, 2.56e+00, 6.96e-03) m s⁻¹, extrema(T): (31.28, -1.96) ᵒC, extrema(S): (39.86, 14.73) g/kg, extrema(η): (1.37, -3.43) m, wall time: 16.746 seconds 
[ Info: time: 2068 days, iteration: 148896, Δt: 20 minutes,max|u|: (2.07e+00, 1.77e+00, 6.90e-03) m s⁻¹, extrema(T): (31.29, -1.96) ᵒC, extrema(S): (39.86, 14.15) g/kg, extrema(η): (1.32, -2.01) m, wall time: 11.781 seconds 
[ Info: time: 2069 days, iteration: 148968, Δt: 20 minutes,max|u|: (2.28e+00, 1.76e+00, 6.91e-03) m s⁻¹, extrema(T): (31.32, -1.95) ᵒC, extrema(S): (39.86, 13.82) g/kg, extrema(η): (4.39, -2.10) m, wall time: 11.833 seconds 
[ Info: time: 2070 days, iteration: 149040, Δt: 20 minutes,max|u|: (2.38e+00, 1.47e+00, 6.97e-03) m s⁻¹, extrema(T): (31.34, -1.95) ᵒC, extrema(S): (39.86, 14.28) g/kg, extrema(η): (2.78, -2.17) m, wall time: 11.745 seconds 
[ Info: time: 2071 days, iteration: 149112, Δt: 20 minutes,max|u|: (2.41e+00, 1.51e+00, 6.99e-03) m s⁻¹, extrema(T): (31.36, -1.94) ᵒC, extrema(S): (39.86, 15.11) g/kg, extrema(η): (1.38, -2.22) m, wall time: 11.710 seconds 
[ Info: time: 2072 days, iteration: 149184, Δt: 20 minutes,max|u|: (2.25e+00, 1.63e+00, 7.00e-03) m s⁻¹, extrema(T): (31.37, -1.95) ᵒC, extrema(S): (39.87, 14.48) g/kg, extrema(η): (1.38, -3.77) m, wall time: 11.737 seconds 
[ Info: time: 2073 days, iteration: 149256, Δt: 20 minutes,max|u|: (2.27e+00, 1.66e+00, 7.03e-03) m s⁻¹, extrema(T): (31.33, -1.95) ᵒC, extrema(S): (39.86, 14.12) g/kg, extrema(η): (1.29, -2.46) m, wall time: 11.752 seconds 
[ Info: time: 2074 days, iteration: 149328, Δt: 20 minutes,max|u|: (2.32e+00, 1.96e+00, 6.99e-03) m s⁻¹, extrema(T): (31.41, -1.95) ᵒC, extrema(S): (39.87, 13.86) g/kg, extrema(η): (3.65, -2.33) m, wall time: 11.852 seconds 
[ Info: time: 2075 days, iteration: 149400, Δt: 20 minutes,max|u|: (2.05e+00, 1.66e+00, 6.97e-03) m s⁻¹, extrema(T): (31.37, -1.95) ᵒC, extrema(S): (39.86, 13.68) g/kg, extrema(η): (3.69, -2.38) m, wall time: 11.730 seconds 
[ Info: time: 2076 days, iteration: 149472, Δt: 20 minutes,max|u|: (1.96e+00, 1.77e+00, 6.94e-03) m s⁻¹, extrema(T): (31.32, -1.95) ᵒC, extrema(S): (39.86, 14.71) g/kg, extrema(η): (1.30, -2.29) m, wall time: 13.037 seconds 
[ Info: time: 2077 days, iteration: 149544, Δt: 20 minutes,max|u|: (2.14e+00, 1.56e+00, 6.99e-03) m s⁻¹, extrema(T): (31.33, -1.95) ᵒC, extrema(S): (39.86, 15.48) g/kg, extrema(η): (1.42, -3.68) m, wall time: 11.712 seconds 
[ Info: time: 2078 days, iteration: 149616, Δt: 20 minutes,max|u|: (2.42e+00, 1.60e+00, 6.96e-03) m s⁻¹, extrema(T): (31.33, -1.95) ᵒC, extrema(S): (39.86, 15.06) g/kg, extrema(η): (1.83, -2.13) m, wall time: 11.780 seconds 
[ Info: time: 2079 days, iteration: 149688, Δt: 20 minutes,max|u|: (2.48e+00, 1.56e+00, 6.95e-03) m s⁻¹, extrema(T): (31.30, -1.95) ᵒC, extrema(S): (39.87, 14.60) g/kg, extrema(η): (2.87, -2.20) m, wall time: 11.780 seconds 
[ Info: time: 2080 days, iteration: 149760, Δt: 20 minutes,max|u|: (2.45e+00, 1.55e+00, 6.92e-03) m s⁻¹, extrema(T): (31.31, -1.95) ᵒC, extrema(S): (39.87, 15.35) g/kg, extrema(η): (4.31, -2.27) m, wall time: 22.359 seconds 
[ Info: time: 2081 days, iteration: 149832, Δt: 20 minutes,max|u|: (2.28e+00, 1.63e+00, 6.89e-03) m s⁻¹, extrema(T): (31.30, -1.96) ᵒC, extrema(S): (39.88, 15.05) g/kg, extrema(η): (3.22, -2.21) m, wall time: 11.813 seconds 
[ Info: time: 2082 days, iteration: 149904, Δt: 20 minutes,max|u|: (1.97e+00, 1.45e+00, 6.94e-03) m s⁻¹, extrema(T): (31.23, -1.96) ᵒC, extrema(S): (39.89, 14.44) g/kg, extrema(η): (3.43, -2.73) m, wall time: 11.770 seconds 
[ Info: time: 2083 days, iteration: 149976, Δt: 20 minutes,max|u|: (1.94e+00, 1.46e+00, 6.93e-03) m s⁻¹, extrema(T): (31.20, -1.96) ᵒC, extrema(S): (39.87, 14.33) g/kg, extrema(η): (3.54, -2.53) m, wall time: 11.755 seconds 
[ Info: time: 2084 days, iteration: 150048, Δt: 20 minutes,max|u|: (2.33e+00, 1.66e+00, 6.93e-03) m s⁻¹, extrema(T): (31.17, -1.96) ᵒC, extrema(S): (39.87, 13.73) g/kg, extrema(η): (3.50, -2.19) m, wall time: 11.759 seconds 
[ Info: time: 2085 days, iteration: 150120, Δt: 20 minutes,max|u|: (2.29e+00, 1.45e+00, 6.94e-03) m s⁻¹, extrema(T): (31.13, -1.96) ᵒC, extrema(S): (39.88, 13.21) g/kg, extrema(η): (4.37, -2.07) m, wall time: 11.749 seconds 
[ Info: time: 2086 days, iteration: 150192, Δt: 20 minutes,max|u|: (2.57e+00, 1.45e+00, 6.93e-03) m s⁻¹, extrema(T): (31.13, -1.96) ᵒC, extrema(S): (39.87, 14.02) g/kg, extrema(η): (3.08, -2.16) m, wall time: 11.728 seconds 
[ Info: time: 2087 days, iteration: 150264, Δt: 20 minutes,max|u|: (2.52e+00, 1.74e+00, 6.84e-03) m s⁻¹, extrema(T): (31.10, -1.97) ᵒC, extrema(S): (39.87, 15.29) g/kg, extrema(η): (2.79, -2.30) m, wall time: 11.758 seconds 
[ Info: time: 2088 days, iteration: 150336, Δt: 20 minutes,max|u|: (2.26e+00, 1.83e+00, 6.85e-03) m s⁻¹, extrema(T): (31.09, -1.97) ᵒC, extrema(S): (39.87, 15.45) g/kg, extrema(η): (2.43, -3.16) m, wall time: 11.755 seconds 
[ Info: time: 2089 days, iteration: 150408, Δt: 20 minutes,max|u|: (2.10e+00, 1.59e+00, 6.76e-03) m s⁻¹, extrema(T): (31.04, -1.97) ᵒC, extrema(S): (39.87, 14.83) g/kg, extrema(η): (2.02, -2.38) m, wall time: 11.778 seconds 
[ Info: time: 2090 days, iteration: 150480, Δt: 20 minutes,max|u|: (2.24e+00, 1.54e+00, 6.78e-03) m s⁻¹, extrema(T): (31.02, -1.96) ᵒC, extrema(S): (39.87, 14.26) g/kg, extrema(η): (3.99, -2.28) m, wall time: 11.665 seconds 
[ Info: time: 2091 days, iteration: 150552, Δt: 20 minutes,max|u|: (2.38e+00, 1.65e+00, 6.84e-03) m s⁻¹, extrema(T): (31.00, -1.95) ᵒC, extrema(S): (39.87, 13.84) g/kg, extrema(η): (4.11, -2.13) m, wall time: 11.763 seconds 
[ Info: time: 2092 days, iteration: 150624, Δt: 20 minutes,max|u|: (2.31e+00, 1.65e+00, 6.89e-03) m s⁻¹, extrema(T): (31.04, -1.94) ᵒC, extrema(S): (39.87, 13.58) g/kg, extrema(η): (1.36, -2.19) m, wall time: 16.784 seconds 
[ Info: time: 2093 days, iteration: 150696, Δt: 20 minutes,max|u|: (2.17e+00, 1.55e+00, 6.86e-03) m s⁻¹, extrema(T): (31.03, -1.95) ᵒC, extrema(S): (39.88, 13.57) g/kg, extrema(η): (1.52, -3.72) m, wall time: 11.746 seconds 
[ Info: time: 2094 days, iteration: 150768, Δt: 20 minutes,max|u|: (2.05e+00, 1.55e+00, 6.82e-03) m s⁻¹, extrema(T): (31.04, -1.92) ᵒC, extrema(S): (39.87, 13.61) g/kg, extrema(η): (1.29, -2.41) m, wall time: 11.805 seconds 
[ Info: time: 2095 days, iteration: 150840, Δt: 20 minutes,max|u|: (1.96e+00, 1.48e+00, 6.79e-03) m s⁻¹, extrema(T): (30.99, -1.90) ᵒC, extrema(S): (39.88, 14.16) g/kg, extrema(η): (2.92, -2.21) m, wall time: 11.781 seconds 
[ Info: time: 2096 days, iteration: 150912, Δt: 20 minutes,max|u|: (2.16e+00, 1.50e+00, 6.79e-03) m s⁻¹, extrema(T): (30.97, -1.90) ᵒC, extrema(S): (39.88, 14.46) g/kg, extrema(η): (4.64, -2.16) m, wall time: 11.929 seconds 
[ Info: time: 2097 days, iteration: 150984, Δt: 20 minutes,max|u|: (2.26e+00, 1.65e+00, 6.78e-03) m s⁻¹, extrema(T): (31.01, -1.89) ᵒC, extrema(S): (39.88, 14.84) g/kg, extrema(η): (1.33, -2.25) m, wall time: 11.754 seconds 
[ Info: time: 2098 days, iteration: 151056, Δt: 20 minutes,max|u|: (2.15e+00, 1.49e+00, 6.79e-03) m s⁻¹, extrema(T): (31.01, -1.88) ᵒC, extrema(S): (39.88, 14.68) g/kg, extrema(η): (1.30, -3.17) m, wall time: 11.801 seconds 
[ Info: time: 2099 days, iteration: 151128, Δt: 20 minutes,max|u|: (1.98e+00, 1.51e+00, 6.73e-03) m s⁻¹, extrema(T): (30.97, -1.88) ᵒC, extrema(S): (39.88, 14.43) g/kg, extrema(η): (1.28, -2.83) m, wall time: 11.786 seconds 
[ Info: time: 2100 days, iteration: 151200, Δt: 20 minutes,max|u|: (1.97e+00, 1.73e+00, 6.72e-03) m s⁻¹, extrema(T): (30.91, -1.88) ᵒC, extrema(S): (39.88, 14.65) g/kg, extrema(η): (1.70, -2.32) m, wall time: 11.761 seconds 
[ Info: time: 2101 days, iteration: 151272, Δt: 20 minutes,max|u|: (1.74e+00, 2.18e+00, 6.75e-03) m s⁻¹, extrema(T): (30.92, -1.90) ᵒC, extrema(S): (39.88, 15.01) g/kg, extrema(η): (4.54, -2.27) m, wall time: 11.747 seconds 
[ Info: time: 2102 days, iteration: 151344, Δt: 20 minutes,max|u|: (1.67e+00, 2.26e+00, 6.75e-03) m s⁻¹, extrema(T): (30.95, -1.93) ᵒC, extrema(S): (39.89, 15.63) g/kg, extrema(η): (2.17, -2.36) m, wall time: 11.767 seconds 
[ Info: time: 2103 days, iteration: 151416, Δt: 20 minutes,max|u|: (1.67e+00, 1.69e+00, 6.72e-03) m s⁻¹, extrema(T): (30.96, -1.93) ᵒC, extrema(S): (39.89, 17.21) g/kg, extrema(η): (1.93, -2.53) m, wall time: 11.784 seconds 
[ Info: time: 2104 days, iteration: 151488, Δt: 20 minutes,max|u|: (1.91e+00, 1.66e+00, 6.68e-03) m s⁻¹, extrema(T): (30.97, -1.93) ᵒC, extrema(S): (39.90, 17.71) g/kg, extrema(η): (2.38, -3.50) m, wall time: 16.892 seconds 
[ Info: time: 2105 days, iteration: 151560, Δt: 20 minutes,max|u|: (1.56e+00, 1.81e+00, 6.68e-03) m s⁻¹, extrema(T): (31.00, -1.93) ᵒC, extrema(S): (39.89, 17.93) g/kg, extrema(η): (2.87, -2.21) m, wall time: 11.776 seconds 
[ Info: time: 2106 days, iteration: 151632, Δt: 20 minutes,max|u|: (1.54e+00, 1.47e+00, 6.72e-03) m s⁻¹, extrema(T): (31.03, -1.92) ᵒC, extrema(S): (39.89, 17.75) g/kg, extrema(η): (4.41, -2.26) m, wall time: 11.762 seconds 
[ Info: time: 2107 days, iteration: 151704, Δt: 20 minutes,max|u|: (1.59e+00, 2.13e+00, 6.64e-03) m s⁻¹, extrema(T): (31.01, -1.93) ᵒC, extrema(S): (39.90, 17.63) g/kg, extrema(η): (3.38, -2.11) m, wall time: 12.881 seconds 
[ Info: time: 2108 days, iteration: 151776, Δt: 20 minutes,max|u|: (1.62e+00, 1.49e+00, 6.54e-03) m s⁻¹, extrema(T): (31.07, -1.94) ᵒC, extrema(S): (39.90, 17.70) g/kg, extrema(η): (3.46, -2.10) m, wall time: 11.729 seconds 
[ Info: time: 2109 days, iteration: 151848, Δt: 20 minutes,max|u|: (1.58e+00, 1.50e+00, 6.55e-03) m s⁻¹, extrema(T): (31.10, -1.94) ᵒC, extrema(S): (39.90, 17.52) g/kg, extrema(η): (3.42, -2.77) m, wall time: 11.782 seconds 
[ Info: time: 2110 days, iteration: 151920, Δt: 20 minutes,max|u|: (1.86e+00, 1.66e+00, 6.52e-03) m s⁻¹, extrema(T): (31.11, -1.93) ᵒC, extrema(S): (39.90, 15.98) g/kg, extrema(η): (3.21, -2.26) m, wall time: 11.788 seconds 
[ Info: time: 2111 days, iteration: 151992, Δt: 20 minutes,max|u|: (1.63e+00, 1.52e+00, 6.58e-03) m s⁻¹, extrema(T): (31.18, -1.94) ᵒC, extrema(S): (39.91, 16.37) g/kg, extrema(η): (3.61, -2.30) m, wall time: 11.749 seconds 
[ Info: time: 2112 days, iteration: 152064, Δt: 20 minutes,max|u|: (1.57e+00, 1.51e+00, 6.67e-03) m s⁻¹, extrema(T): (31.16, -1.93) ᵒC, extrema(S): (39.91, 17.18) g/kg, extrema(η): (4.23, -2.14) m, wall time: 11.811 seconds 
[ Info: time: 2113 days, iteration: 152136, Δt: 20 minutes,max|u|: (1.56e+00, 1.54e+00, 6.68e-03) m s⁻¹, extrema(T): (31.15, -1.94) ᵒC, extrema(S): (39.92, 17.48) g/kg, extrema(η): (2.08, -2.18) m, wall time: 11.769 seconds 
[ Info: time: 2114 days, iteration: 152208, Δt: 20 minutes,max|u|: (1.56e+00, 1.50e+00, 6.74e-03) m s⁻¹, extrema(T): (31.23, -1.94) ᵒC, extrema(S): (39.93, 17.47) g/kg, extrema(η): (1.65, -3.08) m, wall time: 11.795 seconds 
[ Info: time: 2115 days, iteration: 152280, Δt: 20 minutes,max|u|: (1.59e+00, 2.12e+00, 6.71e-03) m s⁻¹, extrema(T): (31.18, -1.94) ᵒC, extrema(S): (39.94, 17.65) g/kg, extrema(η): (1.49, -2.11) m, wall time: 11.743 seconds 
[ Info: time: 2116 days, iteration: 152352, Δt: 20 minutes,max|u|: (2.46e+00, 1.92e+00, 6.71e-03) m s⁻¹, extrema(T): (31.08, -1.93) ᵒC, extrema(S): (39.96, 17.94) g/kg, extrema(η): (2.42, -2.07) m, wall time: 11.790 seconds 
[ Info: time: 2117 days, iteration: 152424, Δt: 20 minutes,max|u|: (1.96e+00, 1.48e+00, 6.72e-03) m s⁻¹, extrema(T): (31.10, -1.93) ᵒC, extrema(S): (39.95, 18.19) g/kg, extrema(η): (4.46, -2.11) m, wall time: 16.961 seconds 
[ Info: time: 2118 days, iteration: 152496, Δt: 20 minutes,max|u|: (1.57e+00, 1.54e+00, 6.76e-03) m s⁻¹, extrema(T): (31.12, -1.93) ᵒC, extrema(S): (39.95, 18.22) g/kg, extrema(η): (1.81, -2.23) m, wall time: 11.712 seconds 
[ Info: time: 2119 days, iteration: 152568, Δt: 20 minutes,max|u|: (1.63e+00, 1.51e+00, 6.79e-03) m s⁻¹, extrema(T): (31.12, -1.93) ᵒC, extrema(S): (39.94, 18.21) g/kg, extrema(η): (1.32, -2.27) m, wall time: 11.715 seconds 
[ Info: time: 2120 days, iteration: 152640, Δt: 20 minutes,max|u|: (1.62e+00, 1.52e+00, 6.78e-03) m s⁻¹, extrema(T): (31.15, -1.93) ᵒC, extrema(S): (39.94, 17.66) g/kg, extrema(η): (1.29, -2.77) m, wall time: 11.708 seconds 
[ Info: time: 2121 days, iteration: 152712, Δt: 20 minutes,max|u|: (1.59e+00, 2.59e+00, 6.79e-03) m s⁻¹, extrema(T): (31.19, -1.93) ᵒC, extrema(S): (39.93, 17.28) g/kg, extrema(η): (1.70, -2.05) m, wall time: 11.699 seconds 
[ Info: time: 2122 days, iteration: 152784, Δt: 20 minutes,max|u|: (1.73e+00, 1.54e+00, 6.81e-03) m s⁻¹, extrema(T): (31.24, -1.93) ᵒC, extrema(S): (39.92, 18.04) g/kg, extrema(η): (4.44, -2.02) m, wall time: 11.668 seconds 
[ Info: time: 2123 days, iteration: 152856, Δt: 20 minutes,max|u|: (1.59e+00, 1.89e+00, 6.83e-03) m s⁻¹, extrema(T): (31.29, -1.93) ᵒC, extrema(S): (39.92, 17.42) g/kg, extrema(η): (3.34, -2.20) m, wall time: 11.681 seconds 
[ Info: time: 2124 days, iteration: 152928, Δt: 20 minutes,max|u|: (1.87e+00, 2.63e+00, 6.85e-03) m s⁻¹, extrema(T): (31.32, -1.93) ᵒC, extrema(S): (39.92, 17.15) g/kg, extrema(η): (1.34, -2.16) m, wall time: 11.732 seconds 
[ Info: time: 2125 days, iteration: 153000, Δt: 20 minutes,max|u|: (1.90e+00, 1.98e+00, 6.84e-03) m s⁻¹, extrema(T): (31.36, -1.93) ᵒC, extrema(S): (39.91, 18.21) g/kg, extrema(η): (1.32, -2.99) m, wall time: 11.745 seconds 
[ Info: time: 2126 days, iteration: 153072, Δt: 20 minutes,max|u|: (1.62e+00, 1.56e+00, 6.86e-03) m s⁻¹, extrema(T): (31.40, -1.93) ᵒC, extrema(S): (39.92, 18.43) g/kg, extrema(η): (1.36, -2.15) m, wall time: 11.731 seconds 
[ Info: time: 2127 days, iteration: 153144, Δt: 20 minutes,max|u|: (1.61e+00, 1.50e+00, 6.81e-03) m s⁻¹, extrema(T): (31.45, -1.93) ᵒC, extrema(S): (39.92, 18.71) g/kg, extrema(η): (3.24, -2.24) m, wall time: 11.757 seconds 
[ Info: time: 2128 days, iteration: 153216, Δt: 20 minutes,max|u|: (1.60e+00, 1.49e+00, 6.73e-03) m s⁻¹, extrema(T): (31.49, -1.93) ᵒC, extrema(S): (39.92, 18.86) g/kg, extrema(η): (4.30, -2.20) m, wall time: 11.747 seconds 
[ Info: time: 2129 days, iteration: 153288, Δt: 20 minutes,max|u|: (1.74e+00, 1.61e+00, 6.70e-03) m s⁻¹, extrema(T): (31.52, -1.93) ᵒC, extrema(S): (39.92, 18.93) g/kg, extrema(η): (2.65, -2.33) m, wall time: 16.953 seconds 
[ Info: time: 2130 days, iteration: 153360, Δt: 20 minutes,max|u|: (1.73e+00, 1.93e+00, 6.67e-03) m s⁻¹, extrema(T): (31.55, -1.93) ᵒC, extrema(S): (39.93, 18.98) g/kg, extrema(η): (3.15, -3.28) m, wall time: 11.860 seconds 
[ Info: time: 2131 days, iteration: 153432, Δt: 20 minutes,max|u|: (1.51e+00, 1.70e+00, 6.65e-03) m s⁻¹, extrema(T): (31.56, -1.93) ᵒC, extrema(S): (39.93, 19.01) g/kg, extrema(η): (3.47, -2.23) m, wall time: 11.796 seconds 
[ Info: time: 2132 days, iteration: 153504, Δt: 20 minutes,max|u|: (1.51e+00, 1.64e+00, 6.66e-03) m s⁻¹, extrema(T): (31.56, -1.93) ᵒC, extrema(S): (39.93, 18.09) g/kg, extrema(η): (3.60, -2.12) m, wall time: 12.028 seconds 
[ Info: time: 2133 days, iteration: 153576, Δt: 20 minutes,max|u|: (1.50e+00, 1.51e+00, 6.68e-03) m s⁻¹, extrema(T): (31.52, -1.93) ᵒC, extrema(S): (39.93, 17.42) g/kg, extrema(η): (4.39, -2.13) m, wall time: 11.797 seconds 
[ Info: time: 2134 days, iteration: 153648, Δt: 20 minutes,max|u|: (1.54e+00, 1.54e+00, 6.70e-03) m s⁻¹, extrema(T): (31.47, -1.93) ᵒC, extrema(S): (39.93, 17.46) g/kg, extrema(η): (3.34, -2.00) m, wall time: 11.829 seconds 
[ Info: time: 2135 days, iteration: 153720, Δt: 20 minutes,max|u|: (1.55e+00, 1.50e+00, 6.76e-03) m s⁻¹, extrema(T): (31.41, -1.93) ᵒC, extrema(S): (39.93, 18.71) g/kg, extrema(η): (3.13, -2.26) m, wall time: 11.754 seconds 
[ Info: time: 2136 days, iteration: 153792, Δt: 20 minutes,max|u|: (1.59e+00, 1.69e+00, 6.71e-03) m s⁻¹, extrema(T): (31.35, -1.93) ᵒC, extrema(S): (39.93, 19.18) g/kg, extrema(η): (2.64, -2.82) m, wall time: 11.722 seconds 
[ Info: time: 2137 days, iteration: 153864, Δt: 20 minutes,max|u|: (1.56e+00, 2.08e+00, 6.69e-03) m s⁻¹, extrema(T): (31.28, -1.93) ᵒC, extrema(S): (39.93, 19.20) g/kg, extrema(η): (2.26, -2.08) m, wall time: 11.754 seconds 
[ Info: time: 2138 days, iteration: 153936, Δt: 20 minutes,max|u|: (1.79e+00, 1.51e+00, 6.70e-03) m s⁻¹, extrema(T): (31.23, -1.92) ᵒC, extrema(S): (39.93, 18.51) g/kg, extrema(η): (4.25, -2.23) m, wall time: 13.037 seconds 
[ Info: time: 2139 days, iteration: 154008, Δt: 20 minutes,max|u|: (1.71e+00, 1.83e+00, 6.70e-03) m s⁻¹, extrema(T): (31.18, -1.90) ᵒC, extrema(S): (39.94, 18.46) g/kg, extrema(η): (1.29, -2.22) m, wall time: 11.807 seconds 
[ Info: time: 2140 days, iteration: 154080, Δt: 20 minutes,max|u|: (2.26e+00, 3.53e+00, 6.71e-03) m s⁻¹, extrema(T): (30.97, -1.90) ᵒC, extrema(S): (39.94, 19.13) g/kg, extrema(η): (3.04, -3.04) m, wall time: 11.763 seconds 
[ Info: time: 2141 days, iteration: 154152, Δt: 20 minutes,max|u|: (2.00e+00, 2.55e+00, 6.67e-03) m s⁻¹, extrema(T): (30.96, -1.89) ᵒC, extrema(S): (39.93, 19.32) g/kg, extrema(η): (2.05, -2.17) m, wall time: 16.989 seconds 
[ Info: time: 2142 days, iteration: 154224, Δt: 20 minutes,max|u|: (1.78e+00, 1.52e+00, 6.69e-03) m s⁻¹, extrema(T): (30.99, -1.87) ᵒC, extrema(S): (39.93, 19.40) g/kg, extrema(η): (3.81, -2.19) m, wall time: 11.778 seconds 
[ Info: time: 2143 days, iteration: 154296, Δt: 20 minutes,max|u|: (1.80e+00, 1.52e+00, 6.72e-03) m s⁻¹, extrema(T): (31.09, -1.88) ᵒC, extrema(S): (39.93, 19.47) g/kg, extrema(η): (4.12, -2.19) m, wall time: 11.702 seconds 
[ Info: time: 2144 days, iteration: 154368, Δt: 20 minutes,max|u|: (1.62e+00, 1.94e+00, 6.75e-03) m s⁻¹, extrema(T): (31.17, -1.88) ᵒC, extrema(S): (39.93, 19.35) g/kg, extrema(η): (1.34, -2.10) m, wall time: 11.733 seconds 
[ Info: time: 2145 days, iteration: 154440, Δt: 20 minutes,max|u|: (2.36e+00, 1.64e+00, 6.82e-03) m s⁻¹, extrema(T): (31.06, -1.88) ᵒC, extrema(S): (39.93, 19.20) g/kg, extrema(η): (1.31, -3.30) m, wall time: 11.757 seconds 
[ Info: time: 2146 days, iteration: 154512, Δt: 20 minutes,max|u|: (2.62e+00, 1.87e+00, 6.83e-03) m s⁻¹, extrema(T): (30.99, -1.87) ᵒC, extrema(S): (39.93, 19.08) g/kg, extrema(η): (1.28, -2.28) m, wall time: 11.781 seconds 
[ Info: time: 2147 days, iteration: 154584, Δt: 20 minutes,max|u|: (1.70e+00, 1.93e+00, 6.82e-03) m s⁻¹, extrema(T): (31.06, -1.88) ᵒC, extrema(S): (39.93, 18.97) g/kg, extrema(η): (2.32, -2.06) m, wall time: 11.706 seconds 
[ Info: time: 2148 days, iteration: 154656, Δt: 20 minutes,max|u|: (2.83e+00, 2.69e+00, 6.87e-03) m s⁻¹, extrema(T): (31.06, -1.89) ᵒC, extrema(S): (39.94, 18.88) g/kg, extrema(η): (4.36, -2.06) m, wall time: 11.775 seconds 
[ Info: time: 2149 days, iteration: 154728, Δt: 20 minutes,max|u|: (2.15e+00, 1.53e+00, 6.90e-03) m s⁻¹, extrema(T): (31.03, -1.90) ᵒC, extrema(S): (39.94, 18.82) g/kg, extrema(η): (1.50, -2.15) m, wall time: 11.716 seconds 
[ Info: time: 2150 days, iteration: 154800, Δt: 20 minutes,max|u|: (2.04e+00, 1.72e+00, 6.86e-03) m s⁻¹, extrema(T): (31.01, -1.91) ᵒC, extrema(S): (39.94, 18.78) g/kg, extrema(η): (1.45, -2.79) m, wall time: 11.812 seconds 
[ Info: time: 2151 days, iteration: 154872, Δt: 20 minutes,max|u|: (1.80e+00, 2.29e+00, 6.83e-03) m s⁻¹, extrema(T): (31.08, -1.91) ᵒC, extrema(S): (39.93, 18.76) g/kg, extrema(η): (1.42, -2.53) m, wall time: 11.734 seconds 
[ Info: time: 2152 days, iteration: 154944, Δt: 20 minutes,max|u|: (1.97e+00, 1.63e+00, 6.82e-03) m s⁻¹, extrema(T): (31.09, -1.91) ᵒC, extrema(S): (39.94, 18.74) g/kg, extrema(η): (1.94, -2.29) m, wall time: 11.723 seconds 
[ Info: time: 2153 days, iteration: 155016, Δt: 20 minutes,max|u|: (1.83e+00, 1.65e+00, 6.91e-03) m s⁻¹, extrema(T): (31.10, -1.91) ᵒC, extrema(S): (39.94, 18.70) g/kg, extrema(η): (3.91, -2.10) m, wall time: 11.766 seconds 
[ Info: time: 2154 days, iteration: 155088, Δt: 20 minutes,max|u|: (2.38e+00, 2.81e+00, 6.94e-03) m s⁻¹, extrema(T): (31.20, -1.91) ᵒC, extrema(S): (39.94, 18.66) g/kg, extrema(η): (2.94, -2.03) m, wall time: 16.798 seconds 
[ Info: time: 2155 days, iteration: 155160, Δt: 20 minutes,max|u|: (1.75e+00, 2.14e+00, 7.00e-03) m s⁻¹, extrema(T): (31.17, -1.91) ᵒC, extrema(S): (39.94, 18.70) g/kg, extrema(η): (3.14, -2.09) m, wall time: 11.650 seconds 
[ Info: time: 2156 days, iteration: 155232, Δt: 20 minutes,max|u|: (2.17e+00, 2.04e+00, 7.02e-03) m s⁻¹, extrema(T): (31.18, -1.91) ᵒC, extrema(S): (39.93, 18.74) g/kg, extrema(η): (3.28, -2.82) m, wall time: 11.691 seconds 
[ Info: time: 2157 days, iteration: 155304, Δt: 20 minutes,max|u|: (1.98e+00, 1.59e+00, 7.04e-03) m s⁻¹, extrema(T): (31.19, -1.90) ᵒC, extrema(S): (39.94, 18.72) g/kg, extrema(η): (3.28, -2.31) m, wall time: 11.634 seconds 
[ Info: time: 2158 days, iteration: 155376, Δt: 20 minutes,max|u|: (1.63e+00, 2.03e+00, 7.06e-03) m s⁻¹, extrema(T): (31.29, -1.91) ᵒC, extrema(S): (39.94, 18.71) g/kg, extrema(η): (3.67, -2.16) m, wall time: 11.731 seconds 
[ Info: time: 2159 days, iteration: 155448, Δt: 20 minutes,max|u|: (1.64e+00, 2.26e+00, 7.08e-03) m s⁻¹, extrema(T): (31.33, -1.92) ᵒC, extrema(S): (39.94, 18.79) g/kg, extrema(η): (2.80, -2.22) m, wall time: 11.700 seconds 
[ Info: time: 2160 days, iteration: 155520, Δt: 20 minutes,max|u|: (4.55e+00, 1.99e+00, 7.11e-03) m s⁻¹, extrema(T): (31.37, -1.92) ᵒC, extrema(S): (39.94, 18.84) g/kg, extrema(η): (2.43, -2.43) m, wall time: 11.698 seconds 
[ Info: time: 2161 days, iteration: 155592, Δt: 20 minutes,max|u|: (1.64e+00, 2.25e+00, 7.07e-03) m s⁻¹, extrema(T): (31.36, -1.92) ᵒC, extrema(S): (39.93, 19.11) g/kg, extrema(η): (2.00, -2.22) m, wall time: 11.712 seconds 
[ Info: time: 2162 days, iteration: 155664, Δt: 20 minutes,max|u|: (1.65e+00, 2.14e+00, 7.06e-03) m s⁻¹, extrema(T): (31.34, -1.92) ᵒC, extrema(S): (39.94, 19.28) g/kg, extrema(η): (2.21, -1.97) m, wall time: 11.773 seconds 
[ Info: time: 2163 days, iteration: 155736, Δt: 20 minutes,max|u|: (1.95e+00, 2.21e+00, 7.07e-03) m s⁻¹, extrema(T): (31.22, -1.91) ᵒC, extrema(S): (39.94, 19.30) g/kg, extrema(η): (4.29, -2.18) m, wall time: 11.775 seconds 
[ Info: time: 2164 days, iteration: 155808, Δt: 20 minutes,max|u|: (2.45e+00, 2.21e+00, 7.08e-03) m s⁻¹, extrema(T): (31.25, -1.91) ᵒC, extrema(S): (39.93, 19.29) g/kg, extrema(η): (2.42, -2.08) m, wall time: 11.680 seconds 
[ Info: time: 2165 days, iteration: 155880, Δt: 20 minutes,max|u|: (1.93e+00, 2.37e+00, 7.06e-03) m s⁻¹, extrema(T): (31.28, -1.91) ᵒC, extrema(S): (39.93, 19.30) g/kg, extrema(η): (1.48, -2.12) m, wall time: 11.594 seconds 
[ Info: time: 2166 days, iteration: 155952, Δt: 20 minutes,max|u|: (2.04e+00, 2.27e+00, 7.07e-03) m s⁻¹, extrema(T): (31.33, -1.92) ᵒC, extrema(S): (39.92, 19.29) g/kg, extrema(η): (1.75, -2.87) m, wall time: 16.762 seconds 
[ Info: time: 2167 days, iteration: 156024, Δt: 20 minutes,max|u|: (1.87e+00, 2.12e+00, 7.06e-03) m s⁻¹, extrema(T): (31.38, -1.91) ᵒC, extrema(S): (39.92, 19.29) g/kg, extrema(η): (2.00, -2.07) m, wall time: 11.714 seconds 
[ Info: time: 2168 days, iteration: 156096, Δt: 20 minutes,max|u|: (1.79e+00, 2.82e+00, 7.02e-03) m s⁻¹, extrema(T): (31.44, -1.91) ᵒC, extrema(S): (39.92, 19.41) g/kg, extrema(η): (4.13, -2.25) m, wall time: 11.777 seconds 
[ Info: time: 2169 days, iteration: 156168, Δt: 20 minutes,max|u|: (1.86e+00, 2.09e+00, 7.00e-03) m s⁻¹, extrema(T): (31.53, -1.92) ᵒC, extrema(S): (39.93, 19.50) g/kg, extrema(η): (3.07, -2.00) m, wall time: 12.958 seconds 
[ Info: time: 2170 days, iteration: 156240, Δt: 20 minutes,max|u|: (1.92e+00, 1.85e+00, 6.99e-03) m s⁻¹, extrema(T): (31.48, -1.90) ᵒC, extrema(S): (39.93, 19.57) g/kg, extrema(η): (1.33, -2.01) m, wall time: 11.764 seconds 
[ Info: time: 2171 days, iteration: 156312, Δt: 20 minutes,max|u|: (2.02e+00, 2.23e+00, 6.93e-03) m s⁻¹, extrema(T): (31.42, -1.91) ᵒC, extrema(S): (39.93, 19.63) g/kg, extrema(η): (3.27, -3.09) m, wall time: 11.677 seconds 
[ Info: time: 2172 days, iteration: 156384, Δt: 20 minutes,max|u|: (2.00e+00, 1.57e+00, 6.87e-03) m s⁻¹, extrema(T): (31.40, -1.91) ᵒC, extrema(S): (39.93, 19.65) g/kg, extrema(η): (1.47, -2.06) m, wall time: 11.692 seconds 
[ Info: time: 2173 days, iteration: 156456, Δt: 20 minutes,max|u|: (1.91e+00, 1.50e+00, 6.85e-03) m s⁻¹, extrema(T): (31.42, -1.92) ᵒC, extrema(S): (39.92, 19.70) g/kg, extrema(η): (3.32, -1.97) m, wall time: 11.648 seconds 
[ Info: time: 2174 days, iteration: 156528, Δt: 20 minutes,max|u|: (1.89e+00, 2.63e+00, 6.80e-03) m s⁻¹, extrema(T): (31.36, -1.91) ᵒC, extrema(S): (39.92, 19.81) g/kg, extrema(η): (3.80, -1.94) m, wall time: 11.765 seconds 
[ Info: time: 2175 days, iteration: 156600, Δt: 20 minutes,max|u|: (1.86e+00, 1.64e+00, 6.81e-03) m s⁻¹, extrema(T): (31.28, -1.92) ᵒC, extrema(S): (39.92, 19.88) g/kg, extrema(η): (1.23, -2.03) m, wall time: 11.694 seconds 
[ Info: time: 2176 days, iteration: 156672, Δt: 20 minutes,max|u|: (1.89e+00, 2.20e+00, 6.81e-03) m s⁻¹, extrema(T): (31.21, -1.91) ᵒC, extrema(S): (39.92, 19.93) g/kg, extrema(η): (1.59, -3.60) m, wall time: 11.681 seconds 
[ Info: time: 2177 days, iteration: 156744, Δt: 20 minutes,max|u|: (1.93e+00, 1.85e+00, 6.75e-03) m s⁻¹, extrema(T): (31.06, -1.91) ᵒC, extrema(S): (39.91, 19.98) g/kg, extrema(η): (2.16, -2.08) m, wall time: 11.666 seconds 
[ Info: time: 2178 days, iteration: 156816, Δt: 20 minutes,max|u|: (2.03e+00, 1.52e+00, 6.80e-03) m s⁻¹, extrema(T): (31.10, -1.91) ᵒC, extrema(S): (39.92, 20.06) g/kg, extrema(η): (3.14, -2.22) m, wall time: 11.741 seconds 
[ Info: time: 2179 days, iteration: 156888, Δt: 20 minutes,max|u|: (2.10e+00, 1.61e+00, 6.83e-03) m s⁻¹, extrema(T): (31.17, -1.91) ᵒC, extrema(S): (39.92, 20.10) g/kg, extrema(η): (3.47, -2.16) m, wall time: 24.036 seconds 
[ Info: time: 2180 days, iteration: 156960, Δt: 20 minutes,max|u|: (2.09e+00, 1.65e+00, 6.80e-03) m s⁻¹, extrema(T): (31.21, -1.90) ᵒC, extrema(S): (39.92, 20.08) g/kg, extrema(η): (3.11, -2.21) m, wall time: 11.725 seconds 
[ Info: time: 2181 days, iteration: 157032, Δt: 20 minutes,max|u|: (2.08e+00, 1.91e+00, 6.81e-03) m s⁻¹, extrema(T): (31.16, -1.90) ᵒC, extrema(S): (39.91, 20.07) g/kg, extrema(η): (3.10, -3.39) m, wall time: 11.670 seconds 
[ Info: time: 2182 days, iteration: 157104, Δt: 20 minutes,max|u|: (2.02e+00, 2.17e+00, 6.77e-03) m s⁻¹, extrema(T): (31.12, -1.90) ᵒC, extrema(S): (39.91, 20.05) g/kg, extrema(η): (2.94, -2.16) m, wall time: 11.683 seconds 
[ Info: time: 2183 days, iteration: 157176, Δt: 20 minutes,max|u|: (2.01e+00, 2.29e+00, 6.79e-03) m s⁻¹, extrema(T): (31.27, -1.90) ᵒC, extrema(S): (39.91, 20.02) g/kg, extrema(η): (2.82, -2.11) m, wall time: 11.662 seconds 
[ Info: time: 2184 days, iteration: 157248, Δt: 20 minutes,max|u|: (2.00e+00, 2.31e+00, 6.68e-03) m s⁻¹, extrema(T): (31.44, -1.91) ᵒC, extrema(S): (39.92, 20.00) g/kg, extrema(η): (4.46, -3.17) m, wall time: 11.697 seconds 
[ Info: time: 2185 days, iteration: 157320, Δt: 20 minutes,max|u|: (2.01e+00, 2.26e+00, 6.69e-03) m s⁻¹, extrema(T): (31.54, -1.91) ᵒC, extrema(S): (39.91, 20.05) g/kg, extrema(η): (1.84, -2.11) m, wall time: 11.716 seconds 
[ Info: time: 2186 days, iteration: 157392, Δt: 20 minutes,max|u|: (1.98e+00, 2.21e+00, 6.77e-03) m s⁻¹, extrema(T): (31.58, -1.91) ᵒC, extrema(S): (39.92, 19.97) g/kg, extrema(η): (1.53, -3.53) m, wall time: 11.647 seconds 
[ Info: time: 2187 days, iteration: 157464, Δt: 20 minutes,max|u|: (1.95e+00, 2.10e+00, 6.81e-03) m s⁻¹, extrema(T): (31.64, -1.91) ᵒC, extrema(S): (39.92, 19.87) g/kg, extrema(η): (1.69, -3.12) m, wall time: 11.611 seconds 
[ Info: time: 2188 days, iteration: 157536, Δt: 20 minutes,max|u|: (1.97e+00, 1.94e+00, 6.82e-03) m s⁻¹, extrema(T): (31.58, -1.92) ᵒC, extrema(S): (39.91, 19.78) g/kg, extrema(η): (2.09, -2.22) m, wall time: 11.744 seconds 
[ Info: time: 2189 days, iteration: 157608, Δt: 20 minutes,max|u|: (1.96e+00, 1.82e+00, 6.87e-03) m s⁻¹, extrema(T): (31.73, -1.92) ᵒC, extrema(S): (39.91, 19.71) g/kg, extrema(η): (4.45, -2.29) m, wall time: 11.632 seconds 
[ Info: time: 2190 days, iteration: 157680, Δt: 20 minutes,max|u|: (1.98e+00, 1.70e+00, 6.91e-03) m s⁻¹, extrema(T): (31.79, -1.92) ᵒC, extrema(S): (39.90, 19.78) g/kg, extrema(η): (1.37, -2.11) m, wall time: 11.663 seconds 
[ Info: time: 2191 days, iteration: 157752, Δt: 20 minutes,max|u|: (2.20e+00, 2.59e+00, 6.89e-03) m s⁻¹, extrema(T): (31.66, -1.93) ᵒC, extrema(S): (39.90, 19.73) g/kg, extrema(η): (1.41, -2.94) m, wall time: 16.714 seconds 
[ Info: time: 2192 days, iteration: 157824, Δt: 20 minutes,max|u|: (2.04e+00, 1.67e+00, 6.91e-03) m s⁻¹, extrema(T): (31.62, -1.93) ᵒC, extrema(S): (39.90, 19.64) g/kg, extrema(η): (1.25, -2.32) m, wall time: 11.624 seconds 
[ Info: time: 2193 days, iteration: 157896, Δt: 20 minutes,max|u|: (2.03e+00, 1.72e+00, 6.92e-03) m s⁻¹, extrema(T): (31.66, -1.94) ᵒC, extrema(S): (39.89, 19.54) g/kg, extrema(η): (1.26, -2.16) m, wall time: 11.635 seconds 
[ Info: time: 2194 days, iteration: 157968, Δt: 20 minutes,max|u|: (2.02e+00, 1.62e+00, 6.94e-03) m s⁻¹, extrema(T): (31.62, -1.94) ᵒC, extrema(S): (39.88, 19.49) g/kg, extrema(η): (3.80, -2.28) m, wall time: 11.637 seconds 
[ Info: time: 2195 days, iteration: 158040, Δt: 20 minutes,max|u|: (1.97e+00, 1.78e+00, 6.95e-03) m s⁻¹, extrema(T): (31.60, -1.94) ᵒC, extrema(S): (39.88, 19.44) g/kg, extrema(η): (2.48, -2.31) m, wall time: 11.630 seconds 
[ Info: time: 2196 days, iteration: 158112, Δt: 20 minutes,max|u|: (1.92e+00, 1.82e+00, 6.90e-03) m s⁻¹, extrema(T): (31.56, -1.94) ᵒC, extrema(S): (39.88, 19.41) g/kg, extrema(η): (1.31, -2.21) m, wall time: 11.668 seconds 
[ Info: time: 2197 days, iteration: 158184, Δt: 20 minutes,max|u|: (1.80e+00, 2.05e+00, 6.91e-03) m s⁻¹, extrema(T): (31.34, -1.93) ᵒC, extrema(S): (39.89, 19.41) g/kg, extrema(η): (1.22, -3.43) m, wall time: 11.637 seconds 
[ Info: time: 2198 days, iteration: 158256, Δt: 20 minutes,max|u|: (1.87e+00, 2.02e+00, 6.91e-03) m s⁻¹, extrema(T): (31.23, -1.94) ᵒC, extrema(S): (39.89, 19.35) g/kg, extrema(η): (1.25, -2.25) m, wall time: 11.672 seconds 
[ Info: time: 2199 days, iteration: 158328, Δt: 20 minutes,max|u|: (1.84e+00, 2.17e+00, 6.93e-03) m s⁻¹, extrema(T): (31.16, -1.94) ᵒC, extrema(S): (39.88, 19.27) g/kg, extrema(η): (3.89, -2.27) m, wall time: 11.704 seconds 
[ Info: time: 2200 days, iteration: 158400, Δt: 20 minutes,max|u|: (1.63e+00, 2.10e+00, 6.96e-03) m s⁻¹, extrema(T): (31.11, -1.95) ᵒC, extrema(S): (39.87, 19.22) g/kg, extrema(η): (3.31, -2.25) m, wall time: 13.210 seconds 
[ Info: time: 2201 days, iteration: 158472, Δt: 20 minutes,max|u|: (2.29e+00, 3.33e+00, 6.96e-03) m s⁻¹, extrema(T): (31.07, -1.94) ᵒC, extrema(S): (39.87, 19.19) g/kg, extrema(η): (2.21, -2.36) m, wall time: 11.726 seconds 
[ Info: time: 2202 days, iteration: 158544, Δt: 20 minutes,max|u|: (1.63e+00, 1.92e+00, 6.94e-03) m s⁻¹, extrema(T): (31.09, -1.95) ᵒC, extrema(S): (39.87, 19.16) g/kg, extrema(η): (2.84, -2.91) m, wall time: 11.685 seconds 
[ Info: time: 2203 days, iteration: 158616, Δt: 20 minutes,max|u|: (1.64e+00, 1.86e+00, 6.92e-03) m s⁻¹, extrema(T): (31.13, -1.94) ᵒC, extrema(S): (39.87, 19.13) g/kg, extrema(η): (3.14, -2.24) m, wall time: 16.658 seconds 
[ Info: time: 2204 days, iteration: 158688, Δt: 20 minutes,max|u|: (1.67e+00, 2.01e+00, 6.89e-03) m s⁻¹, extrema(T): (31.07, -1.94) ᵒC, extrema(S): (39.86, 19.12) g/kg, extrema(η): (3.36, -2.24) m, wall time: 11.673 seconds 
[ Info: time: 2205 days, iteration: 158760, Δt: 20 minutes,max|u|: (1.82e+00, 2.04e+00, 6.88e-03) m s⁻¹, extrema(T): (31.12, -1.94) ᵒC, extrema(S): (39.86, 19.13) g/kg, extrema(η): (3.94, -2.17) m, wall time: 11.756 seconds 
[ Info: time: 2206 days, iteration: 158832, Δt: 20 minutes,max|u|: (1.74e+00, 2.09e+00, 6.94e-03) m s⁻¹, extrema(T): (31.16, -1.94) ᵒC, extrema(S): (39.86, 19.17) g/kg, extrema(η): (3.12, -2.28) m, wall time: 11.675 seconds 
[ Info: time: 2207 days, iteration: 158904, Δt: 20 minutes,max|u|: (1.63e+00, 2.04e+00, 6.98e-03) m s⁻¹, extrema(T): (31.16, -1.95) ᵒC, extrema(S): (39.86, 19.19) g/kg, extrema(η): (2.74, -2.38) m, wall time: 11.708 seconds 
[ Info: time: 2208 days, iteration: 158976, Δt: 20 minutes,max|u|: (2.09e+00, 2.11e+00, 6.99e-03) m s⁻¹, extrema(T): (31.11, -1.94) ᵒC, extrema(S): (39.85, 19.19) g/kg, extrema(η): (2.37, -2.12) m, wall time: 11.690 seconds 
[ Info: time: 2209 days, iteration: 159048, Δt: 20 minutes,max|u|: (1.67e+00, 2.08e+00, 6.97e-03) m s⁻¹, extrema(T): (31.13, -1.95) ᵒC, extrema(S): (39.84, 19.19) g/kg, extrema(η): (2.40, -2.20) m, wall time: 11.756 seconds 
[ Info: time: 2210 days, iteration: 159120, Δt: 20 minutes,max|u|: (1.68e+00, 2.05e+00, 6.93e-03) m s⁻¹, extrema(T): (31.30, -1.95) ᵒC, extrema(S): (39.84, 19.16) g/kg, extrema(η): (3.97, -2.12) m, wall time: 11.779 seconds 
[ Info: time: 2211 days, iteration: 159192, Δt: 20 minutes,max|u|: (2.05e+00, 2.03e+00, 6.97e-03) m s⁻¹, extrema(T): (31.21, -1.95) ᵒC, extrema(S): (39.84, 19.16) g/kg, extrema(η): (2.46, -2.08) m, wall time: 11.759 seconds 
[ Info: time: 2212 days, iteration: 159264, Δt: 20 minutes,max|u|: (1.64e+00, 2.04e+00, 6.95e-03) m s⁻¹, extrema(T): (31.19, -1.95) ᵒC, extrema(S): (39.83, 19.18) g/kg, extrema(η): (1.33, -2.39) m, wall time: 11.752 seconds 
[ Info: time: 2213 days, iteration: 159336, Δt: 20 minutes,max|u|: (1.64e+00, 2.12e+00, 6.98e-03) m s⁻¹, extrema(T): (31.22, -1.96) ᵒC, extrema(S): (39.82, 19.19) g/kg, extrema(η): (1.33, -3.14) m, wall time: 11.730 seconds 
[ Info: time: 2214 days, iteration: 159408, Δt: 20 minutes,max|u|: (1.67e+00, 2.25e+00, 6.96e-03) m s⁻¹, extrema(T): (31.27, -1.96) ᵒC, extrema(S): (39.82, 19.24) g/kg, extrema(η): (1.72, -2.05) m, wall time: 11.761 seconds 
[ Info: time: 2215 days, iteration: 159480, Δt: 20 minutes,max|u|: (1.67e+00, 2.77e+00, 6.97e-03) m s⁻¹, extrema(T): (31.36, -1.96) ᵒC, extrema(S): (39.80, 19.25) g/kg, extrema(η): (4.04, -1.98) m, wall time: 11.837 seconds 
[ Info: time: 2216 days, iteration: 159552, Δt: 20 minutes,max|u|: (1.73e+00, 1.95e+00, 7.02e-03) m s⁻¹, extrema(T): (31.43, -1.96) ᵒC, extrema(S): (39.79, 19.21) g/kg, extrema(η): (2.29, -2.18) m, wall time: 16.765 seconds 
[ Info: time: 2217 days, iteration: 159624, Δt: 20 minutes,max|u|: (1.65e+00, 1.89e+00, 7.02e-03) m s⁻¹, extrema(T): (31.45, -1.96) ᵒC, extrema(S): (39.75, 19.17) g/kg, extrema(η): (1.41, -2.21) m, wall time: 11.965 seconds 
[ Info: time: 2218 days, iteration: 159696, Δt: 20 minutes,max|u|: (1.92e+00, 1.97e+00, 6.99e-03) m s⁻¹, extrema(T): (31.52, -1.96) ᵒC, extrema(S): (39.75, 19.13) g/kg, extrema(η): (1.45, -3.22) m, wall time: 11.874 seconds 
[ Info: time: 2219 days, iteration: 159768, Δt: 20 minutes,max|u|: (1.78e+00, 2.25e+00, 7.05e-03) m s⁻¹, extrema(T): (31.58, -1.96) ᵒC, extrema(S): (39.75, 19.09) g/kg, extrema(η): (1.35, -2.23) m, wall time: 11.802 seconds 
[ Info: time: 2220 days, iteration: 159840, Δt: 20 minutes,max|u|: (1.86e+00, 2.20e+00, 7.10e-03) m s⁻¹, extrema(T): (31.59, -1.96) ᵒC, extrema(S): (39.74, 19.07) g/kg, extrema(η): (3.77, -2.14) m, wall time: 11.743 seconds 
[ Info: time: 2221 days, iteration: 159912, Δt: 20 minutes,max|u|: (1.96e+00, 2.32e+00, 7.11e-03) m s⁻¹, extrema(T): (31.60, -1.96) ᵒC, extrema(S): (39.74, 19.06) g/kg, extrema(η): (3.00, -2.21) m, wall time: 11.745 seconds 
[ Info: time: 2222 days, iteration: 159984, Δt: 20 minutes,max|u|: (2.01e+00, 2.48e+00, 7.07e-03) m s⁻¹, extrema(T): (31.60, -1.96) ᵒC, extrema(S): (39.74, 19.02) g/kg, extrema(η): (1.37, -2.24) m, wall time: 11.758 seconds 
[ Info: time: 2223 days, iteration: 160056, Δt: 20 minutes,max|u|: (1.92e+00, 2.72e+00, 7.06e-03) m s⁻¹, extrema(T): (31.60, -1.97) ᵒC, extrema(S): (39.74, 18.99) g/kg, extrema(η): (1.46, -3.13) m, wall time: 11.828 seconds 
[ Info: time: 2224 days, iteration: 160128, Δt: 20 minutes,max|u|: (1.85e+00, 2.49e+00, 7.05e-03) m s⁻¹, extrema(T): (31.61, -1.98) ᵒC, extrema(S): (39.74, 18.96) g/kg, extrema(η): (1.95, -2.20) m, wall time: 11.776 seconds 
[ Info: time: 2225 days, iteration: 160200, Δt: 20 minutes,max|u|: (1.89e+00, 2.31e+00, 7.05e-03) m s⁻¹, extrema(T): (31.65, -1.96) ᵒC, extrema(S): (39.74, 18.94) g/kg, extrema(η): (3.80, -2.23) m, wall time: 11.677 seconds 
[ Info: time: 2226 days, iteration: 160272, Δt: 20 minutes,max|u|: (1.91e+00, 2.33e+00, 7.06e-03) m s⁻¹, extrema(T): (31.67, -1.96) ᵒC, extrema(S): (39.74, 18.93) g/kg, extrema(η): (3.41, -2.25) m, wall time: 11.698 seconds 
[ Info: time: 2227 days, iteration: 160344, Δt: 20 minutes,max|u|: (1.86e+00, 2.21e+00, 7.07e-03) m s⁻¹, extrema(T): (31.74, -1.96) ᵒC, extrema(S): (39.74, 19.12) g/kg, extrema(η): (3.23, -2.34) m, wall time: 11.718 seconds 
[ Info: time: 2228 days, iteration: 160416, Δt: 20 minutes,max|u|: (1.81e+00, 2.14e+00, 7.11e-03) m s⁻¹, extrema(T): (31.81, -1.95) ᵒC, extrema(S): (39.74, 19.46) g/kg, extrema(η): (3.38, -2.88) m, wall time: 16.673 seconds 
[ Info: time: 2229 days, iteration: 160488, Δt: 20 minutes,max|u|: (1.61e+00, 2.55e+00, 7.05e-03) m s⁻¹, extrema(T): (31.74, -1.95) ᵒC, extrema(S): (39.74, 19.57) g/kg, extrema(η): (3.23, -2.12) m, wall time: 11.691 seconds 
[ Info: time: 2230 days, iteration: 160560, Δt: 20 minutes,max|u|: (1.55e+00, 2.74e+00, 7.06e-03) m s⁻¹, extrema(T): (31.73, -1.95) ᵒC, extrema(S): (39.73, 19.58) g/kg, extrema(η): (3.24, -2.22) m, wall time: 11.719 seconds 
[ Info: time: 2231 days, iteration: 160632, Δt: 20 minutes,max|u|: (1.65e+00, 2.00e+00, 7.08e-03) m s⁻¹, extrema(T): (31.78, -1.95) ᵒC, extrema(S): (39.73, 19.65) g/kg, extrema(η): (4.25, -2.24) m, wall time: 12.842 seconds 
[ Info: time: 2232 days, iteration: 160704, Δt: 20 minutes,max|u|: (1.51e+00, 1.93e+00, 7.08e-03) m s⁻¹, extrema(T): (31.77, -1.95) ᵒC, extrema(S): (39.73, 19.66) g/kg, extrema(η): (2.17, -2.22) m, wall time: 11.723 seconds 
[ Info: time: 2233 days, iteration: 160776, Δt: 20 minutes,max|u|: (1.52e+00, 1.94e+00, 7.11e-03) m s⁻¹, extrema(T): (31.80, -1.95) ᵒC, extrema(S): (39.71, 19.66) g/kg, extrema(η): (1.65, -2.92) m, wall time: 11.726 seconds 
[ Info: time: 2234 days, iteration: 160848, Δt: 20 minutes,max|u|: (1.56e+00, 2.24e+00, 7.06e-03) m s⁻¹, extrema(T): (31.81, -1.95) ᵒC, extrema(S): (39.71, 19.66) g/kg, extrema(η): (1.26, -2.17) m, wall time: 11.838 seconds 
[ Info: time: 2235 days, iteration: 160920, Δt: 20 minutes,max|u|: (1.55e+00, 1.97e+00, 7.07e-03) m s⁻¹, extrema(T): (31.84, -1.95) ᵒC, extrema(S): (39.71, 19.64) g/kg, extrema(η): (2.52, -2.15) m, wall time: 11.864 seconds 
[ Info: time: 2236 days, iteration: 160992, Δt: 20 minutes,max|u|: (1.55e+00, 1.89e+00, 7.08e-03) m s⁻¹, extrema(T): (31.73, -1.95) ᵒC, extrema(S): (39.70, 19.64) g/kg, extrema(η): (4.58, -2.19) m, wall time: 11.705 seconds 
[ Info: time: 2237 days, iteration: 161064, Δt: 20 minutes,max|u|: (1.56e+00, 1.87e+00, 7.02e-03) m s⁻¹, extrema(T): (31.62, -1.95) ᵒC, extrema(S): (39.70, 19.60) g/kg, extrema(η): (1.90, -2.16) m, wall time: 11.680 seconds 
[ Info: time: 2238 days, iteration: 161136, Δt: 20 minutes,max|u|: (2.04e+00, 1.82e+00, 6.98e-03) m s⁻¹, extrema(T): (31.49, -1.96) ᵒC, extrema(S): (39.70, 19.57) g/kg, extrema(η): (1.19, -2.61) m, wall time: 11.769 seconds 
[ Info: time: 2239 days, iteration: 161208, Δt: 20 minutes,max|u|: (2.05e+00, 2.04e+00, 6.99e-03) m s⁻¹, extrema(T): (31.43, -1.96) ᵒC, extrema(S): (39.70, 19.54) g/kg, extrema(η): (1.13, -2.97) m, wall time: 11.692 seconds 
[ Info: time: 2240 days, iteration: 161280, Δt: 20 minutes,max|u|: (2.00e+00, 2.09e+00, 6.99e-03) m s⁻¹, extrema(T): (31.31, -1.96) ᵒC, extrema(S): (39.69, 19.55) g/kg, extrema(η): (1.42, -2.25) m, wall time: 16.630 seconds 
[ Info: time: 2241 days, iteration: 161352, Δt: 20 minutes,max|u|: (1.86e+00, 2.12e+00, 6.92e-03) m s⁻¹, extrema(T): (31.23, -1.96) ᵒC, extrema(S): (39.69, 19.54) g/kg, extrema(η): (4.29, -2.26) m, wall time: 11.822 seconds 
[ Info: time: 2242 days, iteration: 161424, Δt: 20 minutes,max|u|: (1.80e+00, 2.31e+00, 6.88e-03) m s⁻¹, extrema(T): (31.16, -1.96) ᵒC, extrema(S): (39.69, 19.49) g/kg, extrema(η): (2.32, -2.33) m, wall time: 11.714 seconds 
[ Info: time: 2243 days, iteration: 161496, Δt: 20 minutes,max|u|: (2.00e+00, 2.59e+00, 6.88e-03) m s⁻¹, extrema(T): (31.11, -1.96) ᵒC, extrema(S): (39.69, 19.52) g/kg, extrema(η): (1.34, -2.18) m, wall time: 11.734 seconds 
[ Info: time: 2244 days, iteration: 161568, Δt: 20 minutes,max|u|: (2.90e+00, 2.82e+00, 6.83e-03) m s⁻¹, extrema(T): (31.09, -1.97) ᵒC, extrema(S): (39.69, 19.56) g/kg, extrema(η): (1.58, -3.13) m, wall time: 11.712 seconds 
[ Info: time: 2245 days, iteration: 161640, Δt: 20 minutes,max|u|: (3.17e+00, 2.87e+00, 6.79e-03) m s⁻¹, extrema(T): (31.03, -1.96) ᵒC, extrema(S): (39.68, 19.58) g/kg, extrema(η): (1.45, -2.15) m, wall time: 11.789 seconds 
[ Info: time: 2246 days, iteration: 161712, Δt: 20 minutes,max|u|: (1.96e+00, 2.53e+00, 6.78e-03) m s⁻¹, extrema(T): (31.03, -1.96) ᵒC, extrema(S): (39.68, 19.60) g/kg, extrema(η): (3.99, -2.16) m, wall time: 11.777 seconds 
[ Info: time: 2247 days, iteration: 161784, Δt: 20 minutes,max|u|: (2.29e+00, 2.18e+00, 6.82e-03) m s⁻¹, extrema(T): (31.05, -1.96) ᵒC, extrema(S): (39.68, 19.77) g/kg, extrema(η): (3.14, -2.18) m, wall time: 11.818 seconds 
[ Info: time: 2248 days, iteration: 161856, Δt: 20 minutes,max|u|: (2.18e+00, 1.82e+00, 6.80e-03) m s⁻¹, extrema(T): (31.07, -1.95) ᵒC, extrema(S): (39.68, 19.83) g/kg, extrema(η): (2.06, -2.30) m, wall time: 11.709 seconds 
[ Info: time: 2249 days, iteration: 161928, Δt: 20 minutes,max|u|: (1.34e+00, 1.53e+00, 6.81e-03) m s⁻¹, extrema(T): (31.10, -1.95) ᵒC, extrema(S): (39.66, 19.81) g/kg, extrema(η): (2.59, -3.65) m, wall time: 11.734 seconds 
[ Info: time: 2250 days, iteration: 162000, Δt: 20 minutes,max|u|: (1.40e+00, 1.67e+00, 6.79e-03) m s⁻¹, extrema(T): (31.15, -1.95) ᵒC, extrema(S): (39.66, 19.84) g/kg, extrema(η): (3.03, -2.31) m, wall time: 11.762 seconds 
[ Info: Saving checkpoint file
[ Info: time: 2251 days, iteration: 162072, Δt: 20 minutes,max|u|: (1.73e+00, 1.49e+00, 6.73e-03) m s⁻¹, extrema(T): (31.19, -1.95) ᵒC, extrema(S): (39.66, 19.77) g/kg, extrema(η): (4.00, -2.03) m, wall time: 23.019 seconds 
[ Info: time: 2252 days, iteration: 162144, Δt: 20 minutes,max|u|: (1.39e+00, 1.50e+00, 6.74e-03) m s⁻¹, extrema(T): (31.21, -1.95) ᵒC, extrema(S): (39.66, 19.63) g/kg, extrema(η): (4.01, -2.28) m, wall time: 11.724 seconds 
[ Info: time: 2253 days, iteration: 162216, Δt: 20 minutes,max|u|: (1.28e+00, 1.59e+00, 6.81e-03) m s⁻¹, extrema(T): (31.21, -1.95) ᵒC, extrema(S): (39.66, 19.49) g/kg, extrema(η): (3.10, -2.06) m, wall time: 16.677 seconds 
[ Info: time: 2254 days, iteration: 162288, Δt: 20 minutes,max|u|: (1.64e+00, 1.49e+00, 6.79e-03) m s⁻¹, extrema(T): (31.19, -1.95) ᵒC, extrema(S): (39.65, 19.39) g/kg, extrema(η): (2.82, -3.48) m, wall time: 11.781 seconds 
[ Info: time: 2255 days, iteration: 162360, Δt: 20 minutes,max|u|: (1.30e+00, 1.55e+00, 6.79e-03) m s⁻¹, extrema(T): (31.21, -1.95) ᵒC, extrema(S): (39.65, 19.30) g/kg, extrema(η): (2.54, -2.06) m, wall time: 11.816 seconds 
[ Info: time: 2256 days, iteration: 162432, Δt: 20 minutes,max|u|: (1.52e+00, 1.68e+00, 6.79e-03) m s⁻¹, extrema(T): (31.28, -1.95) ᵒC, extrema(S): (39.64, 19.19) g/kg, extrema(η): (3.24, -2.20) m, wall time: 11.816 seconds 
[ Info: time: 2257 days, iteration: 162504, Δt: 20 minutes,max|u|: (1.34e+00, 1.53e+00, 6.78e-03) m s⁻¹, extrema(T): (31.26, -1.95) ᵒC, extrema(S): (39.64, 19.12) g/kg, extrema(η): (4.48, -2.24) m, wall time: 11.799 seconds 
[ Info: time: 2258 days, iteration: 162576, Δt: 20 minutes,max|u|: (1.34e+00, 1.79e+00, 6.89e-03) m s⁻¹, extrema(T): (31.26, -1.95) ᵒC, extrema(S): (39.64, 19.05) g/kg, extrema(η): (1.21, -2.08) m, wall time: 11.729 seconds 
[ Info: time: 2259 days, iteration: 162648, Δt: 20 minutes,max|u|: (1.34e+00, 1.52e+00, 6.95e-03) m s⁻¹, extrema(T): (31.26, -1.95) ᵒC, extrema(S): (39.64, 18.99) g/kg, extrema(η): (1.27, -3.36) m, wall time: 11.779 seconds 
[ Info: time: 2260 days, iteration: 162720, Δt: 20 minutes,max|u|: (1.50e+00, 1.79e+00, 7.01e-03) m s⁻¹, extrema(T): (31.26, -1.95) ᵒC, extrema(S): (39.64, 18.94) g/kg, extrema(η): (1.20, -2.20) m, wall time: 11.894 seconds 
[ Info: time: 2261 days, iteration: 162792, Δt: 20 minutes,max|u|: (1.39e+00, 1.60e+00, 7.06e-03) m s⁻¹, extrema(T): (31.27, -1.95) ᵒC, extrema(S): (39.64, 18.90) g/kg, extrema(η): (2.71, -2.25) m, wall time: 11.732 seconds 
[ Info: time: 2262 days, iteration: 162864, Δt: 20 minutes,max|u|: (1.41e+00, 1.63e+00, 7.07e-03) m s⁻¹, extrema(T): (31.24, -1.95) ᵒC, extrema(S): (39.64, 18.84) g/kg, extrema(η): (4.34, -2.09) m, wall time: 17.120 seconds 
[ Info: time: 2263 days, iteration: 162936, Δt: 20 minutes,max|u|: (1.56e+00, 1.78e+00, 7.13e-03) m s⁻¹, extrema(T): (31.25, -1.95) ᵒC, extrema(S): (39.64, 18.81) g/kg, extrema(η): (1.70, -2.05) m, wall time: 11.800 seconds 
[ Info: time: 2264 days, iteration: 163008, Δt: 20 minutes,max|u|: (1.45e+00, 1.67e+00, 7.13e-03) m s⁻¹, extrema(T): (31.27, -1.96) ᵒC, extrema(S): (39.64, 18.77) g/kg, extrema(η): (1.22, -2.90) m, wall time: 11.682 seconds 
[ Info: time: 2265 days, iteration: 163080, Δt: 20 minutes,max|u|: (2.57e+00, 1.88e+00, 7.08e-03) m s⁻¹, extrema(T): (31.29, -1.96) ᵒC, extrema(S): (39.64, 18.75) g/kg, extrema(η): (1.23, -2.87) m, wall time: 16.624 seconds 
[ Info: time: 2266 days, iteration: 163152, Δt: 20 minutes,max|u|: (1.42e+00, 1.62e+00, 7.09e-03) m s⁻¹, extrema(T): (31.30, -1.96) ᵒC, extrema(S): (39.64, 18.73) g/kg, extrema(η): (1.56, -2.11) m, wall time: 11.749 seconds 
[ Info: time: 2267 days, iteration: 163224, Δt: 20 minutes,max|u|: (1.41e+00, 1.56e+00, 7.11e-03) m s⁻¹, extrema(T): (31.30, -1.96) ᵒC, extrema(S): (39.64, 18.71) g/kg, extrema(η): (4.41, -2.13) m, wall time: 11.716 seconds 
[ Info: time: 2268 days, iteration: 163296, Δt: 20 minutes,max|u|: (1.44e+00, 1.57e+00, 7.11e-03) m s⁻¹, extrema(T): (31.31, -1.96) ᵒC, extrema(S): (39.63, 18.68) g/kg, extrema(η): (2.12, -2.07) m, wall time: 11.721 seconds 
[ Info: time: 2269 days, iteration: 163368, Δt: 20 minutes,max|u|: (1.46e+00, 1.56e+00, 7.19e-03) m s⁻¹, extrema(T): (31.33, -1.96) ᵒC, extrema(S): (39.63, 18.65) g/kg, extrema(η): (1.28, -2.69) m, wall time: 11.720 seconds 
[ Info: time: 2270 days, iteration: 163440, Δt: 20 minutes,max|u|: (1.57e+00, 1.57e+00, 7.06e-03) m s⁻¹, extrema(T): (31.35, -1.96) ᵒC, extrema(S): (39.63, 18.62) g/kg, extrema(η): (1.28, -3.33) m, wall time: 11.773 seconds 
[ Info: time: 2271 days, iteration: 163512, Δt: 20 minutes,max|u|: (1.49e+00, 1.79e+00, 7.05e-03) m s⁻¹, extrema(T): (31.36, -1.96) ᵒC, extrema(S): (39.63, 18.60) g/kg, extrema(η): (1.91, -2.08) m, wall time: 11.735 seconds 
[ Info: time: 2272 days, iteration: 163584, Δt: 20 minutes,max|u|: (1.54e+00, 1.59e+00, 7.11e-03) m s⁻¹, extrema(T): (31.37, -1.96) ᵒC, extrema(S): (39.63, 18.58) g/kg, extrema(η): (4.18, -2.03) m, wall time: 11.708 seconds 
[ Info: time: 2273 days, iteration: 163656, Δt: 20 minutes,max|u|: (1.58e+00, 1.58e+00, 7.13e-03) m s⁻¹, extrema(T): (31.37, -1.95) ᵒC, extrema(S): (39.63, 18.56) g/kg, extrema(η): (2.88, -2.11) m, wall time: 11.782 seconds 
[ Info: time: 2274 days, iteration: 163728, Δt: 20 minutes,max|u|: (2.71e+00, 1.57e+00, 7.23e-03) m s⁻¹, extrema(T): (31.37, -1.95) ᵒC, extrema(S): (39.63, 18.57) g/kg, extrema(η): (3.13, -2.28) m, wall time: 11.844 seconds 
[ Info: time: 2275 days, iteration: 163800, Δt: 20 minutes,max|u|: (1.67e+00, 1.56e+00, 7.21e-03) m s⁻¹, extrema(T): (31.26, -1.95) ᵒC, extrema(S): (39.63, 18.67) g/kg, extrema(η): (3.19, -3.51) m, wall time: 11.732 seconds 
[ Info: time: 2276 days, iteration: 163872, Δt: 20 minutes,max|u|: (1.85e+00, 1.65e+00, 7.25e-03) m s⁻¹, extrema(T): (31.07, -1.95) ᵒC, extrema(S): (39.63, 18.93) g/kg, extrema(η): (3.22, -2.17) m, wall time: 11.731 seconds 
[ Info: time: 2277 days, iteration: 163944, Δt: 20 minutes,max|u|: (1.70e+00, 1.80e+00, 7.23e-03) m s⁻¹, extrema(T): (31.05, -1.95) ᵒC, extrema(S): (39.62, 19.51) g/kg, extrema(η): (4.27, -2.12) m, wall time: 11.816 seconds 
[ Info: time: 2278 days, iteration: 164016, Δt: 20 minutes,max|u|: (1.69e+00, 1.52e+00, 7.24e-03) m s⁻¹, extrema(T): (31.02, -1.94) ᵒC, extrema(S): (39.62, 19.73) g/kg, extrema(η): (4.01, -2.25) m, wall time: 22.328 seconds 
[ Info: time: 2279 days, iteration: 164088, Δt: 20 minutes,max|u|: (1.69e+00, 1.61e+00, 7.22e-03) m s⁻¹, extrema(T): (31.14, -1.94) ᵒC, extrema(S): (39.62, 19.60) g/kg, extrema(η): (2.05, -2.24) m, wall time: 11.768 seconds 
[ Info: time: 2280 days, iteration: 164160, Δt: 20 minutes,max|u|: (1.98e+00, 1.52e+00, 7.25e-03) m s⁻¹, extrema(T): (31.08, -1.94) ᵒC, extrema(S): (39.62, 19.44) g/kg, extrema(η): (1.53, -3.67) m, wall time: 11.793 seconds 
[ Info: time: 2281 days, iteration: 164232, Δt: 20 minutes,max|u|: (1.79e+00, 1.66e+00, 7.26e-03) m s⁻¹, extrema(T): (31.08, -1.93) ᵒC, extrema(S): (39.62, 19.33) g/kg, extrema(η): (1.38, -2.23) m, wall time: 11.789 seconds 
[ Info: time: 2282 days, iteration: 164304, Δt: 20 minutes,max|u|: (1.75e+00, 1.75e+00, 7.27e-03) m s⁻¹, extrema(T): (31.06, -1.93) ᵒC, extrema(S): (39.62, 19.27) g/kg, extrema(η): (3.19, -2.25) m, wall time: 11.814 seconds 
[ Info: time: 2283 days, iteration: 164376, Δt: 20 minutes,max|u|: (1.77e+00, 1.66e+00, 7.29e-03) m s⁻¹, extrema(T): (31.06, -1.93) ᵒC, extrema(S): (39.62, 19.24) g/kg, extrema(η): (4.47, -2.26) m, wall time: 11.730 seconds 
[ Info: time: 2284 days, iteration: 164448, Δt: 20 minutes,max|u|: (1.79e+00, 1.68e+00, 7.30e-03) m s⁻¹, extrema(T): (31.09, -1.93) ᵒC, extrema(S): (39.62, 19.14) g/kg, extrema(η): (1.31, -2.26) m, wall time: 11.803 seconds 
[ Info: time: 2285 days, iteration: 164520, Δt: 20 minutes,max|u|: (1.88e+00, 1.55e+00, 7.27e-03) m s⁻¹, extrema(T): (31.17, -1.92) ᵒC, extrema(S): (39.61, 19.04) g/kg, extrema(η): (1.28, -2.75) m, wall time: 11.803 seconds 
[ Info: time: 2286 days, iteration: 164592, Δt: 20 minutes,max|u|: (1.81e+00, 1.55e+00, 7.24e-03) m s⁻¹, extrema(T): (31.08, -1.92) ᵒC, extrema(S): (39.61, 18.99) g/kg, extrema(η): (1.18, -2.59) m, wall time: 11.792 seconds 
[ Info: time: 2287 days, iteration: 164664, Δt: 20 minutes,max|u|: (1.81e+00, 1.71e+00, 7.21e-03) m s⁻¹, extrema(T): (31.15, -1.92) ᵒC, extrema(S): (39.61, 18.92) g/kg, extrema(η): (1.89, -2.06) m, wall time: 11.753 seconds 
[ Info: time: 2288 days, iteration: 164736, Δt: 20 minutes,max|u|: (1.84e+00, 1.53e+00, 7.19e-03) m s⁻¹, extrema(T): (31.13, -1.92) ᵒC, extrema(S): (39.61, 19.09) g/kg, extrema(η): (4.62, -1.95) m, wall time: 11.770 seconds 
[ Info: time: 2289 days, iteration: 164808, Δt: 20 minutes,max|u|: (1.86e+00, 1.53e+00, 7.22e-03) m s⁻¹, extrema(T): (31.13, -1.92) ᵒC, extrema(S): (39.61, 19.60) g/kg, extrema(η): (2.03, -2.11) m, wall time: 11.790 seconds 
[ Info: time: 2290 days, iteration: 164880, Δt: 20 minutes,max|u|: (1.90e+00, 1.52e+00, 7.21e-03) m s⁻¹, extrema(T): (31.18, -1.91) ᵒC, extrema(S): (39.61, 19.59) g/kg, extrema(η): (1.27, -2.61) m, wall time: 16.765 seconds 
[ Info: time: 2291 days, iteration: 164952, Δt: 20 minutes,max|u|: (1.89e+00, 1.50e+00, 7.25e-03) m s⁻¹, extrema(T): (31.21, -1.91) ᵒC, extrema(S): (39.61, 19.53) g/kg, extrema(η): (1.28, -3.16) m, wall time: 11.741 seconds 
[ Info: time: 2292 days, iteration: 165024, Δt: 20 minutes,max|u|: (1.89e+00, 1.70e+00, 7.23e-03) m s⁻¹, extrema(T): (31.17, -1.91) ᵒC, extrema(S): (39.61, 19.44) g/kg, extrema(η): (1.27, -2.27) m, wall time: 11.745 seconds 
[ Info: time: 2293 days, iteration: 165096, Δt: 20 minutes,max|u|: (1.91e+00, 1.48e+00, 7.21e-03) m s⁻¹, extrema(T): (31.21, -1.91) ᵒC, extrema(S): (39.61, 19.51) g/kg, extrema(η): (4.24, -2.27) m, wall time: 16.450 seconds 
[ Info: time: 2294 days, iteration: 165168, Δt: 20 minutes,max|u|: (1.92e+00, 2.10e+00, 7.21e-03) m s⁻¹, extrema(T): (31.19, -1.91) ᵒC, extrema(S): (39.60, 19.54) g/kg, extrema(η): (2.97, -2.27) m, wall time: 11.744 seconds 
[ Info: time: 2295 days, iteration: 165240, Δt: 20 minutes,max|u|: (1.92e+00, 2.22e+00, 7.19e-03) m s⁻¹, extrema(T): (31.22, -1.91) ᵒC, extrema(S): (39.60, 19.48) g/kg, extrema(η): (2.48, -2.30) m, wall time: 11.738 seconds 
[ Info: time: 2296 days, iteration: 165312, Δt: 20 minutes,max|u|: (1.96e+00, 1.45e+00, 7.20e-03) m s⁻¹, extrema(T): (31.24, -1.91) ᵒC, extrema(S): (39.60, 19.51) g/kg, extrema(η): (2.92, -3.42) m, wall time: 11.765 seconds 
[ Info: time: 2297 days, iteration: 165384, Δt: 20 minutes,max|u|: (2.08e+00, 1.63e+00, 7.10e-03) m s⁻¹, extrema(T): (31.37, -1.91) ᵒC, extrema(S): (39.60, 19.40) g/kg, extrema(η): (3.30, -2.18) m, wall time: 11.686 seconds 
[ Info: time: 2298 days, iteration: 165456, Δt: 20 minutes,max|u|: (1.98e+00, 1.66e+00, 7.04e-03) m s⁻¹, extrema(T): (31.30, -1.91) ᵒC, extrema(S): (39.60, 19.47) g/kg, extrema(η): (3.73, -2.03) m, wall time: 11.823 seconds 
[ Info: time: 2299 days, iteration: 165528, Δt: 20 minutes,max|u|: (2.01e+00, 1.49e+00, 7.05e-03) m s⁻¹, extrema(T): (31.31, -1.91) ᵒC, extrema(S): (39.60, 19.54) g/kg, extrema(η): (3.87, -1.92) m, wall time: 11.829 seconds 
[ Info: time: 2300 days, iteration: 165600, Δt: 20 minutes,max|u|: (2.01e+00, 1.65e+00, 7.05e-03) m s⁻¹, extrema(T): (31.42, -1.91) ᵒC, extrema(S): (39.60, 19.54) g/kg, extrema(η): (2.97, -2.02) m, wall time: 11.757 seconds 
[ Info: time: 2301 days, iteration: 165672, Δt: 20 minutes,max|u|: (1.98e+00, 1.50e+00, 7.07e-03) m s⁻¹, extrema(T): (31.31, -1.91) ᵒC, extrema(S): (39.60, 19.55) g/kg, extrema(η): (2.60, -3.38) m, wall time: 11.749 seconds 
[ Info: time: 2302 days, iteration: 165744, Δt: 20 minutes,max|u|: (1.98e+00, 1.50e+00, 6.99e-03) m s⁻¹, extrema(T): (31.22, -1.91) ᵒC, extrema(S): (39.60, 19.45) g/kg, extrema(η): (2.21, -2.01) m, wall time: 16.680 seconds 
[ Info: time: 2303 days, iteration: 165816, Δt: 20 minutes,max|u|: (1.95e+00, 1.57e+00, 7.04e-03) m s⁻¹, extrema(T): (31.19, -1.91) ᵒC, extrema(S): (39.61, 19.45) g/kg, extrema(η): (3.04, -2.07) m, wall time: 11.788 seconds 
[ Info: time: 2304 days, iteration: 165888, Δt: 20 minutes,max|u|: (1.94e+00, 1.50e+00, 7.02e-03) m s⁻¹, extrema(T): (31.30, -1.91) ᵒC, extrema(S): (39.61, 19.48) g/kg, extrema(η): (4.62, -2.03) m, wall time: 11.801 seconds 
[ Info: time: 2305 days, iteration: 165960, Δt: 20 minutes,max|u|: (1.93e+00, 1.82e+00, 7.00e-03) m s⁻¹, extrema(T): (31.22, -1.92) ᵒC, extrema(S): (39.61, 19.37) g/kg, extrema(η): (1.33, -1.98) m, wall time: 11.760 seconds 
[ Info: time: 2306 days, iteration: 166032, Δt: 20 minutes,max|u|: (1.94e+00, 1.49e+00, 6.96e-03) m s⁻¹, extrema(T): (31.17, -1.92) ᵒC, extrema(S): (39.61, 19.36) g/kg, extrema(η): (1.23, -2.82) m, wall time: 11.746 seconds 
[ Info: time: 2307 days, iteration: 166104, Δt: 20 minutes,max|u|: (1.94e+00, 1.48e+00, 6.94e-03) m s⁻¹, extrema(T): (31.17, -1.92) ᵒC, extrema(S): (39.62, 19.57) g/kg, extrema(η): (1.25, -2.74) m, wall time: 11.735 seconds 
[ Info: time: 2308 days, iteration: 166176, Δt: 20 minutes,max|u|: (1.94e+00, 1.70e+00, 6.94e-03) m s⁻¹, extrema(T): (31.30, -1.92) ᵒC, extrema(S): (39.62, 19.50) g/kg, extrema(η): (1.73, -2.18) m, wall time: 11.676 seconds 
[ Info: time: 2309 days, iteration: 166248, Δt: 20 minutes,max|u|: (2.06e+00, 1.50e+00, 6.86e-03) m s⁻¹, extrema(T): (31.26, -1.92) ᵒC, extrema(S): (39.62, 19.68) g/kg, extrema(η): (4.45, -2.06) m, wall time: 11.770 seconds 
[ Info: time: 2310 days, iteration: 166320, Δt: 20 minutes,max|u|: (1.93e+00, 1.46e+00, 6.85e-03) m s⁻¹, extrema(T): (31.30, -1.92) ᵒC, extrema(S): (39.62, 19.61) g/kg, extrema(η): (2.29, -2.17) m, wall time: 11.708 seconds 
[ Info: time: 2311 days, iteration: 166392, Δt: 20 minutes,max|u|: (1.89e+00, 1.46e+00, 6.86e-03) m s⁻¹, extrema(T): (31.25, -1.92) ᵒC, extrema(S): (39.61, 19.67) g/kg, extrema(η): (1.42, -2.58) m, wall time: 11.670 seconds 
[ Info: time: 2312 days, iteration: 166464, Δt: 20 minutes,max|u|: (1.90e+00, 1.46e+00, 6.87e-03) m s⁻¹, extrema(T): (31.21, -1.93) ᵒC, extrema(S): (39.60, 19.62) g/kg, extrema(η): (1.40, -3.39) m, wall time: 11.718 seconds 
[ Info: time: 2313 days, iteration: 166536, Δt: 20 minutes,max|u|: (1.90e+00, 1.62e+00, 6.91e-03) m s⁻¹, extrema(T): (31.26, -1.92) ᵒC, extrema(S): (39.61, 19.58) g/kg, extrema(η): (1.48, -2.19) m, wall time: 11.731 seconds 
[ Info: time: 2314 days, iteration: 166608, Δt: 20 minutes,max|u|: (1.86e+00, 1.47e+00, 6.86e-03) m s⁻¹, extrema(T): (31.32, -1.92) ᵒC, extrema(S): (39.61, 19.58) g/kg, extrema(η): (4.10, -2.30) m, wall time: 11.704 seconds 
[ Info: time: 2315 days, iteration: 166680, Δt: 20 minutes,max|u|: (1.80e+00, 1.47e+00, 6.83e-03) m s⁻¹, extrema(T): (31.32, -1.92) ᵒC, extrema(S): (39.61, 19.47) g/kg, extrema(η): (2.41, -2.24) m, wall time: 16.591 seconds 
[ Info: time: 2316 days, iteration: 166752, Δt: 20 minutes,max|u|: (1.79e+00, 1.49e+00, 6.85e-03) m s⁻¹, extrema(T): (31.34, -1.91) ᵒC, extrema(S): (39.62, 19.57) g/kg, extrema(η): (1.41, -2.20) m, wall time: 11.784 seconds 
[ Info: time: 2317 days, iteration: 166824, Δt: 20 minutes,max|u|: (1.78e+00, 1.50e+00, 6.86e-03) m s⁻¹, extrema(T): (31.34, -1.92) ᵒC, extrema(S): (39.62, 19.58) g/kg, extrema(η): (1.58, -3.82) m, wall time: 11.706 seconds 
[ Info: time: 2318 days, iteration: 166896, Δt: 20 minutes,max|u|: (1.84e+00, 1.71e+00, 6.83e-03) m s⁻¹, extrema(T): (31.33, -1.92) ᵒC, extrema(S): (39.62, 19.63) g/kg, extrema(η): (2.18, -2.09) m, wall time: 11.699 seconds 
[ Info: time: 2319 days, iteration: 166968, Δt: 20 minutes,max|u|: (1.86e+00, 1.50e+00, 6.83e-03) m s⁻¹, extrema(T): (31.34, -1.92) ᵒC, extrema(S): (39.62, 19.11) g/kg, extrema(η): (3.70, -2.02) m, wall time: 11.808 seconds 
[ Info: time: 2320 days, iteration: 167040, Δt: 20 minutes,max|u|: (2.06e+00, 1.50e+00, 6.85e-03) m s⁻¹, extrema(T): (31.32, -1.92) ᵒC, extrema(S): (39.62, 18.12) g/kg, extrema(η): (3.49, -2.10) m, wall time: 11.844 seconds 
[ Info: time: 2321 days, iteration: 167112, Δt: 20 minutes,max|u|: (2.12e+00, 1.91e+00, 6.93e-03) m s⁻¹, extrema(T): (31.33, -1.92) ᵒC, extrema(S): (39.61, 17.53) g/kg, extrema(η): (3.23, -2.08) m, wall time: 11.830 seconds 
[ Info: time: 2322 days, iteration: 167184, Δt: 20 minutes,max|u|: (2.38e+00, 1.52e+00, 7.02e-03) m s⁻¹, extrema(T): (31.36, -1.92) ᵒC, extrema(S): (39.61, 17.40) g/kg, extrema(η): (3.22, -3.95) m, wall time: 11.779 seconds 
[ Info: time: 2323 days, iteration: 167256, Δt: 20 minutes,max|u|: (2.44e+00, 1.68e+00, 7.04e-03) m s⁻¹, extrema(T): (31.39, -1.89) ᵒC, extrema(S): (39.61, 17.03) g/kg, extrema(η): (3.02, -2.21) m, wall time: 11.846 seconds 
[ Info: time: 2324 days, iteration: 167328, Δt: 20 minutes,max|u|: (2.17e+00, 1.47e+00, 7.04e-03) m s⁻¹, extrema(T): (31.34, -1.89) ᵒC, extrema(S): (39.63, 17.11) g/kg, extrema(η): (3.06, -2.20) m, wall time: 16.182 seconds 
[ Info: time: 2325 days, iteration: 167400, Δt: 20 minutes,max|u|: (1.69e+00, 1.48e+00, 7.08e-03) m s⁻¹, extrema(T): (31.30, -1.90) ᵒC, extrema(S): (39.63, 16.74) g/kg, extrema(η): (3.84, -2.20) m, wall time: 11.712 seconds 
[ Info: time: 2326 days, iteration: 167472, Δt: 20 minutes,max|u|: (1.58e+00, 1.73e+00, 7.14e-03) m s⁻¹, extrema(T): (31.32, -1.92) ᵒC, extrema(S): (39.62, 16.49) g/kg, extrema(η): (1.89, -2.17) m, wall time: 11.755 seconds 
[ Info: time: 2327 days, iteration: 167544, Δt: 20 minutes,max|u|: (1.60e+00, 1.46e+00, 7.03e-03) m s⁻¹, extrema(T): (31.35, -1.92) ᵒC, extrema(S): (39.63, 16.71) g/kg, extrema(η): (1.43, -3.71) m, wall time: 16.602 seconds 
[ Info: time: 2328 days, iteration: 167616, Δt: 20 minutes,max|u|: (1.96e+00, 1.46e+00, 6.99e-03) m s⁻¹, extrema(T): (31.33, -1.92) ᵒC, extrema(S): (39.64, 16.79) g/kg, extrema(η): (1.28, -2.23) m, wall time: 11.848 seconds 
[ Info: time: 2329 days, iteration: 167688, Δt: 20 minutes,max|u|: (1.60e+00, 1.59e+00, 7.01e-03) m s⁻¹, extrema(T): (31.31, -1.92) ᵒC, extrema(S): (39.64, 16.39) g/kg, extrema(η): (2.32, -1.97) m, wall time: 11.771 seconds 
[ Info: time: 2330 days, iteration: 167760, Δt: 20 minutes,max|u|: (1.58e+00, 1.47e+00, 6.97e-03) m s⁻¹, extrema(T): (31.42, -1.93) ᵒC, extrema(S): (39.64, 16.56) g/kg, extrema(η): (4.43, -2.28) m, wall time: 11.749 seconds 
[ Info: time: 2331 days, iteration: 167832, Δt: 20 minutes,max|u|: (1.70e+00, 1.68e+00, 7.00e-03) m s⁻¹, extrema(T): (31.48, -1.93) ᵒC, extrema(S): (39.64, 17.27) g/kg, extrema(η): (1.47, -2.28) m, wall time: 11.734 seconds 
[ Info: time: 2332 days, iteration: 167904, Δt: 20 minutes,max|u|: (1.66e+00, 1.80e+00, 7.03e-03) m s⁻¹, extrema(T): (31.47, -1.93) ᵒC, extrema(S): (39.64, 16.92) g/kg, extrema(η): (1.23, -3.28) m, wall time: 11.703 seconds 
[ Info: time: 2333 days, iteration: 167976, Δt: 20 minutes,max|u|: (1.52e+00, 1.46e+00, 6.97e-03) m s⁻¹, extrema(T): (31.44, -1.93) ᵒC, extrema(S): (39.64, 16.70) g/kg, extrema(η): (1.24, -3.19) m, wall time: 11.693 seconds 
[ Info: time: 2334 days, iteration: 168048, Δt: 20 minutes,max|u|: (1.50e+00, 1.69e+00, 6.93e-03) m s⁻¹, extrema(T): (31.46, -1.93) ᵒC, extrema(S): (39.65, 17.10) g/kg, extrema(η): (1.28, -2.10) m, wall time: 11.687 seconds 
[ Info: time: 2335 days, iteration: 168120, Δt: 20 minutes,max|u|: (1.50e+00, 1.46e+00, 6.88e-03) m s⁻¹, extrema(T): (31.46, -1.93) ᵒC, extrema(S): (39.65, 17.24) g/kg, extrema(η): (4.29, -1.96) m, wall time: 11.729 seconds 
[ Info: time: 2336 days, iteration: 168192, Δt: 20 minutes,max|u|: (1.46e+00, 1.52e+00, 6.88e-03) m s⁻¹, extrema(T): (31.42, -1.92) ᵒC, extrema(S): (39.65, 18.10) g/kg, extrema(η): (2.47, -2.04) m, wall time: 11.878 seconds 
[ Info: time: 2337 days, iteration: 168264, Δt: 20 minutes,max|u|: (1.47e+00, 1.50e+00, 6.87e-03) m s⁻¹, extrema(T): (31.40, -1.89) ᵒC, extrema(S): (39.65, 18.93) g/kg, extrema(η): (1.23, -2.30) m, wall time: 11.823 seconds 
[ Info: time: 2338 days, iteration: 168336, Δt: 20 minutes,max|u|: (1.51e+00, 1.44e+00, 6.89e-03) m s⁻¹, extrema(T): (31.40, -1.89) ᵒC, extrema(S): (39.65, 18.73) g/kg, extrema(η): (1.22, -3.68) m, wall time: 11.793 seconds 
[ Info: time: 2339 days, iteration: 168408, Δt: 20 minutes,max|u|: (1.43e+00, 1.72e+00, 6.91e-03) m s⁻¹, extrema(T): (31.38, -1.92) ᵒC, extrema(S): (39.66, 18.92) g/kg, extrema(η): (1.28, -2.15) m, wall time: 16.638 seconds 
[ Info: time: 2340 days, iteration: 168480, Δt: 20 minutes,max|u|: (1.42e+00, 1.43e+00, 6.88e-03) m s⁻¹, extrema(T): (31.35, -1.93) ᵒC, extrema(S): (39.66, 19.07) g/kg, extrema(η): (3.91, -2.13) m, wall time: 11.757 seconds 
[ Info: time: 2341 days, iteration: 168552, Δt: 20 minutes,max|u|: (1.57e+00, 1.43e+00, 6.89e-03) m s⁻¹, extrema(T): (31.31, -1.93) ᵒC, extrema(S): (39.66, 19.17) g/kg, extrema(η): (3.61, -2.22) m, wall time: 11.816 seconds 
[ Info: time: 2342 days, iteration: 168624, Δt: 20 minutes,max|u|: (1.46e+00, 1.60e+00, 6.93e-03) m s⁻¹, extrema(T): (31.30, -1.93) ᵒC, extrema(S): (39.66, 18.83) g/kg, extrema(η): (2.39, -2.36) m, wall time: 11.776 seconds 
[ Info: time: 2343 days, iteration: 168696, Δt: 20 minutes,max|u|: (1.57e+00, 1.43e+00, 6.95e-03) m s⁻¹, extrema(T): (31.25, -1.93) ᵒC, extrema(S): (39.67, 18.37) g/kg, extrema(η): (2.80, -3.95) m, wall time: 11.799 seconds 
[ Info: time: 2344 days, iteration: 168768, Δt: 20 minutes,max|u|: (1.41e+00, 1.74e+00, 6.98e-03) m s⁻¹, extrema(T): (31.27, -1.94) ᵒC, extrema(S): (39.66, 17.82) g/kg, extrema(η): (3.10, -2.04) m, wall time: 11.788 seconds 
[ Info: time: 2345 days, iteration: 168840, Δt: 20 minutes,max|u|: (1.39e+00, 1.44e+00, 6.94e-03) m s⁻¹, extrema(T): (31.27, -1.93) ᵒC, extrema(S): (39.67, 17.47) g/kg, extrema(η): (3.27, -2.03) m, wall time: 11.712 seconds 
[ Info: time: 2346 days, iteration: 168912, Δt: 20 minutes,max|u|: (1.42e+00, 1.44e+00, 6.94e-03) m s⁻¹, extrema(T): (31.28, -1.93) ᵒC, extrema(S): (39.67, 16.69) g/kg, extrema(η): (4.18, -2.27) m, wall time: 11.755 seconds 
[ Info: time: 2347 days, iteration: 168984, Δt: 20 minutes,max|u|: (1.45e+00, 1.69e+00, 6.92e-03) m s⁻¹, extrema(T): (31.28, -1.94) ᵒC, extrema(S): (39.68, 16.65) g/kg, extrema(η): (3.00, -2.13) m, wall time: 11.688 seconds 
[ Info: time: 2348 days, iteration: 169056, Δt: 20 minutes,max|u|: (1.44e+00, 1.45e+00, 6.87e-03) m s⁻¹, extrema(T): (31.28, -1.94) ᵒC, extrema(S): (39.68, 16.88) g/kg, extrema(η): (2.89, -3.54) m, wall time: 11.720 seconds 
[ Info: time: 2349 days, iteration: 169128, Δt: 20 minutes,max|u|: (1.49e+00, 1.50e+00, 6.85e-03) m s⁻¹, extrema(T): (31.25, -1.94) ᵒC, extrema(S): (39.68, 16.54) g/kg, extrema(η): (2.57, -2.19) m, wall time: 11.795 seconds 
[ Info: time: 2350 days, iteration: 169200, Δt: 20 minutes,max|u|: (1.57e+00, 1.59e+00, 6.85e-03) m s⁻¹, extrema(T): (31.27, -1.94) ᵒC, extrema(S): (39.68, 16.87) g/kg, extrema(η): (2.51, -2.09) m, wall time: 11.762 seconds 
[ Info: time: 2351 days, iteration: 169272, Δt: 20 minutes,max|u|: (1.96e+00, 1.46e+00, 6.87e-03) m s⁻¹, extrema(T): (31.27, -1.94) ᵒC, extrema(S): (39.69, 16.43) g/kg, extrema(η): (4.61, -2.07) m, wall time: 11.814 seconds 
[ Info: time: 2352 days, iteration: 169344, Δt: 20 minutes,max|u|: (2.11e+00, 1.65e+00, 6.90e-03) m s⁻¹, extrema(T): (31.27, -1.94) ᵒC, extrema(S): (39.69, 16.07) g/kg, extrema(η): (1.44, -2.13) m, wall time: 16.595 seconds 
[ Info: time: 2353 days, iteration: 169416, Δt: 20 minutes,max|u|: (1.96e+00, 1.42e+00, 6.84e-03) m s⁻¹, extrema(T): (31.27, -1.95) ᵒC, extrema(S): (39.69, 15.93) g/kg, extrema(η): (1.36, -3.09) m, wall time: 11.820 seconds 
[ Info: time: 2354 days, iteration: 169488, Δt: 20 minutes,max|u|: (1.91e+00, 1.42e+00, 6.92e-03) m s⁻¹, extrema(T): (31.25, -1.95) ᵒC, extrema(S): (39.70, 16.15) g/kg, extrema(η): (1.41, -2.96) m, wall time: 11.766 seconds 
[ Info: time: 2355 days, iteration: 169560, Δt: 20 minutes,max|u|: (1.78e+00, 1.69e+00, 6.93e-03) m s⁻¹, extrema(T): (31.23, -1.95) ᵒC, extrema(S): (39.70, 15.84) g/kg, extrema(η): (1.30, -1.99) m, wall time: 16.492 seconds 
[ Info: time: 2356 days, iteration: 169632, Δt: 20 minutes,max|u|: (1.88e+00, 1.40e+00, 6.93e-03) m s⁻¹, extrema(T): (31.23, -1.95) ᵒC, extrema(S): (39.71, 15.44) g/kg, extrema(η): (4.37, -2.04) m, wall time: 11.797 seconds 
[ Info: time: 2357 days, iteration: 169704, Δt: 20 minutes,max|u|: (2.52e+00, 1.61e+00, 6.98e-03) m s⁻¹, extrema(T): (31.22, -1.95) ᵒC, extrema(S): (39.70, 15.30) g/kg, extrema(η): (2.50, -2.06) m, wall time: 11.684 seconds 
[ Info: time: 2358 days, iteration: 169776, Δt: 20 minutes,max|u|: (1.65e+00, 1.39e+00, 7.00e-03) m s⁻¹, extrema(T): (31.21, -1.95) ᵒC, extrema(S): (39.71, 15.51) g/kg, extrema(η): (1.28, -2.15) m, wall time: 11.735 seconds 
[ Info: time: 2359 days, iteration: 169848, Δt: 20 minutes,max|u|: (1.63e+00, 1.43e+00, 6.94e-03) m s⁻¹, extrema(T): (31.18, -1.94) ᵒC, extrema(S): (39.72, 16.48) g/kg, extrema(η): (1.27, -3.77) m, wall time: 11.827 seconds 
[ Info: time: 2360 days, iteration: 169920, Δt: 20 minutes,max|u|: (2.16e+00, 1.67e+00, 6.85e-03) m s⁻¹, extrema(T): (31.10, -1.95) ᵒC, extrema(S): (39.72, 15.75) g/kg, extrema(η): (1.28, -2.09) m, wall time: 11.709 seconds 
[ Info: time: 2361 days, iteration: 169992, Δt: 20 minutes,max|u|: (2.08e+00, 1.44e+00, 6.84e-03) m s⁻¹, extrema(T): (30.96, -1.95) ᵒC, extrema(S): (39.72, 15.14) g/kg, extrema(η): (4.05, -2.23) m, wall time: 11.860 seconds 
[ Info: time: 2362 days, iteration: 170064, Δt: 20 minutes,max|u|: (2.31e+00, 2.14e+00, 6.90e-03) m s⁻¹, extrema(T): (30.91, -1.95) ᵒC, extrema(S): (39.72, 15.77) g/kg, extrema(η): (3.49, -2.26) m, wall time: 11.797 seconds 
[ Info: time: 2363 days, iteration: 170136, Δt: 20 minutes,max|u|: (2.23e+00, 1.61e+00, 6.92e-03) m s⁻¹, extrema(T): (30.88, -1.95) ᵒC, extrema(S): (39.72, 16.36) g/kg, extrema(η): (1.50, -2.21) m, wall time: 11.760 seconds 
[ Info: time: 2364 days, iteration: 170208, Δt: 20 minutes,max|u|: (1.70e+00, 1.52e+00, 7.01e-03) m s⁻¹, extrema(T): (31.01, -1.94) ᵒC, extrema(S): (39.72, 16.20) g/kg, extrema(η): (1.52, -3.88) m, wall time: 16.511 seconds 
[ Info: time: 2365 days, iteration: 170280, Δt: 20 minutes,max|u|: (1.56e+00, 1.73e+00, 7.04e-03) m s⁻¹, extrema(T): (30.99, -1.94) ᵒC, extrema(S): (39.73, 15.77) g/kg, extrema(η): (1.80, -2.25) m, wall time: 11.785 seconds 
[ Info: time: 2366 days, iteration: 170352, Δt: 20 minutes,max|u|: (1.58e+00, 1.46e+00, 7.08e-03) m s⁻¹, extrema(T): (30.97, -1.95) ᵒC, extrema(S): (39.72, 15.87) g/kg, extrema(η): (3.27, -2.16) m, wall time: 11.801 seconds 
[ Info: time: 2367 days, iteration: 170424, Δt: 20 minutes,max|u|: (1.66e+00, 1.56e+00, 6.98e-03) m s⁻¹, extrema(T): (31.07, -1.95) ᵒC, extrema(S): (39.73, 15.43) g/kg, extrema(η): (4.01, -2.17) m, wall time: 11.864 seconds 
[ Info: time: 2368 days, iteration: 170496, Δt: 20 minutes,max|u|: (1.82e+00, 1.67e+00, 6.86e-03) m s⁻¹, extrema(T): (31.12, -1.95) ᵒC, extrema(S): (39.73, 14.97) g/kg, extrema(η): (3.22, -2.03) m, wall time: 11.821 seconds 
[ Info: time: 2369 days, iteration: 170568, Δt: 20 minutes,max|u|: (2.06e+00, 1.47e+00, 6.82e-03) m s⁻¹, extrema(T): (31.25, -1.94) ᵒC, extrema(S): (39.73, 14.46) g/kg, extrema(η): (3.36, -3.60) m, wall time: 11.701 seconds 
[ Info: time: 2370 days, iteration: 170640, Δt: 20 minutes,max|u|: (1.84e+00, 1.64e+00, 6.81e-03) m s⁻¹, extrema(T): (31.20, -1.93) ᵒC, extrema(S): (39.74, 14.23) g/kg, extrema(η): (3.36, -2.22) m, wall time: 11.739 seconds 
[ Info: time: 2371 days, iteration: 170712, Δt: 20 minutes,max|u|: (1.65e+00, 1.68e+00, 6.82e-03) m s⁻¹, extrema(T): (31.22, -1.92) ᵒC, extrema(S): (39.74, 13.87) g/kg, extrema(η): (3.33, -2.24) m, wall time: 11.824 seconds 
[ Info: time: 2372 days, iteration: 170784, Δt: 20 minutes,max|u|: (1.69e+00, 1.48e+00, 6.85e-03) m s⁻¹, extrema(T): (31.23, -1.91) ᵒC, extrema(S): (39.75, 13.69) g/kg, extrema(η): (4.67, -2.27) m, wall time: 11.724 seconds 
[ Info: time: 2373 days, iteration: 170856, Δt: 20 minutes,max|u|: (1.63e+00, 1.65e+00, 6.84e-03) m s⁻¹, extrema(T): (31.28, -1.91) ᵒC, extrema(S): (39.75, 13.79) g/kg, extrema(η): (2.70, -2.30) m, wall time: 11.865 seconds 
[ Info: time: 2374 days, iteration: 170928, Δt: 20 minutes,max|u|: (1.87e+00, 1.46e+00, 6.87e-03) m s⁻¹, extrema(T): (31.15, -1.91) ᵒC, extrema(S): (39.75, 13.86) g/kg, extrema(η): (2.35, -2.93) m, wall time: 11.884 seconds 
[ Info: time: 2375 days, iteration: 171000, Δt: 20 minutes,max|u|: (2.07e+00, 1.46e+00, 6.90e-03) m s⁻¹, extrema(T): (31.03, -1.91) ᵒC, extrema(S): (39.75, 15.97) g/kg, extrema(η): (1.98, -2.87) m, wall time: 11.829 seconds 
[ Info: time: 2376 days, iteration: 171072, Δt: 20 minutes,max|u|: (1.81e+00, 1.67e+00, 6.85e-03) m s⁻¹, extrema(T): (31.04, -1.92) ᵒC, extrema(S): (39.75, 15.26) g/kg, extrema(η): (1.55, -2.26) m, wall time: 11.782 seconds 
[ Info: time: 2377 days, iteration: 171144, Δt: 20 minutes,max|u|: (2.31e+00, 1.43e+00, 6.87e-03) m s⁻¹, extrema(T): (31.04, -1.92) ᵒC, extrema(S): (39.76, 14.64) g/kg, extrema(η): (4.51, -2.10) m, wall time: 22.156 seconds 
[ Info: time: 2378 days, iteration: 171216, Δt: 20 minutes,max|u|: (2.30e+00, 1.54e+00, 6.93e-03) m s⁻¹, extrema(T): (31.09, -1.93) ᵒC, extrema(S): (39.76, 14.17) g/kg, extrema(η): (2.54, -2.16) m, wall time: 11.788 seconds 
[ Info: time: 2379 days, iteration: 171288, Δt: 20 minutes,max|u|: (2.03e+00, 1.42e+00, 6.96e-03) m s⁻¹, extrema(T): (31.29, -1.93) ᵒC, extrema(S): (39.76, 14.96) g/kg, extrema(η): (1.40, -2.29) m, wall time: 11.805 seconds 
[ Info: time: 2380 days, iteration: 171360, Δt: 20 minutes,max|u|: (2.16e+00, 1.42e+00, 6.99e-03) m s⁻¹, extrema(T): (31.21, -1.93) ᵒC, extrema(S): (39.76, 14.59) g/kg, extrema(η): (1.36, -3.22) m, wall time: 11.917 seconds 
[ Info: time: 2381 days, iteration: 171432, Δt: 20 minutes,max|u|: (2.69e+00, 1.72e+00, 7.04e-03) m s⁻¹, extrema(T): (31.12, -1.94) ᵒC, extrema(S): (39.76, 14.23) g/kg, extrema(η): (1.29, -2.17) m, wall time: 11.803 seconds 
[ Info: time: 2382 days, iteration: 171504, Δt: 20 minutes,max|u|: (2.46e+00, 1.42e+00, 7.16e-03) m s⁻¹, extrema(T): (31.32, -1.94) ᵒC, extrema(S): (39.77, 15.51) g/kg, extrema(η): (3.97, -2.15) m, wall time: 11.820 seconds 
[ Info: time: 2383 days, iteration: 171576, Δt: 20 minutes,max|u|: (2.37e+00, 1.65e+00, 7.17e-03) m s⁻¹, extrema(T): (31.67, -1.95) ᵒC, extrema(S): (39.77, 15.32) g/kg, extrema(η): (3.37, -2.26) m, wall time: 11.824 seconds 
[ Info: time: 2384 days, iteration: 171648, Δt: 20 minutes,max|u|: (2.36e+00, 1.50e+00, 7.19e-03) m s⁻¹, extrema(T): (31.60, -1.95) ᵒC, extrema(S): (39.77, 14.75) g/kg, extrema(η): (1.40, -2.17) m, wall time: 11.876 seconds 
[ Info: time: 2385 days, iteration: 171720, Δt: 20 minutes,max|u|: (2.74e+00, 1.44e+00, 7.13e-03) m s⁻¹, extrema(T): (31.66, -1.95) ᵒC, extrema(S): (39.77, 14.23) g/kg, extrema(η): (1.29, -3.65) m, wall time: 11.796 seconds 
[ Info: time: 2386 days, iteration: 171792, Δt: 20 minutes,max|u|: (1.97e+00, 1.60e+00, 7.09e-03) m s⁻¹, extrema(T): (31.63, -1.95) ᵒC, extrema(S): (39.77, 15.38) g/kg, extrema(η): (1.37, -2.24) m, wall time: 16.290 seconds 
[ Info: time: 2387 days, iteration: 171864, Δt: 20 minutes,max|u|: (1.94e+00, 1.49e+00, 7.05e-03) m s⁻¹, extrema(T): (31.53, -1.95) ᵒC, extrema(S): (39.78, 15.28) g/kg, extrema(η): (3.18, -2.16) m, wall time: 11.764 seconds 
[ Info: time: 2388 days, iteration: 171936, Δt: 20 minutes,max|u|: (1.89e+00, 1.46e+00, 7.04e-03) m s⁻¹, extrema(T): (31.62, -1.95) ᵒC, extrema(S): (39.78, 15.51) g/kg, extrema(η): (4.05, -2.28) m, wall time: 11.816 seconds 
[ Info: time: 2389 days, iteration: 172008, Δt: 20 minutes,max|u|: (1.90e+00, 1.67e+00, 7.04e-03) m s⁻¹, extrema(T): (31.72, -1.95) ᵒC, extrema(S): (39.78, 14.60) g/kg, extrema(η): (1.51, -2.27) m, wall time: 16.629 seconds 
[ Info: time: 2390 days, iteration: 172080, Δt: 20 minutes,max|u|: (2.27e+00, 1.71e+00, 7.02e-03) m s⁻¹, extrema(T): (31.71, -1.95) ᵒC, extrema(S): (39.79, 15.90) g/kg, extrema(η): (2.04, -3.77) m, wall time: 11.824 seconds 
[ Info: time: 2391 days, iteration: 172152, Δt: 20 minutes,max|u|: (1.75e+00, 1.48e+00, 6.95e-03) m s⁻¹, extrema(T): (31.70, -1.94) ᵒC, extrema(S): (39.79, 16.53) g/kg, extrema(η): (2.45, -2.58) m, wall time: 11.777 seconds 
[ Info: time: 2392 days, iteration: 172224, Δt: 20 minutes,max|u|: (1.73e+00, 1.74e+00, 6.90e-03) m s⁻¹, extrema(T): (31.79, -1.93) ᵒC, extrema(S): (39.79, 15.57) g/kg, extrema(η): (3.03, -2.11) m, wall time: 11.804 seconds 
[ Info: time: 2393 days, iteration: 172296, Δt: 20 minutes,max|u|: (2.03e+00, 1.48e+00, 6.88e-03) m s⁻¹, extrema(T): (32.11, -1.93) ᵒC, extrema(S): (39.80, 16.33) g/kg, extrema(η): (4.39, -1.95) m, wall time: 11.776 seconds 
[ Info: time: 2394 days, iteration: 172368, Δt: 20 minutes,max|u|: (2.26e+00, 1.65e+00, 6.87e-03) m s⁻¹, extrema(T): (32.24, -1.94) ᵒC, extrema(S): (39.80, 16.67) g/kg, extrema(η): (3.32, -2.12) m, wall time: 11.859 seconds 
[ Info: time: 2395 days, iteration: 172440, Δt: 20 minutes,max|u|: (2.05e+00, 1.46e+00, 6.88e-03) m s⁻¹, extrema(T): (32.22, -1.94) ᵒC, extrema(S): (39.80, 15.68) g/kg, extrema(η): (3.26, -2.98) m, wall time: 11.918 seconds 
[ Info: time: 2396 days, iteration: 172512, Δt: 20 minutes,max|u|: (2.15e+00, 1.46e+00, 6.81e-03) m s⁻¹, extrema(T): (32.21, -1.94) ᵒC, extrema(S): (39.80, 15.22) g/kg, extrema(η): (3.03, -3.05) m, wall time: 11.928 seconds 
[ Info: time: 2397 days, iteration: 172584, Δt: 20 minutes,max|u|: (2.03e+00, 1.74e+00, 6.78e-03) m s⁻¹, extrema(T): (32.32, -1.94) ᵒC, extrema(S): (39.80, 14.77) g/kg, extrema(η): (2.80, -2.18) m, wall time: 11.797 seconds 
[ Info: time: 2398 days, iteration: 172656, Δt: 20 minutes,max|u|: (1.82e+00, 1.66e+00, 6.78e-03) m s⁻¹, extrema(T): (32.19, -1.94) ᵒC, extrema(S): (39.80, 14.74) g/kg, extrema(η): (4.26, -2.26) m, wall time: 11.828 seconds 
[ Info: time: 2399 days, iteration: 172728, Δt: 20 minutes,max|u|: (2.14e+00, 1.47e+00, 6.76e-03) m s⁻¹, extrema(T): (32.32, -1.94) ᵒC, extrema(S): (39.82, 14.41) g/kg, extrema(η): (2.85, -2.17) m, wall time: 11.823 seconds 
[ Info: time: 2400 days, iteration: 172800, Δt: 20 minutes,max|u|: (2.27e+00, 1.53e+00, 6.72e-03) m s⁻¹, extrema(T): (32.28, -1.94) ᵒC, extrema(S): (39.82, 13.95) g/kg, extrema(η): (1.75, -2.34) m, wall time: 11.750 seconds 
[ Info: time: 2401 days, iteration: 172872, Δt: 20 minutes,max|u|: (1.95e+00, 1.45e+00, 6.74e-03) m s⁻¹, extrema(T): (32.14, -1.94) ᵒC, extrema(S): (39.82, 13.55) g/kg, extrema(η): (1.42, -3.72) m, wall time: 16.594 seconds 
[ Info: time: 2402 days, iteration: 172944, Δt: 20 minutes,max|u|: (1.70e+00, 1.70e+00, 6.72e-03) m s⁻¹, extrema(T): (32.17, -1.94) ᵒC, extrema(S): (39.81, 13.23) g/kg, extrema(η): (1.37, -2.11) m, wall time: 11.985 seconds 
[ Info: time: 2403 days, iteration: 173016, Δt: 20 minutes,max|u|: (1.61e+00, 1.43e+00, 6.73e-03) m s⁻¹, extrema(T): (32.17, -1.95) ᵒC, extrema(S): (39.82, 13.41) g/kg, extrema(η): (3.76, -2.06) m, wall time: 11.870 seconds 
[ Info: time: 2404 days, iteration: 173088, Δt: 20 minutes,max|u|: (1.76e+00, 1.50e+00, 6.80e-03) m s⁻¹, extrema(T): (32.10, -1.95) ᵒC, extrema(S): (39.82, 13.73) g/kg, extrema(η): (3.74, -2.06) m, wall time: 11.723 seconds 
[ Info: time: 2405 days, iteration: 173160, Δt: 20 minutes,max|u|: (1.62e+00, 1.67e+00, 6.78e-03) m s⁻¹, extrema(T): (32.09, -1.95) ᵒC, extrema(S): (39.82, 13.73) g/kg, extrema(η): (1.46, -2.12) m, wall time: 11.763 seconds 
[ Info: time: 2406 days, iteration: 173232, Δt: 20 minutes,max|u|: (1.59e+00, 1.63e+00, 6.79e-03) m s⁻¹, extrema(T): (32.05, -1.94) ᵒC, extrema(S): (39.83, 13.89) g/kg, extrema(η): (1.71, -3.65) m, wall time: 11.755 seconds 
[ Info: time: 2407 days, iteration: 173304, Δt: 20 minutes,max|u|: (1.70e+00, 1.68e+00, 6.75e-03) m s⁻¹, extrema(T): (31.98, -1.94) ᵒC, extrema(S): (39.83, 14.29) g/kg, extrema(η): (1.55, -2.23) m, wall time: 11.808 seconds 
[ Info: time: 2408 days, iteration: 173376, Δt: 20 minutes,max|u|: (1.47e+00, 1.65e+00, 6.75e-03) m s⁻¹, extrema(T): (31.82, -1.94) ᵒC, extrema(S): (39.84, 14.71) g/kg, extrema(η): (2.91, -2.18) m, wall time: 11.803 seconds 
[ Info: time: 2409 days, iteration: 173448, Δt: 20 minutes,max|u|: (1.72e+00, 1.63e+00, 6.79e-03) m s⁻¹, extrema(T): (31.74, -1.94) ᵒC, extrema(S): (39.83, 14.38) g/kg, extrema(η): (4.22, -2.24) m, wall time: 11.736 seconds 
[ Info: time: 2410 days, iteration: 173520, Δt: 20 minutes,max|u|: (1.82e+00, 1.64e+00, 6.82e-03) m s⁻¹, extrema(T): (31.79, -1.94) ᵒC, extrema(S): (39.84, 13.80) g/kg, extrema(η): (1.53, -2.24) m, wall time: 11.930 seconds 
[ Info: time: 2411 days, iteration: 173592, Δt: 20 minutes,max|u|: (1.89e+00, 1.60e+00, 6.78e-03) m s⁻¹, extrema(T): (31.84, -1.94) ᵒC, extrema(S): (39.85, 13.81) g/kg, extrema(η): (1.39, -3.23) m, wall time: 11.724 seconds 
[ Info: time: 2412 days, iteration: 173664, Δt: 20 minutes,max|u|: (1.83e+00, 1.55e+00, 6.73e-03) m s⁻¹, extrema(T): (31.60, -1.95) ᵒC, extrema(S): (39.85, 14.52) g/kg, extrema(η): (1.37, -2.65) m, wall time: 11.792 seconds 
[ Info: time: 2413 days, iteration: 173736, Δt: 20 minutes,max|u|: (1.89e+00, 1.68e+00, 6.72e-03) m s⁻¹, extrema(T): (31.54, -1.95) ᵒC, extrema(S): (39.85, 14.14) g/kg, extrema(η): (1.78, -2.00) m, wall time: 11.761 seconds 
[ Info: time: 2414 days, iteration: 173808, Δt: 20 minutes,max|u|: (2.04e+00, 1.52e+00, 6.71e-03) m s⁻¹, extrema(T): (31.56, -1.95) ᵒC, extrema(S): (39.84, 15.29) g/kg, extrema(η): (4.37, -1.96) m, wall time: 16.539 seconds 
[ Info: time: 2415 days, iteration: 173880, Δt: 20 minutes,max|u|: (2.07e+00, 1.59e+00, 6.80e-03) m s⁻¹, extrema(T): (31.62, -1.95) ᵒC, extrema(S): (39.85, 15.14) g/kg, extrema(η): (2.12, -2.06) m, wall time: 11.713 seconds 
[ Info: time: 2416 days, iteration: 173952, Δt: 20 minutes,max|u|: (1.81e+00, 1.87e+00, 6.84e-03) m s⁻¹, extrema(T): (31.61, -1.95) ᵒC, extrema(S): (39.85, 14.74) g/kg, extrema(η): (2.45, -2.62) m, wall time: 11.843 seconds 
[ Info: time: 2417 days, iteration: 174024, Δt: 20 minutes,max|u|: (2.16e+00, 1.46e+00, 6.94e-03) m s⁻¹, extrema(T): (31.51, -1.95) ᵒC, extrema(S): (39.85, 14.65) g/kg, extrema(η): (2.73, -3.32) m, wall time: 17.301 seconds 
[ Info: time: 2418 days, iteration: 174096, Δt: 20 minutes,max|u|: (1.93e+00, 1.75e+00, 6.96e-03) m s⁻¹, extrema(T): (31.46, -1.96) ᵒC, extrema(S): (39.84, 14.85) g/kg, extrema(η): (3.03, -2.13) m, wall time: 11.766 seconds 
[ Info: time: 2419 days, iteration: 174168, Δt: 20 minutes,max|u|: (2.58e+00, 1.43e+00, 7.01e-03) m s⁻¹, extrema(T): (31.45, -1.96) ᵒC, extrema(S): (39.85, 14.96) g/kg, extrema(η): (4.22, -2.22) m, wall time: 11.733 seconds 
[ Info: time: 2420 days, iteration: 174240, Δt: 20 minutes,max|u|: (2.44e+00, 1.55e+00, 7.03e-03) m s⁻¹, extrema(T): (31.47, -1.96) ᵒC, extrema(S): (39.85, 14.46) g/kg, extrema(η): (3.33, -2.27) m, wall time: 11.867 seconds 
[ Info: time: 2421 days, iteration: 174312, Δt: 20 minutes,max|u|: (2.44e+00, 1.54e+00, 6.97e-03) m s⁻¹, extrema(T): (31.51, -1.96) ᵒC, extrema(S): (39.85, 14.95) g/kg, extrema(η): (2.90, -2.07) m, wall time: 11.864 seconds 
[ Info: time: 2422 days, iteration: 174384, Δt: 20 minutes,max|u|: (2.17e+00, 1.41e+00, 6.95e-03) m s⁻¹, extrema(T): (31.51, -1.96) ᵒC, extrema(S): (39.85, 15.33) g/kg, extrema(η): (2.68, -3.68) m, wall time: 11.762 seconds 
[ Info: time: 2423 days, iteration: 174456, Δt: 20 minutes,max|u|: (2.41e+00, 1.73e+00, 6.95e-03) m s⁻¹, extrema(T): (31.40, -1.96) ᵒC, extrema(S): (39.85, 15.63) g/kg, extrema(η): (2.53, -2.02) m, wall time: 11.977 seconds 
[ Info: time: 2424 days, iteration: 174528, Δt: 20 minutes,max|u|: (2.22e+00, 1.52e+00, 6.95e-03) m s⁻¹, extrema(T): (31.34, -1.96) ᵒC, extrema(S): (39.86, 14.79) g/kg, extrema(η): (3.55, -2.19) m, wall time: 11.783 seconds 
[ Info: time: 2425 days, iteration: 174600, Δt: 20 minutes,max|u|: (2.27e+00, 1.43e+00, 7.02e-03) m s⁻¹, extrema(T): (31.29, -1.96) ᵒC, extrema(S): (39.85, 14.31) g/kg, extrema(η): (3.95, -2.06) m, wall time: 11.748 seconds 
[ Info: time: 2426 days, iteration: 174672, Δt: 20 minutes,max|u|: (2.91e+00, 1.69e+00, 7.00e-03) m s⁻¹, extrema(T): (31.30, -1.96) ᵒC, extrema(S): (39.86, 13.93) g/kg, extrema(η): (1.53, -2.20) m, wall time: 16.517 seconds 
[ Info: time: 2427 days, iteration: 174744, Δt: 20 minutes,max|u|: (2.21e+00, 1.45e+00, 7.04e-03) m s⁻¹, extrema(T): (31.39, -1.96) ᵒC, extrema(S): (39.86, 13.55) g/kg, extrema(η): (1.38, -3.81) m, wall time: 11.995 seconds 
[ Info: time: 2428 days, iteration: 174816, Δt: 20 minutes,max|u|: (2.22e+00, 1.54e+00, 7.22e-03) m s⁻¹, extrema(T): (31.42, -1.96) ᵒC, extrema(S): (39.86, 14.80) g/kg, extrema(η): (1.45, -2.04) m, wall time: 11.840 seconds 
[ Info: time: 2429 days, iteration: 174888, Δt: 20 minutes,max|u|: (2.41e+00, 1.57e+00, 7.11e-03) m s⁻¹, extrema(T): (31.43, -1.96) ᵒC, extrema(S): (39.86, 14.87) g/kg, extrema(η): (2.85, -2.08) m, wall time: 11.722 seconds 
[ Info: time: 2430 days, iteration: 174960, Δt: 20 minutes,max|u|: (2.39e+00, 1.89e+00, 7.05e-03) m s⁻¹, extrema(T): (31.42, -1.95) ᵒC, extrema(S): (39.86, 15.00) g/kg, extrema(η): (4.51, -2.23) m, wall time: 11.768 seconds 
[ Info: time: 2431 days, iteration: 175032, Δt: 20 minutes,max|u|: (2.22e+00, 1.75e+00, 7.07e-03) m s⁻¹, extrema(T): (31.30, -1.95) ᵒC, extrema(S): (39.86, 15.39) g/kg, extrema(η): (1.73, -2.05) m, wall time: 11.945 seconds 
[ Info: time: 2432 days, iteration: 175104, Δt: 20 minutes,max|u|: (2.00e+00, 2.56e+00, 7.08e-03) m s⁻¹, extrema(T): (31.29, -1.95) ᵒC, extrema(S): (39.87, 14.73) g/kg, extrema(η): (1.35, -3.54) m, wall time: 11.764 seconds 
[ Info: time: 2433 days, iteration: 175176, Δt: 20 minutes,max|u|: (2.08e+00, 1.77e+00, 7.01e-03) m s⁻¹, extrema(T): (31.29, -1.95) ᵒC, extrema(S): (39.87, 14.15) g/kg, extrema(η): (1.33, -2.89) m, wall time: 11.761 seconds 
[ Info: time: 2434 days, iteration: 175248, Δt: 20 minutes,max|u|: (2.28e+00, 1.77e+00, 7.00e-03) m s⁻¹, extrema(T): (31.34, -1.95) ᵒC, extrema(S): (39.87, 13.82) g/kg, extrema(η): (1.84, -2.09) m, wall time: 11.813 seconds 
[ Info: time: 2435 days, iteration: 175320, Δt: 20 minutes,max|u|: (2.38e+00, 1.44e+00, 7.04e-03) m s⁻¹, extrema(T): (31.31, -1.95) ᵒC, extrema(S): (39.87, 14.28) g/kg, extrema(η): (4.38, -2.15) m, wall time: 11.823 seconds 
[ Info: time: 2436 days, iteration: 175392, Δt: 20 minutes,max|u|: (2.43e+00, 1.57e+00, 7.07e-03) m s⁻¹, extrema(T): (31.32, -1.95) ᵒC, extrema(S): (39.87, 15.10) g/kg, extrema(η): (1.87, -2.20) m, wall time: 11.739 seconds 
[ Info: time: 2437 days, iteration: 175464, Δt: 20 minutes,max|u|: (2.25e+00, 1.62e+00, 7.12e-03) m s⁻¹, extrema(T): (31.32, -1.95) ᵒC, extrema(S): (39.88, 14.48) g/kg, extrema(η): (1.40, -2.72) m, wall time: 11.864 seconds 
[ Info: time: 2438 days, iteration: 175536, Δt: 20 minutes,max|u|: (2.28e+00, 1.45e+00, 7.15e-03) m s⁻¹, extrema(T): (31.32, -1.95) ᵒC, extrema(S): (39.87, 14.12) g/kg, extrema(η): (1.32, -3.51) m, wall time: 16.878 seconds 
[ Info: time: 2439 days, iteration: 175608, Δt: 20 minutes,max|u|: (2.33e+00, 1.97e+00, 7.13e-03) m s⁻¹, extrema(T): (31.35, -1.95) ᵒC, extrema(S): (39.88, 13.86) g/kg, extrema(η): (2.08, -2.32) m, wall time: 11.876 seconds 
[ Info: time: 2440 days, iteration: 175680, Δt: 20 minutes,max|u|: (2.05e+00, 1.65e+00, 7.08e-03) m s⁻¹, extrema(T): (31.33, -1.95) ᵒC, extrema(S): (39.87, 13.67) g/kg, extrema(η): (4.28, -2.37) m, wall time: 11.774 seconds 
[ Info: time: 2441 days, iteration: 175752, Δt: 20 minutes,max|u|: (1.98e+00, 1.77e+00, 6.97e-03) m s⁻¹, extrema(T): (31.32, -1.95) ᵒC, extrema(S): (39.87, 14.71) g/kg, extrema(η): (3.02, -2.27) m, wall time: 11.854 seconds 
[ Info: time: 2442 days, iteration: 175824, Δt: 20 minutes,max|u|: (2.17e+00, 1.56e+00, 7.02e-03) m s⁻¹, extrema(T): (31.32, -1.96) ᵒC, extrema(S): (39.88, 15.48) g/kg, extrema(η): (2.87, -2.21) m, wall time: 11.797 seconds 
[ Info: time: 2443 days, iteration: 175896, Δt: 20 minutes,max|u|: (2.43e+00, 1.57e+00, 6.99e-03) m s⁻¹, extrema(T): (31.29, -1.96) ᵒC, extrema(S): (39.87, 15.06) g/kg, extrema(η): (2.95, -3.76) m, wall time: 11.802 seconds 
[ Info: time: 2444 days, iteration: 175968, Δt: 20 minutes,max|u|: (2.48e+00, 1.74e+00, 6.98e-03) m s⁻¹, extrema(T): (31.24, -1.96) ᵒC, extrema(S): (39.88, 14.60) g/kg, extrema(η): (3.15, -2.18) m, wall time: 11.807 seconds 
[ Info: time: 2445 days, iteration: 176040, Δt: 20 minutes,max|u|: (2.44e+00, 1.54e+00, 6.92e-03) m s⁻¹, extrema(T): (31.30, -1.96) ᵒC, extrema(S): (39.88, 15.35) g/kg, extrema(η): (3.65, -2.25) m, wall time: 11.786 seconds 
[ Info: time: 2446 days, iteration: 176112, Δt: 20 minutes,max|u|: (2.27e+00, 1.55e+00, 6.91e-03) m s⁻¹, extrema(T): (31.29, -1.96) ᵒC, extrema(S): (39.89, 15.05) g/kg, extrema(η): (4.00, -2.18) m, wall time: 11.774 seconds 
[ Info: time: 2447 days, iteration: 176184, Δt: 20 minutes,max|u|: (1.98e+00, 1.78e+00, 6.96e-03) m s⁻¹, extrema(T): (31.19, -1.96) ᵒC, extrema(S): (39.90, 14.44) g/kg, extrema(η): (2.92, -2.23) m, wall time: 11.808 seconds 
[ Info: time: 2448 days, iteration: 176256, Δt: 20 minutes,max|u|: (1.97e+00, 1.47e+00, 6.99e-03) m s⁻¹, extrema(T): (31.19, -1.97) ᵒC, extrema(S): (39.88, 14.33) g/kg, extrema(η): (2.67, -3.15) m, wall time: 17.898 seconds 
[ Info: time: 2449 days, iteration: 176328, Δt: 20 minutes,max|u|: (2.31e+00, 1.46e+00, 7.01e-03) m s⁻¹, extrema(T): (31.15, -1.97) ᵒC, extrema(S): (39.87, 13.74) g/kg, extrema(η): (2.36, -2.17) m, wall time: 11.778 seconds 
[ Info: time: 2450 days, iteration: 176400, Δt: 20 minutes,max|u|: (2.27e+00, 1.60e+00, 7.00e-03) m s⁻¹, extrema(T): (31.12, -1.97) ᵒC, extrema(S): (39.88, 13.21) g/kg, extrema(η): (2.25, -2.06) m, wall time: 11.801 seconds 
[ Info: time: 2451 days, iteration: 176472, Δt: 20 minutes,max|u|: (2.56e+00, 1.46e+00, 6.94e-03) m s⁻¹, extrema(T): (31.11, -1.97) ᵒC, extrema(S): (39.88, 14.02) g/kg, extrema(η): (4.54, -2.15) m, wall time: 16.670 seconds 
[ Info: time: 2452 days, iteration: 176544, Δt: 20 minutes,max|u|: (2.51e+00, 1.83e+00, 6.88e-03) m s⁻¹, extrema(T): (31.08, -1.97) ᵒC, extrema(S): (39.88, 15.29) g/kg, extrema(η): (2.01, -2.28) m, wall time: 11.845 seconds 
[ Info: time: 2453 days, iteration: 176616, Δt: 20 minutes,max|u|: (2.26e+00, 1.75e+00, 6.93e-03) m s⁻¹, extrema(T): (31.08, -1.97) ᵒC, extrema(S): (39.88, 15.45) g/kg, extrema(η): (1.56, -2.41) m, wall time: 11.907 seconds 
[ Info: time: 2454 days, iteration: 176688, Δt: 20 minutes,max|u|: (2.09e+00, 1.48e+00, 6.85e-03) m s⁻¹, extrema(T): (31.04, -1.97) ᵒC, extrema(S): (39.88, 14.83) g/kg, extrema(η): (1.27, -3.16) m, wall time: 11.712 seconds 
[ Info: time: 2455 days, iteration: 176760, Δt: 20 minutes,max|u|: (2.22e+00, 1.62e+00, 6.87e-03) m s⁻¹, extrema(T): (31.01, -1.95) ᵒC, extrema(S): (39.88, 14.26) g/kg, extrema(η): (1.32, -2.26) m, wall time: 11.796 seconds 
[ Info: time: 2456 days, iteration: 176832, Δt: 20 minutes,max|u|: (2.36e+00, 1.64e+00, 6.92e-03) m s⁻¹, extrema(T): (30.99, -1.94) ᵒC, extrema(S): (39.88, 13.84) g/kg, extrema(η): (4.34, -2.10) m, wall time: 11.826 seconds 
[ Info: time: 2457 days, iteration: 176904, Δt: 20 minutes,max|u|: (2.31e+00, 1.61e+00, 6.93e-03) m s⁻¹, extrema(T): (31.03, -1.92) ᵒC, extrema(S): (39.89, 13.58) g/kg, extrema(η): (3.45, -2.17) m, wall time: 11.812 seconds 
[ Info: time: 2458 days, iteration: 176976, Δt: 20 minutes,max|u|: (2.18e+00, 1.59e+00, 6.90e-03) m s⁻¹, extrema(T): (31.02, -1.92) ᵒC, extrema(S): (39.89, 13.57) g/kg, extrema(η): (1.56, -2.39) m, wall time: 11.812 seconds 
[ Info: time: 2459 days, iteration: 177048, Δt: 20 minutes,max|u|: (2.06e+00, 1.57e+00, 6.83e-03) m s⁻¹, extrema(T): (31.03, -1.90) ᵒC, extrema(S): (39.88, 13.61) g/kg, extrema(η): (1.30, -3.68) m, wall time: 11.903 seconds 
[ Info: time: 2460 days, iteration: 177120, Δt: 20 minutes,max|u|: (1.96e+00, 1.49e+00, 6.83e-03) m s⁻¹, extrema(T): (30.98, -1.90) ᵒC, extrema(S): (39.89, 14.16) g/kg, extrema(η): (1.30, -2.20) m, wall time: 11.872 seconds 
[ Info: time: 2461 days, iteration: 177192, Δt: 20 minutes,max|u|: (2.16e+00, 1.51e+00, 6.83e-03) m s⁻¹, extrema(T): (30.97, -1.90) ᵒC, extrema(S): (39.89, 14.46) g/kg, extrema(η): (3.69, -2.16) m, wall time: 11.753 seconds 
[ Info: time: 2462 days, iteration: 177264, Δt: 20 minutes,max|u|: (2.28e+00, 1.51e+00, 6.84e-03) m s⁻¹, extrema(T): (31.00, -1.90) ᵒC, extrema(S): (39.89, 14.84) g/kg, extrema(η): (4.28, -2.24) m, wall time: 11.729 seconds 
[ Info: time: 2463 days, iteration: 177336, Δt: 20 minutes,max|u|: (2.17e+00, 1.64e+00, 6.82e-03) m s⁻¹, extrema(T): (31.00, -1.88) ᵒC, extrema(S): (39.90, 14.68) g/kg, extrema(η): (1.32, -2.14) m, wall time: 16.663 seconds 
[ Info: time: 2464 days, iteration: 177408, Δt: 20 minutes,max|u|: (2.01e+00, 1.52e+00, 6.78e-03) m s⁻¹, extrema(T): (30.96, -1.90) ᵒC, extrema(S): (39.89, 14.43) g/kg, extrema(η): (1.39, -3.61) m, wall time: 11.903 seconds 
[ Info: time: 2465 days, iteration: 177480, Δt: 20 minutes,max|u|: (1.98e+00, 1.59e+00, 6.77e-03) m s⁻¹, extrema(T): (30.91, -1.90) ᵒC, extrema(S): (39.90, 14.65) g/kg, extrema(η): (1.96, -2.30) m, wall time: 11.810 seconds 
[ Info: time: 2466 days, iteration: 177552, Δt: 20 minutes,max|u|: (1.74e+00, 2.18e+00, 6.78e-03) m s⁻¹, extrema(T): (30.91, -1.91) ᵒC, extrema(S): (39.90, 15.00) g/kg, extrema(η): (2.73, -2.25) m, wall time: 11.887 seconds 
[ Info: time: 2467 days, iteration: 177624, Δt: 20 minutes,max|u|: (1.67e+00, 2.26e+00, 6.79e-03) m s⁻¹, extrema(T): (30.94, -1.93) ᵒC, extrema(S): (39.90, 15.63) g/kg, extrema(η): (4.52, -2.34) m, wall time: 11.808 seconds 
[ Info: time: 2468 days, iteration: 177696, Δt: 20 minutes,max|u|: (1.66e+00, 1.69e+00, 6.78e-03) m s⁻¹, extrema(T): (30.95, -1.93) ᵒC, extrema(S): (39.90, 17.20) g/kg, extrema(η): (2.95, -2.30) m, wall time: 11.764 seconds 
[ Info: time: 2469 days, iteration: 177768, Δt: 20 minutes,max|u|: (1.91e+00, 1.66e+00, 6.72e-03) m s⁻¹, extrema(T): (30.97, -1.93) ᵒC, extrema(S): (39.91, 17.70) g/kg, extrema(η): (3.20, -3.23) m, wall time: 11.733 seconds 
[ Info: time: 2470 days, iteration: 177840, Δt: 20 minutes,max|u|: (1.57e+00, 1.49e+00, 6.71e-03) m s⁻¹, extrema(T): (31.00, -1.94) ᵒC, extrema(S): (39.91, 17.92) g/kg, extrema(η): (3.25, -2.27) m, wall time: 11.799 seconds 
[ Info: time: 2471 days, iteration: 177912, Δt: 20 minutes,max|u|: (1.55e+00, 1.72e+00, 6.64e-03) m s⁻¹, extrema(T): (31.03, -1.93) ᵒC, extrema(S): (39.91, 17.75) g/kg, extrema(η): (3.26, -2.24) m, wall time: 11.846 seconds 
[ Info: time: 2472 days, iteration: 177984, Δt: 20 minutes,max|u|: (1.51e+00, 2.12e+00, 6.57e-03) m s⁻¹, extrema(T): (31.00, -1.94) ᵒC, extrema(S): (39.91, 17.63) g/kg, extrema(η): (4.54, -2.09) m, wall time: 11.781 seconds 
[ Info: time: 2473 days, iteration: 178056, Δt: 20 minutes,max|u|: (1.62e+00, 1.51e+00, 6.51e-03) m s⁻¹, extrema(T): (31.07, -1.94) ᵒC, extrema(S): (39.91, 17.70) g/kg, extrema(η): (2.69, -2.09) m, wall time: 11.889 seconds 
[ Info: time: 2474 days, iteration: 178128, Δt: 20 minutes,max|u|: (1.58e+00, 1.52e+00, 6.51e-03) m s⁻¹, extrema(T): (31.10, -1.94) ᵒC, extrema(S): (39.92, 17.41) g/kg, extrema(η): (2.35, -2.09) m, wall time: 11.827 seconds 
[ Info: time: 2475 days, iteration: 178200, Δt: 20 minutes,max|u|: (2.31e+00, 1.66e+00, 6.55e-03) m s⁻¹, extrema(T): (31.11, -1.94) ᵒC, extrema(S): (39.92, 15.54) g/kg, extrema(η): (1.91, -2.87) m, wall time: 11.805 seconds 
[ Info: time: 2476 days, iteration: 178272, Δt: 20 minutes,max|u|: (1.64e+00, 1.60e+00, 6.64e-03) m s⁻¹, extrema(T): (31.18, -1.94) ᵒC, extrema(S): (39.92, 16.07) g/kg, extrema(η): (1.59, -2.28) m, wall time: 23.065 seconds 
[ Info: time: 2477 days, iteration: 178344, Δt: 20 minutes,max|u|: (1.56e+00, 1.52e+00, 6.72e-03) m s⁻¹, extrema(T): (31.16, -1.94) ᵒC, extrema(S): (39.92, 17.18) g/kg, extrema(η): (4.18, -2.12) m, wall time: 11.844 seconds 
[ Info: time: 2478 days, iteration: 178416, Δt: 20 minutes,max|u|: (1.56e+00, 1.50e+00, 6.79e-03) m s⁻¹, extrema(T): (31.15, -1.94) ᵒC, extrema(S): (39.93, 17.48) g/kg, extrema(η): (3.61, -2.17) m, wall time: 11.795 seconds 
[ Info: time: 2479 days, iteration: 178488, Δt: 20 minutes,max|u|: (1.55e+00, 1.51e+00, 6.91e-03) m s⁻¹, extrema(T): (31.23, -1.94) ᵒC, extrema(S): (39.94, 17.41) g/kg, extrema(η): (1.37, -1.95) m, wall time: 16.699 seconds 
[ Info: time: 2480 days, iteration: 178560, Δt: 20 minutes,max|u|: (1.58e+00, 2.10e+00, 6.92e-03) m s⁻¹, extrema(T): (31.18, -1.94) ᵒC, extrema(S): (39.95, 17.65) g/kg, extrema(η): (1.44, -3.44) m, wall time: 11.876 seconds 
[ Info: time: 2481 days, iteration: 178632, Δt: 20 minutes,max|u|: (2.46e+00, 1.92e+00, 6.93e-03) m s⁻¹, extrema(T): (31.07, -1.94) ᵒC, extrema(S): (39.97, 17.93) g/kg, extrema(η): (1.49, -2.05) m, wall time: 11.847 seconds 
[ Info: time: 2482 days, iteration: 178704, Δt: 20 minutes,max|u|: (1.93e+00, 1.48e+00, 6.90e-03) m s⁻¹, extrema(T): (31.10, -1.93) ᵒC, extrema(S): (39.96, 18.19) g/kg, extrema(η): (3.20, -2.09) m, wall time: 11.855 seconds 
[ Info: time: 2483 days, iteration: 178776, Δt: 20 minutes,max|u|: (1.56e+00, 1.49e+00, 6.96e-03) m s⁻¹, extrema(T): (31.14, -1.93) ᵒC, extrema(S): (39.96, 18.22) g/kg, extrema(η): (4.16, -2.22) m, wall time: 11.766 seconds 
[ Info: time: 2484 days, iteration: 178848, Δt: 20 minutes,max|u|: (1.61e+00, 1.57e+00, 6.97e-03) m s⁻¹, extrema(T): (31.14, -1.93) ᵒC, extrema(S): (39.95, 18.21) g/kg, extrema(η): (1.31, -2.16) m, wall time: 11.829 seconds 
[ Info: time: 2485 days, iteration: 178920, Δt: 20 minutes,max|u|: (1.62e+00, 1.52e+00, 6.95e-03) m s⁻¹, extrema(T): (31.17, -1.93) ᵒC, extrema(S): (39.95, 17.53) g/kg, extrema(η): (1.28, -2.92) m, wall time: 11.799 seconds 
[ Info: time: 2486 days, iteration: 178992, Δt: 20 minutes,max|u|: (1.59e+00, 2.58e+00, 6.99e-03) m s⁻¹, extrema(T): (31.21, -1.93) ᵒC, extrema(S): (39.94, 17.24) g/kg, extrema(η): (1.72, -2.05) m, wall time: 11.805 seconds 
[ Info: time: 2487 days, iteration: 179064, Δt: 20 minutes,max|u|: (1.73e+00, 1.65e+00, 7.00e-03) m s⁻¹, extrema(T): (31.26, -1.93) ᵒC, extrema(S): (39.93, 18.05) g/kg, extrema(η): (2.11, -2.01) m, wall time: 11.830 seconds 
[ Info: time: 2488 days, iteration: 179136, Δt: 20 minutes,max|u|: (1.59e+00, 1.89e+00, 7.02e-03) m s⁻¹, extrema(T): (31.30, -1.93) ᵒC, extrema(S): (39.93, 17.43) g/kg, extrema(η): (4.54, -2.19) m, wall time: 16.770 seconds 
[ Info: time: 2489 days, iteration: 179208, Δt: 20 minutes,max|u|: (1.85e+00, 2.62e+00, 7.03e-03) m s⁻¹, extrema(T): (31.33, -1.93) ᵒC, extrema(S): (39.94, 17.17) g/kg, extrema(η): (2.49, -2.14) m, wall time: 11.819 seconds 
[ Info: time: 2490 days, iteration: 179280, Δt: 20 minutes,max|u|: (1.92e+00, 1.98e+00, 7.07e-03) m s⁻¹, extrema(T): (31.37, -1.93) ᵒC, extrema(S): (39.93, 18.18) g/kg, extrema(η): (2.13, -2.14) m, wall time: 11.924 seconds 
[ Info: time: 2491 days, iteration: 179352, Δt: 20 minutes,max|u|: (1.63e+00, 1.56e+00, 7.07e-03) m s⁻¹, extrema(T): (31.41, -1.93) ᵒC, extrema(S): (39.93, 18.43) g/kg, extrema(η): (2.72, -2.62) m, wall time: 11.790 seconds 
[ Info: time: 2492 days, iteration: 179424, Δt: 20 minutes,max|u|: (1.59e+00, 1.64e+00, 7.06e-03) m s⁻¹, extrema(T): (31.44, -1.93) ᵒC, extrema(S): (39.94, 18.71) g/kg, extrema(η): (3.05, -2.22) m, wall time: 11.820 seconds 
[ Info: time: 2493 days, iteration: 179496, Δt: 20 minutes,max|u|: (1.58e+00, 1.49e+00, 6.96e-03) m s⁻¹, extrema(T): (31.49, -1.93) ᵒC, extrema(S): (39.94, 18.86) g/kg, extrema(η): (4.21, -2.19) m, wall time: 11.785 seconds 
[ Info: time: 2494 days, iteration: 179568, Δt: 20 minutes,max|u|: (1.71e+00, 1.49e+00, 6.94e-03) m s⁻¹, extrema(T): (31.52, -1.94) ᵒC, extrema(S): (39.94, 18.93) g/kg, extrema(η): (3.78, -2.30) m, wall time: 11.861 seconds 
[ Info: time: 2495 days, iteration: 179640, Δt: 20 minutes,max|u|: (1.72e+00, 1.93e+00, 6.90e-03) m s⁻¹, extrema(T): (31.54, -1.93) ᵒC, extrema(S): (39.94, 18.98) g/kg, extrema(η): (3.42, -2.20) m, wall time: 11.766 seconds 
[ Info: time: 2496 days, iteration: 179712, Δt: 20 minutes,max|u|: (1.52e+00, 1.70e+00, 6.91e-03) m s⁻¹, extrema(T): (31.55, -1.94) ᵒC, extrema(S): (39.94, 19.01) g/kg, extrema(η): (3.24, -3.17) m, wall time: 11.801 seconds 
[ Info: time: 2497 days, iteration: 179784, Δt: 20 minutes,max|u|: (1.52e+00, 1.51e+00, 6.91e-03) m s⁻¹, extrema(T): (31.55, -1.94) ᵒC, extrema(S): (39.94, 18.10) g/kg, extrema(η): (2.96, -2.10) m, wall time: 11.789 seconds 
[ Info: time: 2498 days, iteration: 179856, Δt: 20 minutes,max|u|: (1.52e+00, 1.51e+00, 6.93e-03) m s⁻¹, extrema(T): (31.51, -1.93) ᵒC, extrema(S): (39.94, 17.41) g/kg, extrema(η): (2.88, -2.11) m, wall time: 11.898 seconds 
[ Info: time: 2499 days, iteration: 179928, Δt: 20 minutes,max|u|: (1.53e+00, 1.50e+00, 6.95e-03) m s⁻¹, extrema(T): (31.47, -1.94) ᵒC, extrema(S): (39.94, 17.41) g/kg, extrema(η): (4.21, -1.98) m, wall time: 11.812 seconds 
[ Info: time: 2500 days, iteration: 180000, Δt: 20 minutes,max|u|: (1.55e+00, 1.60e+00, 6.99e-03) m s⁻¹, extrema(T): (31.40, -1.93) ᵒC, extrema(S): (39.94, 18.58) g/kg, extrema(η): (1.74, -2.04) m, wall time: 16.685 seconds 
[ Info: time: 2501 days, iteration: 180072, Δt: 20 minutes,max|u|: (1.61e+00, 1.67e+00, 6.95e-03) m s⁻¹, extrema(T): (31.35, -1.93) ᵒC, extrema(S): (39.94, 19.18) g/kg, extrema(η): (1.23, -2.98) m, wall time: 11.931 seconds 
[ Info: time: 2502 days, iteration: 180144, Δt: 20 minutes,max|u|: (1.55e+00, 2.07e+00, 6.93e-03) m s⁻¹, extrema(T): (31.29, -1.92) ᵒC, extrema(S): (39.95, 19.02) g/kg, extrema(η): (1.39, -2.07) m, wall time: 11.802 seconds 
[ Info: time: 2503 days, iteration: 180216, Δt: 20 minutes,max|u|: (1.78e+00, 1.50e+00, 6.90e-03) m s⁻¹, extrema(T): (31.24, -1.91) ᵒC, extrema(S): (39.95, 18.29) g/kg, extrema(η): (2.89, -2.22) m, wall time: 11.802 seconds 
[ Info: time: 2504 days, iteration: 180288, Δt: 20 minutes,max|u|: (1.71e+00, 1.81e+00, 6.88e-03) m s⁻¹, extrema(T): (31.19, -1.90) ᵒC, extrema(S): (39.95, 18.25) g/kg, extrema(η): (3.13, -2.20) m, wall time: 11.816 seconds 
[ Info: time: 2505 days, iteration: 180360, Δt: 20 minutes,max|u|: (2.26e+00, 3.54e+00, 6.89e-03) m s⁻¹, extrema(T): (30.98, -1.89) ᵒC, extrema(S): (39.96, 18.90) g/kg, extrema(η): (3.03, -2.22) m, wall time: 11.786 seconds 
[ Info: time: 2506 days, iteration: 180432, Δt: 20 minutes,max|u|: (2.00e+00, 2.54e+00, 6.84e-03) m s⁻¹, extrema(T): (30.97, -1.89) ᵒC, extrema(S): (39.94, 19.32) g/kg, extrema(η): (2.04, -2.61) m, wall time: 11.864 seconds 
[ Info: time: 2507 days, iteration: 180504, Δt: 20 minutes,max|u|: (1.75e+00, 1.51e+00, 6.85e-03) m s⁻¹, extrema(T): (30.99, -1.87) ᵒC, extrema(S): (39.94, 19.40) g/kg, extrema(η): (1.48, -2.18) m, wall time: 11.849 seconds 
[ Info: time: 2508 days, iteration: 180576, Δt: 20 minutes,max|u|: (1.76e+00, 1.51e+00, 6.85e-03) m s⁻¹, extrema(T): (31.09, -1.88) ᵒC, extrema(S): (39.95, 19.47) g/kg, extrema(η): (3.57, -2.17) m, wall time: 11.901 seconds 
[ Info: time: 2509 days, iteration: 180648, Δt: 20 minutes,max|u|: (1.61e+00, 1.94e+00, 6.87e-03) m s⁻¹, extrema(T): (31.16, -1.88) ᵒC, extrema(S): (39.95, 19.35) g/kg, extrema(η): (4.30, -2.09) m, wall time: 11.828 seconds 
[ Info: time: 2510 days, iteration: 180720, Δt: 20 minutes,max|u|: (2.36e+00, 1.64e+00, 6.96e-03) m s⁻¹, extrema(T): (31.06, -1.88) ᵒC, extrema(S): (39.95, 19.20) g/kg, extrema(η): (1.35, -2.17) m, wall time: 16.448 seconds 
[ Info: time: 2511 days, iteration: 180792, Δt: 20 minutes,max|u|: (2.62e+00, 1.87e+00, 6.94e-03) m s⁻¹, extrema(T): (31.00, -1.88) ᵒC, extrema(S): (39.95, 19.08) g/kg, extrema(η): (1.31, -3.34) m, wall time: 11.802 seconds 
[ Info: time: 2512 days, iteration: 180864, Δt: 20 minutes,max|u|: (1.71e+00, 2.14e+00, 6.94e-03) m s⁻¹, extrema(T): (31.06, -1.88) ᵒC, extrema(S): (39.95, 18.97) g/kg, extrema(η): (1.32, -2.41) m, wall time: 11.921 seconds 
[ Info: time: 2513 days, iteration: 180936, Δt: 20 minutes,max|u|: (2.78e+00, 2.68e+00, 7.00e-03) m s⁻¹, extrema(T): (31.07, -1.89) ᵒC, extrema(S): (39.95, 18.88) g/kg, extrema(η): (2.41, -2.07) m, wall time: 16.726 seconds 
[ Info: time: 2514 days, iteration: 181008, Δt: 20 minutes,max|u|: (2.15e+00, 1.53e+00, 6.98e-03) m s⁻¹, extrema(T): (31.03, -1.90) ᵒC, extrema(S): (39.95, 18.82) g/kg, extrema(η): (4.28, -2.14) m, wall time: 11.722 seconds 
[ Info: time: 2515 days, iteration: 181080, Δt: 20 minutes,max|u|: (2.04e+00, 1.72e+00, 6.96e-03) m s⁻¹, extrema(T): (31.01, -1.91) ᵒC, extrema(S): (39.95, 18.77) g/kg, extrema(η): (2.52, -2.01) m, wall time: 11.793 seconds 
[ Info: time: 2516 days, iteration: 181152, Δt: 20 minutes,max|u|: (1.80e+00, 2.29e+00, 6.93e-03) m s⁻¹, extrema(T): (31.08, -1.91) ᵒC, extrema(S): (39.94, 18.75) g/kg, extrema(η): (2.95, -2.53) m, wall time: 11.782 seconds 
[ Info: time: 2517 days, iteration: 181224, Δt: 20 minutes,max|u|: (1.97e+00, 1.62e+00, 6.92e-03) m s⁻¹, extrema(T): (31.09, -1.91) ᵒC, extrema(S): (39.95, 18.73) g/kg, extrema(η): (3.24, -2.29) m, wall time: 11.773 seconds 
[ Info: time: 2518 days, iteration: 181296, Δt: 20 minutes,max|u|: (1.83e+00, 1.65e+00, 6.93e-03) m s⁻¹, extrema(T): (31.11, -1.91) ᵒC, extrema(S): (39.95, 18.69) g/kg, extrema(η): (3.38, -2.09) m, wall time: 11.692 seconds 
[ Info: time: 2519 days, iteration: 181368, Δt: 20 minutes,max|u|: (2.44e+00, 2.83e+00, 6.94e-03) m s⁻¹, extrema(T): (31.21, -1.91) ᵒC, extrema(S): (39.95, 18.65) g/kg, extrema(η): (4.27, -2.02) m, wall time: 11.739 seconds 
[ Info: time: 2520 days, iteration: 181440, Δt: 20 minutes,max|u|: (1.75e+00, 2.14e+00, 6.97e-03) m s⁻¹, extrema(T): (31.18, -1.91) ᵒC, extrema(S): (39.94, 18.69) g/kg, extrema(η): (3.15, -2.07) m, wall time: 11.678 seconds 
[ Info: time: 2521 days, iteration: 181512, Δt: 20 minutes,max|u|: (2.17e+00, 2.05e+00, 6.96e-03) m s⁻¹, extrema(T): (31.18, -1.91) ᵒC, extrema(S): (39.94, 18.73) g/kg, extrema(η): (2.67, -2.11) m, wall time: 11.685 seconds 
[ Info: time: 2522 days, iteration: 181584, Δt: 20 minutes,max|u|: (1.98e+00, 1.58e+00, 6.97e-03) m s⁻¹, extrema(T): (31.19, -1.90) ᵒC, extrema(S): (39.94, 18.69) g/kg, extrema(η): (2.28, -2.99) m, wall time: 11.699 seconds 
[ Info: time: 2523 days, iteration: 181656, Δt: 20 minutes,max|u|: (1.63e+00, 2.03e+00, 6.95e-03) m s⁻¹, extrema(T): (31.30, -1.91) ᵒC, extrema(S): (39.95, 18.67) g/kg, extrema(η): (1.81, -2.14) m, wall time: 11.740 seconds 
[ Info: time: 2524 days, iteration: 181728, Δt: 20 minutes,max|u|: (1.64e+00, 2.27e+00, 6.95e-03) m s⁻¹, extrema(T): (31.34, -1.92) ᵒC, extrema(S): (39.95, 18.76) g/kg, extrema(η): (3.49, -2.20) m, wall time: 11.647 seconds 
[ Info: time: 2525 days, iteration: 181800, Δt: 20 minutes,max|u|: (4.47e+00, 2.00e+00, 6.94e-03) m s⁻¹, extrema(T): (31.39, -1.92) ᵒC, extrema(S): (39.95, 18.81) g/kg, extrema(η): (1.45, -2.24) m, wall time: 16.614 seconds 
[ Info: time: 2526 days, iteration: 181872, Δt: 20 minutes,max|u|: (1.64e+00, 2.26e+00, 6.91e-03) m s⁻¹, extrema(T): (31.39, -1.92) ᵒC, extrema(S): (39.94, 19.10) g/kg, extrema(η): (1.49, -2.19) m, wall time: 11.744 seconds 
[ Info: time: 2527 days, iteration: 181944, Δt: 20 minutes,max|u|: (1.63e+00, 2.15e+00, 6.93e-03) m s⁻¹, extrema(T): (31.35, -1.92) ᵒC, extrema(S): (39.94, 19.27) g/kg, extrema(η): (1.38, -1.96) m, wall time: 11.759 seconds 
[ Info: time: 2528 days, iteration: 182016, Δt: 20 minutes,max|u|: (1.94e+00, 2.22e+00, 6.94e-03) m s⁻¹, extrema(T): (31.24, -1.91) ᵒC, extrema(S): (39.93, 19.29) g/kg, extrema(η): (1.63, -2.16) m, wall time: 11.722 seconds 
[ Info: time: 2529 days, iteration: 182088, Δt: 20 minutes,max|u|: (2.47e+00, 2.21e+00, 6.94e-03) m s⁻¹, extrema(T): (31.27, -1.91) ᵒC, extrema(S): (39.93, 19.28) g/kg, extrema(η): (4.24, -2.06) m, wall time: 11.726 seconds 
[ Info: time: 2530 days, iteration: 182160, Δt: 20 minutes,max|u|: (1.95e+00, 2.36e+00, 6.92e-03) m s⁻¹, extrema(T): (31.30, -1.90) ᵒC, extrema(S): (39.93, 19.29) g/kg, extrema(η): (2.51, -2.09) m, wall time: 11.781 seconds 
[ Info: time: 2531 days, iteration: 182232, Δt: 20 minutes,max|u|: (2.05e+00, 2.27e+00, 6.94e-03) m s⁻¹, extrema(T): (31.36, -1.92) ᵒC, extrema(S): (39.93, 19.29) g/kg, extrema(η): (1.75, -2.08) m, wall time: 11.720 seconds 
[ Info: time: 2532 days, iteration: 182304, Δt: 20 minutes,max|u|: (1.87e+00, 2.12e+00, 6.91e-03) m s⁻¹, extrema(T): (31.40, -1.92) ᵒC, extrema(S): (39.93, 19.28) g/kg, extrema(η): (2.00, -3.15) m, wall time: 11.738 seconds 
[ Info: time: 2533 days, iteration: 182376, Δt: 20 minutes,max|u|: (1.78e+00, 2.83e+00, 6.89e-03) m s⁻¹, extrema(T): (31.47, -1.91) ᵒC, extrema(S): (39.93, 19.41) g/kg, extrema(η): (1.39, -2.25) m, wall time: 11.810 seconds 
[ Info: time: 2534 days, iteration: 182448, Δt: 20 minutes,max|u|: (1.82e+00, 1.93e+00, 6.87e-03) m s⁻¹, extrema(T): (31.55, -1.92) ᵒC, extrema(S): (39.93, 19.50) g/kg, extrema(η): (3.89, -1.99) m, wall time: 11.743 seconds 
[ Info: time: 2535 days, iteration: 182520, Δt: 20 minutes,max|u|: (1.90e+00, 1.85e+00, 6.85e-03) m s⁻¹, extrema(T): (31.51, -1.91) ᵒC, extrema(S): (39.93, 19.57) g/kg, extrema(η): (3.43, -2.00) m, wall time: 11.642 seconds 
[ Info: time: 2536 days, iteration: 182592, Δt: 20 minutes,max|u|: (1.98e+00, 2.16e+00, 6.81e-03) m s⁻¹, extrema(T): (31.44, -1.91) ᵒC, extrema(S): (39.93, 19.62) g/kg, extrema(η): (3.27, -2.04) m, wall time: 11.654 seconds 
[ Info: time: 2537 days, iteration: 182664, Δt: 20 minutes,max|u|: (1.98e+00, 1.50e+00, 6.77e-03) m s⁻¹, extrema(T): (31.42, -1.91) ᵒC, extrema(S): (39.93, 19.64) g/kg, extrema(η): (1.68, -3.07) m, wall time: 16.593 seconds 
[ Info: time: 2538 days, iteration: 182736, Δt: 20 minutes,max|u|: (1.89e+00, 1.50e+00, 6.77e-03) m s⁻¹, extrema(T): (31.44, -1.92) ᵒC, extrema(S): (39.92, 19.69) g/kg, extrema(η): (2.29, -1.94) m, wall time: 11.710 seconds 
[ Info: time: 2539 days, iteration: 182808, Δt: 20 minutes,max|u|: (1.87e+00, 2.63e+00, 6.67e-03) m s⁻¹, extrema(T): (31.38, -1.91) ᵒC, extrema(S): (39.92, 19.80) g/kg, extrema(η): (3.34, -1.91) m, wall time: 11.839 seconds 
[ Info: time: 2540 days, iteration: 182880, Δt: 20 minutes,max|u|: (1.84e+00, 1.57e+00, 6.72e-03) m s⁻¹, extrema(T): (31.30, -1.92) ᵒC, extrema(S): (39.93, 19.87) g/kg, extrema(η): (3.94, -2.00) m, wall time: 11.778 seconds 
[ Info: time: 2541 days, iteration: 182952, Δt: 20 minutes,max|u|: (1.86e+00, 2.46e+00, 6.72e-03) m s⁻¹, extrema(T): (31.23, -1.91) ᵒC, extrema(S): (39.92, 19.93) g/kg, extrema(η): (3.02, -2.16) m, wall time: 16.687 seconds 
[ Info: time: 2542 days, iteration: 183024, Δt: 20 minutes,max|u|: (1.97e+00, 1.88e+00, 6.69e-03) m s⁻¹, extrema(T): (31.09, -1.91) ᵒC, extrema(S): (39.92, 19.98) g/kg, extrema(η): (3.07, -3.79) m, wall time: 11.897 seconds 
[ Info: time: 2543 days, iteration: 183096, Δt: 20 minutes,max|u|: (2.00e+00, 1.63e+00, 6.79e-03) m s⁻¹, extrema(T): (31.09, -1.91) ᵒC, extrema(S): (39.92, 20.06) g/kg, extrema(η): (2.99, -2.20) m, wall time: 11.756 seconds 
[ Info: time: 2544 days, iteration: 183168, Δt: 20 minutes,max|u|: (2.07e+00, 1.60e+00, 6.77e-03) m s⁻¹, extrema(T): (31.17, -1.91) ᵒC, extrema(S): (39.92, 20.10) g/kg, extrema(η): (2.73, -2.14) m, wall time: 11.823 seconds 
[ Info: time: 2545 days, iteration: 183240, Δt: 20 minutes,max|u|: (2.07e+00, 1.66e+00, 6.78e-03) m s⁻¹, extrema(T): (31.22, -1.91) ᵒC, extrema(S): (39.92, 20.08) g/kg, extrema(η): (3.88, -2.18) m, wall time: 11.704 seconds 
[ Info: time: 2546 days, iteration: 183312, Δt: 20 minutes,max|u|: (2.06e+00, 1.91e+00, 6.83e-03) m s⁻¹, extrema(T): (31.16, -1.90) ᵒC, extrema(S): (39.92, 20.07) g/kg, extrema(η): (1.84, -2.13) m, wall time: 11.676 seconds 
[ Info: time: 2547 days, iteration: 183384, Δt: 20 minutes,max|u|: (2.01e+00, 2.17e+00, 6.81e-03) m s⁻¹, extrema(T): (31.13, -1.90) ᵒC, extrema(S): (39.92, 20.05) g/kg, extrema(η): (1.34, -3.14) m, wall time: 11.702 seconds 
[ Info: time: 2548 days, iteration: 183456, Δt: 20 minutes,max|u|: (2.04e+00, 2.30e+00, 6.83e-03) m s⁻¹, extrema(T): (31.26, -1.90) ᵒC, extrema(S): (39.92, 20.02) g/kg, extrema(η): (1.31, -3.01) m, wall time: 11.650 seconds 
[ Info: time: 2549 days, iteration: 183528, Δt: 20 minutes,max|u|: (2.02e+00, 2.32e+00, 6.71e-03) m s⁻¹, extrema(T): (31.44, -1.91) ᵒC, extrema(S): (39.92, 20.00) g/kg, extrema(η): (1.55, -3.18) m, wall time: 11.662 seconds 
[ Info: time: 2550 days, iteration: 183600, Δt: 20 minutes,max|u|: (2.01e+00, 2.28e+00, 6.71e-03) m s⁻¹, extrema(T): (31.54, -1.91) ᵒC, extrema(S): (39.92, 20.04) g/kg, extrema(η): (4.23, -2.09) m, wall time: 17.425 seconds 
[ Info: time: 2551 days, iteration: 183672, Δt: 20 minutes,max|u|: (1.98e+00, 2.22e+00, 6.79e-03) m s⁻¹, extrema(T): (31.58, -1.91) ᵒC, extrema(S): (39.92, 19.96) g/kg, extrema(η): (1.57, -2.17) m, wall time: 11.621 seconds 
[ Info: time: 2552 days, iteration: 183744, Δt: 20 minutes,max|u|: (1.94e+00, 2.10e+00, 6.85e-03) m s⁻¹, extrema(T): (31.64, -1.91) ᵒC, extrema(S): (39.92, 19.87) g/kg, extrema(η): (1.58, -3.13) m, wall time: 11.694 seconds 
[ Info: time: 2553 days, iteration: 183816, Δt: 20 minutes,max|u|: (1.94e+00, 1.95e+00, 6.89e-03) m s⁻¹, extrema(T): (31.58, -1.91) ᵒC, extrema(S): (39.92, 19.77) g/kg, extrema(η): (1.22, -2.91) m, wall time: 11.706 seconds 
[ Info: time: 2554 days, iteration: 183888, Δt: 20 minutes,max|u|: (1.93e+00, 1.83e+00, 6.94e-03) m s⁻¹, extrema(T): (31.73, -1.92) ᵒC, extrema(S): (39.92, 19.70) g/kg, extrema(η): (1.32, -2.28) m, wall time: 11.680 seconds 
[ Info: time: 2555 days, iteration: 183960, Δt: 20 minutes,max|u|: (1.96e+00, 1.71e+00, 6.97e-03) m s⁻¹, extrema(T): (31.79, -1.92) ᵒC, extrema(S): (39.91, 19.78) g/kg, extrema(η): (4.20, -2.10) m, wall time: 11.810 seconds 
[ Info: time: 2556 days, iteration: 184032, Δt: 20 minutes,max|u|: (2.21e+00, 2.59e+00, 7.01e-03) m s⁻¹, extrema(T): (31.66, -1.93) ᵒC, extrema(S): (39.91, 19.72) g/kg, extrema(η): (1.80, -2.07) m, wall time: 11.765 seconds 
[ Info: time: 2557 days, iteration: 184104, Δt: 20 minutes,max|u|: (2.04e+00, 1.67e+00, 7.05e-03) m s⁻¹, extrema(T): (31.63, -1.93) ᵒC, extrema(S): (39.91, 19.64) g/kg, extrema(η): (1.28, -2.11) m, wall time: 11.687 seconds 
[ Info: time: 2558 days, iteration: 184176, Δt: 20 minutes,max|u|: (2.03e+00, 1.72e+00, 7.06e-03) m s⁻¹, extrema(T): (31.67, -1.94) ᵒC, extrema(S): (39.90, 19.54) g/kg, extrema(η): (1.30, -3.24) m, wall time: 11.570 seconds 
[ Info: time: 2559 days, iteration: 184248, Δt: 20 minutes,max|u|: (2.02e+00, 1.61e+00, 7.07e-03) m s⁻¹, extrema(T): (31.62, -1.94) ᵒC, extrema(S): (39.90, 19.49) g/kg, extrema(η): (1.37, -2.29) m, wall time: 11.682 seconds 
[ Info: time: 2560 days, iteration: 184320, Δt: 20 minutes,max|u|: (1.96e+00, 1.78e+00, 7.04e-03) m s⁻¹, extrema(T): (31.62, -1.94) ᵒC, extrema(S): (39.89, 19.44) g/kg, extrema(η): (3.55, -2.31) m, wall time: 11.728 seconds 
[ Info: time: 2561 days, iteration: 184392, Δt: 20 minutes,max|u|: (1.93e+00, 1.80e+00, 7.02e-03) m s⁻¹, extrema(T): (31.56, -1.94) ᵒC, extrema(S): (39.89, 19.40) g/kg, extrema(η): (3.12, -2.20) m, wall time: 11.810 seconds 
[ Info: time: 2562 days, iteration: 184464, Δt: 20 minutes,max|u|: (1.82e+00, 2.03e+00, 7.06e-03) m s⁻¹, extrema(T): (31.34, -1.93) ᵒC, extrema(S): (39.89, 19.41) g/kg, extrema(η): (2.18, -2.13) m, wall time: 16.752 seconds 
[ Info: time: 2563 days, iteration: 184536, Δt: 20 minutes,max|u|: (1.87e+00, 2.00e+00, 7.10e-03) m s⁻¹, extrema(T): (31.24, -1.94) ᵒC, extrema(S): (39.89, 19.35) g/kg, extrema(η): (2.75, -3.44) m, wall time: 11.783 seconds 
[ Info: time: 2564 days, iteration: 184608, Δt: 20 minutes,max|u|: (1.82e+00, 2.16e+00, 7.13e-03) m s⁻¹, extrema(T): (31.16, -1.94) ᵒC, extrema(S): (39.88, 19.27) g/kg, extrema(η): (3.08, -2.26) m, wall time: 11.702 seconds 
[ Info: time: 2565 days, iteration: 184680, Δt: 20 minutes,max|u|: (1.61e+00, 2.09e+00, 7.19e-03) m s⁻¹, extrema(T): (31.11, -1.95) ᵒC, extrema(S): (39.89, 19.21) g/kg, extrema(η): (3.53, -2.24) m, wall time: 11.599 seconds 
[ Info: time: 2566 days, iteration: 184752, Δt: 20 minutes,max|u|: (2.30e+00, 3.33e+00, 7.22e-03) m s⁻¹, extrema(T): (31.08, -1.94) ᵒC, extrema(S): (39.89, 19.19) g/kg, extrema(η): (4.17, -2.37) m, wall time: 11.682 seconds 
[ Info: time: 2567 days, iteration: 184824, Δt: 20 minutes,max|u|: (1.62e+00, 1.91e+00, 7.24e-03) m s⁻¹, extrema(T): (31.10, -1.95) ᵒC, extrema(S): (39.88, 19.16) g/kg, extrema(η): (3.04, -2.28) m, wall time: 11.774 seconds 
[ Info: time: 2568 days, iteration: 184896, Δt: 20 minutes,max|u|: (1.63e+00, 1.86e+00, 7.25e-03) m s⁻¹, extrema(T): (31.14, -1.94) ᵒC, extrema(S): (39.88, 19.12) g/kg, extrema(η): (2.70, -2.92) m, wall time: 11.761 seconds 
[ Info: time: 2569 days, iteration: 184968, Δt: 20 minutes,max|u|: (1.67e+00, 2.01e+00, 7.24e-03) m s⁻¹, extrema(T): (31.08, -1.94) ᵒC, extrema(S): (39.88, 19.12) g/kg, extrema(η): (2.38, -2.23) m, wall time: 11.799 seconds 
[ Info: time: 2570 days, iteration: 185040, Δt: 20 minutes,max|u|: (1.82e+00, 2.04e+00, 7.23e-03) m s⁻¹, extrema(T): (31.12, -1.94) ᵒC, extrema(S): (39.88, 19.12) g/kg, extrema(η): (2.97, -2.13) m, wall time: 11.793 seconds 
[ Info: time: 2571 days, iteration: 185112, Δt: 20 minutes,max|u|: (1.74e+00, 2.09e+00, 7.22e-03) m s⁻¹, extrema(T): (31.16, -1.94) ᵒC, extrema(S): (39.88, 19.16) g/kg, extrema(η): (4.39, -2.26) m, wall time: 11.664 seconds 
[ Info: time: 2572 days, iteration: 185184, Δt: 20 minutes,max|u|: (1.62e+00, 2.04e+00, 7.25e-03) m s⁻¹, extrema(T): (31.16, -1.94) ᵒC, extrema(S): (39.87, 19.19) g/kg, extrema(η): (1.49, -2.05) m, wall time: 17.332 seconds 
[ Info: time: 2573 days, iteration: 185256, Δt: 20 minutes,max|u|: (2.04e+00, 2.11e+00, 7.24e-03) m s⁻¹, extrema(T): (31.12, -1.94) ᵒC, extrema(S): (39.87, 19.19) g/kg, extrema(η): (1.36, -2.17) m, wall time: 11.772 seconds 
[ Info: time: 2574 days, iteration: 185328, Δt: 20 minutes,max|u|: (1.66e+00, 2.08e+00, 7.20e-03) m s⁻¹, extrema(T): (31.14, -1.95) ᵒC, extrema(S): (39.87, 19.18) g/kg, extrema(η): (1.31, -2.38) m, wall time: 11.771 seconds 
[ Info: time: 2575 days, iteration: 185400, Δt: 20 minutes,max|u|: (1.67e+00, 2.06e+00, 7.07e-03) m s⁻¹, extrema(T): (31.31, -1.95) ᵒC, extrema(S): (39.86, 19.16) g/kg, extrema(η): (1.30, -2.11) m, wall time: 20.698 seconds 
[ Info: time: 2576 days, iteration: 185472, Δt: 20 minutes,max|u|: (2.05e+00, 2.03e+00, 7.07e-03) m s⁻¹, extrema(T): (31.21, -1.95) ᵒC, extrema(S): (39.85, 19.15) g/kg, extrema(η): (3.71, -2.06) m, wall time: 11.807 seconds 
[ Info: time: 2577 days, iteration: 185544, Δt: 20 minutes,max|u|: (1.64e+00, 2.03e+00, 7.11e-03) m s⁻¹, extrema(T): (31.17, -1.95) ᵒC, extrema(S): (39.85, 19.18) g/kg, extrema(η): (2.48, -2.07) m, wall time: 11.976 seconds 
[ Info: time: 2578 days, iteration: 185616, Δt: 20 minutes,max|u|: (1.63e+00, 2.11e+00, 7.14e-03) m s⁻¹, extrema(T): (31.20, -1.96) ᵒC, extrema(S): (39.84, 19.19) g/kg, extrema(η): (1.38, -1.95) m, wall time: 11.936 seconds 
[ Info: time: 2579 days, iteration: 185688, Δt: 20 minutes,max|u|: (1.65e+00, 2.25e+00, 7.10e-03) m s⁻¹, extrema(T): (31.26, -1.96) ᵒC, extrema(S): (39.83, 19.24) g/kg, extrema(η): (1.66, -3.89) m, wall time: 11.862 seconds 
[ Info: time: 2580 days, iteration: 185760, Δt: 20 minutes,max|u|: (1.65e+00, 2.76e+00, 7.08e-03) m s⁻¹, extrema(T): (31.35, -1.96) ᵒC, extrema(S): (39.81, 19.24) g/kg, extrema(η): (2.65, -1.98) m, wall time: 11.947 seconds 
[ Info: time: 2581 days, iteration: 185832, Δt: 20 minutes,max|u|: (1.72e+00, 1.93e+00, 7.08e-03) m s⁻¹, extrema(T): (31.43, -1.96) ᵒC, extrema(S): (39.78, 19.21) g/kg, extrema(η): (3.71, -2.18) m, wall time: 11.926 seconds 
[ Info: time: 2582 days, iteration: 185904, Δt: 20 minutes,max|u|: (1.65e+00, 1.87e+00, 7.05e-03) m s⁻¹, extrema(T): (31.45, -1.96) ᵒC, extrema(S): (39.77, 19.17) g/kg, extrema(η): (3.28, -2.16) m, wall time: 11.927 seconds 
[ Info: time: 2583 days, iteration: 185976, Δt: 20 minutes,max|u|: (1.91e+00, 1.95e+00, 7.09e-03) m s⁻¹, extrema(T): (31.51, -1.96) ᵒC, extrema(S): (39.77, 19.13) g/kg, extrema(η): (1.47, -2.27) m, wall time: 11.946 seconds 
[ Info: time: 2584 days, iteration: 186048, Δt: 20 minutes,max|u|: (1.77e+00, 2.23e+00, 7.10e-03) m s⁻¹, extrema(T): (31.58, -1.96) ᵒC, extrema(S): (39.77, 19.09) g/kg, extrema(η): (1.39, -3.59) m, wall time: 12.037 seconds 
[ Info: time: 2585 days, iteration: 186120, Δt: 20 minutes,max|u|: (1.85e+00, 2.18e+00, 7.09e-03) m s⁻¹, extrema(T): (31.58, -1.96) ᵒC, extrema(S): (39.77, 19.07) g/kg, extrema(η): (1.89, -2.14) m, wall time: 11.907 seconds 
[ Info: time: 2586 days, iteration: 186192, Δt: 20 minutes,max|u|: (1.96e+00, 2.31e+00, 7.07e-03) m s⁻¹, extrema(T): (31.62, -1.96) ᵒC, extrema(S): (39.76, 19.06) g/kg, extrema(η): (3.61, -2.21) m, wall time: 11.908 seconds 
[ Info: time: 2587 days, iteration: 186264, Δt: 20 minutes,max|u|: (2.01e+00, 2.49e+00, 7.02e-03) m s⁻¹, extrema(T): (31.61, -1.96) ᵒC, extrema(S): (39.76, 19.02) g/kg, extrema(η): (4.15, -2.24) m, wall time: 16.843 seconds 
[ Info: time: 2588 days, iteration: 186336, Δt: 20 minutes,max|u|: (1.93e+00, 2.73e+00, 7.01e-03) m s⁻¹, extrema(T): (31.60, -1.97) ᵒC, extrema(S): (39.76, 18.98) g/kg, extrema(η): (2.99, -3.11) m, wall time: 11.979 seconds 
[ Info: time: 2589 days, iteration: 186408, Δt: 20 minutes,max|u|: (1.86e+00, 2.48e+00, 6.99e-03) m s⁻¹, extrema(T): (31.60, -1.98) ᵒC, extrema(S): (39.76, 18.95) g/kg, extrema(η): (3.17, -2.78) m, wall time: 11.924 seconds 
[ Info: time: 2590 days, iteration: 186480, Δt: 20 minutes,max|u|: (1.87e+00, 2.30e+00, 6.95e-03) m s⁻¹, extrema(T): (31.64, -1.96) ᵒC, extrema(S): (39.75, 18.94) g/kg, extrema(η): (3.23, -2.20) m, wall time: 11.932 seconds 
[ Info: time: 2591 days, iteration: 186552, Δt: 20 minutes,max|u|: (1.91e+00, 2.33e+00, 6.94e-03) m s⁻¹, extrema(T): (31.67, -1.96) ᵒC, extrema(S): (39.76, 18.93) g/kg, extrema(η): (3.53, -2.22) m, wall time: 11.899 seconds 
[ Info: time: 2592 days, iteration: 186624, Δt: 20 minutes,max|u|: (1.86e+00, 2.20e+00, 6.94e-03) m s⁻¹, extrema(T): (31.74, -1.96) ᵒC, extrema(S): (39.76, 19.11) g/kg, extrema(η): (3.87, -2.31) m, wall time: 12.094 seconds 
[ Info: time: 2593 days, iteration: 186696, Δt: 20 minutes,max|u|: (1.81e+00, 2.14e+00, 6.97e-03) m s⁻¹, extrema(T): (31.81, -1.95) ᵒC, extrema(S): (39.76, 19.46) g/kg, extrema(η): (2.23, -2.26) m, wall time: 11.954 seconds 
[ Info: time: 2594 days, iteration: 186768, Δt: 20 minutes,max|u|: (1.63e+00, 2.56e+00, 6.96e-03) m s⁻¹, extrema(T): (31.74, -1.95) ᵒC, extrema(S): (39.75, 19.57) g/kg, extrema(η): (1.68, -2.95) m, wall time: 11.803 seconds 
[ Info: time: 2595 days, iteration: 186840, Δt: 20 minutes,max|u|: (1.55e+00, 2.75e+00, 6.99e-03) m s⁻¹, extrema(T): (31.73, -1.95) ᵒC, extrema(S): (39.75, 19.58) g/kg, extrema(η): (1.96, -2.19) m, wall time: 11.947 seconds 
[ Info: time: 2596 days, iteration: 186912, Δt: 20 minutes,max|u|: (1.65e+00, 2.01e+00, 6.98e-03) m s⁻¹, extrema(T): (31.77, -1.95) ᵒC, extrema(S): (39.75, 19.65) g/kg, extrema(η): (3.30, -2.23) m, wall time: 12.043 seconds 
[ Info: time: 2597 days, iteration: 186984, Δt: 20 minutes,max|u|: (1.51e+00, 1.93e+00, 6.96e-03) m s⁻¹, extrema(T): (31.76, -1.95) ᵒC, extrema(S): (39.74, 19.66) g/kg, extrema(η): (3.98, -2.20) m, wall time: 11.902 seconds 
[ Info: time: 2598 days, iteration: 187056, Δt: 20 minutes,max|u|: (1.52e+00, 1.94e+00, 7.00e-03) m s⁻¹, extrema(T): (31.78, -1.95) ᵒC, extrema(S): (39.72, 19.66) g/kg, extrema(η): (1.22, -2.12) m, wall time: 12.185 seconds 
[ Info: time: 2599 days, iteration: 187128, Δt: 20 minutes,max|u|: (1.56e+00, 2.25e+00, 6.97e-03) m s⁻¹, extrema(T): (31.79, -1.95) ᵒC, extrema(S): (39.72, 19.66) g/kg, extrema(η): (1.30, -2.98) m, wall time: 16.883 seconds 
[ Info: time: 2600 days, iteration: 187200, Δt: 20 minutes,max|u|: (1.56e+00, 1.97e+00, 7.02e-03) m s⁻¹, extrema(T): (31.83, -1.95) ᵒC, extrema(S): (39.71, 19.63) g/kg, extrema(η): (1.20, -2.14) m, wall time: 11.869 seconds 
[ Info: time: 2601 days, iteration: 187272, Δt: 20 minutes,max|u|: (1.58e+00, 1.89e+00, 7.00e-03) m s⁻¹, extrema(T): (31.73, -1.95) ᵒC, extrema(S): (39.71, 19.63) g/kg, extrema(η): (2.17, -2.17) m, wall time: 11.864 seconds 
[ Info: time: 2602 days, iteration: 187344, Δt: 20 minutes,max|u|: (1.56e+00, 1.87e+00, 6.98e-03) m s⁻¹, extrema(T): (31.59, -1.95) ᵒC, extrema(S): (39.71, 19.60) g/kg, extrema(η): (4.44, -2.16) m, wall time: 12.071 seconds 
[ Info: time: 2603 days, iteration: 187416, Δt: 20 minutes,max|u|: (2.04e+00, 1.82e+00, 6.97e-03) m s⁻¹, extrema(T): (31.47, -1.96) ᵒC, extrema(S): (39.71, 19.56) g/kg, extrema(η): (1.80, -2.22) m, wall time: 16.699 seconds 
[ Info: time: 2604 days, iteration: 187488, Δt: 20 minutes,max|u|: (2.05e+00, 2.04e+00, 6.99e-03) m s⁻¹, extrema(T): (31.39, -1.96) ᵒC, extrema(S): (39.70, 19.54) g/kg, extrema(η): (1.18, -2.62) m, wall time: 11.976 seconds 
[ Info: time: 2605 days, iteration: 187560, Δt: 20 minutes,max|u|: (1.99e+00, 2.09e+00, 7.01e-03) m s⁻¹, extrema(T): (31.28, -1.96) ᵒC, extrema(S): (39.70, 19.55) g/kg, extrema(η): (1.22, -2.86) m, wall time: 11.949 seconds 
[ Info: time: 2606 days, iteration: 187632, Δt: 20 minutes,max|u|: (1.85e+00, 2.11e+00, 6.93e-03) m s⁻¹, extrema(T): (31.18, -1.96) ᵒC, extrema(S): (39.70, 19.53) g/kg, extrema(η): (1.35, -2.23) m, wall time: 12.024 seconds 
[ Info: time: 2607 days, iteration: 187704, Δt: 20 minutes,max|u|: (1.80e+00, 2.30e+00, 6.87e-03) m s⁻¹, extrema(T): (31.11, -1.96) ᵒC, extrema(S): (39.70, 19.48) g/kg, extrema(η): (4.21, -2.30) m, wall time: 11.996 seconds 
[ Info: time: 2608 days, iteration: 187776, Δt: 20 minutes,max|u|: (2.01e+00, 2.57e+00, 6.83e-03) m s⁻¹, extrema(T): (31.10, -1.96) ᵒC, extrema(S): (39.70, 19.52) g/kg, extrema(η): (2.32, -2.16) m, wall time: 11.943 seconds 
[ Info: time: 2609 days, iteration: 187848, Δt: 20 minutes,max|u|: (2.89e+00, 2.80e+00, 6.81e-03) m s⁻¹, extrema(T): (31.09, -1.96) ᵒC, extrema(S): (39.70, 19.55) g/kg, extrema(η): (2.20, -2.12) m, wall time: 12.025 seconds 
[ Info: time: 2610 days, iteration: 187920, Δt: 20 minutes,max|u|: (3.17e+00, 2.85e+00, 6.81e-03) m s⁻¹, extrema(T): (31.03, -1.96) ᵒC, extrema(S): (39.70, 19.58) g/kg, extrema(η): (2.63, -3.24) m, wall time: 12.009 seconds 
[ Info: time: 2611 days, iteration: 187992, Δt: 20 minutes,max|u|: (1.94e+00, 2.52e+00, 6.83e-03) m s⁻¹, extrema(T): (30.98, -1.96) ᵒC, extrema(S): (39.70, 19.60) g/kg, extrema(η): (2.99, -2.12) m, wall time: 11.957 seconds 
[ Info: time: 2612 days, iteration: 188064, Δt: 20 minutes,max|u|: (2.28e+00, 2.18e+00, 6.86e-03) m s⁻¹, extrema(T): (31.00, -1.96) ᵒC, extrema(S): (39.70, 19.77) g/kg, extrema(η): (3.85, -2.17) m, wall time: 16.834 seconds 
[ Info: time: 2613 days, iteration: 188136, Δt: 20 minutes,max|u|: (2.18e+00, 1.82e+00, 6.88e-03) m s⁻¹, extrema(T): (31.02, -1.95) ᵒC, extrema(S): (39.70, 19.82) g/kg, extrema(η): (3.46, -2.27) m, wall time: 11.957 seconds 
[ Info: time: 2614 days, iteration: 188208, Δt: 20 minutes,max|u|: (1.34e+00, 1.53e+00, 6.93e-03) m s⁻¹, extrema(T): (31.06, -1.95) ᵒC, extrema(S): (39.68, 19.81) g/kg, extrema(η): (2.94, -2.23) m, wall time: 12.003 seconds 
[ Info: time: 2615 days, iteration: 188280, Δt: 20 minutes,max|u|: (1.32e+00, 1.51e+00, 6.91e-03) m s⁻¹, extrema(T): (31.11, -1.95) ᵒC, extrema(S): (39.68, 19.84) g/kg, extrema(η): (2.67, -3.39) m, wall time: 12.041 seconds 
[ Info: Saving checkpoint file
[ Info: time: 2616 days, iteration: 188352, Δt: 20 minutes,max|u|: (1.74e+00, 1.58e+00, 6.90e-03) m s⁻¹, extrema(T): (31.16, -1.95) ᵒC, extrema(S): (39.67, 19.77) g/kg, extrema(η): (2.20, -2.00) m, wall time: 22.307 seconds 
[ Info: time: 2617 days, iteration: 188424, Δt: 20 minutes,max|u|: (1.38e+00, 1.52e+00, 6.87e-03) m s⁻¹, extrema(T): (31.18, -1.95) ᵒC, extrema(S): (39.67, 19.62) g/kg, extrema(η): (3.79, -2.24) m, wall time: 11.887 seconds 
[ Info: time: 2618 days, iteration: 188496, Δt: 20 minutes,max|u|: (1.28e+00, 1.51e+00, 6.90e-03) m s⁻¹, extrema(T): (31.19, -1.95) ᵒC, extrema(S): (39.67, 19.49) g/kg, extrema(η): (4.34, -2.02) m, wall time: 11.830 seconds 
[ Info: time: 2619 days, iteration: 188568, Δt: 20 minutes,max|u|: (1.54e+00, 1.65e+00, 6.91e-03) m s⁻¹, extrema(T): (31.16, -1.95) ᵒC, extrema(S): (39.67, 19.39) g/kg, extrema(η): (1.13, -2.15) m, wall time: 11.844 seconds 
[ Info: time: 2620 days, iteration: 188640, Δt: 20 minutes,max|u|: (1.29e+00, 1.56e+00, 6.91e-03) m s⁻¹, extrema(T): (31.19, -1.95) ᵒC, extrema(S): (39.66, 19.29) g/kg, extrema(η): (1.49, -3.27) m, wall time: 11.908 seconds 
[ Info: time: 2621 days, iteration: 188712, Δt: 20 minutes,max|u|: (1.57e+00, 1.69e+00, 6.89e-03) m s⁻¹, extrema(T): (31.26, -1.95) ᵒC, extrema(S): (39.66, 19.19) g/kg, extrema(η): (1.37, -2.19) m, wall time: 11.787 seconds 
[ Info: time: 2622 days, iteration: 188784, Δt: 20 minutes,max|u|: (1.36e+00, 1.54e+00, 6.90e-03) m s⁻¹, extrema(T): (31.24, -1.95) ᵒC, extrema(S): (39.66, 19.12) g/kg, extrema(η): (2.94, -2.23) m, wall time: 11.789 seconds 
[ Info: time: 2623 days, iteration: 188856, Δt: 20 minutes,max|u|: (1.36e+00, 1.53e+00, 6.98e-03) m s⁻¹, extrema(T): (31.24, -1.95) ᵒC, extrema(S): (39.66, 19.05) g/kg, extrema(η): (4.41, -2.06) m, wall time: 11.835 seconds 
[ Info: time: 2624 days, iteration: 188928, Δt: 20 minutes,max|u|: (1.35e+00, 1.71e+00, 7.04e-03) m s⁻¹, extrema(T): (31.24, -1.95) ᵒC, extrema(S): (39.66, 18.98) g/kg, extrema(η): (1.33, -2.16) m, wall time: 16.752 seconds 
[ Info: time: 2625 days, iteration: 189000, Δt: 20 minutes,max|u|: (1.49e+00, 1.79e+00, 7.06e-03) m s⁻¹, extrema(T): (31.25, -1.95) ᵒC, extrema(S): (39.66, 18.94) g/kg, extrema(η): (1.26, -3.42) m, wall time: 11.727 seconds 
[ Info: time: 2626 days, iteration: 189072, Δt: 20 minutes,max|u|: (1.40e+00, 1.59e+00, 7.12e-03) m s⁻¹, extrema(T): (31.26, -1.95) ᵒC, extrema(S): (39.66, 18.89) g/kg, extrema(η): (1.19, -2.24) m, wall time: 11.722 seconds 
[ Info: time: 2627 days, iteration: 189144, Δt: 20 minutes,max|u|: (1.43e+00, 1.62e+00, 7.11e-03) m s⁻¹, extrema(T): (31.22, -1.95) ᵒC, extrema(S): (39.66, 18.84) g/kg, extrema(η): (2.21, -2.07) m, wall time: 11.786 seconds 
[ Info: time: 2628 days, iteration: 189216, Δt: 20 minutes,max|u|: (1.54e+00, 1.89e+00, 7.17e-03) m s⁻¹, extrema(T): (31.23, -1.95) ᵒC, extrema(S): (39.66, 18.81) g/kg, extrema(η): (4.13, -2.03) m, wall time: 11.811 seconds 
[ Info: time: 2629 days, iteration: 189288, Δt: 20 minutes,max|u|: (1.44e+00, 1.65e+00, 7.20e-03) m s⁻¹, extrema(T): (31.24, -1.96) ᵒC, extrema(S): (39.66, 18.77) g/kg, extrema(η): (1.58, -2.04) m, wall time: 11.759 seconds 
[ Info: time: 2630 days, iteration: 189360, Δt: 20 minutes,max|u|: (2.73e+00, 1.85e+00, 7.17e-03) m s⁻¹, extrema(T): (31.26, -1.96) ᵒC, extrema(S): (39.66, 18.75) g/kg, extrema(η): (1.26, -2.83) m, wall time: 11.794 seconds 
[ Info: time: 2631 days, iteration: 189432, Δt: 20 minutes,max|u|: (1.43e+00, 1.58e+00, 7.20e-03) m s⁻¹, extrema(T): (31.28, -1.96) ᵒC, extrema(S): (39.66, 18.73) g/kg, extrema(η): (1.72, -2.96) m, wall time: 11.795 seconds 
[ Info: time: 2632 days, iteration: 189504, Δt: 20 minutes,max|u|: (1.42e+00, 1.66e+00, 7.20e-03) m s⁻¹, extrema(T): (31.29, -1.96) ᵒC, extrema(S): (39.66, 18.71) g/kg, extrema(η): (2.39, -2.13) m, wall time: 11.859 seconds 
[ Info: time: 2633 days, iteration: 189576, Δt: 20 minutes,max|u|: (1.46e+00, 1.55e+00, 7.26e-03) m s⁻¹, extrema(T): (31.30, -1.96) ᵒC, extrema(S): (39.66, 18.67) g/kg, extrema(η): (4.32, -2.06) m, wall time: 11.832 seconds 
[ Info: time: 2634 days, iteration: 189648, Δt: 20 minutes,max|u|: (1.48e+00, 1.57e+00, 7.32e-03) m s⁻¹, extrema(T): (31.31, -1.96) ᵒC, extrema(S): (39.66, 18.65) g/kg, extrema(η): (3.27, -2.18) m, wall time: 17.218 seconds 
[ Info: time: 2635 days, iteration: 189720, Δt: 20 minutes,max|u|: (1.59e+00, 1.57e+00, 7.24e-03) m s⁻¹, extrema(T): (31.34, -1.96) ᵒC, extrema(S): (39.66, 18.62) g/kg, extrema(η): (3.27, -2.26) m, wall time: 11.903 seconds 
[ Info: time: 2636 days, iteration: 189792, Δt: 20 minutes,max|u|: (1.51e+00, 1.58e+00, 7.26e-03) m s⁻¹, extrema(T): (31.34, -1.96) ᵒC, extrema(S): (39.65, 18.60) g/kg, extrema(η): (3.25, -3.59) m, wall time: 16.630 seconds 
[ Info: time: 2637 days, iteration: 189864, Δt: 20 minutes,max|u|: (1.55e+00, 1.74e+00, 7.30e-03) m s⁻¹, extrema(T): (31.35, -1.95) ᵒC, extrema(S): (39.65, 18.58) g/kg, extrema(η): (3.14, -2.01) m, wall time: 11.705 seconds 
[ Info: time: 2638 days, iteration: 189936, Δt: 20 minutes,max|u|: (1.59e+00, 1.59e+00, 7.28e-03) m s⁻¹, extrema(T): (31.34, -1.95) ᵒC, extrema(S): (39.65, 18.56) g/kg, extrema(η): (4.05, -2.07) m, wall time: 11.789 seconds 
[ Info: time: 2639 days, iteration: 190008, Δt: 20 minutes,max|u|: (2.72e+00, 1.57e+00, 7.36e-03) m s⁻¹, extrema(T): (31.35, -1.95) ᵒC, extrema(S): (39.65, 18.57) g/kg, extrema(η): (3.46, -2.25) m, wall time: 11.786 seconds 
[ Info: time: 2640 days, iteration: 190080, Δt: 20 minutes,max|u|: (1.67e+00, 1.56e+00, 7.33e-03) m s⁻¹, extrema(T): (31.24, -1.95) ᵒC, extrema(S): (39.65, 18.67) g/kg, extrema(η): (1.75, -2.25) m, wall time: 11.779 seconds 
[ Info: time: 2641 days, iteration: 190152, Δt: 20 minutes,max|u|: (1.86e+00, 1.55e+00, 7.33e-03) m s⁻¹, extrema(T): (31.05, -1.95) ᵒC, extrema(S): (39.65, 18.93) g/kg, extrema(η): (1.28, -3.59) m, wall time: 11.832 seconds 
[ Info: time: 2642 days, iteration: 190224, Δt: 20 minutes,max|u|: (1.71e+00, 1.80e+00, 7.32e-03) m s⁻¹, extrema(T): (31.03, -1.94) ᵒC, extrema(S): (39.65, 19.50) g/kg, extrema(η): (1.22, -2.10) m, wall time: 11.818 seconds 
[ Info: time: 2643 days, iteration: 190296, Δt: 20 minutes,max|u|: (1.69e+00, 1.52e+00, 7.32e-03) m s⁻¹, extrema(T): (31.01, -1.94) ᵒC, extrema(S): (39.65, 19.73) g/kg, extrema(η): (3.66, -2.24) m, wall time: 11.895 seconds 
[ Info: time: 2644 days, iteration: 190368, Δt: 20 minutes,max|u|: (1.69e+00, 1.53e+00, 7.31e-03) m s⁻¹, extrema(T): (31.14, -1.94) ᵒC, extrema(S): (39.64, 19.60) g/kg, extrema(η): (3.83, -2.23) m, wall time: 11.760 seconds 
[ Info: time: 2645 days, iteration: 190440, Δt: 20 minutes,max|u|: (1.97e+00, 1.66e+00, 7.31e-03) m s⁻¹, extrema(T): (31.08, -1.93) ᵒC, extrema(S): (39.64, 19.43) g/kg, extrema(η): (1.53, -2.20) m, wall time: 11.830 seconds 
[ Info: time: 2646 days, iteration: 190512, Δt: 20 minutes,max|u|: (1.75e+00, 1.66e+00, 7.31e-03) m s⁻¹, extrema(T): (31.07, -1.93) ᵒC, extrema(S): (39.64, 19.32) g/kg, extrema(η): (1.38, -3.53) m, wall time: 11.821 seconds 
[ Info: time: 2647 days, iteration: 190584, Δt: 20 minutes,max|u|: (1.76e+00, 1.75e+00, 7.29e-03) m s⁻¹, extrema(T): (31.06, -1.93) ᵒC, extrema(S): (39.64, 19.26) g/kg, extrema(η): (1.32, -2.24) m, wall time: 11.826 seconds 
[ Info: time: 2648 days, iteration: 190656, Δt: 20 minutes,max|u|: (1.78e+00, 1.65e+00, 7.24e-03) m s⁻¹, extrema(T): (31.06, -1.93) ᵒC, extrema(S): (39.64, 19.24) g/kg, extrema(η): (2.84, -2.26) m, wall time: 11.751 seconds 
[ Info: time: 2649 days, iteration: 190728, Δt: 20 minutes,max|u|: (1.80e+00, 1.55e+00, 7.26e-03) m s⁻¹, extrema(T): (31.09, -1.93) ᵒC, extrema(S): (39.64, 19.14) g/kg, extrema(η): (4.44, -2.25) m, wall time: 16.703 seconds 
[ Info: time: 2650 days, iteration: 190800, Δt: 20 minutes,max|u|: (1.88e+00, 1.61e+00, 7.21e-03) m s⁻¹, extrema(T): (31.17, -1.92) ᵒC, extrema(S): (39.64, 19.04) g/kg, extrema(η): (1.60, -2.15) m, wall time: 11.803 seconds 
[ Info: time: 2651 days, iteration: 190872, Δt: 20 minutes,max|u|: (1.81e+00, 1.55e+00, 7.21e-03) m s⁻¹, extrema(T): (31.08, -1.92) ᵒC, extrema(S): (39.64, 18.99) g/kg, extrema(η): (1.24, -2.80) m, wall time: 11.884 seconds 
[ Info: time: 2652 days, iteration: 190944, Δt: 20 minutes,max|u|: (1.83e+00, 1.54e+00, 7.15e-03) m s⁻¹, extrema(T): (31.15, -1.92) ᵒC, extrema(S): (39.63, 18.91) g/kg, extrema(η): (1.19, -2.92) m, wall time: 11.872 seconds 
[ Info: time: 2653 days, iteration: 191016, Δt: 20 minutes,max|u|: (1.84e+00, 1.76e+00, 7.16e-03) m s⁻¹, extrema(T): (31.13, -1.92) ᵒC, extrema(S): (39.63, 19.08) g/kg, extrema(η): (1.44, -1.95) m, wall time: 11.822 seconds 
[ Info: time: 2654 days, iteration: 191088, Δt: 20 minutes,max|u|: (1.85e+00, 1.52e+00, 7.16e-03) m s⁻¹, extrema(T): (31.12, -1.91) ᵒC, extrema(S): (39.63, 19.60) g/kg, extrema(η): (4.27, -2.11) m, wall time: 11.745 seconds 
[ Info: time: 2655 days, iteration: 191160, Δt: 20 minutes,max|u|: (1.89e+00, 1.52e+00, 7.20e-03) m s⁻¹, extrema(T): (31.16, -1.91) ᵒC, extrema(S): (39.63, 19.59) g/kg, extrema(η): (2.52, -2.10) m, wall time: 11.756 seconds 
[ Info: time: 2656 days, iteration: 191232, Δt: 20 minutes,max|u|: (1.89e+00, 1.51e+00, 7.25e-03) m s⁻¹, extrema(T): (31.20, -1.91) ᵒC, extrema(S): (39.63, 19.52) g/kg, extrema(η): (2.71, -2.25) m, wall time: 11.694 seconds 
[ Info: time: 2657 days, iteration: 191304, Δt: 20 minutes,max|u|: (1.88e+00, 1.49e+00, 7.26e-03) m s⁻¹, extrema(T): (31.15, -1.91) ᵒC, extrema(S): (39.63, 19.43) g/kg, extrema(η): (3.02, -3.25) m, wall time: 11.757 seconds 
[ Info: time: 2658 days, iteration: 191376, Δt: 20 minutes,max|u|: (1.92e+00, 1.72e+00, 7.24e-03) m s⁻¹, extrema(T): (31.20, -1.91) ᵒC, extrema(S): (39.63, 19.51) g/kg, extrema(η): (3.23, -2.27) m, wall time: 11.693 seconds 
[ Info: time: 2659 days, iteration: 191448, Δt: 20 minutes,max|u|: (1.91e+00, 2.09e+00, 7.20e-03) m s⁻¹, extrema(T): (31.18, -1.91) ᵒC, extrema(S): (39.63, 19.54) g/kg, extrema(η): (3.93, -2.25) m, wall time: 11.759 seconds 
[ Info: time: 2660 days, iteration: 191520, Δt: 20 minutes,max|u|: (1.92e+00, 2.23e+00, 7.19e-03) m s⁻¹, extrema(T): (31.21, -1.91) ᵒC, extrema(S): (39.63, 19.48) g/kg, extrema(η): (3.52, -2.28) m, wall time: 11.778 seconds 
[ Info: time: 2661 days, iteration: 191592, Δt: 20 minutes,max|u|: (2.00e+00, 1.46e+00, 7.21e-03) m s⁻¹, extrema(T): (31.23, -1.91) ᵒC, extrema(S): (39.63, 19.51) g/kg, extrema(η): (2.81, -2.24) m, wall time: 16.634 seconds 
[ Info: time: 2662 days, iteration: 191664, Δt: 20 minutes,max|u|: (2.09e+00, 1.45e+00, 7.12e-03) m s⁻¹, extrema(T): (31.36, -1.91) ᵒC, extrema(S): (39.62, 19.40) g/kg, extrema(η): (2.49, -3.56) m, wall time: 11.840 seconds 
[ Info: time: 2663 days, iteration: 191736, Δt: 20 minutes,max|u|: (2.00e+00, 1.66e+00, 7.09e-03) m s⁻¹, extrema(T): (31.29, -1.91) ᵒC, extrema(S): (39.62, 19.47) g/kg, extrema(η): (2.04, -2.01) m, wall time: 11.786 seconds 
[ Info: time: 2664 days, iteration: 191808, Δt: 20 minutes,max|u|: (1.99e+00, 1.48e+00, 7.08e-03) m s⁻¹, extrema(T): (31.31, -1.91) ᵒC, extrema(S): (39.62, 19.54) g/kg, extrema(η): (3.16, -1.90) m, wall time: 11.807 seconds 
[ Info: time: 2665 days, iteration: 191880, Δt: 20 minutes,max|u|: (2.01e+00, 1.48e+00, 7.04e-03) m s⁻¹, extrema(T): (31.41, -1.91) ᵒC, extrema(S): (39.62, 19.54) g/kg, extrema(η): (4.19, -2.01) m, wall time: 17.551 seconds 
[ Info: time: 2666 days, iteration: 191952, Δt: 20 minutes,max|u|: (1.98e+00, 1.64e+00, 7.03e-03) m s⁻¹, extrema(T): (31.31, -1.91) ᵒC, extrema(S): (39.62, 19.55) g/kg, extrema(η): (1.29, -1.94) m, wall time: 11.780 seconds 
[ Info: time: 2667 days, iteration: 192024, Δt: 20 minutes,max|u|: (1.97e+00, 1.51e+00, 6.99e-03) m s⁻¹, extrema(T): (31.22, -1.91) ᵒC, extrema(S): (39.62, 19.45) g/kg, extrema(η): (1.26, -3.27) m, wall time: 11.739 seconds 
[ Info: time: 2668 days, iteration: 192096, Δt: 20 minutes,max|u|: (1.95e+00, 1.50e+00, 7.04e-03) m s⁻¹, extrema(T): (31.19, -1.91) ᵒC, extrema(S): (39.63, 19.45) g/kg, extrema(η): (1.43, -2.10) m, wall time: 11.718 seconds 
[ Info: time: 2669 days, iteration: 192168, Δt: 20 minutes,max|u|: (1.94e+00, 1.59e+00, 6.98e-03) m s⁻¹, extrema(T): (31.30, -1.91) ᵒC, extrema(S): (39.63, 19.48) g/kg, extrema(η): (2.45, -2.02) m, wall time: 11.936 seconds 
[ Info: time: 2670 days, iteration: 192240, Δt: 20 minutes,max|u|: (1.93e+00, 1.50e+00, 7.00e-03) m s⁻¹, extrema(T): (31.22, -1.92) ᵒC, extrema(S): (39.63, 19.37) g/kg, extrema(η): (4.45, -1.97) m, wall time: 11.745 seconds 
[ Info: time: 2671 days, iteration: 192312, Δt: 20 minutes,max|u|: (1.93e+00, 1.59e+00, 7.01e-03) m s⁻¹, extrema(T): (31.18, -1.92) ᵒC, extrema(S): (39.63, 19.35) g/kg, extrema(η): (1.78, -2.16) m, wall time: 11.800 seconds 
[ Info: time: 2672 days, iteration: 192384, Δt: 20 minutes,max|u|: (1.93e+00, 1.49e+00, 6.98e-03) m s⁻¹, extrema(T): (31.17, -1.92) ᵒC, extrema(S): (39.64, 19.57) g/kg, extrema(η): (1.32, -2.90) m, wall time: 11.782 seconds 
[ Info: time: 2673 days, iteration: 192456, Δt: 20 minutes,max|u|: (1.95e+00, 1.48e+00, 7.03e-03) m s⁻¹, extrema(T): (31.30, -1.92) ᵒC, extrema(S): (39.64, 19.50) g/kg, extrema(η): (1.26, -3.07) m, wall time: 11.781 seconds 
[ Info: time: 2674 days, iteration: 192528, Δt: 20 minutes,max|u|: (2.07e+00, 1.82e+00, 6.99e-03) m s⁻¹, extrema(T): (31.26, -1.92) ᵒC, extrema(S): (39.64, 19.67) g/kg, extrema(η): (1.34, -2.06) m, wall time: 22.231 seconds 
[ Info: time: 2675 days, iteration: 192600, Δt: 20 minutes,max|u|: (1.93e+00, 1.47e+00, 6.96e-03) m s⁻¹, extrema(T): (31.30, -1.92) ᵒC, extrema(S): (39.64, 19.61) g/kg, extrema(η): (4.09, -2.16) m, wall time: 11.775 seconds 
[ Info: time: 2676 days, iteration: 192672, Δt: 20 minutes,max|u|: (1.90e+00, 1.47e+00, 6.98e-03) m s⁻¹, extrema(T): (31.25, -1.92) ᵒC, extrema(S): (39.63, 19.67) g/kg, extrema(η): (2.54, -2.27) m, wall time: 11.840 seconds 
[ Info: time: 2677 days, iteration: 192744, Δt: 20 minutes,max|u|: (1.90e+00, 1.46e+00, 7.02e-03) m s⁻¹, extrema(T): (31.21, -1.92) ᵒC, extrema(S): (39.62, 19.62) g/kg, extrema(η): (1.42, -2.18) m, wall time: 11.812 seconds 
[ Info: time: 2678 days, iteration: 192816, Δt: 20 minutes,max|u|: (1.91e+00, 1.46e+00, 7.02e-03) m s⁻¹, extrema(T): (31.26, -1.93) ᵒC, extrema(S): (39.63, 19.57) g/kg, extrema(η): (1.72, -3.32) m, wall time: 11.888 seconds 
[ Info: time: 2679 days, iteration: 192888, Δt: 20 minutes,max|u|: (1.87e+00, 1.61e+00, 7.04e-03) m s⁻¹, extrema(T): (31.32, -1.91) ᵒC, extrema(S): (39.63, 19.58) g/kg, extrema(η): (2.30, -2.29) m, wall time: 11.754 seconds 
[ Info: time: 2680 days, iteration: 192960, Δt: 20 minutes,max|u|: (1.81e+00, 1.47e+00, 6.99e-03) m s⁻¹, extrema(T): (31.32, -1.92) ᵒC, extrema(S): (39.63, 19.46) g/kg, extrema(η): (3.33, -2.21) m, wall time: 11.874 seconds 
[ Info: time: 2681 days, iteration: 193032, Δt: 20 minutes,max|u|: (1.79e+00, 1.47e+00, 7.00e-03) m s⁻¹, extrema(T): (31.35, -1.91) ᵒC, extrema(S): (39.64, 19.57) g/kg, extrema(η): (4.16, -2.18) m, wall time: 11.830 seconds 
[ Info: time: 2682 days, iteration: 193104, Δt: 20 minutes,max|u|: (1.78e+00, 1.65e+00, 6.93e-03) m s⁻¹, extrema(T): (31.34, -1.92) ᵒC, extrema(S): (39.64, 19.58) g/kg, extrema(η): (3.21, -2.09) m, wall time: 11.797 seconds 
[ Info: time: 2683 days, iteration: 193176, Δt: 20 minutes,max|u|: (1.87e+00, 1.48e+00, 6.94e-03) m s⁻¹, extrema(T): (31.33, -1.92) ᵒC, extrema(S): (39.64, 19.63) g/kg, extrema(η): (3.11, -3.84) m, wall time: 11.861 seconds 
[ Info: time: 2684 days, iteration: 193248, Δt: 20 minutes,max|u|: (1.89e+00, 1.54e+00, 6.95e-03) m s⁻¹, extrema(T): (31.34, -1.92) ᵒC, extrema(S): (39.64, 19.33) g/kg, extrema(η): (2.99, -2.15) m, wall time: 11.775 seconds 
[ Info: time: 2685 days, iteration: 193320, Δt: 20 minutes,max|u|: (2.13e+00, 1.61e+00, 6.92e-03) m s⁻¹, extrema(T): (31.32, -1.92) ᵒC, extrema(S): (39.64, 18.39) g/kg, extrema(η): (2.63, -2.09) m, wall time: 11.782 seconds 
[ Info: time: 2686 days, iteration: 193392, Δt: 20 minutes,max|u|: (2.15e+00, 1.90e+00, 6.95e-03) m s⁻¹, extrema(T): (31.32, -1.92) ᵒC, extrema(S): (39.63, 17.72) g/kg, extrema(η): (4.27, -2.05) m, wall time: 16.599 seconds 
[ Info: time: 2687 days, iteration: 193464, Δt: 20 minutes,max|u|: (2.38e+00, 1.66e+00, 7.03e-03) m s⁻¹, extrema(T): (31.35, -1.91) ᵒC, extrema(S): (39.63, 17.47) g/kg, extrema(η): (1.84, -2.12) m, wall time: 11.801 seconds 
[ Info: time: 2688 days, iteration: 193536, Δt: 20 minutes,max|u|: (2.47e+00, 1.57e+00, 7.07e-03) m s⁻¹, extrema(T): (31.38, -1.90) ᵒC, extrema(S): (39.63, 16.98) g/kg, extrema(η): (1.22, -3.43) m, wall time: 11.801 seconds 
[ Info: time: 2689 days, iteration: 193608, Δt: 20 minutes,max|u|: (2.21e+00, 1.45e+00, 7.05e-03) m s⁻¹, extrema(T): (31.33, -1.90) ᵒC, extrema(S): (39.64, 17.03) g/kg, extrema(η): (1.35, -3.09) m, wall time: 11.802 seconds 
[ Info: time: 2690 days, iteration: 193680, Δt: 20 minutes,max|u|: (1.75e+00, 1.62e+00, 7.11e-03) m s⁻¹, extrema(T): (31.31, -1.90) ᵒC, extrema(S): (39.64, 16.59) g/kg, extrema(η): (1.27, -2.18) m, wall time: 11.820 seconds 
[ Info: time: 2691 days, iteration: 193752, Δt: 20 minutes,max|u|: (1.61e+00, 1.45e+00, 7.15e-03) m s⁻¹, extrema(T): (31.31, -1.91) ᵒC, extrema(S): (39.64, 16.29) g/kg, extrema(η): (4.19, -2.15) m, wall time: 11.761 seconds 
[ Info: time: 2692 days, iteration: 193824, Δt: 20 minutes,max|u|: (1.59e+00, 1.59e+00, 7.07e-03) m s⁻¹, extrema(T): (31.35, -1.92) ᵒC, extrema(S): (39.64, 16.44) g/kg, extrema(η): (2.08, -2.19) m, wall time: 11.871 seconds 
[ Info: time: 2693 days, iteration: 193896, Δt: 20 minutes,max|u|: (1.96e+00, 1.45e+00, 7.05e-03) m s⁻¹, extrema(T): (31.33, -1.92) ᵒC, extrema(S): (39.65, 16.45) g/kg, extrema(η): (1.30, -2.37) m, wall time: 11.665 seconds 
[ Info: time: 2694 days, iteration: 193968, Δt: 20 minutes,max|u|: (1.60e+00, 1.44e+00, 7.08e-03) m s⁻¹, extrema(T): (31.31, -1.92) ᵒC, extrema(S): (39.65, 16.08) g/kg, extrema(η): (1.24, -3.56) m, wall time: 11.769 seconds 
[ Info: time: 2695 days, iteration: 194040, Δt: 20 minutes,max|u|: (1.57e+00, 1.62e+00, 7.07e-03) m s⁻¹, extrema(T): (31.39, -1.92) ᵒC, extrema(S): (39.65, 16.37) g/kg, extrema(η): (1.22, -2.27) m, wall time: 11.725 seconds 
[ Info: time: 2696 days, iteration: 194112, Δt: 20 minutes,max|u|: (1.71e+00, 1.53e+00, 7.08e-03) m s⁻¹, extrema(T): (31.47, -1.93) ᵒC, extrema(S): (39.65, 17.21) g/kg, extrema(η): (4.16, -2.26) m, wall time: 16.843 seconds 
[ Info: time: 2697 days, iteration: 194184, Δt: 20 minutes,max|u|: (1.66e+00, 1.80e+00, 7.09e-03) m s⁻¹, extrema(T): (31.44, -1.93) ᵒC, extrema(S): (39.66, 16.84) g/kg, extrema(η): (3.00, -2.15) m, wall time: 11.652 seconds 
[ Info: time: 2698 days, iteration: 194256, Δt: 20 minutes,max|u|: (1.54e+00, 1.59e+00, 7.05e-03) m s⁻¹, extrema(T): (31.43, -1.93) ᵒC, extrema(S): (39.66, 16.67) g/kg, extrema(η): (1.30, -2.20) m, wall time: 16.642 seconds 
[ Info: time: 2699 days, iteration: 194328, Δt: 20 minutes,max|u|: (1.50e+00, 1.44e+00, 6.98e-03) m s⁻¹, extrema(T): (31.48, -1.93) ᵒC, extrema(S): (39.66, 17.12) g/kg, extrema(η): (1.33, -4.08) m, wall time: 11.812 seconds 
[ Info: time: 2700 days, iteration: 194400, Δt: 20 minutes,max|u|: (1.57e+00, 1.74e+00, 6.94e-03) m s⁻¹, extrema(T): (31.49, -1.92) ᵒC, extrema(S): (39.66, 17.34) g/kg, extrema(η): (1.50, -1.96) m, wall time: 11.704 seconds 
[ Info: time: 2701 days, iteration: 194472, Δt: 20 minutes,max|u|: (1.44e+00, 1.43e+00, 6.94e-03) m s⁻¹, extrema(T): (31.44, -1.93) ᵒC, extrema(S): (39.66, 18.24) g/kg, extrema(η): (3.69, -2.02) m, wall time: 11.744 seconds 
[ Info: time: 2702 days, iteration: 194544, Δt: 20 minutes,max|u|: (1.51e+00, 1.42e+00, 6.94e-03) m s⁻¹, extrema(T): (31.41, -1.92) ᵒC, extrema(S): (39.67, 18.93) g/kg, extrema(η): (3.85, -2.09) m, wall time: 11.680 seconds 
[ Info: time: 2703 days, iteration: 194616, Δt: 20 minutes,max|u|: (1.48e+00, 1.66e+00, 6.96e-03) m s⁻¹, extrema(T): (31.41, -1.91) ᵒC, extrema(S): (39.67, 18.73) g/kg, extrema(η): (3.01, -2.08) m, wall time: 11.704 seconds 
[ Info: time: 2704 days, iteration: 194688, Δt: 20 minutes,max|u|: (1.43e+00, 1.40e+00, 6.95e-03) m s⁻¹, extrema(T): (31.39, -1.93) ᵒC, extrema(S): (39.67, 18.92) g/kg, extrema(η): (3.27, -3.61) m, wall time: 11.722 seconds 
[ Info: time: 2705 days, iteration: 194760, Δt: 20 minutes,max|u|: (1.41e+00, 1.62e+00, 6.91e-03) m s⁻¹, extrema(T): (31.36, -1.93) ᵒC, extrema(S): (39.67, 19.06) g/kg, extrema(η): (3.37, -2.13) m, wall time: 11.767 seconds 
[ Info: time: 2706 days, iteration: 194832, Δt: 20 minutes,max|u|: (1.57e+00, 1.57e+00, 6.93e-03) m s⁻¹, extrema(T): (31.32, -1.94) ᵒC, extrema(S): (39.67, 19.17) g/kg, extrema(η): (3.27, -2.19) m, wall time: 11.769 seconds 
[ Info: time: 2707 days, iteration: 194904, Δt: 20 minutes,max|u|: (1.46e+00, 1.40e+00, 6.95e-03) m s⁻¹, extrema(T): (31.31, -1.94) ᵒC, extrema(S): (39.67, 18.83) g/kg, extrema(η): (4.42, -2.34) m, wall time: 11.827 seconds 
[ Info: time: 2708 days, iteration: 194976, Δt: 20 minutes,max|u|: (1.56e+00, 1.71e+00, 6.97e-03) m s⁻¹, extrema(T): (31.28, -1.94) ᵒC, extrema(S): (39.68, 18.37) g/kg, extrema(η): (2.65, -2.22) m, wall time: 11.771 seconds 
[ Info: time: 2709 days, iteration: 195048, Δt: 20 minutes,max|u|: (1.40e+00, 1.40e+00, 6.99e-03) m s⁻¹, extrema(T): (31.30, -1.94) ᵒC, extrema(S): (39.68, 17.82) g/kg, extrema(η): (2.29, -3.34) m, wall time: 11.877 seconds 
[ Info: time: 2710 days, iteration: 195120, Δt: 20 minutes,max|u|: (1.40e+00, 1.41e+00, 6.94e-03) m s⁻¹, extrema(T): (31.31, -1.94) ᵒC, extrema(S): (39.68, 17.47) g/kg, extrema(η): (1.89, -2.72) m, wall time: 11.845 seconds 
[ Info: time: 2711 days, iteration: 195192, Δt: 20 minutes,max|u|: (1.43e+00, 1.69e+00, 6.93e-03) m s⁻¹, extrema(T): (31.32, -1.94) ᵒC, extrema(S): (39.69, 16.65) g/kg, extrema(η): (1.89, -2.25) m, wall time: 16.506 seconds 
[ Info: time: 2712 days, iteration: 195264, Δt: 20 minutes,max|u|: (1.46e+00, 1.42e+00, 6.90e-03) m s⁻¹, extrema(T): (31.33, -1.94) ᵒC, extrema(S): (39.69, 16.55) g/kg, extrema(η): (4.67, -2.12) m, wall time: 11.755 seconds 
[ Info: time: 2713 days, iteration: 195336, Δt: 20 minutes,max|u|: (1.46e+00, 1.64e+00, 6.83e-03) m s⁻¹, extrema(T): (31.32, -1.94) ᵒC, extrema(S): (39.69, 16.87) g/kg, extrema(η): (2.03, -2.07) m, wall time: 11.785 seconds 
[ Info: time: 2714 days, iteration: 195408, Δt: 20 minutes,max|u|: (1.52e+00, 1.43e+00, 6.77e-03) m s⁻¹, extrema(T): (31.26, -1.94) ᵒC, extrema(S): (39.69, 16.54) g/kg, extrema(η): (1.28, -2.82) m, wall time: 11.765 seconds 
[ Info: time: 2715 days, iteration: 195480, Δt: 20 minutes,max|u|: (1.61e+00, 1.43e+00, 6.75e-03) m s⁻¹, extrema(T): (31.27, -1.94) ᵒC, extrema(S): (39.70, 16.87) g/kg, extrema(η): (1.24, -3.42) m, wall time: 11.758 seconds 
[ Info: time: 2716 days, iteration: 195552, Δt: 20 minutes,max|u|: (1.92e+00, 1.69e+00, 6.80e-03) m s⁻¹, extrema(T): (31.26, -1.94) ᵒC, extrema(S): (39.70, 16.43) g/kg, extrema(η): (1.22, -2.06) m, wall time: 11.772 seconds 
[ Info: time: 2717 days, iteration: 195624, Δt: 20 minutes,max|u|: (2.11e+00, 1.42e+00, 6.82e-03) m s⁻¹, extrema(T): (31.27, -1.94) ᵒC, extrema(S): (39.70, 16.07) g/kg, extrema(η): (4.31, -2.12) m, wall time: 11.826 seconds 
[ Info: time: 2718 days, iteration: 195696, Δt: 20 minutes,max|u|: (1.98e+00, 1.43e+00, 6.78e-03) m s⁻¹, extrema(T): (31.26, -1.94) ᵒC, extrema(S): (39.70, 15.93) g/kg, extrema(η): (3.00, -2.05) m, wall time: 11.789 seconds 
[ Info: time: 2719 days, iteration: 195768, Δt: 20 minutes,max|u|: (1.91e+00, 1.52e+00, 6.86e-03) m s⁻¹, extrema(T): (31.24, -1.94) ᵒC, extrema(S): (39.71, 16.14) g/kg, extrema(η): (1.30, -2.08) m, wall time: 11.927 seconds 
[ Info: time: 2720 days, iteration: 195840, Δt: 20 minutes,max|u|: (1.80e+00, 1.39e+00, 6.86e-03) m s⁻¹, extrema(T): (31.21, -1.94) ᵒC, extrema(S): (39.71, 15.84) g/kg, extrema(η): (1.25, -3.94) m, wall time: 11.917 seconds 
[ Info: time: 2721 days, iteration: 195912, Δt: 20 minutes,max|u|: (1.88e+00, 1.70e+00, 6.85e-03) m s⁻¹, extrema(T): (31.20, -1.94) ᵒC, extrema(S): (39.72, 15.44) g/kg, extrema(η): (1.41, -2.02) m, wall time: 11.797 seconds 
[ Info: time: 2722 days, iteration: 195984, Δt: 20 minutes,max|u|: (2.55e+00, 1.58e+00, 6.89e-03) m s⁻¹, extrema(T): (31.20, -1.95) ᵒC, extrema(S): (39.71, 15.30) g/kg, extrema(η): (3.69, -2.04) m, wall time: 11.645 seconds 
[ Info: time: 2723 days, iteration: 196056, Δt: 20 minutes,max|u|: (1.65e+00, 1.38e+00, 6.93e-03) m s⁻¹, extrema(T): (31.19, -1.95) ᵒC, extrema(S): (39.72, 15.51) g/kg, extrema(η): (3.77, -2.10) m, wall time: 16.552 seconds 
[ Info: time: 2724 days, iteration: 196128, Δt: 20 minutes,max|u|: (1.60e+00, 1.66e+00, 6.89e-03) m s⁻¹, extrema(T): (31.17, -1.95) ᵒC, extrema(S): (39.73, 16.48) g/kg, extrema(η): (1.30, -2.06) m, wall time: 11.821 seconds 
[ Info: time: 2725 days, iteration: 196200, Δt: 20 minutes,max|u|: (2.15e+00, 1.40e+00, 6.77e-03) m s⁻¹, extrema(T): (31.09, -1.95) ᵒC, extrema(S): (39.73, 15.75) g/kg, extrema(η): (1.75, -4.03) m, wall time: 11.796 seconds 
[ Info: time: 2726 days, iteration: 196272, Δt: 20 minutes,max|u|: (2.05e+00, 1.59e+00, 6.79e-03) m s⁻¹, extrema(T): (30.97, -1.95) ᵒC, extrema(S): (39.72, 15.13) g/kg, extrema(η): (2.39, -2.23) m, wall time: 11.781 seconds 
[ Info: time: 2727 days, iteration: 196344, Δt: 20 minutes,max|u|: (2.29e+00, 2.16e+00, 6.85e-03) m s⁻¹, extrema(T): (30.91, -1.95) ᵒC, extrema(S): (39.73, 15.76) g/kg, extrema(η): (2.94, -2.26) m, wall time: 16.819 seconds 
[ Info: time: 2728 days, iteration: 196416, Δt: 20 minutes,max|u|: (2.22e+00, 1.44e+00, 6.88e-03) m s⁻¹, extrema(T): (30.93, -1.95) ᵒC, extrema(S): (39.73, 16.36) g/kg, extrema(η): (4.45, -2.20) m, wall time: 11.772 seconds 
[ Info: time: 2729 days, iteration: 196488, Δt: 20 minutes,max|u|: (1.70e+00, 1.65e+00, 7.00e-03) m s⁻¹, extrema(T): (31.01, -1.95) ᵒC, extrema(S): (39.73, 16.20) g/kg, extrema(η): (3.27, -2.23) m, wall time: 11.705 seconds 
[ Info: time: 2730 days, iteration: 196560, Δt: 20 minutes,max|u|: (1.57e+00, 1.55e+00, 7.08e-03) m s⁻¹, extrema(T): (30.99, -1.95) ᵒC, extrema(S): (39.73, 15.77) g/kg, extrema(η): (3.20, -3.34) m, wall time: 11.830 seconds 
[ Info: time: 2731 days, iteration: 196632, Δt: 20 minutes,max|u|: (1.58e+00, 1.47e+00, 7.03e-03) m s⁻¹, extrema(T): (30.97, -1.95) ᵒC, extrema(S): (39.73, 15.87) g/kg, extrema(η): (3.17, -2.59) m, wall time: 11.882 seconds 
[ Info: time: 2732 days, iteration: 196704, Δt: 20 minutes,max|u|: (1.63e+00, 1.73e+00, 7.00e-03) m s⁻¹, extrema(T): (31.07, -1.95) ᵒC, extrema(S): (39.73, 15.43) g/kg, extrema(η): (2.97, -2.13) m, wall time: 11.828 seconds 
[ Info: time: 2733 days, iteration: 196776, Δt: 20 minutes,max|u|: (1.77e+00, 1.48e+00, 6.89e-03) m s⁻¹, extrema(T): (31.11, -1.95) ᵒC, extrema(S): (39.74, 14.97) g/kg, extrema(η): (4.61, -1.99) m, wall time: 11.792 seconds 
[ Info: time: 2734 days, iteration: 196848, Δt: 20 minutes,max|u|: (2.02e+00, 1.64e+00, 6.85e-03) m s⁻¹, extrema(T): (31.25, -1.95) ᵒC, extrema(S): (39.74, 14.46) g/kg, extrema(η): (2.16, -2.04) m, wall time: 11.936 seconds 
[ Info: time: 2735 days, iteration: 196920, Δt: 20 minutes,max|u|: (1.82e+00, 1.50e+00, 6.84e-03) m s⁻¹, extrema(T): (31.19, -1.94) ᵒC, extrema(S): (39.75, 14.23) g/kg, extrema(η): (1.70, -2.89) m, wall time: 16.758 seconds 
[ Info: time: 2736 days, iteration: 196992, Δt: 20 minutes,max|u|: (1.69e+00, 1.50e+00, 6.83e-03) m s⁻¹, extrema(T): (31.22, -1.91) ᵒC, extrema(S): (39.75, 13.87) g/kg, extrema(η): (1.48, -3.06) m, wall time: 11.860 seconds 
[ Info: time: 2737 days, iteration: 197064, Δt: 20 minutes,max|u|: (1.66e+00, 1.79e+00, 6.83e-03) m s⁻¹, extrema(T): (31.22, -1.91) ᵒC, extrema(S): (39.75, 13.69) g/kg, extrema(η): (1.53, -2.24) m, wall time: 11.937 seconds 
[ Info: time: 2738 days, iteration: 197136, Δt: 20 minutes,max|u|: (1.55e+00, 1.49e+00, 6.80e-03) m s⁻¹, extrema(T): (31.27, -1.91) ᵒC, extrema(S): (39.75, 13.79) g/kg, extrema(η): (4.34, -2.28) m, wall time: 11.842 seconds 
[ Info: time: 2739 days, iteration: 197208, Δt: 20 minutes,max|u|: (1.80e+00, 1.48e+00, 6.84e-03) m s⁻¹, extrema(T): (31.14, -1.91) ᵒC, extrema(S): (39.76, 13.85) g/kg, extrema(η): (2.95, -2.26) m, wall time: 11.787 seconds 
[ Info: time: 2740 days, iteration: 197280, Δt: 20 minutes,max|u|: (2.01e+00, 1.48e+00, 6.88e-03) m s⁻¹, extrema(T): (31.07, -1.92) ᵒC, extrema(S): (39.76, 15.97) g/kg, extrema(η): (1.57, -2.32) m, wall time: 11.814 seconds 
[ Info: time: 2741 days, iteration: 197352, Δt: 20 minutes,max|u|: (1.77e+00, 1.46e+00, 6.94e-03) m s⁻¹, extrema(T): (31.08, -1.92) ᵒC, extrema(S): (39.76, 15.26) g/kg, extrema(η): (1.46, -3.82) m, wall time: 11.844 seconds 
[ Info: time: 2742 days, iteration: 197424, Δt: 20 minutes,max|u|: (2.25e+00, 1.73e+00, 6.98e-03) m s⁻¹, extrema(T): (31.09, -1.93) ᵒC, extrema(S): (39.76, 14.64) g/kg, extrema(η): (1.44, -2.10) m, wall time: 11.767 seconds 
[ Info: time: 2743 days, iteration: 197496, Δt: 20 minutes,max|u|: (2.24e+00, 1.43e+00, 7.00e-03) m s⁻¹, extrema(T): (31.10, -1.93) ᵒC, extrema(S): (39.77, 14.17) g/kg, extrema(η): (4.00, -2.14) m, wall time: 11.851 seconds 
[ Info: time: 2744 days, iteration: 197568, Δt: 20 minutes,max|u|: (1.93e+00, 1.43e+00, 6.99e-03) m s⁻¹, extrema(T): (31.29, -1.93) ᵒC, extrema(S): (39.77, 14.96) g/kg, extrema(η): (3.53, -2.11) m, wall time: 11.888 seconds 
[ Info: time: 2745 days, iteration: 197640, Δt: 20 minutes,max|u|: (2.16e+00, 1.70e+00, 7.08e-03) m s⁻¹, extrema(T): (31.20, -1.93) ᵒC, extrema(S): (39.77, 14.59) g/kg, extrema(η): (1.38, -2.22) m, wall time: 11.890 seconds 
[ Info: time: 2746 days, iteration: 197712, Δt: 20 minutes,max|u|: (2.68e+00, 1.43e+00, 7.13e-03) m s⁻¹, extrema(T): (31.11, -1.94) ᵒC, extrema(S): (39.77, 14.23) g/kg, extrema(η): (1.30, -3.62) m, wall time: 11.823 seconds 
[ Info: time: 2747 days, iteration: 197784, Δt: 20 minutes,max|u|: (2.28e+00, 1.63e+00, 7.23e-03) m s⁻¹, extrema(T): (31.31, -1.94) ᵒC, extrema(S): (39.78, 15.51) g/kg, extrema(η): (1.30, -2.14) m, wall time: 11.908 seconds 
[ Info: time: 2748 days, iteration: 197856, Δt: 20 minutes,max|u|: (2.20e+00, 1.65e+00, 7.27e-03) m s⁻¹, extrema(T): (31.66, -1.95) ᵒC, extrema(S): (39.78, 15.32) g/kg, extrema(η): (2.88, -2.23) m, wall time: 16.648 seconds 
[ Info: time: 2749 days, iteration: 197928, Δt: 20 minutes,max|u|: (2.36e+00, 1.43e+00, 7.28e-03) m s⁻¹, extrema(T): (31.59, -1.95) ᵒC, extrema(S): (39.78, 14.75) g/kg, extrema(η): (4.20, -2.15) m, wall time: 11.853 seconds 
[ Info: time: 2750 days, iteration: 198000, Δt: 20 minutes,max|u|: (2.74e+00, 1.64e+00, 7.21e-03) m s⁻¹, extrema(T): (31.66, -1.95) ᵒC, extrema(S): (39.78, 14.23) g/kg, extrema(η): (2.44, -2.07) m, wall time: 11.958 seconds 
[ Info: time: 2751 days, iteration: 198072, Δt: 20 minutes,max|u|: (1.93e+00, 1.44e+00, 7.14e-03) m s⁻¹, extrema(T): (31.62, -1.95) ᵒC, extrema(S): (39.78, 15.38) g/kg, extrema(η): (2.89, -3.13) m, wall time: 11.866 seconds 
[ Info: time: 2752 days, iteration: 198144, Δt: 20 minutes,max|u|: (1.88e+00, 1.46e+00, 7.09e-03) m s⁻¹, extrema(T): (31.52, -1.96) ᵒC, extrema(S): (39.79, 15.28) g/kg, extrema(η): (3.16, -2.78) m, wall time: 11.822 seconds 
[ Info: time: 2753 days, iteration: 198216, Δt: 20 minutes,max|u|: (1.82e+00, 1.78e+00, 7.06e-03) m s⁻¹, extrema(T): (31.61, -1.96) ᵒC, extrema(S): (39.79, 15.51) g/kg, extrema(η): (3.27, -2.25) m, wall time: 11.752 seconds 
[ Info: time: 2754 days, iteration: 198288, Δt: 20 minutes,max|u|: (1.84e+00, 1.47e+00, 7.09e-03) m s⁻¹, extrema(T): (31.72, -1.96) ᵒC, extrema(S): (39.79, 14.60) g/kg, extrema(η): (4.50, -2.24) m, wall time: 11.786 seconds 
[ Info: time: 2755 days, iteration: 198360, Δt: 20 minutes,max|u|: (2.28e+00, 1.71e+00, 7.03e-03) m s⁻¹, extrema(T): (31.70, -1.96) ᵒC, extrema(S): (39.79, 15.90) g/kg, extrema(η): (3.13, -2.21) m, wall time: 11.983 seconds 
[ Info: time: 2756 days, iteration: 198432, Δt: 20 minutes,max|u|: (1.72e+00, 1.48e+00, 6.99e-03) m s⁻¹, extrema(T): (31.70, -1.94) ᵒC, extrema(S): (39.80, 16.53) g/kg, extrema(η): (2.82, -2.63) m, wall time: 11.852 seconds 
[ Info: time: 2757 days, iteration: 198504, Δt: 20 minutes,max|u|: (1.73e+00, 1.47e+00, 6.97e-03) m s⁻¹, extrema(T): (31.78, -1.94) ᵒC, extrema(S): (39.80, 15.57) g/kg, extrema(η): (2.63, -3.47) m, wall time: 11.788 seconds 
[ Info: time: 2758 days, iteration: 198576, Δt: 20 minutes,max|u|: (1.98e+00, 1.74e+00, 6.91e-03) m s⁻¹, extrema(T): (32.10, -1.94) ᵒC, extrema(S): (39.80, 16.33) g/kg, extrema(η): (2.25, -1.92) m, wall time: 17.538 seconds 
[ Info: time: 2759 days, iteration: 198648, Δt: 20 minutes,max|u|: (2.18e+00, 1.46e+00, 6.93e-03) m s⁻¹, extrema(T): (32.24, -1.94) ᵒC, extrema(S): (39.80, 16.67) g/kg, extrema(η): (4.34, -2.09) m, wall time: 11.811 seconds 
[ Info: time: 2760 days, iteration: 198720, Δt: 20 minutes,max|u|: (2.00e+00, 1.46e+00, 6.91e-03) m s⁻¹, extrema(T): (32.22, -1.95) ᵒC, extrema(S): (39.81, 15.68) g/kg, extrema(η): (3.03, -2.07) m, wall time: 16.646 seconds 
[ Info: time: 2761 days, iteration: 198792, Δt: 20 minutes,max|u|: (2.11e+00, 1.58e+00, 6.86e-03) m s⁻¹, extrema(T): (32.20, -1.95) ᵒC, extrema(S): (39.81, 15.22) g/kg, extrema(η): (1.43, -2.09) m, wall time: 11.804 seconds 
[ Info: time: 2762 days, iteration: 198864, Δt: 20 minutes,max|u|: (2.00e+00, 1.46e+00, 6.83e-03) m s⁻¹, extrema(T): (32.31, -1.94) ᵒC, extrema(S): (39.81, 14.77) g/kg, extrema(η): (1.41, -3.84) m, wall time: 11.847 seconds 
[ Info: time: 2763 days, iteration: 198936, Δt: 20 minutes,max|u|: (1.79e+00, 1.68e+00, 6.83e-03) m s⁻¹, extrema(T): (32.18, -1.94) ᵒC, extrema(S): (39.81, 14.74) g/kg, extrema(η): (1.38, -2.24) m, wall time: 11.824 seconds 
[ Info: time: 2764 days, iteration: 199008, Δt: 20 minutes,max|u|: (2.09e+00, 1.47e+00, 6.82e-03) m s⁻¹, extrema(T): (32.32, -1.94) ᵒC, extrema(S): (39.82, 14.41) g/kg, extrema(η): (3.46, -2.16) m, wall time: 11.720 seconds 
[ Info: time: 2765 days, iteration: 199080, Δt: 20 minutes,max|u|: (2.21e+00, 1.52e+00, 6.77e-03) m s⁻¹, extrema(T): (32.27, -1.94) ᵒC, extrema(S): (39.83, 13.95) g/kg, extrema(η): (3.92, -2.32) m, wall time: 11.648 seconds 
[ Info: time: 2766 days, iteration: 199152, Δt: 20 minutes,max|u|: (1.94e+00, 1.73e+00, 6.78e-03) m s⁻¹, extrema(T): (32.13, -1.94) ᵒC, extrema(S): (39.82, 13.54) g/kg, extrema(η): (1.40, -2.09) m, wall time: 11.898 seconds 
[ Info: time: 2767 days, iteration: 199224, Δt: 20 minutes,max|u|: (1.69e+00, 1.42e+00, 6.79e-03) m s⁻¹, extrema(T): (32.17, -1.94) ᵒC, extrema(S): (39.82, 13.23) g/kg, extrema(η): (1.37, -3.97) m, wall time: 11.735 seconds 
[ Info: time: 2768 days, iteration: 199296, Δt: 20 minutes,max|u|: (1.61e+00, 1.54e+00, 6.83e-03) m s⁻¹, extrema(T): (32.17, -1.94) ᵒC, extrema(S): (39.82, 13.41) g/kg, extrema(η): (1.40, -2.12) m, wall time: 11.715 seconds 
[ Info: time: 2769 days, iteration: 199368, Δt: 20 minutes,max|u|: (1.70e+00, 1.53e+00, 6.87e-03) m s⁻¹, extrema(T): (32.09, -1.94) ᵒC, extrema(S): (39.82, 13.73) g/kg, extrema(η): (2.52, -2.06) m, wall time: 11.808 seconds 
[ Info: time: 2770 days, iteration: 199440, Δt: 20 minutes,max|u|: (1.61e+00, 1.54e+00, 6.85e-03) m s⁻¹, extrema(T): (32.08, -1.94) ᵒC, extrema(S): (39.83, 13.73) g/kg, extrema(η): (4.35, -2.11) m, wall time: 11.851 seconds 
[ Info: time: 2771 days, iteration: 199512, Δt: 20 minutes,max|u|: (1.58e+00, 1.62e+00, 6.88e-03) m s⁻¹, extrema(T): (32.04, -1.94) ᵒC, extrema(S): (39.83, 13.89) g/kg, extrema(η): (1.75, -2.11) m, wall time: 11.918 seconds 
[ Info: time: 2772 days, iteration: 199584, Δt: 20 minutes,max|u|: (1.66e+00, 1.61e+00, 6.84e-03) m s⁻¹, extrema(T): (31.97, -1.94) ᵒC, extrema(S): (39.83, 14.29) g/kg, extrema(η): (1.62, -3.19) m, wall time: 11.828 seconds 
[ Info: time: 2773 days, iteration: 199656, Δt: 20 minutes,max|u|: (1.48e+00, 1.63e+00, 6.86e-03) m s⁻¹, extrema(T): (31.81, -1.94) ᵒC, extrema(S): (39.84, 14.70) g/kg, extrema(η): (2.16, -2.73) m, wall time: 22.182 seconds 
[ Info: time: 2774 days, iteration: 199728, Δt: 20 minutes,max|u|: (1.69e+00, 1.72e+00, 6.89e-03) m s⁻¹, extrema(T): (31.74, -1.94) ᵒC, extrema(S): (39.84, 14.38) g/kg, extrema(η): (2.73, -2.24) m, wall time: 11.977 seconds 
[ Info: time: 2775 days, iteration: 199800, Δt: 20 minutes,max|u|: (1.77e+00, 1.61e+00, 6.91e-03) m s⁻¹, extrema(T): (31.79, -1.94) ᵒC, extrema(S): (39.85, 13.80) g/kg, extrema(η): (4.49, -2.23) m, wall time: 11.763 seconds 
[ Info: time: 2776 days, iteration: 199872, Δt: 20 minutes,max|u|: (1.90e+00, 1.59e+00, 6.88e-03) m s⁻¹, extrema(T): (31.81, -1.95) ᵒC, extrema(S): (39.86, 13.81) g/kg, extrema(η): (3.32, -2.25) m, wall time: 11.850 seconds 
[ Info: time: 2777 days, iteration: 199944, Δt: 20 minutes,max|u|: (1.85e+00, 1.53e+00, 6.87e-03) m s⁻¹, extrema(T): (31.60, -1.95) ᵒC, extrema(S): (39.86, 14.52) g/kg, extrema(η): (3.43, -2.18) m, wall time: 11.859 seconds 
[ Info: time: 2778 days, iteration: 200016, Δt: 20 minutes,max|u|: (1.93e+00, 1.52e+00, 6.92e-03) m s⁻¹, extrema(T): (31.53, -1.95) ᵒC, extrema(S): (39.86, 14.13) g/kg, extrema(η): (3.27, -3.34) m, wall time: 11.779 seconds 
[ Info: time: 2779 days, iteration: 200088, Δt: 20 minutes,max|u|: (2.02e+00, 1.75e+00, 6.86e-03) m s⁻¹, extrema(T): (31.56, -1.95) ᵒC, extrema(S): (39.85, 15.29) g/kg, extrema(η): (3.05, -1.92) m, wall time: 11.841 seconds 
[ Info: time: 2780 days, iteration: 200160, Δt: 20 minutes,max|u|: (2.06e+00, 1.50e+00, 6.83e-03) m s⁻¹, extrema(T): (31.62, -1.96) ᵒC, extrema(S): (39.85, 15.14) g/kg, extrema(η): (4.02, -2.04) m, wall time: 11.795 seconds 
[ Info: time: 2781 days, iteration: 200232, Δt: 20 minutes,max|u|: (1.80e+00, 1.86e+00, 6.88e-03) m s⁻¹, extrema(T): (31.60, -1.96) ᵒC, extrema(S): (39.86, 14.74) g/kg, extrema(η): (3.82, -2.12) m, wall time: 11.841 seconds 
[ Info: time: 2782 days, iteration: 200304, Δt: 20 minutes,max|u|: (2.05e+00, 1.64e+00, 6.98e-03) m s⁻¹, extrema(T): (31.50, -1.96) ᵒC, extrema(S): (39.85, 14.64) g/kg, extrema(η): (2.05, -2.13) m, wall time: 11.866 seconds 
[ Info: time: 2783 days, iteration: 200376, Δt: 20 minutes,max|u|: (1.99e+00, 1.44e+00, 7.02e-03) m s⁻¹, extrema(T): (31.45, -1.96) ᵒC, extrema(S): (39.85, 14.85) g/kg, extrema(η): (1.72, -3.57) m, wall time: 11.847 seconds 
[ Info: time: 2784 days, iteration: 200448, Δt: 20 minutes,max|u|: (2.54e+00, 1.52e+00, 7.08e-03) m s⁻¹, extrema(T): (31.44, -1.96) ᵒC, extrema(S): (39.86, 14.96) g/kg, extrema(η): (1.65, -2.19) m, wall time: 11.780 seconds 
[ Info: time: 2785 days, iteration: 200520, Δt: 20 minutes,max|u|: (2.41e+00, 1.55e+00, 7.10e-03) m s⁻¹, extrema(T): (31.47, -1.96) ᵒC, extrema(S): (39.86, 14.46) g/kg, extrema(η): (3.20, -2.25) m, wall time: 16.666 seconds 
[ Info: time: 2786 days, iteration: 200592, Δt: 20 minutes,max|u|: (2.44e+00, 1.40e+00, 7.03e-03) m s⁻¹, extrema(T): (31.50, -1.95) ᵒC, extrema(S): (39.86, 14.95) g/kg, extrema(η): (4.52, -2.05) m, wall time: 11.798 seconds 
[ Info: time: 2787 days, iteration: 200664, Δt: 20 minutes,max|u|: (2.18e+00, 1.72e+00, 7.01e-03) m s⁻¹, extrema(T): (31.50, -1.95) ᵒC, extrema(S): (39.86, 15.33) g/kg, extrema(η): (1.46, -2.13) m, wall time: 11.810 seconds 
[ Info: time: 2788 days, iteration: 200736, Δt: 20 minutes,max|u|: (2.41e+00, 1.40e+00, 7.00e-03) m s⁻¹, extrema(T): (31.39, -1.95) ᵒC, extrema(S): (39.86, 15.63) g/kg, extrema(η): (1.56, -3.51) m, wall time: 11.816 seconds 
[ Info: time: 2789 days, iteration: 200808, Δt: 20 minutes,max|u|: (2.23e+00, 1.53e+00, 6.99e-03) m s⁻¹, extrema(T): (31.33, -1.94) ᵒC, extrema(S): (39.86, 14.79) g/kg, extrema(η): (1.35, -2.84) m, wall time: 16.433 seconds 
[ Info: time: 2790 days, iteration: 200880, Δt: 20 minutes,max|u|: (2.26e+00, 1.66e+00, 7.04e-03) m s⁻¹, extrema(T): (31.30, -1.94) ᵒC, extrema(S): (39.86, 14.31) g/kg, extrema(η): (1.82, -2.05) m, wall time: 11.817 seconds 
[ Info: time: 2791 days, iteration: 200952, Δt: 20 minutes,max|u|: (2.87e+00, 1.43e+00, 7.02e-03) m s⁻¹, extrema(T): (31.30, -1.93) ᵒC, extrema(S): (39.86, 13.93) g/kg, extrema(η): (4.32, -2.18) m, wall time: 11.881 seconds 
[ Info: time: 2792 days, iteration: 201024, Δt: 20 minutes,max|u|: (2.26e+00, 1.63e+00, 7.06e-03) m s⁻¹, extrema(T): (31.39, -1.94) ᵒC, extrema(S): (39.87, 13.55) g/kg, extrema(η): (1.78, -2.11) m, wall time: 11.851 seconds 
[ Info: time: 2793 days, iteration: 201096, Δt: 20 minutes,max|u|: (2.27e+00, 1.42e+00, 7.11e-03) m s⁻¹, extrema(T): (31.41, -1.95) ᵒC, extrema(S): (39.86, 14.80) g/kg, extrema(η): (1.44, -2.85) m, wall time: 11.687 seconds 
[ Info: time: 2794 days, iteration: 201168, Δt: 20 minutes,max|u|: (2.45e+00, 1.57e+00, 7.08e-03) m s⁻¹, extrema(T): (31.42, -1.95) ᵒC, extrema(S): (39.86, 14.87) g/kg, extrema(η): (1.36, -3.50) m, wall time: 12.018 seconds 
[ Info: time: 2795 days, iteration: 201240, Δt: 20 minutes,max|u|: (2.42e+00, 1.90e+00, 7.06e-03) m s⁻¹, extrema(T): (31.42, -1.95) ᵒC, extrema(S): (39.86, 15.00) g/kg, extrema(η): (1.52, -2.23) m, wall time: 11.832 seconds 
[ Info: time: 2796 days, iteration: 201312, Δt: 20 minutes,max|u|: (2.28e+00, 1.41e+00, 7.03e-03) m s⁻¹, extrema(T): (31.30, -1.95) ᵒC, extrema(S): (39.87, 15.39) g/kg, extrema(η): (4.28, -2.04) m, wall time: 11.771 seconds 
[ Info: time: 2797 days, iteration: 201384, Δt: 20 minutes,max|u|: (2.03e+00, 2.56e+00, 7.03e-03) m s⁻¹, extrema(T): (31.28, -1.95) ᵒC, extrema(S): (39.87, 14.73) g/kg, extrema(η): (2.82, -1.99) m, wall time: 16.683 seconds 
[ Info: time: 2798 days, iteration: 201456, Δt: 20 minutes,max|u|: (2.16e+00, 1.74e+00, 6.98e-03) m s⁻¹, extrema(T): (31.32, -1.95) ᵒC, extrema(S): (39.87, 14.15) g/kg, extrema(η): (2.50, -2.01) m, wall time: 11.839 seconds 
[ Info: time: 2799 days, iteration: 201528, Δt: 20 minutes,max|u|: (2.35e+00, 1.81e+00, 6.99e-03) m s⁻¹, extrema(T): (31.30, -1.95) ᵒC, extrema(S): (39.87, 13.82) g/kg, extrema(η): (2.82, -3.77) m, wall time: 11.866 seconds 
[ Info: time: 2800 days, iteration: 201600, Δt: 20 minutes,max|u|: (2.44e+00, 1.73e+00, 7.02e-03) m s⁻¹, extrema(T): (31.32, -1.95) ᵒC, extrema(S): (39.87, 14.28) g/kg, extrema(η): (3.17, -2.13) m, wall time: 11.791 seconds 
[ Info: time: 2801 days, iteration: 201672, Δt: 20 minutes,max|u|: (2.49e+00, 1.42e+00, 7.01e-03) m s⁻¹, extrema(T): (31.32, -1.94) ᵒC, extrema(S): (39.87, 15.10) g/kg, extrema(η): (3.84, -2.20) m, wall time: 11.763 seconds 
[ Info: time: 2802 days, iteration: 201744, Δt: 20 minutes,max|u|: (2.35e+00, 1.61e+00, 7.07e-03) m s⁻¹, extrema(T): (31.32, -1.95) ᵒC, extrema(S): (39.88, 14.48) g/kg, extrema(η): (3.88, -2.25) m, wall time: 11.801 seconds 
[ Info: time: 2803 days, iteration: 201816, Δt: 20 minutes,max|u|: (2.38e+00, 1.67e+00, 7.09e-03) m s⁻¹, extrema(T): (31.31, -1.95) ᵒC, extrema(S): (39.87, 14.12) g/kg, extrema(η): (3.22, -2.43) m, wall time: 11.798 seconds 
[ Info: time: 2804 days, iteration: 201888, Δt: 20 minutes,max|u|: (2.33e+00, 1.97e+00, 7.07e-03) m s⁻¹, extrema(T): (31.34, -1.95) ᵒC, extrema(S): (39.88, 13.86) g/kg, extrema(η): (2.95, -3.88) m, wall time: 11.901 seconds 
[ Info: time: 2805 days, iteration: 201960, Δt: 20 minutes,max|u|: (2.06e+00, 1.63e+00, 7.00e-03) m s⁻¹, extrema(T): (31.31, -1.95) ᵒC, extrema(S): (39.87, 13.67) g/kg, extrema(η): (2.74, -2.36) m, wall time: 11.775 seconds 
[ Info: time: 2806 days, iteration: 202032, Δt: 20 minutes,max|u|: (2.04e+00, 1.77e+00, 6.96e-03) m s⁻¹, extrema(T): (31.30, -1.96) ᵒC, extrema(S): (39.87, 14.71) g/kg, extrema(η): (3.05, -2.26) m, wall time: 11.838 seconds 
[ Info: time: 2807 days, iteration: 202104, Δt: 20 minutes,max|u|: (2.23e+00, 1.55e+00, 6.99e-03) m s⁻¹, extrema(T): (31.29, -1.96) ᵒC, extrema(S): (39.87, 15.47) g/kg, extrema(η): (4.44, -2.19) m, wall time: 11.852 seconds 
[ Info: time: 2808 days, iteration: 202176, Δt: 20 minutes,max|u|: (2.50e+00, 1.75e+00, 6.94e-03) m s⁻¹, extrema(T): (31.29, -1.96) ᵒC, extrema(S): (39.87, 15.06) g/kg, extrema(η): (1.47, -2.11) m, wall time: 11.809 seconds 
[ Info: time: 2809 days, iteration: 202248, Δt: 20 minutes,max|u|: (2.54e+00, 1.50e+00, 6.93e-03) m s⁻¹, extrema(T): (31.29, -1.96) ᵒC, extrema(S): (39.88, 14.60) g/kg, extrema(η): (1.39, -3.50) m, wall time: 11.807 seconds 
[ Info: time: 2810 days, iteration: 202320, Δt: 20 minutes,max|u|: (2.47e+00, 1.54e+00, 6.89e-03) m s⁻¹, extrema(T): (31.29, -1.96) ᵒC, extrema(S): (39.88, 15.35) g/kg, extrema(η): (1.28, -2.39) m, wall time: 16.702 seconds 
[ Info: time: 2811 days, iteration: 202392, Δt: 20 minutes,max|u|: (2.31e+00, 1.57e+00, 6.83e-03) m s⁻¹, extrema(T): (31.28, -1.96) ᵒC, extrema(S): (39.89, 15.04) g/kg, extrema(η): (1.87, -2.17) m, wall time: 11.804 seconds 
[ Info: time: 2812 days, iteration: 202464, Δt: 20 minutes,max|u|: (2.03e+00, 1.45e+00, 6.85e-03) m s⁻¹, extrema(T): (31.22, -1.96) ᵒC, extrema(S): (39.90, 14.44) g/kg, extrema(η): (4.28, -2.21) m, wall time: 11.849 seconds 
[ Info: time: 2813 days, iteration: 202536, Δt: 20 minutes,max|u|: (2.02e+00, 1.48e+00, 6.88e-03) m s⁻¹, extrema(T): (31.17, -1.96) ᵒC, extrema(S): (39.88, 14.32) g/kg, extrema(η): (2.18, -2.08) m, wall time: 11.848 seconds 
[ Info: time: 2814 days, iteration: 202608, Δt: 20 minutes,max|u|: (2.38e+00, 1.44e+00, 6.90e-03) m s⁻¹, extrema(T): (31.13, -1.96) ᵒC, extrema(S): (39.88, 13.73) g/kg, extrema(η): (1.53, -2.29) m, wall time: 11.850 seconds 
[ Info: time: 2815 days, iteration: 202680, Δt: 20 minutes,max|u|: (2.32e+00, 1.45e+00, 6.89e-03) m s⁻¹, extrema(T): (31.12, -1.96) ᵒC, extrema(S): (39.89, 13.21) g/kg, extrema(η): (1.60, -3.20) m, wall time: 11.786 seconds 
[ Info: time: 2816 days, iteration: 202752, Δt: 20 minutes,max|u|: (2.60e+00, 1.71e+00, 6.85e-03) m s⁻¹, extrema(T): (31.08, -1.96) ᵒC, extrema(S): (39.88, 14.02) g/kg, extrema(η): (1.52, -2.15) m, wall time: 11.899 seconds 
[ Info: time: 2817 days, iteration: 202824, Δt: 20 minutes,max|u|: (2.57e+00, 1.74e+00, 6.76e-03) m s⁻¹, extrema(T): (31.06, -1.96) ᵒC, extrema(S): (39.88, 15.29) g/kg, extrema(η): (4.01, -2.27) m, wall time: 11.835 seconds 
[ Info: time: 2818 days, iteration: 202896, Δt: 20 minutes,max|u|: (2.34e+00, 1.44e+00, 6.76e-03) m s⁻¹, extrema(T): (31.06, -1.96) ᵒC, extrema(S): (39.88, 15.45) g/kg, extrema(η): (3.19, -2.40) m, wall time: 11.810 seconds 
[ Info: time: 2819 days, iteration: 202968, Δt: 20 minutes,max|u|: (2.19e+00, 1.48e+00, 6.67e-03) m s⁻¹, extrema(T): (31.02, -1.95) ᵒC, extrema(S): (39.88, 14.83) g/kg, extrema(η): (1.29, -2.35) m, wall time: 11.772 seconds 
[ Info: time: 2820 days, iteration: 203040, Δt: 20 minutes,max|u|: (2.31e+00, 1.56e+00, 6.72e-03) m s⁻¹, extrema(T): (30.99, -1.94) ᵒC, extrema(S): (39.88, 14.26) g/kg, extrema(η): (1.49, -3.31) m, wall time: 16.950 seconds 
[ Info: time: 2821 days, iteration: 203112, Δt: 20 minutes,max|u|: (2.42e+00, 1.66e+00, 6.80e-03) m s⁻¹, extrema(T): (31.00, -1.94) ᵒC, extrema(S): (39.88, 13.84) g/kg, extrema(η): (2.02, -2.10) m, wall time: 11.878 seconds 
[ Info: time: 2822 days, iteration: 203184, Δt: 20 minutes,max|u|: (2.37e+00, 1.62e+00, 6.84e-03) m s⁻¹, extrema(T): (31.04, -1.95) ᵒC, extrema(S): (39.89, 13.58) g/kg, extrema(η): (3.39, -2.18) m, wall time: 16.657 seconds 
[ Info: time: 2823 days, iteration: 203256, Δt: 20 minutes,max|u|: (2.26e+00, 1.59e+00, 6.85e-03) m s⁻¹, extrema(T): (31.03, -1.93) ᵒC, extrema(S): (39.89, 13.57) g/kg, extrema(η): (4.23, -2.38) m, wall time: 11.933 seconds 
[ Info: time: 2824 days, iteration: 203328, Δt: 20 minutes,max|u|: (2.17e+00, 1.63e+00, 6.79e-03) m s⁻¹, extrema(T): (31.04, -1.94) ᵒC, extrema(S): (39.89, 13.61) g/kg, extrema(η): (3.08, -2.38) m, wall time: 11.834 seconds 
[ Info: time: 2825 days, iteration: 203400, Δt: 20 minutes,max|u|: (2.06e+00, 1.46e+00, 6.79e-03) m s⁻¹, extrema(T): (30.99, -1.93) ᵒC, extrema(S): (39.89, 14.16) g/kg, extrema(η): (3.29, -2.64) m, wall time: 11.867 seconds 
[ Info: time: 2826 days, iteration: 203472, Δt: 20 minutes,max|u|: (2.23e+00, 1.48e+00, 6.81e-03) m s⁻¹, extrema(T): (30.98, -1.93) ᵒC, extrema(S): (39.89, 14.46) g/kg, extrema(η): (3.42, -2.16) m, wall time: 11.840 seconds 
[ Info: time: 2827 days, iteration: 203544, Δt: 20 minutes,max|u|: (2.33e+00, 1.68e+00, 6.81e-03) m s⁻¹, extrema(T): (31.02, -1.93) ᵒC, extrema(S): (39.89, 14.84) g/kg, extrema(η): (3.27, -2.23) m, wall time: 11.830 seconds 
[ Info: time: 2828 days, iteration: 203616, Δt: 20 minutes,max|u|: (2.25e+00, 1.49e+00, 6.78e-03) m s⁻¹, extrema(T): (31.02, -1.94) ᵒC, extrema(S): (39.89, 14.68) g/kg, extrema(η): (4.68, -2.11) m, wall time: 11.847 seconds 
[ Info: time: 2829 days, iteration: 203688, Δt: 20 minutes,max|u|: (2.08e+00, 1.56e+00, 6.76e-03) m s⁻¹, extrema(T): (30.98, -1.93) ᵒC, extrema(S): (39.90, 14.43) g/kg, extrema(η): (2.70, -2.32) m, wall time: 11.745 seconds 
[ Info: time: 2830 days, iteration: 203760, Δt: 20 minutes,max|u|: (2.05e+00, 1.51e+00, 6.77e-03) m s⁻¹, extrema(T): (30.92, -1.92) ᵒC, extrema(S): (39.90, 14.65) g/kg, extrema(η): (2.43, -2.50) m, wall time: 11.779 seconds 
[ Info: time: 2831 days, iteration: 203832, Δt: 20 minutes,max|u|: (1.80e+00, 2.18e+00, 6.83e-03) m s⁻¹, extrema(T): (30.91, -1.91) ᵒC, extrema(S): (39.90, 15.01) g/kg, extrema(η): (2.04, -3.20) m, wall time: 11.772 seconds 
[ Info: time: 2832 days, iteration: 203904, Δt: 20 minutes,max|u|: (1.74e+00, 2.26e+00, 6.82e-03) m s⁻¹, extrema(T): (30.94, -1.93) ᵒC, extrema(S): (39.90, 15.63) g/kg, extrema(η): (2.15, -2.31) m, wall time: 11.716 seconds 
[ Info: time: 2833 days, iteration: 203976, Δt: 20 minutes,max|u|: (1.76e+00, 1.69e+00, 6.79e-03) m s⁻¹, extrema(T): (30.95, -1.93) ᵒC, extrema(S): (39.90, 17.20) g/kg, extrema(η): (4.44, -2.27) m, wall time: 11.750 seconds 
[ Info: time: 2834 days, iteration: 204048, Δt: 20 minutes,max|u|: (1.91e+00, 1.66e+00, 6.79e-03) m s⁻¹, extrema(T): (30.96, -1.93) ᵒC, extrema(S): (39.91, 17.70) g/kg, extrema(η): (2.91, -2.27) m, wall time: 16.555 seconds 
[ Info: time: 2835 days, iteration: 204120, Δt: 20 minutes,max|u|: (1.59e+00, 1.58e+00, 6.78e-03) m s⁻¹, extrema(T): (31.00, -1.93) ᵒC, extrema(S): (39.90, 17.92) g/kg, extrema(η): (1.41, -2.20) m, wall time: 11.799 seconds 
[ Info: time: 2836 days, iteration: 204192, Δt: 20 minutes,max|u|: (1.57e+00, 1.48e+00, 6.74e-03) m s⁻¹, extrema(T): (31.03, -1.94) ᵒC, extrema(S): (39.90, 17.75) g/kg, extrema(η): (1.32, -3.44) m, wall time: 11.742 seconds 
[ Info: time: 2837 days, iteration: 204264, Δt: 20 minutes,max|u|: (1.53e+00, 2.13e+00, 6.71e-03) m s⁻¹, extrema(T): (31.00, -1.94) ᵒC, extrema(S): (39.91, 17.63) g/kg, extrema(η): (1.31, -2.07) m, wall time: 11.856 seconds 
[ Info: time: 2838 days, iteration: 204336, Δt: 20 minutes,max|u|: (1.62e+00, 1.51e+00, 6.63e-03) m s⁻¹, extrema(T): (31.07, -1.94) ᵒC, extrema(S): (39.91, 17.70) g/kg, extrema(η): (3.72, -2.07) m, wall time: 11.786 seconds 
[ Info: time: 2839 days, iteration: 204408, Δt: 20 minutes,max|u|: (1.58e+00, 1.52e+00, 6.62e-03) m s⁻¹, extrema(T): (31.10, -1.93) ᵒC, extrema(S): (39.91, 16.98) g/kg, extrema(η): (4.20, -2.07) m, wall time: 11.873 seconds 
[ Info: time: 2840 days, iteration: 204480, Δt: 20 minutes,max|u|: (1.84e+00, 1.66e+00, 6.69e-03) m s⁻¹, extrema(T): (31.11, -1.93) ᵒC, extrema(S): (39.91, 14.99) g/kg, extrema(η): (1.31, -2.26) m, wall time: 11.787 seconds 
[ Info: time: 2841 days, iteration: 204552, Δt: 20 minutes,max|u|: (1.63e+00, 1.54e+00, 6.78e-03) m s⁻¹, extrema(T): (31.18, -1.92) ᵒC, extrema(S): (39.92, 15.71) g/kg, extrema(η): (1.29, -3.43) m, wall time: 11.804 seconds 
[ Info: time: 2842 days, iteration: 204624, Δt: 20 minutes,max|u|: (1.54e+00, 1.54e+00, 6.84e-03) m s⁻¹, extrema(T): (31.16, -1.93) ᵒC, extrema(S): (39.92, 17.18) g/kg, extrema(η): (1.28, -2.11) m, wall time: 11.890 seconds 
[ Info: time: 2843 days, iteration: 204696, Δt: 20 minutes,max|u|: (1.57e+00, 1.52e+00, 6.89e-03) m s⁻¹, extrema(T): (31.15, -1.93) ᵒC, extrema(S): (39.93, 17.39) g/kg, extrema(η): (2.65, -2.15) m, wall time: 11.840 seconds 
[ Info: time: 2844 days, iteration: 204768, Δt: 20 minutes,max|u|: (1.55e+00, 1.52e+00, 6.94e-03) m s⁻¹, extrema(T): (31.23, -1.93) ᵒC, extrema(S): (39.95, 17.23) g/kg, extrema(η): (4.32, -1.95) m, wall time: 11.794 seconds 
[ Info: time: 2845 days, iteration: 204840, Δt: 20 minutes,max|u|: (1.60e+00, 2.10e+00, 6.97e-03) m s⁻¹, extrema(T): (31.18, -1.93) ᵒC, extrema(S): (39.96, 17.50) g/kg, extrema(η): (1.55, -2.08) m, wall time: 11.946 seconds 
[ Info: time: 2846 days, iteration: 204912, Δt: 20 minutes,max|u|: (2.46e+00, 1.92e+00, 7.00e-03) m s⁻¹, extrema(T): (31.09, -1.93) ᵒC, extrema(S): (39.97, 17.93) g/kg, extrema(η): (2.08, -2.89) m, wall time: 11.732 seconds 
[ Info: time: 2847 days, iteration: 204984, Δt: 20 minutes,max|u|: (1.96e+00, 1.50e+00, 6.97e-03) m s⁻¹, extrema(T): (31.13, -1.93) ᵒC, extrema(S): (39.97, 18.19) g/kg, extrema(η): (2.72, -2.47) m, wall time: 16.575 seconds 
[ Info: time: 2848 days, iteration: 205056, Δt: 20 minutes,max|u|: (1.57e+00, 1.54e+00, 7.04e-03) m s⁻¹, extrema(T): (31.16, -1.91) ᵒC, extrema(S): (39.96, 18.22) g/kg, extrema(η): (3.06, -2.22) m, wall time: 11.853 seconds 
[ Info: time: 2849 days, iteration: 205128, Δt: 20 minutes,max|u|: (1.59e+00, 1.52e+00, 7.06e-03) m s⁻¹, extrema(T): (31.15, -1.93) ᵒC, extrema(S): (39.96, 18.20) g/kg, extrema(η): (4.65, -2.14) m, wall time: 11.821 seconds 
[ Info: time: 2850 days, iteration: 205200, Δt: 20 minutes,max|u|: (1.63e+00, 1.53e+00, 7.09e-03) m s⁻¹, extrema(T): (31.17, -1.93) ᵒC, extrema(S): (39.95, 17.63) g/kg, extrema(η): (3.43, -2.16) m, wall time: 11.726 seconds 
[ Info: time: 2851 days, iteration: 205272, Δt: 20 minutes,max|u|: (1.59e+00, 2.57e+00, 7.11e-03) m s⁻¹, extrema(T): (31.21, -1.93) ᵒC, extrema(S): (39.95, 17.39) g/kg, extrema(η): (3.36, -2.04) m, wall time: 16.477 seconds 
[ Info: time: 2852 days, iteration: 205344, Δt: 20 minutes,max|u|: (1.73e+00, 1.56e+00, 7.12e-03) m s⁻¹, extrema(T): (31.25, -1.93) ᵒC, extrema(S): (39.94, 18.15) g/kg, extrema(η): (3.16, -2.91) m, wall time: 11.874 seconds 
[ Info: time: 2853 days, iteration: 205416, Δt: 20 minutes,max|u|: (1.59e+00, 1.89e+00, 7.14e-03) m s⁻¹, extrema(T): (31.28, -1.93) ᵒC, extrema(S): (39.93, 17.48) g/kg, extrema(η): (2.91, -2.15) m, wall time: 11.722 seconds 
[ Info: time: 2854 days, iteration: 205488, Δt: 20 minutes,max|u|: (1.87e+00, 2.62e+00, 7.14e-03) m s⁻¹, extrema(T): (31.30, -1.93) ᵒC, extrema(S): (39.93, 17.25) g/kg, extrema(η): (4.02, -2.12) m, wall time: 11.611 seconds 
[ Info: time: 2855 days, iteration: 205560, Δt: 20 minutes,max|u|: (1.93e+00, 1.98e+00, 7.15e-03) m s⁻¹, extrema(T): (31.34, -1.93) ᵒC, extrema(S): (39.92, 18.21) g/kg, extrema(η): (4.37, -2.12) m, wall time: 11.770 seconds 
[ Info: time: 2856 days, iteration: 205632, Δt: 20 minutes,max|u|: (1.63e+00, 1.56e+00, 7.18e-03) m s⁻¹, extrema(T): (31.38, -1.93) ᵒC, extrema(S): (39.92, 18.43) g/kg, extrema(η): (1.71, -2.10) m, wall time: 11.714 seconds 
[ Info: time: 2857 days, iteration: 205704, Δt: 20 minutes,max|u|: (1.61e+00, 1.51e+00, 7.13e-03) m s⁻¹, extrema(T): (31.42, -1.93) ᵒC, extrema(S): (39.93, 18.71) g/kg, extrema(η): (1.38, -3.24) m, wall time: 11.761 seconds 
[ Info: time: 2858 days, iteration: 205776, Δt: 20 minutes,max|u|: (1.56e+00, 1.50e+00, 6.98e-03) m s⁻¹, extrema(T): (31.47, -1.93) ᵒC, extrema(S): (39.93, 18.86) g/kg, extrema(η): (1.30, -2.17) m, wall time: 11.807 seconds 
[ Info: time: 2859 days, iteration: 205848, Δt: 20 minutes,max|u|: (1.73e+00, 1.62e+00, 6.99e-03) m s⁻¹, extrema(T): (31.50, -1.93) ᵒC, extrema(S): (39.93, 18.93) g/kg, extrema(η): (2.88, -2.28) m, wall time: 16.676 seconds 
[ Info: time: 2860 days, iteration: 205920, Δt: 20 minutes,max|u|: (1.72e+00, 1.93e+00, 6.98e-03) m s⁻¹, extrema(T): (31.53, -1.93) ᵒC, extrema(S): (39.93, 18.98) g/kg, extrema(η): (4.50, -2.18) m, wall time: 11.846 seconds 
[ Info: time: 2861 days, iteration: 205992, Δt: 20 minutes,max|u|: (1.52e+00, 1.70e+00, 7.00e-03) m s⁻¹, extrema(T): (31.55, -1.92) ᵒC, extrema(S): (39.93, 19.01) g/kg, extrema(η): (1.48, -2.18) m, wall time: 11.772 seconds 
[ Info: time: 2862 days, iteration: 206064, Δt: 20 minutes,max|u|: (1.52e+00, 1.51e+00, 6.96e-03) m s⁻¹, extrema(T): (31.55, -1.92) ᵒC, extrema(S): (39.93, 17.81) g/kg, extrema(η): (1.33, -2.96) m, wall time: 11.811 seconds 
[ Info: time: 2863 days, iteration: 206136, Δt: 20 minutes,max|u|: (1.52e+00, 1.50e+00, 6.98e-03) m s⁻¹, extrema(T): (31.53, -1.93) ᵒC, extrema(S): (39.93, 17.06) g/kg, extrema(η): (1.22, -3.05) m, wall time: 11.685 seconds 
[ Info: time: 2864 days, iteration: 206208, Δt: 20 minutes,max|u|: (1.55e+00, 1.67e+00, 7.00e-03) m s⁻¹, extrema(T): (31.50, -1.93) ᵒC, extrema(S): (39.93, 17.13) g/kg, extrema(η): (1.29, -1.96) m, wall time: 11.752 seconds 
[ Info: time: 2865 days, iteration: 206280, Δt: 20 minutes,max|u|: (1.56e+00, 1.51e+00, 7.04e-03) m s⁻¹, extrema(T): (31.44, -1.93) ᵒC, extrema(S): (39.94, 18.35) g/kg, extrema(η): (4.51, -2.03) m, wall time: 11.768 seconds 
[ Info: time: 2866 days, iteration: 206352, Δt: 20 minutes,max|u|: (1.54e+00, 1.66e+00, 6.99e-03) m s⁻¹, extrema(T): (31.40, -1.93) ᵒC, extrema(S): (39.93, 19.18) g/kg, extrema(η): (2.00, -2.09) m, wall time: 11.744 seconds 
[ Info: time: 2867 days, iteration: 206424, Δt: 20 minutes,max|u|: (1.56e+00, 2.06e+00, 6.96e-03) m s⁻¹, extrema(T): (31.34, -1.91) ᵒC, extrema(S): (39.94, 18.86) g/kg, extrema(η): (1.48, -2.23) m, wall time: 11.723 seconds 
[ Info: time: 2868 days, iteration: 206496, Δt: 20 minutes,max|u|: (1.78e+00, 1.51e+00, 6.92e-03) m s⁻¹, extrema(T): (31.30, -1.92) ᵒC, extrema(S): (39.94, 18.19) g/kg, extrema(η): (1.69, -2.29) m, wall time: 11.691 seconds 
[ Info: time: 2869 days, iteration: 206568, Δt: 20 minutes,max|u|: (1.72e+00, 1.81e+00, 6.85e-03) m s⁻¹, extrema(T): (31.25, -1.92) ᵒC, extrema(S): (39.95, 18.24) g/kg, extrema(η): (2.11, -2.21) m, wall time: 11.795 seconds 
[ Info: time: 2870 days, iteration: 206640, Δt: 20 minutes,max|u|: (2.26e+00, 3.54e+00, 6.88e-03) m s⁻¹, extrema(T): (31.06, -1.90) ᵒC, extrema(S): (39.95, 18.98) g/kg, extrema(η): (3.45, -2.21) m, wall time: 11.809 seconds 
[ Info: time: 2871 days, iteration: 206712, Δt: 20 minutes,max|u|: (2.00e+00, 2.54e+00, 6.83e-03) m s⁻¹, extrema(T): (30.97, -1.89) ᵒC, extrema(S): (39.94, 19.32) g/kg, extrema(η): (2.38, -2.15) m, wall time: 11.891 seconds 
[ Info: time: 2872 days, iteration: 206784, Δt: 20 minutes,max|u|: (1.72e+00, 1.53e+00, 6.82e-03) m s⁻¹, extrema(T): (30.99, -1.88) ᵒC, extrema(S): (39.94, 19.40) g/kg, extrema(η): (2.80, -2.18) m, wall time: 23.170 seconds 
[ Info: time: 2873 days, iteration: 206856, Δt: 20 minutes,max|u|: (1.73e+00, 1.53e+00, 6.77e-03) m s⁻¹, extrema(T): (31.09, -1.88) ᵒC, extrema(S): (39.94, 19.47) g/kg, extrema(η): (3.13, -2.18) m, wall time: 11.857 seconds 
[ Info: time: 2874 days, iteration: 206928, Δt: 20 minutes,max|u|: (1.60e+00, 1.94e+00, 6.79e-03) m s⁻¹, extrema(T): (31.16, -1.88) ᵒC, extrema(S): (39.94, 19.35) g/kg, extrema(η): (3.29, -2.05) m, wall time: 12.117 seconds 
[ Info: time: 2875 days, iteration: 207000, Δt: 20 minutes,max|u|: (2.36e+00, 1.61e+00, 6.81e-03) m s⁻¹, extrema(T): (31.06, -1.89) ᵒC, extrema(S): (39.94, 19.20) g/kg, extrema(η): (4.43, -2.14) m, wall time: 11.724 seconds 
[ Info: time: 2876 days, iteration: 207072, Δt: 20 minutes,max|u|: (2.62e+00, 1.88e+00, 6.80e-03) m s⁻¹, extrema(T): (31.00, -1.89) ᵒC, extrema(S): (39.94, 19.08) g/kg, extrema(η): (3.09, -2.14) m, wall time: 11.892 seconds 
[ Info: time: 2877 days, iteration: 207144, Δt: 20 minutes,max|u|: (1.71e+00, 1.53e+00, 6.84e-03) m s⁻¹, extrema(T): (31.06, -1.88) ᵒC, extrema(S): (39.95, 18.97) g/kg, extrema(η): (2.81, -2.12) m, wall time: 11.894 seconds 
[ Info: time: 2878 days, iteration: 207216, Δt: 20 minutes,max|u|: (2.85e+00, 2.69e+00, 6.86e-03) m s⁻¹, extrema(T): (31.07, -1.89) ᵒC, extrema(S): (39.95, 18.88) g/kg, extrema(η): (2.43, -3.21) m, wall time: 11.934 seconds 
[ Info: time: 2879 days, iteration: 207288, Δt: 20 minutes,max|u|: (2.14e+00, 1.55e+00, 6.82e-03) m s⁻¹, extrema(T): (31.03, -1.90) ᵒC, extrema(S): (39.95, 18.81) g/kg, extrema(η): (2.02, -2.12) m, wall time: 11.979 seconds 
[ Info: time: 2880 days, iteration: 207360, Δt: 20 minutes,max|u|: (2.02e+00, 1.72e+00, 6.78e-03) m s⁻¹, extrema(T): (31.02, -1.91) ᵒC, extrema(S): (39.95, 18.76) g/kg, extrema(η): (4.16, -1.99) m, wall time: 11.890 seconds 
[ Info: time: 2881 days, iteration: 207432, Δt: 20 minutes,max|u|: (1.81e+00, 2.29e+00, 6.75e-03) m s⁻¹, extrema(T): (31.08, -1.91) ᵒC, extrema(S): (39.94, 18.75) g/kg, extrema(η): (2.95, -2.53) m, wall time: 12.018 seconds 
[ Info: time: 2882 days, iteration: 207504, Δt: 20 minutes,max|u|: (1.97e+00, 1.64e+00, 6.76e-03) m s⁻¹, extrema(T): (31.09, -1.91) ᵒC, extrema(S): (39.95, 18.73) g/kg, extrema(η): (1.58, -2.29) m, wall time: 16.274 seconds 
[ Info: time: 2883 days, iteration: 207576, Δt: 20 minutes,max|u|: (1.82e+00, 1.65e+00, 6.81e-03) m s⁻¹, extrema(T): (31.10, -1.91) ᵒC, extrema(S): (39.95, 18.69) g/kg, extrema(η): (1.43, -3.29) m, wall time: 11.738 seconds 
[ Info: time: 2884 days, iteration: 207648, Δt: 20 minutes,max|u|: (2.43e+00, 2.92e+00, 6.84e-03) m s⁻¹, extrema(T): (31.20, -1.91) ᵒC, extrema(S): (39.95, 18.65) g/kg, extrema(η): (2.52, -2.00) m, wall time: 16.658 seconds 
[ Info: time: 2885 days, iteration: 207720, Δt: 20 minutes,max|u|: (1.75e+00, 2.14e+00, 6.85e-03) m s⁻¹, extrema(T): (31.17, -1.91) ᵒC, extrema(S): (39.95, 18.69) g/kg, extrema(η): (3.89, -2.04) m, wall time: 11.862 seconds 
[ Info: time: 2886 days, iteration: 207792, Δt: 20 minutes,max|u|: (2.16e+00, 2.04e+00, 6.84e-03) m s⁻¹, extrema(T): (31.17, -1.91) ᵒC, extrema(S): (39.95, 18.73) g/kg, extrema(η): (3.32, -2.10) m, wall time: 11.910 seconds 
[ Info: time: 2887 days, iteration: 207864, Δt: 20 minutes,max|u|: (1.98e+00, 1.57e+00, 6.87e-03) m s⁻¹, extrema(T): (31.18, -1.90) ᵒC, extrema(S): (39.95, 18.69) g/kg, extrema(η): (1.50, -2.27) m, wall time: 11.872 seconds 
[ Info: time: 2888 days, iteration: 207936, Δt: 20 minutes,max|u|: (1.63e+00, 2.03e+00, 6.86e-03) m s⁻¹, extrema(T): (31.29, -1.91) ᵒC, extrema(S): (39.95, 18.67) g/kg, extrema(η): (1.40, -3.14) m, wall time: 11.886 seconds 
[ Info: time: 2889 days, iteration: 208008, Δt: 20 minutes,max|u|: (1.63e+00, 2.24e+00, 6.85e-03) m s⁻¹, extrema(T): (31.34, -1.92) ᵒC, extrema(S): (39.95, 18.76) g/kg, extrema(η): (1.30, -2.19) m, wall time: 11.800 seconds 
[ Info: time: 2890 days, iteration: 208080, Δt: 20 minutes,max|u|: (4.43e+00, 2.00e+00, 6.84e-03) m s⁻¹, extrema(T): (31.37, -1.92) ᵒC, extrema(S): (39.96, 18.81) g/kg, extrema(η): (3.35, -2.26) m, wall time: 11.872 seconds 
[ Info: time: 2891 days, iteration: 208152, Δt: 20 minutes,max|u|: (1.64e+00, 2.26e+00, 6.84e-03) m s⁻¹, extrema(T): (31.35, -1.92) ᵒC, extrema(S): (39.95, 19.10) g/kg, extrema(η): (1.89, -2.19) m, wall time: 11.747 seconds 
[ Info: time: 2892 days, iteration: 208224, Δt: 20 minutes,max|u|: (1.65e+00, 2.14e+00, 6.90e-03) m s⁻¹, extrema(T): (31.32, -1.91) ᵒC, extrema(S): (39.95, 19.27) g/kg, extrema(η): (1.35, -1.96) m, wall time: 11.911 seconds 
[ Info: time: 2893 days, iteration: 208296, Δt: 20 minutes,max|u|: (1.94e+00, 2.20e+00, 6.90e-03) m s⁻¹, extrema(T): (31.21, -1.91) ᵒC, extrema(S): (39.95, 19.29) g/kg, extrema(η): (1.63, -2.51) m, wall time: 11.746 seconds 
[ Info: time: 2894 days, iteration: 208368, Δt: 20 minutes,max|u|: (2.49e+00, 2.20e+00, 6.86e-03) m s⁻¹, extrema(T): (31.24, -1.91) ᵒC, extrema(S): (39.95, 19.28) g/kg, extrema(η): (2.34, -2.07) m, wall time: 11.897 seconds 
[ Info: time: 2895 days, iteration: 208440, Δt: 20 minutes,max|u|: (1.93e+00, 2.35e+00, 6.85e-03) m s⁻¹, extrema(T): (31.28, -1.91) ᵒC, extrema(S): (39.94, 19.29) g/kg, extrema(η): (3.86, -2.10) m, wall time: 11.816 seconds 
[ Info: time: 2896 days, iteration: 208512, Δt: 20 minutes,max|u|: (2.04e+00, 2.25e+00, 6.90e-03) m s⁻¹, extrema(T): (31.34, -1.92) ᵒC, extrema(S): (39.95, 19.29) g/kg, extrema(η): (3.55, -2.07) m, wall time: 16.744 seconds 
[ Info: time: 2897 days, iteration: 208584, Δt: 20 minutes,max|u|: (1.86e+00, 2.10e+00, 6.91e-03) m s⁻¹, extrema(T): (31.38, -1.92) ᵒC, extrema(S): (39.95, 19.28) g/kg, extrema(η): (3.51, -2.06) m, wall time: 11.789 seconds 
[ Info: time: 2898 days, iteration: 208656, Δt: 20 minutes,max|u|: (1.81e+00, 2.83e+00, 6.91e-03) m s⁻¹, extrema(T): (31.46, -1.91) ᵒC, extrema(S): (39.95, 19.41) g/kg, extrema(η): (3.57, -3.34) m, wall time: 11.792 seconds 
[ Info: time: 2899 days, iteration: 208728, Δt: 20 minutes,max|u|: (1.84e+00, 1.93e+00, 6.89e-03) m s⁻¹, extrema(T): (31.54, -1.92) ᵒC, extrema(S): (39.94, 19.50) g/kg, extrema(η): (3.46, -1.99) m, wall time: 11.849 seconds 
[ Info: time: 2900 days, iteration: 208800, Δt: 20 minutes,max|u|: (1.90e+00, 1.85e+00, 6.88e-03) m s⁻¹, extrema(T): (31.49, -1.91) ᵒC, extrema(S): (39.94, 19.57) g/kg, extrema(η): (3.50, -1.99) m, wall time: 11.827 seconds 
[ Info: time: 2901 days, iteration: 208872, Δt: 20 minutes,max|u|: (1.91e+00, 1.94e+00, 6.88e-03) m s⁻¹, extrema(T): (31.42, -1.91) ᵒC, extrema(S): (39.94, 19.62) g/kg, extrema(η): (4.04, -2.01) m, wall time: 11.864 seconds 
[ Info: time: 2902 days, iteration: 208944, Δt: 20 minutes,max|u|: (1.95e+00, 1.58e+00, 6.81e-03) m s⁻¹, extrema(T): (31.40, -1.91) ᵒC, extrema(S): (39.94, 19.64) g/kg, extrema(η): (2.23, -2.03) m, wall time: 11.806 seconds 
[ Info: time: 2903 days, iteration: 209016, Δt: 20 minutes,max|u|: (1.91e+00, 1.61e+00, 6.83e-03) m s⁻¹, extrema(T): (31.42, -1.92) ᵒC, extrema(S): (39.94, 19.69) g/kg, extrema(η): (1.75, -3.06) m, wall time: 11.864 seconds 
[ Info: time: 2904 days, iteration: 209088, Δt: 20 minutes,max|u|: (1.88e+00, 2.63e+00, 6.75e-03) m s⁻¹, extrema(T): (31.35, -1.91) ᵒC, extrema(S): (39.93, 19.80) g/kg, extrema(η): (2.77, -1.88) m, wall time: 11.711 seconds 
[ Info: time: 2905 days, iteration: 209160, Δt: 20 minutes,max|u|: (1.86e+00, 1.69e+00, 6.76e-03) m s⁻¹, extrema(T): (31.27, -1.92) ᵒC, extrema(S): (39.94, 19.87) g/kg, extrema(η): (2.81, -1.97) m, wall time: 11.835 seconds 
[ Info: time: 2906 days, iteration: 209232, Δt: 20 minutes,max|u|: (1.87e+00, 2.01e+00, 6.80e-03) m s⁻¹, extrema(T): (31.21, -1.91) ᵒC, extrema(S): (39.94, 19.93) g/kg, extrema(η): (3.60, -2.14) m, wall time: 11.723 seconds 
[ Info: time: 2907 days, iteration: 209304, Δt: 20 minutes,max|u|: (1.92e+00, 1.92e+00, 6.78e-03) m s⁻¹, extrema(T): (31.08, -1.91) ᵒC, extrema(S): (39.94, 19.98) g/kg, extrema(η): (1.31, -2.05) m, wall time: 11.748 seconds 
[ Info: time: 2908 days, iteration: 209376, Δt: 20 minutes,max|u|: (1.99e+00, 1.76e+00, 6.88e-03) m s⁻¹, extrema(T): (31.09, -1.91) ᵒC, extrema(S): (39.94, 20.06) g/kg, extrema(η): (1.23, -3.29) m, wall time: 11.790 seconds 
[ Info: time: 2909 days, iteration: 209448, Δt: 20 minutes,max|u|: (2.06e+00, 1.63e+00, 6.87e-03) m s⁻¹, extrema(T): (31.17, -1.91) ᵒC, extrema(S): (39.94, 20.10) g/kg, extrema(η): (1.28, -2.63) m, wall time: 17.595 seconds 
[ Info: time: 2910 days, iteration: 209520, Δt: 20 minutes,max|u|: (2.06e+00, 1.67e+00, 6.87e-03) m s⁻¹, extrema(T): (31.20, -1.91) ᵒC, extrema(S): (39.93, 20.08) g/kg, extrema(η): (1.37, -2.17) m, wall time: 11.798 seconds 
[ Info: time: 2911 days, iteration: 209592, Δt: 20 minutes,max|u|: (2.05e+00, 1.93e+00, 6.92e-03) m s⁻¹, extrema(T): (31.16, -1.90) ᵒC, extrema(S): (39.93, 20.07) g/kg, extrema(η): (4.22, -2.12) m, wall time: 11.839 seconds 
[ Info: time: 2912 days, iteration: 209664, Δt: 20 minutes,max|u|: (2.00e+00, 2.19e+00, 6.86e-03) m s⁻¹, extrema(T): (31.12, -1.90) ᵒC, extrema(S): (39.93, 20.05) g/kg, extrema(η): (1.94, -2.16) m, wall time: 11.824 seconds 
[ Info: time: 2913 days, iteration: 209736, Δt: 20 minutes,max|u|: (2.02e+00, 2.31e+00, 6.90e-03) m s⁻¹, extrema(T): (31.27, -1.90) ᵒC, extrema(S): (39.93, 20.02) g/kg, extrema(η): (1.41, -2.82) m, wall time: 16.300 seconds 
[ Info: time: 2914 days, iteration: 209808, Δt: 20 minutes,max|u|: (2.00e+00, 2.33e+00, 6.77e-03) m s⁻¹, extrema(T): (31.45, -1.91) ᵒC, extrema(S): (39.93, 19.99) g/kg, extrema(η): (1.45, -3.57) m, wall time: 11.823 seconds 
[ Info: time: 2915 days, iteration: 209880, Δt: 20 minutes,max|u|: (1.99e+00, 2.47e+00, 6.80e-03) m s⁻¹, extrema(T): (31.54, -1.91) ᵒC, extrema(S): (39.93, 20.04) g/kg, extrema(η): (1.31, -2.09) m, wall time: 11.871 seconds 
[ Info: time: 2916 days, iteration: 209952, Δt: 20 minutes,max|u|: (1.96e+00, 2.23e+00, 6.83e-03) m s⁻¹, extrema(T): (31.59, -1.91) ᵒC, extrema(S): (39.93, 19.96) g/kg, extrema(η): (3.95, -2.16) m, wall time: 11.807 seconds 
[ Info: time: 2917 days, iteration: 210024, Δt: 20 minutes,max|u|: (1.94e+00, 2.12e+00, 6.89e-03) m s⁻¹, extrema(T): (31.65, -1.91) ᵒC, extrema(S): (39.94, 19.87) g/kg, extrema(η): (2.38, -3.13) m, wall time: 11.822 seconds 
[ Info: time: 2918 days, iteration: 210096, Δt: 20 minutes,max|u|: (1.93e+00, 1.94e+00, 6.93e-03) m s⁻¹, extrema(T): (31.60, -1.92) ᵒC, extrema(S): (39.93, 19.77) g/kg, extrema(η): (2.34, -2.22) m, wall time: 11.711 seconds 
[ Info: time: 2919 days, iteration: 210168, Δt: 20 minutes,max|u|: (1.92e+00, 1.82e+00, 6.98e-03) m s⁻¹, extrema(T): (31.74, -1.92) ᵒC, extrema(S): (39.93, 19.70) g/kg, extrema(η): (2.89, -3.55) m, wall time: 11.864 seconds 
[ Info: Simulation is stopping after running for 9.807 hours.
[ Info: Simulation time 2920 days equals or exceeds stop time 2920 days.
[ Info: time: 2920 days, iteration: 210240, Δt: 20 minutes,max|u|: (1.95e+00, 1.77e+00, 7.03e-03) m s⁻¹, extrema(T): (31.80, -1.92) ᵒC, extrema(S): (39.93, 19.78) g/kg, extrema(η): (3.26, -2.07) m, wall time: 11.823 seconds 
