[gadi-gpu-v100-0007.gadi.nci.org.au:899833] shmem: mmap: an error occurred while determining whether or not /jobfs/148929911.gadi-pbs/ompi.gadi-gpu-v100-0007.10662/jf.0/149356544/shared_mem_cuda_pool.gadi-gpu-v100-0007 could be created.
[gadi-gpu-v100-0007.gadi.nci.org.au:899833] create_and_attach: unable to create shared memory BTL coordinating structure :: size 134217728 
[ Info: 7.56864e8
[ Info: Using architecture: GPU{CUDABackend}(CUDABackend(false, true))
[ Info: Moving simulation to 188280 iterations
[ Info: Moving simulation to 2615 days
[ Info: Moving simulation last_dt to 1200.0
[ Info: Downloading/checking input data
[ Info: We download the 1990-1991 data for an RYF implementation
[ Info: Defining grid
[ Info: Defining vertical z faces
[ Info: Top grid cell is 3.0m thick
[ Info: Defining tripolar grid
[ Info: Defining bottom bathymetry
[ Info: Interpolation passes of bathymetry size (21600, 10800, 1) onto a TripolarGrid target grid of size (360, 180, 75):
[ Info:     pass 1 to size (21317, 10659, 1)
[ Info:     pass 2 to size (21034, 10518, 1)
[ Info:     pass 3 to size (20751, 10377, 1)
[ Info:     pass 4 to size (20468, 10236, 1)
[ Info:     pass 5 to size (20185, 10095, 1)
[ Info:     pass 6 to size (19902, 9954, 1)
[ Info:     pass 7 to size (19619, 9813, 1)
[ Info:     pass 8 to size (19336, 9672, 1)
[ Info:     pass 9 to size (19053, 9531, 1)
[ Info:     pass 10 to size (18770, 9390, 1)
[ Info:     pass 11 to size (18487, 9249, 1)
[ Info:     pass 12 to size (18204, 9108, 1)
[ Info:     pass 13 to size (17921, 8967, 1)
[ Info:     pass 14 to size (17638, 8826, 1)
[ Info:     pass 15 to size (17355, 8685, 1)
[ Info:     pass 16 to size (17072, 8544, 1)
[ Info:     pass 17 to size (16789, 8403, 1)
[ Info:     pass 18 to size (16506, 8262, 1)
[ Info:     pass 19 to size (16223, 8121, 1)
[ Info:     pass 20 to size (15940, 7980, 1)
[ Info:     pass 21 to size (15657, 7839, 1)
[ Info:     pass 22 to size (15374, 7698, 1)
[ Info:     pass 23 to size (15091, 7557, 1)
[ Info:     pass 24 to size (14808, 7416, 1)
[ Info:     pass 25 to size (14525, 7275, 1)
[ Info:     pass 26 to size (14242, 7134, 1)
[ Info:     pass 27 to size (13959, 6993, 1)
[ Info:     pass 28 to size (13676, 6852, 1)
[ Info:     pass 29 to size (13393, 6711, 1)
[ Info:     pass 30 to size (13110, 6570, 1)
[ Info:     pass 31 to size (12827, 6429, 1)
[ Info:     pass 32 to size (12544, 6288, 1)
[ Info:     pass 33 to size (12261, 6147, 1)
[ Info:     pass 34 to size (11978, 6006, 1)
[ Info:     pass 35 to size (11695, 5865, 1)
[ Info:     pass 36 to size (11412, 5724, 1)
[ Info:     pass 37 to size (11129, 5583, 1)
[ Info:     pass 38 to size (10846, 5442, 1)
[ Info:     pass 39 to size (10563, 5301, 1)
[ Info:     pass 40 to size (10280, 5160, 1)
[ Info:     pass 41 to size (9997, 5019, 1)
[ Info:     pass 42 to size (9714, 4878, 1)
[ Info:     pass 43 to size (9431, 4737, 1)
[ Info:     pass 44 to size (9148, 4596, 1)
[ Info:     pass 45 to size (8865, 4455, 1)
[ Info:     pass 46 to size (8582, 4314, 1)
[ Info:     pass 47 to size (8299, 4173, 1)
[ Info:     pass 48 to size (8016, 4032, 1)
[ Info:     pass 49 to size (7733, 3891, 1)
[ Info:     pass 50 to size (7450, 3750, 1)
[ Info:     pass 51 to size (7167, 3609, 1)
[ Info:     pass 52 to size (6884, 3468, 1)
[ Info:     pass 53 to size (6601, 3327, 1)
[ Info:     pass 54 to size (6318, 3186, 1)
[ Info:     pass 55 to size (6035, 3045, 1)
[ Info:     pass 56 to size (5752, 2904, 1)
[ Info:     pass 57 to size (5469, 2763, 1)
[ Info:     pass 58 to size (5186, 2622, 1)
[ Info:     pass 59 to size (4903, 2481, 1)
[ Info:     pass 60 to size (4620, 2340, 1)
[ Info:     pass 61 to size (4337, 2199, 1)
[ Info:     pass 62 to size (4054, 2058, 1)
[ Info:     pass 63 to size (3771, 1917, 1)
[ Info:     pass 64 to size (3488, 1776, 1)
[ Info:     pass 65 to size (3205, 1635, 1)
[ Info:     pass 66 to size (2922, 1494, 1)
[ Info:     pass 67 to size (2639, 1353, 1)
[ Info:     pass 68 to size (2356, 1212, 1)
[ Info:     pass 69 to size (2073, 1071, 1)
[ Info:     pass 70 to size (1790, 930, 1)
[ Info:     pass 71 to size (1507, 789, 1)
[ Info:     pass 72 to size (1224, 648, 1)
[ Info:     pass 73 to size (941, 507, 1)
[ Info:     pass 74 to size (658, 366, 1)
[ Info:     pass 75 to size (360, 180, 1)
[ Info: Defining grid
[ Info: Defining restoring rate
[ Info: Defining closures
[ Info: Defining free surface
┌ Warning: Split barotropic-baroclinic time stepping with SplitRungeKutta3TimeStepper is and experimental.
│ Use at own risk, and report any issues encountered at [https://github.com/CliMA/Oceananigans.jl/issues](https://github.com/CliMA/Oceananigans.jl/issues).
└ @ Oceananigans.TimeSteppers /g/data/v46/txs156/Oceananigans.jl/src/TimeSteppers/split_hydrostatic_runge_kutta_3.jl:62
[ Info: Initialising with EN4
[ Info: Defining Atmospheric state
┌ Warning: `end_date` (1990-12-31T21:00:00) is after the last date in the dataset 1990-12-31T00:00:00
└ @ ClimaOcean.DataWrangling /g/data/v46/txs156/ClimaOcean.jl/src/DataWrangling/metadata.jl:275
┌ Warning: `end_date` (1990-12-31T21:00:00) is after the last date in the dataset 1990-12-31T00:00:00
└ @ ClimaOcean.DataWrangling /g/data/v46/txs156/ClimaOcean.jl/src/DataWrangling/metadata.jl:275
[ Info: Defining coupled model
[ Info: Defining messenger
[ Info: Defining slice outputs
[ Info: Saving restart
[ Info: Restarting from last checkpoint at iteration 188280
[ Info: Running simulation
[ Info: Initializing simulation...
[ Info:     ... simulation initialization complete (1.668 minutes)
[ Info: Executing initial time step...
[ Info:     ... initial time step complete (3.443 minutes).
[ Info: time: 2616 days, iteration: 188352, Δt: 20 minutes,max|u|: (1.74e+00, 1.58e+00, 6.90e-03) m s⁻¹, extrema(T): (31.16, -1.95) ᵒC, extrema(S): (39.67, 19.77) g/kg, extrema(η): (2.20, -2.00) m, wall time: 8.239 minutes 
[ Info: time: 2617 days, iteration: 188424, Δt: 20 minutes,max|u|: (1.38e+00, 1.52e+00, 6.87e-03) m s⁻¹, extrema(T): (31.18, -1.95) ᵒC, extrema(S): (39.67, 19.62) g/kg, extrema(η): (3.78, -2.23) m, wall time: 24.710 seconds 
[ Info: time: 2618 days, iteration: 188496, Δt: 20 minutes,max|u|: (1.28e+00, 1.51e+00, 6.90e-03) m s⁻¹, extrema(T): (31.19, -1.95) ᵒC, extrema(S): (39.67, 19.49) g/kg, extrema(η): (4.37, -2.03) m, wall time: 11.623 seconds 
[ Info: time: 2619 days, iteration: 188568, Δt: 20 minutes,max|u|: (1.54e+00, 1.65e+00, 6.91e-03) m s⁻¹, extrema(T): (31.16, -1.95) ᵒC, extrema(S): (39.67, 19.38) g/kg, extrema(η): (1.13, -2.15) m, wall time: 11.609 seconds 
[ Info: time: 2620 days, iteration: 188640, Δt: 20 minutes,max|u|: (1.29e+00, 1.56e+00, 6.91e-03) m s⁻¹, extrema(T): (31.19, -1.95) ᵒC, extrema(S): (39.66, 19.29) g/kg, extrema(η): (1.49, -3.26) m, wall time: 11.579 seconds 
[ Info: time: 2621 days, iteration: 188712, Δt: 20 minutes,max|u|: (1.57e+00, 1.69e+00, 6.89e-03) m s⁻¹, extrema(T): (31.26, -1.95) ᵒC, extrema(S): (39.66, 19.19) g/kg, extrema(η): (1.37, -2.19) m, wall time: 11.651 seconds 
[ Info: time: 2622 days, iteration: 188784, Δt: 20 minutes,max|u|: (1.36e+00, 1.54e+00, 6.90e-03) m s⁻¹, extrema(T): (31.24, -1.95) ᵒC, extrema(S): (39.66, 19.12) g/kg, extrema(η): (2.91, -2.23) m, wall time: 11.665 seconds 
[ Info: time: 2623 days, iteration: 188856, Δt: 20 minutes,max|u|: (1.36e+00, 1.53e+00, 6.98e-03) m s⁻¹, extrema(T): (31.24, -1.95) ᵒC, extrema(S): (39.66, 19.05) g/kg, extrema(η): (4.42, -2.06) m, wall time: 11.625 seconds 
[ Info: time: 2624 days, iteration: 188928, Δt: 20 minutes,max|u|: (1.35e+00, 1.71e+00, 7.04e-03) m s⁻¹, extrema(T): (31.24, -1.95) ᵒC, extrema(S): (39.66, 18.98) g/kg, extrema(η): (1.33, -2.16) m, wall time: 11.601 seconds 
[ Info: time: 2625 days, iteration: 189000, Δt: 20 minutes,max|u|: (1.50e+00, 1.79e+00, 7.06e-03) m s⁻¹, extrema(T): (31.25, -1.95) ᵒC, extrema(S): (39.66, 18.94) g/kg, extrema(η): (1.26, -3.41) m, wall time: 11.573 seconds 
[ Info: time: 2626 days, iteration: 189072, Δt: 20 minutes,max|u|: (1.40e+00, 1.59e+00, 7.12e-03) m s⁻¹, extrema(T): (31.26, -1.95) ᵒC, extrema(S): (39.66, 18.89) g/kg, extrema(η): (1.19, -2.24) m, wall time: 11.632 seconds 
[ Info: time: 2627 days, iteration: 189144, Δt: 20 minutes,max|u|: (1.43e+00, 1.62e+00, 7.11e-03) m s⁻¹, extrema(T): (31.22, -1.95) ᵒC, extrema(S): (39.66, 18.84) g/kg, extrema(η): (2.18, -2.07) m, wall time: 11.542 seconds 
[ Info: time: 2628 days, iteration: 189216, Δt: 20 minutes,max|u|: (1.54e+00, 1.89e+00, 7.17e-03) m s⁻¹, extrema(T): (31.23, -1.95) ᵒC, extrema(S): (39.66, 18.81) g/kg, extrema(η): (4.14, -2.03) m, wall time: 17.066 seconds 
[ Info: time: 2629 days, iteration: 189288, Δt: 20 minutes,max|u|: (1.44e+00, 1.65e+00, 7.21e-03) m s⁻¹, extrema(T): (31.24, -1.96) ᵒC, extrema(S): (39.66, 18.77) g/kg, extrema(η): (1.62, -2.04) m, wall time: 11.652 seconds 
[ Info: time: 2630 days, iteration: 189360, Δt: 20 minutes,max|u|: (2.71e+00, 1.85e+00, 7.17e-03) m s⁻¹, extrema(T): (31.26, -1.96) ᵒC, extrema(S): (39.66, 18.75) g/kg, extrema(η): (1.26, -2.81) m, wall time: 11.692 seconds 
[ Info: time: 2631 days, iteration: 189432, Δt: 20 minutes,max|u|: (1.43e+00, 1.58e+00, 7.20e-03) m s⁻¹, extrema(T): (31.27, -1.96) ᵒC, extrema(S): (39.66, 18.73) g/kg, extrema(η): (1.72, -2.98) m, wall time: 11.616 seconds 
[ Info: time: 2632 days, iteration: 189504, Δt: 20 minutes,max|u|: (1.42e+00, 1.66e+00, 7.20e-03) m s⁻¹, extrema(T): (31.29, -1.96) ᵒC, extrema(S): (39.66, 18.71) g/kg, extrema(η): (2.40, -2.13) m, wall time: 11.670 seconds 
[ Info: time: 2633 days, iteration: 189576, Δt: 20 minutes,max|u|: (1.46e+00, 1.55e+00, 7.25e-03) m s⁻¹, extrema(T): (31.30, -1.96) ᵒC, extrema(S): (39.66, 18.67) g/kg, extrema(η): (4.31, -2.06) m, wall time: 11.596 seconds 
[ Info: time: 2634 days, iteration: 189648, Δt: 20 minutes,max|u|: (1.48e+00, 1.57e+00, 7.31e-03) m s⁻¹, extrema(T): (31.31, -1.96) ᵒC, extrema(S): (39.66, 18.65) g/kg, extrema(η): (3.27, -2.18) m, wall time: 11.678 seconds 
[ Info: time: 2635 days, iteration: 189720, Δt: 20 minutes,max|u|: (1.58e+00, 1.57e+00, 7.24e-03) m s⁻¹, extrema(T): (31.34, -1.96) ᵒC, extrema(S): (39.65, 18.62) g/kg, extrema(η): (3.27, -2.26) m, wall time: 11.655 seconds 
[ Info: time: 2636 days, iteration: 189792, Δt: 20 minutes,max|u|: (1.51e+00, 1.58e+00, 7.26e-03) m s⁻¹, extrema(T): (31.34, -1.96) ᵒC, extrema(S): (39.65, 18.60) g/kg, extrema(η): (3.25, -3.60) m, wall time: 11.571 seconds 
[ Info: time: 2637 days, iteration: 189864, Δt: 20 minutes,max|u|: (1.55e+00, 1.74e+00, 7.31e-03) m s⁻¹, extrema(T): (31.35, -1.95) ᵒC, extrema(S): (39.65, 18.58) g/kg, extrema(η): (3.15, -2.01) m, wall time: 11.668 seconds 
[ Info: time: 2638 days, iteration: 189936, Δt: 20 minutes,max|u|: (1.59e+00, 1.59e+00, 7.28e-03) m s⁻¹, extrema(T): (31.34, -1.95) ᵒC, extrema(S): (39.65, 18.56) g/kg, extrema(η): (4.03, -2.07) m, wall time: 11.740 seconds 
[ Info: time: 2639 days, iteration: 190008, Δt: 20 minutes,max|u|: (2.72e+00, 1.57e+00, 7.36e-03) m s⁻¹, extrema(T): (31.35, -1.95) ᵒC, extrema(S): (39.65, 18.57) g/kg, extrema(η): (3.48, -2.25) m, wall time: 11.715 seconds 
[ Info: time: 2640 days, iteration: 190080, Δt: 20 minutes,max|u|: (1.67e+00, 1.57e+00, 7.35e-03) m s⁻¹, extrema(T): (31.23, -1.95) ᵒC, extrema(S): (39.65, 18.67) g/kg, extrema(η): (1.75, -2.25) m, wall time: 16.906 seconds 
[ Info: time: 2641 days, iteration: 190152, Δt: 20 minutes,max|u|: (1.86e+00, 1.55e+00, 7.33e-03) m s⁻¹, extrema(T): (31.05, -1.95) ᵒC, extrema(S): (39.65, 18.93) g/kg, extrema(η): (1.28, -3.59) m, wall time: 11.643 seconds 
[ Info: time: 2642 days, iteration: 190224, Δt: 20 minutes,max|u|: (1.71e+00, 1.80e+00, 7.33e-03) m s⁻¹, extrema(T): (31.03, -1.94) ᵒC, extrema(S): (39.65, 19.50) g/kg, extrema(η): (1.22, -2.10) m, wall time: 11.663 seconds 
[ Info: time: 2643 days, iteration: 190296, Δt: 20 minutes,max|u|: (1.69e+00, 1.53e+00, 7.30e-03) m s⁻¹, extrema(T): (31.01, -1.94) ᵒC, extrema(S): (39.65, 19.73) g/kg, extrema(η): (3.64, -2.24) m, wall time: 11.639 seconds 
[ Info: time: 2644 days, iteration: 190368, Δt: 20 minutes,max|u|: (1.69e+00, 1.52e+00, 7.30e-03) m s⁻¹, extrema(T): (31.14, -1.94) ᵒC, extrema(S): (39.64, 19.60) g/kg, extrema(η): (3.85, -2.23) m, wall time: 11.669 seconds 
[ Info: time: 2645 days, iteration: 190440, Δt: 20 minutes,max|u|: (1.97e+00, 1.66e+00, 7.30e-03) m s⁻¹, extrema(T): (31.08, -1.93) ᵒC, extrema(S): (39.64, 19.43) g/kg, extrema(η): (1.53, -2.20) m, wall time: 11.705 seconds 
[ Info: time: 2646 days, iteration: 190512, Δt: 20 minutes,max|u|: (1.75e+00, 1.66e+00, 7.31e-03) m s⁻¹, extrema(T): (31.07, -1.93) ᵒC, extrema(S): (39.64, 19.32) g/kg, extrema(η): (1.38, -3.52) m, wall time: 11.723 seconds 
[ Info: time: 2647 days, iteration: 190584, Δt: 20 minutes,max|u|: (1.76e+00, 1.75e+00, 7.26e-03) m s⁻¹, extrema(T): (31.06, -1.93) ᵒC, extrema(S): (39.64, 19.26) g/kg, extrema(η): (1.32, -2.24) m, wall time: 30.702 seconds 
[ Info: time: 2648 days, iteration: 190656, Δt: 20 minutes,max|u|: (1.78e+00, 1.65e+00, 7.24e-03) m s⁻¹, extrema(T): (31.06, -1.93) ᵒC, extrema(S): (39.64, 19.24) g/kg, extrema(η): (2.82, -2.26) m, wall time: 11.662 seconds 
[ Info: time: 2649 days, iteration: 190728, Δt: 20 minutes,max|u|: (1.80e+00, 1.56e+00, 7.24e-03) m s⁻¹, extrema(T): (31.09, -1.93) ᵒC, extrema(S): (39.64, 19.14) g/kg, extrema(η): (4.44, -2.25) m, wall time: 11.620 seconds 
[ Info: time: 2650 days, iteration: 190800, Δt: 20 minutes,max|u|: (1.88e+00, 1.60e+00, 7.19e-03) m s⁻¹, extrema(T): (31.17, -1.92) ᵒC, extrema(S): (39.64, 19.04) g/kg, extrema(η): (1.64, -2.15) m, wall time: 11.662 seconds 
[ Info: time: 2651 days, iteration: 190872, Δt: 20 minutes,max|u|: (1.81e+00, 1.55e+00, 7.18e-03) m s⁻¹, extrema(T): (31.08, -1.92) ᵒC, extrema(S): (39.64, 18.99) g/kg, extrema(η): (1.24, -2.78) m, wall time: 11.637 seconds 
[ Info: time: 2652 days, iteration: 190944, Δt: 20 minutes,max|u|: (1.83e+00, 1.54e+00, 7.15e-03) m s⁻¹, extrema(T): (31.15, -1.92) ᵒC, extrema(S): (39.63, 18.91) g/kg, extrema(η): (1.19, -2.94) m, wall time: 11.614 seconds 
[ Info: time: 2653 days, iteration: 191016, Δt: 20 minutes,max|u|: (1.84e+00, 1.77e+00, 7.14e-03) m s⁻¹, extrema(T): (31.13, -1.92) ᵒC, extrema(S): (39.63, 19.08) g/kg, extrema(η): (1.41, -1.96) m, wall time: 16.983 seconds 
[ Info: time: 2654 days, iteration: 191088, Δt: 20 minutes,max|u|: (1.85e+00, 1.52e+00, 7.15e-03) m s⁻¹, extrema(T): (31.12, -1.92) ᵒC, extrema(S): (39.63, 19.60) g/kg, extrema(η): (4.26, -2.11) m, wall time: 11.576 seconds 
[ Info: time: 2655 days, iteration: 191160, Δt: 20 minutes,max|u|: (1.89e+00, 1.53e+00, 7.19e-03) m s⁻¹, extrema(T): (31.16, -1.91) ᵒC, extrema(S): (39.63, 19.59) g/kg, extrema(η): (2.55, -2.10) m, wall time: 15.504 seconds 
[ Info: time: 2656 days, iteration: 191232, Δt: 20 minutes,max|u|: (1.89e+00, 1.51e+00, 7.24e-03) m s⁻¹, extrema(T): (31.20, -1.91) ᵒC, extrema(S): (39.63, 19.52) g/kg, extrema(η): (2.71, -2.25) m, wall time: 11.618 seconds 
[ Info: time: 2657 days, iteration: 191304, Δt: 20 minutes,max|u|: (1.88e+00, 1.49e+00, 7.24e-03) m s⁻¹, extrema(T): (31.15, -1.91) ᵒC, extrema(S): (39.63, 19.43) g/kg, extrema(η): (3.02, -3.26) m, wall time: 11.688 seconds 
[ Info: time: 2658 days, iteration: 191376, Δt: 20 minutes,max|u|: (1.92e+00, 1.72e+00, 7.26e-03) m s⁻¹, extrema(T): (31.20, -1.91) ᵒC, extrema(S): (39.63, 19.51) g/kg, extrema(η): (3.23, -2.27) m, wall time: 11.620 seconds 
[ Info: time: 2659 days, iteration: 191448, Δt: 20 minutes,max|u|: (1.91e+00, 2.09e+00, 7.20e-03) m s⁻¹, extrema(T): (31.18, -1.91) ᵒC, extrema(S): (39.63, 19.54) g/kg, extrema(η): (3.92, -2.25) m, wall time: 11.577 seconds 
[ Info: time: 2660 days, iteration: 191520, Δt: 20 minutes,max|u|: (1.92e+00, 2.23e+00, 7.21e-03) m s⁻¹, extrema(T): (31.21, -1.91) ᵒC, extrema(S): (39.63, 19.48) g/kg, extrema(η): (3.54, -2.28) m, wall time: 11.609 seconds 
[ Info: time: 2661 days, iteration: 191592, Δt: 20 minutes,max|u|: (2.00e+00, 1.47e+00, 7.24e-03) m s⁻¹, extrema(T): (31.23, -1.91) ᵒC, extrema(S): (39.63, 19.51) g/kg, extrema(η): (2.81, -2.24) m, wall time: 11.560 seconds 
[ Info: time: 2662 days, iteration: 191664, Δt: 20 minutes,max|u|: (2.09e+00, 1.46e+00, 7.12e-03) m s⁻¹, extrema(T): (31.36, -1.91) ᵒC, extrema(S): (39.63, 19.40) g/kg, extrema(η): (2.49, -3.55) m, wall time: 11.710 seconds 
[ Info: time: 2663 days, iteration: 191736, Δt: 20 minutes,max|u|: (2.00e+00, 1.66e+00, 7.10e-03) m s⁻¹, extrema(T): (31.29, -1.91) ᵒC, extrema(S): (39.62, 19.47) g/kg, extrema(η): (2.04, -2.01) m, wall time: 11.605 seconds 
[ Info: time: 2664 days, iteration: 191808, Δt: 20 minutes,max|u|: (1.99e+00, 1.48e+00, 7.07e-03) m s⁻¹, extrema(T): (31.31, -1.91) ᵒC, extrema(S): (39.62, 19.54) g/kg, extrema(η): (3.13, -1.90) m, wall time: 11.595 seconds 
[ Info: time: 2665 days, iteration: 191880, Δt: 20 minutes,max|u|: (2.01e+00, 1.49e+00, 7.07e-03) m s⁻¹, extrema(T): (31.41, -1.91) ᵒC, extrema(S): (39.62, 19.54) g/kg, extrema(η): (4.20, -2.00) m, wall time: 17.018 seconds 
[ Info: time: 2666 days, iteration: 191952, Δt: 20 minutes,max|u|: (1.98e+00, 1.64e+00, 7.08e-03) m s⁻¹, extrema(T): (31.31, -1.91) ᵒC, extrema(S): (39.62, 19.55) g/kg, extrema(η): (1.29, -1.94) m, wall time: 11.694 seconds 
[ Info: time: 2667 days, iteration: 192024, Δt: 20 minutes,max|u|: (1.97e+00, 1.51e+00, 7.03e-03) m s⁻¹, extrema(T): (31.22, -1.91) ᵒC, extrema(S): (39.62, 19.45) g/kg, extrema(η): (1.26, -3.26) m, wall time: 11.727 seconds 
[ Info: time: 2668 days, iteration: 192096, Δt: 20 minutes,max|u|: (1.95e+00, 1.51e+00, 7.06e-03) m s⁻¹, extrema(T): (31.19, -1.91) ᵒC, extrema(S): (39.63, 19.45) g/kg, extrema(η): (1.43, -2.14) m, wall time: 11.743 seconds 
[ Info: time: 2669 days, iteration: 192168, Δt: 20 minutes,max|u|: (1.94e+00, 1.60e+00, 7.03e-03) m s⁻¹, extrema(T): (31.30, -1.91) ᵒC, extrema(S): (39.63, 19.48) g/kg, extrema(η): (2.42, -2.02) m, wall time: 11.595 seconds 
[ Info: time: 2670 days, iteration: 192240, Δt: 20 minutes,max|u|: (1.93e+00, 1.51e+00, 7.04e-03) m s⁻¹, extrema(T): (31.22, -1.92) ᵒC, extrema(S): (39.63, 19.37) g/kg, extrema(η): (4.45, -1.97) m, wall time: 11.649 seconds 
[ Info: time: 2671 days, iteration: 192312, Δt: 20 minutes,max|u|: (1.93e+00, 1.58e+00, 7.04e-03) m s⁻¹, extrema(T): (31.18, -1.92) ᵒC, extrema(S): (39.63, 19.35) g/kg, extrema(η): (1.82, -2.16) m, wall time: 11.649 seconds 
[ Info: time: 2672 days, iteration: 192384, Δt: 20 minutes,max|u|: (1.93e+00, 1.49e+00, 7.04e-03) m s⁻¹, extrema(T): (31.17, -1.92) ᵒC, extrema(S): (39.64, 19.57) g/kg, extrema(η): (1.32, -2.88) m, wall time: 11.600 seconds 
[ Info: time: 2673 days, iteration: 192456, Δt: 20 minutes,max|u|: (1.95e+00, 1.49e+00, 7.09e-03) m s⁻¹, extrema(T): (31.30, -1.92) ᵒC, extrema(S): (39.64, 19.50) g/kg, extrema(η): (1.26, -3.09) m, wall time: 11.642 seconds 
[ Info: time: 2674 days, iteration: 192528, Δt: 20 minutes,max|u|: (2.07e+00, 1.82e+00, 7.04e-03) m s⁻¹, extrema(T): (31.26, -1.92) ᵒC, extrema(S): (39.64, 19.67) g/kg, extrema(η): (1.34, -2.06) m, wall time: 11.610 seconds 
[ Info: time: 2675 days, iteration: 192600, Δt: 20 minutes,max|u|: (1.93e+00, 1.47e+00, 7.02e-03) m s⁻¹, extrema(T): (31.30, -1.92) ᵒC, extrema(S): (39.64, 19.61) g/kg, extrema(η): (4.08, -2.16) m, wall time: 11.570 seconds 
[ Info: time: 2676 days, iteration: 192672, Δt: 20 minutes,max|u|: (1.90e+00, 1.47e+00, 7.04e-03) m s⁻¹, extrema(T): (31.25, -1.92) ᵒC, extrema(S): (39.63, 19.67) g/kg, extrema(η): (2.57, -2.27) m, wall time: 11.605 seconds 
[ Info: time: 2677 days, iteration: 192744, Δt: 20 minutes,max|u|: (1.90e+00, 1.46e+00, 7.05e-03) m s⁻¹, extrema(T): (31.21, -1.92) ᵒC, extrema(S): (39.62, 19.62) g/kg, extrema(η): (1.42, -2.18) m, wall time: 16.927 seconds 
[ Info: time: 2678 days, iteration: 192816, Δt: 20 minutes,max|u|: (1.91e+00, 1.46e+00, 7.07e-03) m s⁻¹, extrema(T): (31.26, -1.93) ᵒC, extrema(S): (39.63, 19.57) g/kg, extrema(η): (1.72, -3.33) m, wall time: 12.582 seconds 
[ Info: time: 2679 days, iteration: 192888, Δt: 20 minutes,max|u|: (1.87e+00, 1.61e+00, 7.09e-03) m s⁻¹, extrema(T): (31.32, -1.92) ᵒC, extrema(S): (39.63, 19.58) g/kg, extrema(η): (2.30, -2.28) m, wall time: 11.602 seconds 
[ Info: time: 2680 days, iteration: 192960, Δt: 20 minutes,max|u|: (1.81e+00, 1.47e+00, 7.03e-03) m s⁻¹, extrema(T): (31.32, -1.92) ᵒC, extrema(S): (39.63, 19.46) g/kg, extrema(η): (3.30, -2.21) m, wall time: 11.621 seconds 
[ Info: time: 2681 days, iteration: 193032, Δt: 20 minutes,max|u|: (1.79e+00, 1.47e+00, 7.06e-03) m s⁻¹, extrema(T): (31.35, -1.91) ᵒC, extrema(S): (39.64, 19.57) g/kg, extrema(η): (4.18, -2.18) m, wall time: 11.617 seconds 
[ Info: time: 2682 days, iteration: 193104, Δt: 20 minutes,max|u|: (1.78e+00, 1.65e+00, 6.98e-03) m s⁻¹, extrema(T): (31.34, -1.92) ᵒC, extrema(S): (39.64, 19.58) g/kg, extrema(η): (3.21, -2.09) m, wall time: 11.574 seconds 
[ Info: time: 2683 days, iteration: 193176, Δt: 20 minutes,max|u|: (1.88e+00, 1.48e+00, 6.92e-03) m s⁻¹, extrema(T): (31.33, -1.92) ᵒC, extrema(S): (39.64, 19.63) g/kg, extrema(η): (3.10, -3.83) m, wall time: 11.605 seconds 
[ Info: time: 2684 days, iteration: 193248, Δt: 20 minutes,max|u|: (1.89e+00, 1.53e+00, 6.93e-03) m s⁻¹, extrema(T): (31.33, -1.92) ᵒC, extrema(S): (39.64, 19.33) g/kg, extrema(η): (2.99, -2.20) m, wall time: 11.668 seconds 
[ Info: time: 2685 days, iteration: 193320, Δt: 20 minutes,max|u|: (2.13e+00, 1.61e+00, 6.94e-03) m s⁻¹, extrema(T): (31.32, -1.92) ᵒC, extrema(S): (39.64, 18.39) g/kg, extrema(η): (2.63, -2.08) m, wall time: 11.653 seconds 
[ Info: time: 2686 days, iteration: 193392, Δt: 20 minutes,max|u|: (2.15e+00, 1.90e+00, 6.99e-03) m s⁻¹, extrema(T): (31.32, -1.92) ᵒC, extrema(S): (39.63, 17.72) g/kg, extrema(η): (4.28, -2.05) m, wall time: 11.605 seconds 
[ Info: time: 2687 days, iteration: 193464, Δt: 20 minutes,max|u|: (2.38e+00, 1.66e+00, 7.07e-03) m s⁻¹, extrema(T): (31.35, -1.91) ᵒC, extrema(S): (39.63, 17.47) g/kg, extrema(η): (1.84, -2.12) m, wall time: 11.684 seconds 
[ Info: time: 2688 days, iteration: 193536, Δt: 20 minutes,max|u|: (2.47e+00, 1.57e+00, 7.11e-03) m s⁻¹, extrema(T): (31.38, -1.89) ᵒC, extrema(S): (39.63, 16.98) g/kg, extrema(η): (1.22, -3.41) m, wall time: 11.638 seconds 
[ Info: time: 2689 days, iteration: 193608, Δt: 20 minutes,max|u|: (2.21e+00, 1.45e+00, 7.11e-03) m s⁻¹, extrema(T): (31.33, -1.89) ᵒC, extrema(S): (39.64, 17.03) g/kg, extrema(η): (1.35, -3.13) m, wall time: 11.624 seconds 
[ Info: time: 2690 days, iteration: 193680, Δt: 20 minutes,max|u|: (1.75e+00, 1.62e+00, 7.18e-03) m s⁻¹, extrema(T): (31.30, -1.89) ᵒC, extrema(S): (39.64, 16.59) g/kg, extrema(η): (1.22, -2.18) m, wall time: 16.891 seconds 
[ Info: time: 2691 days, iteration: 193752, Δt: 20 minutes,max|u|: (1.60e+00, 1.45e+00, 7.23e-03) m s⁻¹, extrema(T): (31.31, -1.91) ᵒC, extrema(S): (39.64, 16.29) g/kg, extrema(η): (4.18, -2.15) m, wall time: 11.591 seconds 
[ Info: time: 2692 days, iteration: 193824, Δt: 20 minutes,max|u|: (1.59e+00, 1.58e+00, 7.17e-03) m s⁻¹, extrema(T): (31.35, -1.92) ᵒC, extrema(S): (39.64, 16.44) g/kg, extrema(η): (2.13, -2.19) m, wall time: 11.641 seconds 
[ Info: time: 2693 days, iteration: 193896, Δt: 20 minutes,max|u|: (1.96e+00, 1.45e+00, 7.12e-03) m s⁻¹, extrema(T): (31.33, -1.92) ᵒC, extrema(S): (39.65, 16.45) g/kg, extrema(η): (1.30, -2.32) m, wall time: 11.596 seconds 
[ Info: time: 2694 days, iteration: 193968, Δt: 20 minutes,max|u|: (1.60e+00, 1.44e+00, 7.12e-03) m s⁻¹, extrema(T): (31.31, -1.92) ᵒC, extrema(S): (39.65, 16.08) g/kg, extrema(η): (1.24, -3.58) m, wall time: 11.632 seconds 
[ Info: time: 2695 days, iteration: 194040, Δt: 20 minutes,max|u|: (1.57e+00, 1.62e+00, 7.10e-03) m s⁻¹, extrema(T): (31.39, -1.92) ᵒC, extrema(S): (39.65, 16.37) g/kg, extrema(η): (1.22, -2.27) m, wall time: 11.597 seconds 
[ Info: time: 2696 days, iteration: 194112, Δt: 20 minutes,max|u|: (1.72e+00, 1.53e+00, 7.14e-03) m s⁻¹, extrema(T): (31.47, -1.93) ᵒC, extrema(S): (39.65, 17.21) g/kg, extrema(η): (4.14, -2.26) m, wall time: 11.603 seconds 
[ Info: time: 2697 days, iteration: 194184, Δt: 20 minutes,max|u|: (1.65e+00, 1.80e+00, 7.13e-03) m s⁻¹, extrema(T): (31.44, -1.93) ᵒC, extrema(S): (39.66, 16.84) g/kg, extrema(η): (3.04, -2.15) m, wall time: 11.589 seconds 
[ Info: time: 2698 days, iteration: 194256, Δt: 20 minutes,max|u|: (1.54e+00, 1.59e+00, 7.11e-03) m s⁻¹, extrema(T): (31.43, -1.93) ᵒC, extrema(S): (39.66, 16.66) g/kg, extrema(η): (1.30, -2.20) m, wall time: 11.572 seconds 
[ Info: time: 2699 days, iteration: 194328, Δt: 20 minutes,max|u|: (1.50e+00, 1.44e+00, 7.04e-03) m s⁻¹, extrema(T): (31.48, -1.92) ᵒC, extrema(S): (39.66, 17.12) g/kg, extrema(η): (1.33, -4.09) m, wall time: 11.610 seconds 
[ Info: time: 2700 days, iteration: 194400, Δt: 20 minutes,max|u|: (1.57e+00, 1.74e+00, 6.99e-03) m s⁻¹, extrema(T): (31.49, -1.92) ᵒC, extrema(S): (39.66, 17.34) g/kg, extrema(η): (1.50, -1.96) m, wall time: 11.551 seconds 
[ Info: time: 2701 days, iteration: 194472, Δt: 20 minutes,max|u|: (1.44e+00, 1.43e+00, 7.00e-03) m s⁻¹, extrema(T): (31.44, -1.92) ᵒC, extrema(S): (39.66, 18.24) g/kg, extrema(η): (3.66, -2.02) m, wall time: 11.575 seconds 
[ Info: time: 2702 days, iteration: 194544, Δt: 20 minutes,max|u|: (1.51e+00, 1.42e+00, 6.97e-03) m s⁻¹, extrema(T): (31.41, -1.92) ᵒC, extrema(S): (39.67, 18.92) g/kg, extrema(η): (3.88, -2.08) m, wall time: 16.932 seconds 
[ Info: time: 2703 days, iteration: 194616, Δt: 20 minutes,max|u|: (1.48e+00, 1.67e+00, 6.97e-03) m s⁻¹, extrema(T): (31.41, -1.91) ᵒC, extrema(S): (39.67, 18.73) g/kg, extrema(η): (3.00, -2.07) m, wall time: 11.590 seconds 
[ Info: time: 2704 days, iteration: 194688, Δt: 20 minutes,max|u|: (1.43e+00, 1.40e+00, 6.97e-03) m s⁻¹, extrema(T): (31.39, -1.93) ᵒC, extrema(S): (39.67, 18.91) g/kg, extrema(η): (3.27, -3.60) m, wall time: 11.558 seconds 
[ Info: time: 2705 days, iteration: 194760, Δt: 20 minutes,max|u|: (1.41e+00, 1.61e+00, 6.91e-03) m s⁻¹, extrema(T): (31.36, -1.93) ᵒC, extrema(S): (39.67, 19.06) g/kg, extrema(η): (3.37, -2.13) m, wall time: 11.575 seconds 
[ Info: time: 2706 days, iteration: 194832, Δt: 20 minutes,max|u|: (1.57e+00, 1.58e+00, 6.93e-03) m s⁻¹, extrema(T): (31.32, -1.94) ᵒC, extrema(S): (39.67, 19.17) g/kg, extrema(η): (3.27, -2.19) m, wall time: 11.653 seconds 
[ Info: time: 2707 days, iteration: 194904, Δt: 20 minutes,max|u|: (1.46e+00, 1.39e+00, 6.94e-03) m s⁻¹, extrema(T): (31.31, -1.94) ᵒC, extrema(S): (39.67, 18.83) g/kg, extrema(η): (4.43, -2.34) m, wall time: 11.583 seconds 
[ Info: time: 2708 days, iteration: 194976, Δt: 20 minutes,max|u|: (1.56e+00, 1.70e+00, 6.96e-03) m s⁻¹, extrema(T): (31.28, -1.94) ᵒC, extrema(S): (39.68, 18.37) g/kg, extrema(η): (2.65, -2.21) m, wall time: 11.618 seconds 
[ Info: time: 2709 days, iteration: 195048, Δt: 20 minutes,max|u|: (1.40e+00, 1.40e+00, 6.95e-03) m s⁻¹, extrema(T): (31.30, -1.94) ᵒC, extrema(S): (39.68, 17.82) g/kg, extrema(η): (2.28, -3.31) m, wall time: 12.505 seconds 
[ Info: time: 2710 days, iteration: 195120, Δt: 20 minutes,max|u|: (1.40e+00, 1.40e+00, 6.91e-03) m s⁻¹, extrema(T): (31.31, -1.94) ᵒC, extrema(S): (39.68, 17.48) g/kg, extrema(η): (1.90, -2.76) m, wall time: 11.601 seconds 
[ Info: time: 2711 days, iteration: 195192, Δt: 20 minutes,max|u|: (1.43e+00, 1.70e+00, 6.89e-03) m s⁻¹, extrema(T): (31.32, -1.94) ᵒC, extrema(S): (39.69, 16.65) g/kg, extrema(η): (1.83, -2.24) m, wall time: 11.602 seconds 
[ Info: time: 2712 days, iteration: 195264, Δt: 20 minutes,max|u|: (1.46e+00, 1.41e+00, 6.84e-03) m s⁻¹, extrema(T): (31.33, -1.94) ᵒC, extrema(S): (39.69, 16.55) g/kg, extrema(η): (4.67, -2.12) m, wall time: 11.658 seconds 
[ Info: time: 2713 days, iteration: 195336, Δt: 20 minutes,max|u|: (1.46e+00, 1.63e+00, 6.78e-03) m s⁻¹, extrema(T): (31.32, -1.94) ᵒC, extrema(S): (39.69, 16.89) g/kg, extrema(η): (2.09, -2.07) m, wall time: 11.618 seconds 
[ Info: time: 2714 days, iteration: 195408, Δt: 20 minutes,max|u|: (1.52e+00, 1.41e+00, 6.74e-03) m s⁻¹, extrema(T): (31.26, -1.94) ᵒC, extrema(S): (39.69, 16.55) g/kg, extrema(η): (1.28, -2.77) m, wall time: 17.151 seconds 
[ Info: time: 2715 days, iteration: 195480, Δt: 20 minutes,max|u|: (1.60e+00, 1.42e+00, 6.73e-03) m s⁻¹, extrema(T): (31.27, -1.94) ᵒC, extrema(S): (39.70, 16.87) g/kg, extrema(η): (1.24, -3.45) m, wall time: 11.649 seconds 
[ Info: time: 2716 days, iteration: 195552, Δt: 20 minutes,max|u|: (1.92e+00, 1.69e+00, 6.75e-03) m s⁻¹, extrema(T): (31.27, -1.94) ᵒC, extrema(S): (39.70, 16.43) g/kg, extrema(η): (1.22, -2.06) m, wall time: 11.570 seconds 
[ Info: time: 2717 days, iteration: 195624, Δt: 20 minutes,max|u|: (2.11e+00, 1.41e+00, 6.78e-03) m s⁻¹, extrema(T): (31.27, -1.94) ᵒC, extrema(S): (39.70, 16.07) g/kg, extrema(η): (4.29, -2.12) m, wall time: 11.586 seconds 
[ Info: time: 2718 days, iteration: 195696, Δt: 20 minutes,max|u|: (1.97e+00, 1.41e+00, 6.72e-03) m s⁻¹, extrema(T): (31.26, -1.94) ᵒC, extrema(S): (39.70, 15.94) g/kg, extrema(η): (3.05, -2.04) m, wall time: 11.565 seconds 
[ Info: time: 2719 days, iteration: 195768, Δt: 20 minutes,max|u|: (1.90e+00, 1.53e+00, 6.80e-03) m s⁻¹, extrema(T): (31.24, -1.94) ᵒC, extrema(S): (39.71, 16.15) g/kg, extrema(η): (1.30, -2.08) m, wall time: 11.625 seconds 
[ Info: time: 2720 days, iteration: 195840, Δt: 20 minutes,max|u|: (1.80e+00, 1.38e+00, 6.79e-03) m s⁻¹, extrema(T): (31.20, -1.94) ᵒC, extrema(S): (39.71, 15.85) g/kg, extrema(η): (1.25, -3.95) m, wall time: 11.581 seconds 
[ Info: time: 2721 days, iteration: 195912, Δt: 20 minutes,max|u|: (1.87e+00, 1.70e+00, 6.78e-03) m s⁻¹, extrema(T): (31.20, -1.94) ᵒC, extrema(S): (39.72, 15.44) g/kg, extrema(η): (1.41, -2.02) m, wall time: 11.631 seconds 
[ Info: time: 2722 days, iteration: 195984, Δt: 20 minutes,max|u|: (2.53e+00, 1.64e+00, 6.84e-03) m s⁻¹, extrema(T): (31.20, -1.95) ᵒC, extrema(S): (39.71, 15.30) g/kg, extrema(η): (3.65, -2.04) m, wall time: 11.606 seconds 
[ Info: time: 2723 days, iteration: 196056, Δt: 20 minutes,max|u|: (1.64e+00, 1.38e+00, 6.87e-03) m s⁻¹, extrema(T): (31.19, -1.95) ᵒC, extrema(S): (39.72, 15.51) g/kg, extrema(η): (3.80, -2.10) m, wall time: 11.723 seconds 
[ Info: time: 2724 days, iteration: 196128, Δt: 20 minutes,max|u|: (1.60e+00, 1.67e+00, 6.85e-03) m s⁻¹, extrema(T): (31.17, -1.95) ᵒC, extrema(S): (39.73, 16.48) g/kg, extrema(η): (1.30, -2.06) m, wall time: 11.616 seconds 
[ Info: time: 2725 days, iteration: 196200, Δt: 20 minutes,max|u|: (2.15e+00, 1.39e+00, 6.75e-03) m s⁻¹, extrema(T): (31.09, -1.95) ᵒC, extrema(S): (39.73, 15.75) g/kg, extrema(η): (1.74, -4.02) m, wall time: 11.542 seconds 
[ Info: time: 2726 days, iteration: 196272, Δt: 20 minutes,max|u|: (2.05e+00, 1.58e+00, 6.74e-03) m s⁻¹, extrema(T): (30.96, -1.95) ᵒC, extrema(S): (39.72, 15.14) g/kg, extrema(η): (2.39, -2.23) m, wall time: 11.609 seconds 
[ Info: time: 2727 days, iteration: 196344, Δt: 20 minutes,max|u|: (2.29e+00, 2.16e+00, 6.83e-03) m s⁻¹, extrema(T): (30.91, -1.95) ᵒC, extrema(S): (39.73, 15.77) g/kg, extrema(η): (2.89, -2.26) m, wall time: 17.118 seconds 
[ Info: time: 2728 days, iteration: 196416, Δt: 20 minutes,max|u|: (2.22e+00, 1.44e+00, 6.85e-03) m s⁻¹, extrema(T): (30.91, -1.95) ᵒC, extrema(S): (39.73, 16.36) g/kg, extrema(η): (4.46, -2.20) m, wall time: 11.655 seconds 
[ Info: time: 2729 days, iteration: 196488, Δt: 20 minutes,max|u|: (1.70e+00, 1.65e+00, 6.95e-03) m s⁻¹, extrema(T): (31.01, -1.95) ᵒC, extrema(S): (39.73, 16.20) g/kg, extrema(η): (3.27, -2.23) m, wall time: 11.585 seconds 
[ Info: time: 2730 days, iteration: 196560, Δt: 20 minutes,max|u|: (1.57e+00, 1.56e+00, 7.00e-03) m s⁻¹, extrema(T): (30.99, -1.95) ᵒC, extrema(S): (39.73, 15.77) g/kg, extrema(η): (3.20, -3.32) m, wall time: 11.653 seconds 
[ Info: time: 2731 days, iteration: 196632, Δt: 20 minutes,max|u|: (1.58e+00, 1.47e+00, 6.97e-03) m s⁻¹, extrema(T): (30.97, -1.95) ᵒC, extrema(S): (39.73, 15.87) g/kg, extrema(η): (3.18, -2.63) m, wall time: 11.638 seconds 
[ Info: time: 2732 days, iteration: 196704, Δt: 20 minutes,max|u|: (1.63e+00, 1.73e+00, 6.92e-03) m s⁻¹, extrema(T): (31.07, -1.95) ᵒC, extrema(S): (39.73, 15.43) g/kg, extrema(η): (2.97, -2.13) m, wall time: 11.770 seconds 
[ Info: time: 2733 days, iteration: 196776, Δt: 20 minutes,max|u|: (1.77e+00, 1.47e+00, 6.82e-03) m s⁻¹, extrema(T): (31.11, -1.95) ᵒC, extrema(S): (39.74, 14.97) g/kg, extrema(η): (4.61, -2.00) m, wall time: 11.605 seconds 
[ Info: time: 2734 days, iteration: 196848, Δt: 20 minutes,max|u|: (2.02e+00, 1.63e+00, 6.82e-03) m s⁻¹, extrema(T): (31.25, -1.95) ᵒC, extrema(S): (39.74, 14.46) g/kg, extrema(η): (2.17, -2.04) m, wall time: 11.595 seconds 
[ Info: time: 2735 days, iteration: 196920, Δt: 20 minutes,max|u|: (1.83e+00, 1.50e+00, 6.81e-03) m s⁻¹, extrema(T): (31.19, -1.94) ᵒC, extrema(S): (39.75, 14.23) g/kg, extrema(η): (1.69, -2.85) m, wall time: 11.606 seconds 
[ Info: time: 2736 days, iteration: 196992, Δt: 20 minutes,max|u|: (1.76e+00, 1.50e+00, 6.81e-03) m s⁻¹, extrema(T): (31.22, -1.91) ᵒC, extrema(S): (39.75, 13.87) g/kg, extrema(η): (1.49, -3.10) m, wall time: 11.565 seconds 
[ Info: time: 2737 days, iteration: 197064, Δt: 20 minutes,max|u|: (1.67e+00, 1.79e+00, 6.85e-03) m s⁻¹, extrema(T): (31.22, -1.91) ᵒC, extrema(S): (39.75, 13.69) g/kg, extrema(η): (1.53, -2.24) m, wall time: 11.700 seconds 
[ Info: time: 2738 days, iteration: 197136, Δt: 20 minutes,max|u|: (1.55e+00, 1.49e+00, 6.83e-03) m s⁻¹, extrema(T): (31.27, -1.91) ᵒC, extrema(S): (39.75, 13.79) g/kg, extrema(η): (4.32, -2.28) m, wall time: 11.585 seconds 
[ Info: time: 2739 days, iteration: 197208, Δt: 20 minutes,max|u|: (1.81e+00, 1.48e+00, 6.88e-03) m s⁻¹, extrema(T): (31.14, -1.91) ᵒC, extrema(S): (39.76, 13.85) g/kg, extrema(η): (2.99, -2.26) m, wall time: 16.989 seconds 
[ Info: time: 2740 days, iteration: 197280, Δt: 20 minutes,max|u|: (2.01e+00, 1.48e+00, 6.93e-03) m s⁻¹, extrema(T): (31.05, -1.92) ᵒC, extrema(S): (39.76, 15.97) g/kg, extrema(η): (1.56, -2.32) m, wall time: 12.330 seconds 
[ Info: time: 2741 days, iteration: 197352, Δt: 20 minutes,max|u|: (1.77e+00, 1.46e+00, 6.98e-03) m s⁻¹, extrema(T): (31.06, -1.92) ᵒC, extrema(S): (39.76, 15.26) g/kg, extrema(η): (1.46, -3.84) m, wall time: 11.652 seconds 
[ Info: time: 2742 days, iteration: 197424, Δt: 20 minutes,max|u|: (2.24e+00, 1.73e+00, 7.01e-03) m s⁻¹, extrema(T): (31.07, -1.93) ᵒC, extrema(S): (39.76, 14.64) g/kg, extrema(η): (1.44, -2.10) m, wall time: 11.638 seconds 
[ Info: time: 2743 days, iteration: 197496, Δt: 20 minutes,max|u|: (2.24e+00, 1.43e+00, 7.00e-03) m s⁻¹, extrema(T): (31.09, -1.93) ᵒC, extrema(S): (39.77, 14.17) g/kg, extrema(η): (3.97, -2.14) m, wall time: 11.572 seconds 
[ Info: time: 2744 days, iteration: 197568, Δt: 20 minutes,max|u|: (1.93e+00, 1.43e+00, 7.00e-03) m s⁻¹, extrema(T): (31.29, -1.93) ᵒC, extrema(S): (39.77, 14.96) g/kg, extrema(η): (3.56, -2.11) m, wall time: 11.683 seconds 
[ Info: time: 2745 days, iteration: 197640, Δt: 20 minutes,max|u|: (2.14e+00, 1.71e+00, 7.07e-03) m s⁻¹, extrema(T): (31.21, -1.93) ᵒC, extrema(S): (39.77, 14.59) g/kg, extrema(η): (1.38, -2.22) m, wall time: 11.621 seconds 
[ Info: time: 2746 days, iteration: 197712, Δt: 20 minutes,max|u|: (2.68e+00, 1.44e+00, 7.12e-03) m s⁻¹, extrema(T): (31.11, -1.94) ᵒC, extrema(S): (39.77, 14.23) g/kg, extrema(η): (1.30, -3.62) m, wall time: 11.653 seconds 
[ Info: time: 2747 days, iteration: 197784, Δt: 20 minutes,max|u|: (2.08e+00, 1.62e+00, 7.21e-03) m s⁻¹, extrema(T): (31.32, -1.94) ᵒC, extrema(S): (39.78, 15.51) g/kg, extrema(η): (1.30, -2.14) m, wall time: 11.534 seconds 
[ Info: time: 2748 days, iteration: 197856, Δt: 20 minutes,max|u|: (2.22e+00, 1.65e+00, 7.24e-03) m s⁻¹, extrema(T): (31.67, -1.94) ᵒC, extrema(S): (39.78, 15.32) g/kg, extrema(η): (2.84, -2.23) m, wall time: 11.626 seconds 
[ Info: time: 2749 days, iteration: 197928, Δt: 20 minutes,max|u|: (2.36e+00, 1.43e+00, 7.27e-03) m s⁻¹, extrema(T): (31.59, -1.95) ᵒC, extrema(S): (39.78, 14.75) g/kg, extrema(η): (4.20, -2.15) m, wall time: 11.663 seconds 
[ Info: time: 2750 days, iteration: 198000, Δt: 20 minutes,max|u|: (2.74e+00, 1.64e+00, 7.19e-03) m s⁻¹, extrema(T): (31.66, -1.95) ᵒC, extrema(S): (39.78, 14.23) g/kg, extrema(η): (2.43, -2.07) m, wall time: 11.616 seconds 
[ Info: time: 2751 days, iteration: 198072, Δt: 20 minutes,max|u|: (1.93e+00, 1.44e+00, 7.13e-03) m s⁻¹, extrema(T): (31.62, -1.95) ᵒC, extrema(S): (39.78, 15.38) g/kg, extrema(η): (2.87, -3.11) m, wall time: 11.598 seconds 
[ Info: time: 2752 days, iteration: 198144, Δt: 20 minutes,max|u|: (1.89e+00, 1.46e+00, 7.07e-03) m s⁻¹, extrema(T): (31.52, -1.96) ᵒC, extrema(S): (39.79, 15.28) g/kg, extrema(η): (3.18, -2.81) m, wall time: 17.013 seconds 
[ Info: time: 2753 days, iteration: 198216, Δt: 20 minutes,max|u|: (1.82e+00, 1.78e+00, 7.05e-03) m s⁻¹, extrema(T): (31.61, -1.96) ᵒC, extrema(S): (39.79, 15.51) g/kg, extrema(η): (3.25, -2.25) m, wall time: 11.619 seconds 
[ Info: time: 2754 days, iteration: 198288, Δt: 20 minutes,max|u|: (1.84e+00, 1.47e+00, 7.05e-03) m s⁻¹, extrema(T): (31.72, -1.96) ᵒC, extrema(S): (39.79, 14.60) g/kg, extrema(η): (4.48, -2.24) m, wall time: 15.410 seconds 
[ Info: time: 2755 days, iteration: 198360, Δt: 20 minutes,max|u|: (2.28e+00, 1.72e+00, 6.99e-03) m s⁻¹, extrema(T): (31.70, -1.96) ᵒC, extrema(S): (39.79, 15.90) g/kg, extrema(η): (3.14, -2.21) m, wall time: 11.574 seconds 
[ Info: time: 2756 days, iteration: 198432, Δt: 20 minutes,max|u|: (1.73e+00, 1.48e+00, 6.95e-03) m s⁻¹, extrema(T): (31.70, -1.95) ᵒC, extrema(S): (39.80, 16.53) g/kg, extrema(η): (2.80, -2.59) m, wall time: 11.635 seconds 
[ Info: time: 2757 days, iteration: 198504, Δt: 20 minutes,max|u|: (1.73e+00, 1.47e+00, 6.92e-03) m s⁻¹, extrema(T): (31.78, -1.94) ᵒC, extrema(S): (39.80, 15.57) g/kg, extrema(η): (2.66, -3.49) m, wall time: 11.599 seconds 
[ Info: time: 2758 days, iteration: 198576, Δt: 20 minutes,max|u|: (1.98e+00, 1.74e+00, 6.86e-03) m s⁻¹, extrema(T): (32.11, -1.94) ᵒC, extrema(S): (39.80, 16.33) g/kg, extrema(η): (2.24, -1.91) m, wall time: 11.626 seconds 
[ Info: time: 2759 days, iteration: 198648, Δt: 20 minutes,max|u|: (2.19e+00, 1.45e+00, 6.85e-03) m s⁻¹, extrema(T): (32.24, -1.95) ᵒC, extrema(S): (39.80, 16.67) g/kg, extrema(η): (4.32, -2.09) m, wall time: 11.674 seconds 
[ Info: time: 2760 days, iteration: 198720, Δt: 20 minutes,max|u|: (2.00e+00, 1.45e+00, 6.84e-03) m s⁻¹, extrema(T): (32.21, -1.95) ᵒC, extrema(S): (39.81, 15.68) g/kg, extrema(η): (3.08, -2.07) m, wall time: 11.638 seconds 
[ Info: time: 2761 days, iteration: 198792, Δt: 20 minutes,max|u|: (2.11e+00, 1.59e+00, 6.78e-03) m s⁻¹, extrema(T): (32.20, -1.95) ᵒC, extrema(S): (39.81, 15.22) g/kg, extrema(η): (1.43, -2.09) m, wall time: 11.627 seconds 
[ Info: time: 2762 days, iteration: 198864, Δt: 20 minutes,max|u|: (2.01e+00, 1.47e+00, 6.78e-03) m s⁻¹, extrema(T): (32.31, -1.94) ᵒC, extrema(S): (39.81, 14.77) g/kg, extrema(η): (1.41, -3.85) m, wall time: 11.664 seconds 
[ Info: time: 2763 days, iteration: 198936, Δt: 20 minutes,max|u|: (1.80e+00, 1.68e+00, 6.77e-03) m s⁻¹, extrema(T): (32.18, -1.94) ᵒC, extrema(S): (39.81, 14.74) g/kg, extrema(η): (1.38, -2.24) m, wall time: 11.639 seconds 
[ Info: time: 2764 days, iteration: 199008, Δt: 20 minutes,max|u|: (2.09e+00, 1.47e+00, 6.76e-03) m s⁻¹, extrema(T): (32.32, -1.94) ᵒC, extrema(S): (39.82, 14.41) g/kg, extrema(η): (3.43, -2.16) m, wall time: 16.893 seconds 
[ Info: time: 2765 days, iteration: 199080, Δt: 20 minutes,max|u|: (2.27e+00, 1.52e+00, 6.73e-03) m s⁻¹, extrema(T): (32.27, -1.94) ᵒC, extrema(S): (39.83, 13.95) g/kg, extrema(η): (3.94, -2.32) m, wall time: 11.607 seconds 
[ Info: time: 2766 days, iteration: 199152, Δt: 20 minutes,max|u|: (1.94e+00, 1.74e+00, 6.74e-03) m s⁻¹, extrema(T): (32.13, -1.94) ᵒC, extrema(S): (39.82, 13.54) g/kg, extrema(η): (1.40, -2.09) m, wall time: 11.598 seconds 
[ Info: time: 2767 days, iteration: 199224, Δt: 20 minutes,max|u|: (1.69e+00, 1.41e+00, 6.74e-03) m s⁻¹, extrema(T): (32.17, -1.94) ᵒC, extrema(S): (39.82, 13.23) g/kg, extrema(η): (1.37, -3.97) m, wall time: 11.771 seconds 
[ Info: time: 2768 days, iteration: 199296, Δt: 20 minutes,max|u|: (1.61e+00, 1.54e+00, 6.78e-03) m s⁻¹, extrema(T): (32.17, -1.94) ᵒC, extrema(S): (39.82, 13.41) g/kg, extrema(η): (1.40, -2.15) m, wall time: 11.635 seconds 
[ Info: time: 2769 days, iteration: 199368, Δt: 20 minutes,max|u|: (1.70e+00, 1.54e+00, 6.82e-03) m s⁻¹, extrema(T): (32.09, -1.94) ᵒC, extrema(S): (39.82, 13.73) g/kg, extrema(η): (2.48, -2.06) m, wall time: 11.633 seconds 
[ Info: time: 2770 days, iteration: 199440, Δt: 20 minutes,max|u|: (1.61e+00, 1.53e+00, 6.85e-03) m s⁻¹, extrema(T): (32.08, -1.94) ᵒC, extrema(S): (39.83, 13.73) g/kg, extrema(η): (4.35, -2.11) m, wall time: 11.673 seconds 
[ Info: time: 2771 days, iteration: 199512, Δt: 20 minutes,max|u|: (1.59e+00, 1.62e+00, 6.88e-03) m s⁻¹, extrema(T): (32.04, -1.94) ᵒC, extrema(S): (39.83, 13.89) g/kg, extrema(η): (1.75, -2.12) m, wall time: 12.468 seconds 
[ Info: time: 2772 days, iteration: 199584, Δt: 20 minutes,max|u|: (1.66e+00, 1.60e+00, 6.85e-03) m s⁻¹, extrema(T): (31.97, -1.94) ᵒC, extrema(S): (39.83, 14.29) g/kg, extrema(η): (1.61, -3.18) m, wall time: 11.610 seconds 
[ Info: time: 2773 days, iteration: 199656, Δt: 20 minutes,max|u|: (1.48e+00, 1.61e+00, 6.87e-03) m s⁻¹, extrema(T): (31.81, -1.94) ᵒC, extrema(S): (39.84, 14.70) g/kg, extrema(η): (2.17, -2.76) m, wall time: 11.609 seconds 
[ Info: time: 2774 days, iteration: 199728, Δt: 20 minutes,max|u|: (1.70e+00, 1.72e+00, 6.93e-03) m s⁻¹, extrema(T): (31.74, -1.94) ᵒC, extrema(S): (39.84, 14.38) g/kg, extrema(η): (2.70, -2.24) m, wall time: 11.578 seconds 
[ Info: time: 2775 days, iteration: 199800, Δt: 20 minutes,max|u|: (1.77e+00, 1.60e+00, 6.97e-03) m s⁻¹, extrema(T): (31.79, -1.94) ᵒC, extrema(S): (39.85, 13.80) g/kg, extrema(η): (4.47, -2.23) m, wall time: 11.646 seconds 
[ Info: time: 2776 days, iteration: 199872, Δt: 20 minutes,max|u|: (1.90e+00, 1.58e+00, 6.91e-03) m s⁻¹, extrema(T): (31.81, -1.95) ᵒC, extrema(S): (39.86, 13.81) g/kg, extrema(η): (3.32, -2.26) m, wall time: 16.797 seconds 
[ Info: time: 2777 days, iteration: 199944, Δt: 20 minutes,max|u|: (1.86e+00, 1.52e+00, 6.88e-03) m s⁻¹, extrema(T): (31.60, -1.95) ᵒC, extrema(S): (39.86, 14.52) g/kg, extrema(η): (3.41, -2.18) m, wall time: 11.622 seconds 
[ Info: time: 2778 days, iteration: 200016, Δt: 20 minutes,max|u|: (1.93e+00, 1.52e+00, 6.93e-03) m s⁻¹, extrema(T): (31.53, -1.95) ᵒC, extrema(S): (39.86, 14.13) g/kg, extrema(η): (3.29, -3.35) m, wall time: 11.616 seconds 
[ Info: time: 2779 days, iteration: 200088, Δt: 20 minutes,max|u|: (2.03e+00, 1.74e+00, 6.87e-03) m s⁻¹, extrema(T): (31.56, -1.96) ᵒC, extrema(S): (39.85, 15.29) g/kg, extrema(η): (3.04, -1.92) m, wall time: 11.587 seconds 
[ Info: time: 2780 days, iteration: 200160, Δt: 20 minutes,max|u|: (2.06e+00, 1.51e+00, 6.81e-03) m s⁻¹, extrema(T): (31.62, -1.96) ᵒC, extrema(S): (39.85, 15.14) g/kg, extrema(η): (3.98, -2.04) m, wall time: 11.618 seconds 
[ Info: time: 2781 days, iteration: 200232, Δt: 20 minutes,max|u|: (1.80e+00, 1.86e+00, 6.88e-03) m s⁻¹, extrema(T): (31.60, -1.96) ᵒC, extrema(S): (39.86, 14.74) g/kg, extrema(η): (3.86, -2.12) m, wall time: 11.600 seconds 
[ Info: time: 2782 days, iteration: 200304, Δt: 20 minutes,max|u|: (2.17e+00, 1.65e+00, 7.00e-03) m s⁻¹, extrema(T): (31.50, -1.96) ᵒC, extrema(S): (39.85, 14.64) g/kg, extrema(η): (2.03, -2.13) m, wall time: 11.616 seconds 
[ Info: time: 2783 days, iteration: 200376, Δt: 20 minutes,max|u|: (1.99e+00, 1.45e+00, 7.00e-03) m s⁻¹, extrema(T): (31.45, -1.96) ᵒC, extrema(S): (39.85, 14.85) g/kg, extrema(η): (1.75, -3.57) m, wall time: 11.624 seconds 
[ Info: time: 2784 days, iteration: 200448, Δt: 20 minutes,max|u|: (2.55e+00, 1.51e+00, 7.03e-03) m s⁻¹, extrema(T): (31.44, -1.96) ᵒC, extrema(S): (39.86, 14.96) g/kg, extrema(η): (1.65, -2.19) m, wall time: 11.620 seconds 
[ Info: time: 2785 days, iteration: 200520, Δt: 20 minutes,max|u|: (2.41e+00, 1.55e+00, 7.03e-03) m s⁻¹, extrema(T): (31.47, -1.96) ᵒC, extrema(S): (39.86, 14.46) g/kg, extrema(η): (3.15, -2.25) m, wall time: 11.642 seconds 
[ Info: time: 2786 days, iteration: 200592, Δt: 20 minutes,max|u|: (2.44e+00, 1.39e+00, 6.98e-03) m s⁻¹, extrema(T): (31.50, -1.95) ᵒC, extrema(S): (39.86, 14.95) g/kg, extrema(η): (4.54, -2.06) m, wall time: 11.634 seconds 
[ Info: time: 2787 days, iteration: 200664, Δt: 20 minutes,max|u|: (2.18e+00, 1.72e+00, 6.96e-03) m s⁻¹, extrema(T): (31.50, -1.95) ᵒC, extrema(S): (39.86, 15.33) g/kg, extrema(η): (1.47, -2.13) m, wall time: 11.600 seconds 
[ Info: time: 2788 days, iteration: 200736, Δt: 20 minutes,max|u|: (2.41e+00, 1.40e+00, 6.97e-03) m s⁻¹, extrema(T): (31.39, -1.95) ᵒC, extrema(S): (39.86, 15.63) g/kg, extrema(η): (1.56, -3.49) m, wall time: 11.650 seconds 
[ Info: time: 2789 days, iteration: 200808, Δt: 20 minutes,max|u|: (2.24e+00, 1.53e+00, 6.98e-03) m s⁻¹, extrema(T): (31.33, -1.94) ᵒC, extrema(S): (39.86, 14.79) g/kg, extrema(η): (1.35, -2.87) m, wall time: 16.986 seconds 
[ Info: time: 2790 days, iteration: 200880, Δt: 20 minutes,max|u|: (2.26e+00, 1.66e+00, 7.02e-03) m s⁻¹, extrema(T): (31.30, -1.94) ᵒC, extrema(S): (39.86, 14.31) g/kg, extrema(η): (1.75, -2.05) m, wall time: 11.585 seconds 
[ Info: time: 2791 days, iteration: 200952, Δt: 20 minutes,max|u|: (2.88e+00, 1.43e+00, 7.00e-03) m s⁻¹, extrema(T): (31.30, -1.93) ᵒC, extrema(S): (39.86, 13.93) g/kg, extrema(η): (4.32, -2.19) m, wall time: 11.655 seconds 
[ Info: time: 2792 days, iteration: 201024, Δt: 20 minutes,max|u|: (2.26e+00, 1.63e+00, 7.04e-03) m s⁻¹, extrema(T): (31.39, -1.94) ᵒC, extrema(S): (39.86, 13.55) g/kg, extrema(η): (1.85, -2.11) m, wall time: 11.618 seconds 
[ Info: time: 2793 days, iteration: 201096, Δt: 20 minutes,max|u|: (2.27e+00, 1.43e+00, 7.20e-03) m s⁻¹, extrema(T): (31.41, -1.95) ᵒC, extrema(S): (39.86, 14.80) g/kg, extrema(η): (1.44, -2.83) m, wall time: 11.617 seconds 
[ Info: time: 2794 days, iteration: 201168, Δt: 20 minutes,max|u|: (2.45e+00, 1.57e+00, 7.06e-03) m s⁻¹, extrema(T): (31.42, -1.95) ᵒC, extrema(S): (39.86, 14.87) g/kg, extrema(η): (1.36, -3.52) m, wall time: 11.633 seconds 
[ Info: time: 2795 days, iteration: 201240, Δt: 20 minutes,max|u|: (2.42e+00, 1.90e+00, 6.97e-03) m s⁻¹, extrema(T): (31.42, -1.95) ᵒC, extrema(S): (39.86, 15.00) g/kg, extrema(η): (1.52, -2.23) m, wall time: 11.615 seconds 
[ Info: time: 2796 days, iteration: 201312, Δt: 20 minutes,max|u|: (2.28e+00, 1.42e+00, 6.94e-03) m s⁻¹, extrema(T): (31.30, -1.95) ᵒC, extrema(S): (39.87, 15.39) g/kg, extrema(η): (4.25, -2.05) m, wall time: 11.650 seconds 
[ Info: time: 2797 days, iteration: 201384, Δt: 20 minutes,max|u|: (2.03e+00, 2.56e+00, 6.97e-03) m s⁻¹, extrema(T): (31.29, -1.95) ᵒC, extrema(S): (39.87, 14.73) g/kg, extrema(η): (2.88, -1.99) m, wall time: 11.569 seconds 
[ Info: time: 2798 days, iteration: 201456, Δt: 20 minutes,max|u|: (2.15e+00, 1.74e+00, 6.89e-03) m s⁻¹, extrema(T): (31.32, -1.95) ᵒC, extrema(S): (39.87, 14.15) g/kg, extrema(η): (2.48, -1.98) m, wall time: 11.704 seconds 
[ Info: time: 2799 days, iteration: 201528, Δt: 20 minutes,max|u|: (2.34e+00, 1.81e+00, 6.89e-03) m s⁻¹, extrema(T): (31.33, -1.95) ᵒC, extrema(S): (39.87, 13.82) g/kg, extrema(η): (2.85, -3.78) m, wall time: 11.634 seconds 
[ Info: time: 2800 days, iteration: 201600, Δt: 20 minutes,max|u|: (2.44e+00, 1.72e+00, 6.90e-03) m s⁻¹, extrema(T): (31.35, -1.95) ᵒC, extrema(S): (39.87, 14.28) g/kg, extrema(η): (3.14, -2.13) m, wall time: 11.621 seconds 
[ Info: time: 2801 days, iteration: 201672, Δt: 20 minutes,max|u|: (2.49e+00, 1.42e+00, 6.87e-03) m s⁻¹, extrema(T): (31.37, -1.94) ᵒC, extrema(S): (39.87, 15.10) g/kg, extrema(η): (3.80, -2.20) m, wall time: 1.203 minutes 
[ Info: time: 2802 days, iteration: 201744, Δt: 20 minutes,max|u|: (2.35e+00, 1.62e+00, 6.89e-03) m s⁻¹, extrema(T): (31.38, -1.95) ᵒC, extrema(S): (39.88, 14.48) g/kg, extrema(η): (3.92, -2.25) m, wall time: 12.470 seconds 
[ Info: time: 2803 days, iteration: 201816, Δt: 20 minutes,max|u|: (2.38e+00, 1.68e+00, 6.94e-03) m s⁻¹, extrema(T): (31.34, -1.95) ᵒC, extrema(S): (39.87, 14.12) g/kg, extrema(η): (3.20, -2.43) m, wall time: 11.636 seconds 
[ Info: time: 2804 days, iteration: 201888, Δt: 20 minutes,max|u|: (2.33e+00, 1.97e+00, 6.96e-03) m s⁻¹, extrema(T): (31.34, -1.95) ᵒC, extrema(S): (39.88, 13.86) g/kg, extrema(η): (2.99, -3.88) m, wall time: 11.564 seconds 
[ Info: time: 2805 days, iteration: 201960, Δt: 20 minutes,max|u|: (2.06e+00, 1.62e+00, 6.92e-03) m s⁻¹, extrema(T): (31.32, -1.95) ᵒC, extrema(S): (39.87, 13.67) g/kg, extrema(η): (2.72, -2.35) m, wall time: 11.674 seconds 
[ Info: time: 2806 days, iteration: 202032, Δt: 20 minutes,max|u|: (2.04e+00, 1.77e+00, 6.86e-03) m s⁻¹, extrema(T): (31.31, -1.96) ᵒC, extrema(S): (39.87, 14.71) g/kg, extrema(η): (2.99, -2.26) m, wall time: 11.641 seconds 
[ Info: time: 2807 days, iteration: 202104, Δt: 20 minutes,max|u|: (2.23e+00, 1.55e+00, 6.88e-03) m s⁻¹, extrema(T): (31.30, -1.96) ᵒC, extrema(S): (39.87, 15.48) g/kg, extrema(η): (4.46, -2.19) m, wall time: 11.629 seconds 
[ Info: time: 2808 days, iteration: 202176, Δt: 20 minutes,max|u|: (2.50e+00, 1.76e+00, 6.85e-03) m s⁻¹, extrema(T): (31.30, -1.96) ᵒC, extrema(S): (39.87, 15.06) g/kg, extrema(η): (1.45, -2.11) m, wall time: 11.632 seconds 
[ Info: time: 2809 days, iteration: 202248, Δt: 20 minutes,max|u|: (2.53e+00, 1.50e+00, 6.81e-03) m s⁻¹, extrema(T): (31.30, -1.96) ᵒC, extrema(S): (39.88, 14.60) g/kg, extrema(η): (1.39, -3.48) m, wall time: 11.649 seconds 
[ Info: time: 2810 days, iteration: 202320, Δt: 20 minutes,max|u|: (2.46e+00, 1.54e+00, 6.82e-03) m s⁻¹, extrema(T): (31.30, -1.96) ᵒC, extrema(S): (39.88, 15.35) g/kg, extrema(η): (1.28, -2.41) m, wall time: 11.584 seconds 
[ Info: time: 2811 days, iteration: 202392, Δt: 20 minutes,max|u|: (2.30e+00, 1.57e+00, 6.82e-03) m s⁻¹, extrema(T): (31.29, -1.96) ᵒC, extrema(S): (39.89, 15.04) g/kg, extrema(η): (1.80, -2.17) m, wall time: 11.597 seconds 
[ Info: time: 2812 days, iteration: 202464, Δt: 20 minutes,max|u|: (2.02e+00, 1.45e+00, 6.83e-03) m s⁻¹, extrema(T): (31.23, -1.96) ᵒC, extrema(S): (39.90, 14.44) g/kg, extrema(η): (4.28, -2.21) m, wall time: 11.607 seconds 
[ Info: time: 2813 days, iteration: 202536, Δt: 20 minutes,max|u|: (2.02e+00, 1.48e+00, 6.81e-03) m s⁻¹, extrema(T): (31.18, -1.96) ᵒC, extrema(S): (39.88, 14.33) g/kg, extrema(η): (2.23, -2.08) m, wall time: 17.058 seconds 
[ Info: time: 2814 days, iteration: 202608, Δt: 20 minutes,max|u|: (2.38e+00, 1.44e+00, 6.83e-03) m s⁻¹, extrema(T): (31.15, -1.96) ᵒC, extrema(S): (39.88, 13.74) g/kg, extrema(η): (1.53, -2.26) m, wall time: 11.593 seconds 
[ Info: time: 2815 days, iteration: 202680, Δt: 20 minutes,max|u|: (2.32e+00, 1.44e+00, 6.83e-03) m s⁻¹, extrema(T): (31.13, -1.96) ᵒC, extrema(S): (39.89, 13.21) g/kg, extrema(η): (1.60, -3.21) m, wall time: 11.669 seconds 
[ Info: time: 2816 days, iteration: 202752, Δt: 20 minutes,max|u|: (2.59e+00, 1.71e+00, 6.77e-03) m s⁻¹, extrema(T): (31.09, -1.96) ᵒC, extrema(S): (39.88, 14.02) g/kg, extrema(η): (1.52, -2.14) m, wall time: 11.652 seconds 
[ Info: time: 2817 days, iteration: 202824, Δt: 20 minutes,max|u|: (2.57e+00, 1.74e+00, 6.69e-03) m s⁻¹, extrema(T): (31.06, -1.96) ᵒC, extrema(S): (39.88, 15.29) g/kg, extrema(η): (3.99, -2.27) m, wall time: 11.639 seconds 
[ Info: time: 2818 days, iteration: 202896, Δt: 20 minutes,max|u|: (2.34e+00, 1.45e+00, 6.66e-03) m s⁻¹, extrema(T): (31.06, -1.96) ᵒC, extrema(S): (39.88, 15.45) g/kg, extrema(η): (3.23, -2.40) m, wall time: 11.608 seconds 
[ Info: time: 2819 days, iteration: 202968, Δt: 20 minutes,max|u|: (2.20e+00, 1.49e+00, 6.64e-03) m s⁻¹, extrema(T): (31.02, -1.95) ᵒC, extrema(S): (39.88, 14.83) g/kg, extrema(η): (1.29, -2.35) m, wall time: 11.604 seconds 
[ Info: time: 2820 days, iteration: 203040, Δt: 20 minutes,max|u|: (2.32e+00, 1.56e+00, 6.70e-03) m s⁻¹, extrema(T): (30.99, -1.94) ᵒC, extrema(S): (39.88, 14.26) g/kg, extrema(η): (1.49, -3.30) m, wall time: 11.603 seconds 
[ Info: time: 2821 days, iteration: 203112, Δt: 20 minutes,max|u|: (2.42e+00, 1.65e+00, 6.72e-03) m s⁻¹, extrema(T): (31.00, -1.94) ᵒC, extrema(S): (39.88, 13.84) g/kg, extrema(η): (1.99, -2.10) m, wall time: 11.623 seconds 
[ Info: time: 2822 days, iteration: 203184, Δt: 20 minutes,max|u|: (2.37e+00, 1.61e+00, 6.74e-03) m s⁻¹, extrema(T): (31.04, -1.95) ᵒC, extrema(S): (39.89, 13.58) g/kg, extrema(η): (3.35, -2.17) m, wall time: 11.610 seconds 
[ Info: time: 2823 days, iteration: 203256, Δt: 20 minutes,max|u|: (2.26e+00, 1.58e+00, 6.75e-03) m s⁻¹, extrema(T): (31.03, -1.94) ᵒC, extrema(S): (39.89, 13.57) g/kg, extrema(η): (4.26, -2.38) m, wall time: 11.615 seconds 
[ Info: time: 2824 days, iteration: 203328, Δt: 20 minutes,max|u|: (2.16e+00, 1.63e+00, 6.72e-03) m s⁻¹, extrema(T): (31.04, -1.94) ᵒC, extrema(S): (39.89, 13.61) g/kg, extrema(η): (3.07, -2.38) m, wall time: 11.648 seconds 
[ Info: time: 2825 days, iteration: 203400, Δt: 20 minutes,max|u|: (2.06e+00, 1.47e+00, 6.74e-03) m s⁻¹, extrema(T): (30.99, -1.93) ᵒC, extrema(S): (39.89, 14.16) g/kg, extrema(η): (3.31, -2.61) m, wall time: 11.558 seconds 
[ Info: time: 2826 days, iteration: 203472, Δt: 20 minutes,max|u|: (2.22e+00, 1.49e+00, 6.74e-03) m s⁻¹, extrema(T): (30.98, -1.94) ᵒC, extrema(S): (39.89, 14.46) g/kg, extrema(η): (3.40, -2.16) m, wall time: 16.982 seconds 
[ Info: time: 2827 days, iteration: 203544, Δt: 20 minutes,max|u|: (2.32e+00, 1.69e+00, 6.75e-03) m s⁻¹, extrema(T): (31.02, -1.94) ᵒC, extrema(S): (39.89, 14.84) g/kg, extrema(η): (3.29, -2.23) m, wall time: 11.688 seconds 
[ Info: time: 2828 days, iteration: 203616, Δt: 20 minutes,max|u|: (2.24e+00, 1.50e+00, 6.73e-03) m s⁻¹, extrema(T): (31.02, -1.94) ᵒC, extrema(S): (39.89, 14.68) g/kg, extrema(η): (4.69, -2.11) m, wall time: 11.764 seconds 
[ Info: time: 2829 days, iteration: 203688, Δt: 20 minutes,max|u|: (2.07e+00, 1.56e+00, 6.73e-03) m s⁻¹, extrema(T): (30.97, -1.93) ᵒC, extrema(S): (39.89, 14.43) g/kg, extrema(η): (2.69, -2.32) m, wall time: 11.597 seconds 
[ Info: time: 2830 days, iteration: 203760, Δt: 20 minutes,max|u|: (2.05e+00, 1.52e+00, 6.76e-03) m s⁻¹, extrema(T): (30.92, -1.93) ᵒC, extrema(S): (39.90, 14.65) g/kg, extrema(η): (2.46, -2.46) m, wall time: 11.698 seconds 
[ Info: time: 2831 days, iteration: 203832, Δt: 20 minutes,max|u|: (1.79e+00, 2.18e+00, 6.82e-03) m s⁻¹, extrema(T): (30.91, -1.91) ᵒC, extrema(S): (39.90, 15.01) g/kg, extrema(η): (2.03, -3.22) m, wall time: 11.590 seconds 
[ Info: time: 2832 days, iteration: 203904, Δt: 20 minutes,max|u|: (1.73e+00, 2.26e+00, 6.83e-03) m s⁻¹, extrema(T): (30.94, -1.94) ᵒC, extrema(S): (39.90, 15.63) g/kg, extrema(η): (2.15, -2.31) m, wall time: 11.648 seconds 
[ Info: time: 2833 days, iteration: 203976, Δt: 20 minutes,max|u|: (1.75e+00, 1.69e+00, 6.81e-03) m s⁻¹, extrema(T): (30.95, -1.93) ᵒC, extrema(S): (39.90, 17.20) g/kg, extrema(η): (4.43, -2.27) m, wall time: 12.483 seconds 
[ Info: time: 2834 days, iteration: 204048, Δt: 20 minutes,max|u|: (1.91e+00, 1.66e+00, 6.78e-03) m s⁻¹, extrema(T): (30.96, -1.93) ᵒC, extrema(S): (39.91, 17.71) g/kg, extrema(η): (2.96, -2.27) m, wall time: 11.597 seconds 
[ Info: time: 2835 days, iteration: 204120, Δt: 20 minutes,max|u|: (1.59e+00, 1.60e+00, 6.76e-03) m s⁻¹, extrema(T): (31.00, -1.93) ᵒC, extrema(S): (39.90, 17.93) g/kg, extrema(η): (1.41, -2.20) m, wall time: 11.627 seconds 
[ Info: time: 2836 days, iteration: 204192, Δt: 20 minutes,max|u|: (1.58e+00, 1.49e+00, 6.74e-03) m s⁻¹, extrema(T): (31.03, -1.94) ᵒC, extrema(S): (39.90, 17.75) g/kg, extrema(η): (1.32, -3.45) m, wall time: 11.577 seconds 
[ Info: time: 2837 days, iteration: 204264, Δt: 20 minutes,max|u|: (1.53e+00, 2.13e+00, 6.72e-03) m s⁻¹, extrema(T): (31.00, -1.94) ᵒC, extrema(S): (39.91, 17.63) g/kg, extrema(η): (1.31, -2.07) m, wall time: 11.667 seconds 
[ Info: time: 2838 days, iteration: 204336, Δt: 20 minutes,max|u|: (1.62e+00, 1.52e+00, 6.58e-03) m s⁻¹, extrema(T): (31.07, -1.94) ᵒC, extrema(S): (39.91, 17.70) g/kg, extrema(η): (3.68, -2.07) m, wall time: 17.062 seconds 
[ Info: time: 2839 days, iteration: 204408, Δt: 20 minutes,max|u|: (1.58e+00, 1.53e+00, 6.58e-03) m s⁻¹, extrema(T): (31.10, -1.93) ᵒC, extrema(S): (39.91, 16.98) g/kg, extrema(η): (4.23, -2.07) m, wall time: 11.610 seconds 
[ Info: time: 2840 days, iteration: 204480, Δt: 20 minutes,max|u|: (1.84e+00, 1.66e+00, 6.62e-03) m s⁻¹, extrema(T): (31.11, -1.93) ᵒC, extrema(S): (39.91, 14.99) g/kg, extrema(η): (1.31, -2.26) m, wall time: 11.613 seconds 
[ Info: time: 2841 days, iteration: 204552, Δt: 20 minutes,max|u|: (1.63e+00, 1.54e+00, 6.68e-03) m s⁻¹, extrema(T): (31.18, -1.92) ᵒC, extrema(S): (39.92, 15.71) g/kg, extrema(η): (1.29, -3.40) m, wall time: 11.627 seconds 
[ Info: time: 2842 days, iteration: 204624, Δt: 20 minutes,max|u|: (1.54e+00, 1.54e+00, 6.79e-03) m s⁻¹, extrema(T): (31.16, -1.93) ᵒC, extrema(S): (39.92, 17.18) g/kg, extrema(η): (1.27, -2.11) m, wall time: 11.602 seconds 
[ Info: time: 2843 days, iteration: 204696, Δt: 20 minutes,max|u|: (1.58e+00, 1.52e+00, 6.84e-03) m s⁻¹, extrema(T): (31.15, -1.93) ᵒC, extrema(S): (39.93, 17.39) g/kg, extrema(η): (2.59, -2.15) m, wall time: 11.622 seconds 
[ Info: time: 2844 days, iteration: 204768, Δt: 20 minutes,max|u|: (1.56e+00, 1.52e+00, 6.87e-03) m s⁻¹, extrema(T): (31.23, -1.93) ᵒC, extrema(S): (39.95, 17.22) g/kg, extrema(η): (4.35, -1.95) m, wall time: 11.610 seconds 
[ Info: time: 2845 days, iteration: 204840, Δt: 20 minutes,max|u|: (1.61e+00, 2.10e+00, 6.90e-03) m s⁻¹, extrema(T): (31.18, -1.93) ᵒC, extrema(S): (39.96, 17.50) g/kg, extrema(η): (1.55, -2.08) m, wall time: 11.662 seconds 
[ Info: time: 2846 days, iteration: 204912, Δt: 20 minutes,max|u|: (2.46e+00, 1.92e+00, 6.92e-03) m s⁻¹, extrema(T): (31.09, -1.93) ᵒC, extrema(S): (39.97, 17.93) g/kg, extrema(η): (2.08, -2.83) m, wall time: 11.664 seconds 
[ Info: time: 2847 days, iteration: 204984, Δt: 20 minutes,max|u|: (1.96e+00, 1.50e+00, 6.93e-03) m s⁻¹, extrema(T): (31.13, -1.93) ᵒC, extrema(S): (39.97, 18.19) g/kg, extrema(η): (2.70, -2.52) m, wall time: 11.543 seconds 
[ Info: time: 2848 days, iteration: 205056, Δt: 20 minutes,max|u|: (1.58e+00, 1.59e+00, 6.99e-03) m s⁻¹, extrema(T): (31.16, -1.91) ᵒC, extrema(S): (39.96, 18.22) g/kg, extrema(η): (3.08, -2.22) m, wall time: 11.638 seconds 
[ Info: time: 2849 days, iteration: 205128, Δt: 20 minutes,max|u|: (1.60e+00, 1.53e+00, 7.03e-03) m s⁻¹, extrema(T): (31.15, -1.93) ᵒC, extrema(S): (39.96, 18.21) g/kg, extrema(η): (4.64, -2.14) m, wall time: 11.605 seconds 
[ Info: time: 2850 days, iteration: 205200, Δt: 20 minutes,max|u|: (1.63e+00, 1.54e+00, 7.06e-03) m s⁻¹, extrema(T): (31.17, -1.93) ᵒC, extrema(S): (39.95, 17.63) g/kg, extrema(η): (3.43, -2.16) m, wall time: 11.597 seconds 
[ Info: time: 2851 days, iteration: 205272, Δt: 20 minutes,max|u|: (1.59e+00, 2.57e+00, 7.09e-03) m s⁻¹, extrema(T): (31.21, -1.93) ᵒC, extrema(S): (39.95, 17.40) g/kg, extrema(η): (3.38, -2.04) m, wall time: 17.009 seconds 
[ Info: time: 2852 days, iteration: 205344, Δt: 20 minutes,max|u|: (1.73e+00, 1.56e+00, 7.10e-03) m s⁻¹, extrema(T): (31.25, -1.93) ᵒC, extrema(S): (39.94, 18.15) g/kg, extrema(η): (3.14, -2.92) m, wall time: 11.617 seconds 
[ Info: time: 2853 days, iteration: 205416, Δt: 20 minutes,max|u|: (1.59e+00, 1.89e+00, 7.13e-03) m s⁻¹, extrema(T): (31.28, -1.93) ᵒC, extrema(S): (39.93, 17.48) g/kg, extrema(η): (2.93, -2.16) m, wall time: 16.633 seconds 
[ Info: time: 2854 days, iteration: 205488, Δt: 20 minutes,max|u|: (1.87e+00, 2.62e+00, 7.16e-03) m s⁻¹, extrema(T): (31.30, -1.93) ᵒC, extrema(S): (39.93, 17.25) g/kg, extrema(η): (3.98, -2.12) m, wall time: 11.599 seconds 
[ Info: time: 2855 days, iteration: 205560, Δt: 20 minutes,max|u|: (1.93e+00, 1.98e+00, 7.14e-03) m s⁻¹, extrema(T): (31.34, -1.93) ᵒC, extrema(S): (39.92, 18.21) g/kg, extrema(η): (4.41, -2.12) m, wall time: 11.608 seconds 
[ Info: time: 2856 days, iteration: 205632, Δt: 20 minutes,max|u|: (1.63e+00, 1.56e+00, 7.15e-03) m s⁻¹, extrema(T): (31.38, -1.93) ᵒC, extrema(S): (39.92, 18.43) g/kg, extrema(η): (1.73, -2.11) m, wall time: 11.658 seconds 
[ Info: time: 2857 days, iteration: 205704, Δt: 20 minutes,max|u|: (1.60e+00, 1.52e+00, 7.12e-03) m s⁻¹, extrema(T): (31.42, -1.93) ᵒC, extrema(S): (39.93, 18.71) g/kg, extrema(η): (1.38, -3.22) m, wall time: 11.621 seconds 
[ Info: time: 2858 days, iteration: 205776, Δt: 20 minutes,max|u|: (1.55e+00, 1.50e+00, 7.04e-03) m s⁻¹, extrema(T): (31.47, -1.93) ᵒC, extrema(S): (39.93, 18.86) g/kg, extrema(η): (1.30, -2.17) m, wall time: 11.610 seconds 
[ Info: time: 2859 days, iteration: 205848, Δt: 20 minutes,max|u|: (1.74e+00, 1.63e+00, 7.02e-03) m s⁻¹, extrema(T): (31.50, -1.93) ᵒC, extrema(S): (39.93, 18.93) g/kg, extrema(η): (2.82, -2.29) m, wall time: 11.621 seconds 
[ Info: time: 2860 days, iteration: 205920, Δt: 20 minutes,max|u|: (1.72e+00, 1.93e+00, 6.96e-03) m s⁻¹, extrema(T): (31.53, -1.93) ᵒC, extrema(S): (39.93, 18.98) g/kg, extrema(η): (4.51, -2.18) m, wall time: 11.640 seconds 
[ Info: time: 2861 days, iteration: 205992, Δt: 20 minutes,max|u|: (1.53e+00, 1.70e+00, 6.89e-03) m s⁻¹, extrema(T): (31.55, -1.92) ᵒC, extrema(S): (39.93, 19.01) g/kg, extrema(η): (1.56, -2.18) m, wall time: 11.556 seconds 
[ Info: time: 2862 days, iteration: 206064, Δt: 20 minutes,max|u|: (1.52e+00, 1.51e+00, 6.89e-03) m s⁻¹, extrema(T): (31.55, -1.92) ᵒC, extrema(S): (39.93, 17.81) g/kg, extrema(η): (1.33, -2.90) m, wall time: 11.702 seconds 
[ Info: time: 2863 days, iteration: 206136, Δt: 20 minutes,max|u|: (1.52e+00, 1.52e+00, 6.96e-03) m s⁻¹, extrema(T): (31.53, -1.93) ᵒC, extrema(S): (39.93, 17.06) g/kg, extrema(η): (1.22, -3.13) m, wall time: 17.037 seconds 
[ Info: time: 2864 days, iteration: 206208, Δt: 20 minutes,max|u|: (1.55e+00, 1.67e+00, 6.98e-03) m s⁻¹, extrema(T): (31.50, -1.93) ᵒC, extrema(S): (39.94, 17.13) g/kg, extrema(η): (1.29, -1.96) m, wall time: 12.839 seconds 
[ Info: time: 2865 days, iteration: 206280, Δt: 20 minutes,max|u|: (1.57e+00, 1.51e+00, 7.03e-03) m s⁻¹, extrema(T): (31.44, -1.93) ᵒC, extrema(S): (39.94, 18.35) g/kg, extrema(η): (4.47, -2.03) m, wall time: 11.552 seconds 
[ Info: time: 2866 days, iteration: 206352, Δt: 20 minutes,max|u|: (1.55e+00, 1.66e+00, 6.97e-03) m s⁻¹, extrema(T): (31.40, -1.93) ᵒC, extrema(S): (39.93, 19.18) g/kg, extrema(η): (2.14, -2.09) m, wall time: 11.665 seconds 
[ Info: time: 2867 days, iteration: 206424, Δt: 20 minutes,max|u|: (1.57e+00, 2.06e+00, 6.97e-03) m s⁻¹, extrema(T): (31.34, -1.91) ᵒC, extrema(S): (39.94, 18.86) g/kg, extrema(η): (1.48, -2.09) m, wall time: 11.651 seconds 
[ Info: time: 2868 days, iteration: 206496, Δt: 20 minutes,max|u|: (1.78e+00, 1.52e+00, 6.96e-03) m s⁻¹, extrema(T): (31.30, -1.92) ᵒC, extrema(S): (39.94, 18.20) g/kg, extrema(η): (1.69, -2.46) m, wall time: 11.608 seconds 
[ Info: time: 2869 days, iteration: 206568, Δt: 20 minutes,max|u|: (1.71e+00, 1.81e+00, 6.92e-03) m s⁻¹, extrema(T): (31.25, -1.92) ᵒC, extrema(S): (39.95, 18.24) g/kg, extrema(η): (1.86, -2.21) m, wall time: 11.675 seconds 
[ Info: time: 2870 days, iteration: 206640, Δt: 20 minutes,max|u|: (2.26e+00, 3.54e+00, 6.93e-03) m s⁻¹, extrema(T): (31.06, -1.89) ᵒC, extrema(S): (39.95, 18.98) g/kg, extrema(η): (3.49, -2.20) m, wall time: 11.614 seconds 
[ Info: time: 2871 days, iteration: 206712, Δt: 20 minutes,max|u|: (2.00e+00, 2.54e+00, 6.91e-03) m s⁻¹, extrema(T): (30.96, -1.89) ᵒC, extrema(S): (39.94, 19.32) g/kg, extrema(η): (2.39, -2.15) m, wall time: 11.554 seconds 
[ Info: time: 2872 days, iteration: 206784, Δt: 20 minutes,max|u|: (1.73e+00, 1.54e+00, 6.91e-03) m s⁻¹, extrema(T): (30.98, -1.88) ᵒC, extrema(S): (39.94, 19.40) g/kg, extrema(η): (2.79, -2.18) m, wall time: 11.564 seconds 
[ Info: time: 2873 days, iteration: 206856, Δt: 20 minutes,max|u|: (1.73e+00, 1.53e+00, 6.86e-03) m s⁻¹, extrema(T): (31.09, -1.88) ᵒC, extrema(S): (39.94, 19.47) g/kg, extrema(η): (3.12, -2.18) m, wall time: 11.580 seconds 
[ Info: time: 2874 days, iteration: 206928, Δt: 20 minutes,max|u|: (1.60e+00, 1.94e+00, 6.88e-03) m s⁻¹, extrema(T): (31.15, -1.88) ᵒC, extrema(S): (39.94, 19.35) g/kg, extrema(η): (3.30, -2.05) m, wall time: 11.688 seconds 
[ Info: time: 2875 days, iteration: 207000, Δt: 20 minutes,max|u|: (2.36e+00, 1.62e+00, 6.91e-03) m s⁻¹, extrema(T): (31.06, -1.89) ᵒC, extrema(S): (39.94, 19.20) g/kg, extrema(η): (4.41, -2.14) m, wall time: 17.003 seconds 
[ Info: time: 2876 days, iteration: 207072, Δt: 20 minutes,max|u|: (2.62e+00, 1.88e+00, 6.91e-03) m s⁻¹, extrema(T): (30.99, -1.89) ᵒC, extrema(S): (39.94, 19.08) g/kg, extrema(η): (3.11, -2.14) m, wall time: 11.552 seconds 
[ Info: time: 2877 days, iteration: 207144, Δt: 20 minutes,max|u|: (1.71e+00, 1.54e+00, 6.97e-03) m s⁻¹, extrema(T): (31.05, -1.88) ᵒC, extrema(S): (39.95, 18.97) g/kg, extrema(η): (2.82, -2.05) m, wall time: 11.602 seconds 
[ Info: time: 2878 days, iteration: 207216, Δt: 20 minutes,max|u|: (2.85e+00, 2.69e+00, 6.92e-03) m s⁻¹, extrema(T): (31.06, -1.89) ᵒC, extrema(S): (39.95, 18.88) g/kg, extrema(η): (2.43, -3.25) m, wall time: 11.623 seconds 
[ Info: time: 2879 days, iteration: 207288, Δt: 20 minutes,max|u|: (2.14e+00, 1.52e+00, 6.88e-03) m s⁻¹, extrema(T): (31.03, -1.90) ᵒC, extrema(S): (39.95, 18.81) g/kg, extrema(η): (2.04, -2.13) m, wall time: 11.578 seconds 
[ Info: time: 2880 days, iteration: 207360, Δt: 20 minutes,max|u|: (2.02e+00, 1.72e+00, 6.84e-03) m s⁻¹, extrema(T): (31.02, -1.91) ᵒC, extrema(S): (39.95, 18.76) g/kg, extrema(η): (4.07, -1.99) m, wall time: 11.622 seconds 
[ Info: time: 2881 days, iteration: 207432, Δt: 20 minutes,max|u|: (1.80e+00, 2.29e+00, 6.80e-03) m s⁻¹, extrema(T): (31.07, -1.91) ᵒC, extrema(S): (39.95, 18.75) g/kg, extrema(η): (3.12, -2.53) m, wall time: 11.564 seconds 
[ Info: time: 2882 days, iteration: 207504, Δt: 20 minutes,max|u|: (1.97e+00, 1.64e+00, 6.80e-03) m s⁻¹, extrema(T): (31.09, -1.91) ᵒC, extrema(S): (39.95, 18.73) g/kg, extrema(η): (1.58, -2.29) m, wall time: 11.647 seconds 
[ Info: time: 2883 days, iteration: 207576, Δt: 20 minutes,max|u|: (1.82e+00, 1.65e+00, 6.85e-03) m s⁻¹, extrema(T): (31.10, -1.91) ᵒC, extrema(S): (39.95, 18.69) g/kg, extrema(η): (1.43, -3.34) m, wall time: 11.564 seconds 
[ Info: time: 2884 days, iteration: 207648, Δt: 20 minutes,max|u|: (2.43e+00, 2.92e+00, 6.88e-03) m s⁻¹, extrema(T): (31.20, -1.91) ᵒC, extrema(S): (39.95, 18.65) g/kg, extrema(η): (2.52, -2.00) m, wall time: 11.607 seconds 
[ Info: time: 2885 days, iteration: 207720, Δt: 20 minutes,max|u|: (1.75e+00, 2.14e+00, 6.90e-03) m s⁻¹, extrema(T): (31.17, -1.90) ᵒC, extrema(S): (39.95, 18.69) g/kg, extrema(η): (3.67, -2.05) m, wall time: 11.545 seconds 
[ Info: time: 2886 days, iteration: 207792, Δt: 20 minutes,max|u|: (2.16e+00, 2.04e+00, 6.92e-03) m s⁻¹, extrema(T): (31.18, -1.91) ᵒC, extrema(S): (39.95, 18.73) g/kg, extrema(η): (3.56, -2.10) m, wall time: 11.513 seconds 
[ Info: time: 2887 days, iteration: 207864, Δt: 20 minutes,max|u|: (1.98e+00, 1.57e+00, 6.88e-03) m s⁻¹, extrema(T): (31.19, -1.90) ᵒC, extrema(S): (39.95, 18.69) g/kg, extrema(η): (1.50, -2.28) m, wall time: 11.583 seconds 
[ Info: time: 2888 days, iteration: 207936, Δt: 20 minutes,max|u|: (1.63e+00, 2.04e+00, 6.87e-03) m s⁻¹, extrema(T): (31.29, -1.91) ᵒC, extrema(S): (39.95, 18.67) g/kg, extrema(η): (1.40, -3.20) m, wall time: 17.085 seconds 
[ Info: time: 2889 days, iteration: 208008, Δt: 20 minutes,max|u|: (1.63e+00, 2.24e+00, 6.90e-03) m s⁻¹, extrema(T): (31.34, -1.92) ᵒC, extrema(S): (39.96, 18.76) g/kg, extrema(η): (1.30, -2.20) m, wall time: 11.549 seconds 
[ Info: time: 2890 days, iteration: 208080, Δt: 20 minutes,max|u|: (4.43e+00, 2.00e+00, 6.84e-03) m s⁻¹, extrema(T): (31.37, -1.92) ᵒC, extrema(S): (39.96, 18.81) g/kg, extrema(η): (3.29, -2.26) m, wall time: 11.602 seconds 
[ Info: time: 2891 days, iteration: 208152, Δt: 20 minutes,max|u|: (1.64e+00, 2.26e+00, 6.81e-03) m s⁻¹, extrema(T): (31.37, -1.92) ᵒC, extrema(S): (39.95, 19.10) g/kg, extrema(η): (2.13, -2.19) m, wall time: 11.580 seconds 
[ Info: time: 2892 days, iteration: 208224, Δt: 20 minutes,max|u|: (1.63e+00, 2.14e+00, 6.83e-03) m s⁻¹, extrema(T): (31.33, -1.92) ᵒC, extrema(S): (39.95, 19.27) g/kg, extrema(η): (1.35, -1.97) m, wall time: 11.581 seconds 
[ Info: time: 2893 days, iteration: 208296, Δt: 20 minutes,max|u|: (1.94e+00, 2.20e+00, 6.85e-03) m s⁻¹, extrema(T): (31.22, -1.91) ᵒC, extrema(S): (39.95, 19.29) g/kg, extrema(η): (1.61, -2.59) m, wall time: 11.508 seconds 
[ Info: time: 2894 days, iteration: 208368, Δt: 20 minutes,max|u|: (2.49e+00, 2.20e+00, 6.81e-03) m s⁻¹, extrema(T): (31.25, -1.91) ᵒC, extrema(S): (39.95, 19.28) g/kg, extrema(η): (2.34, -2.07) m, wall time: 11.571 seconds 
[ Info: time: 2895 days, iteration: 208440, Δt: 20 minutes,max|u|: (1.93e+00, 2.35e+00, 6.80e-03) m s⁻¹, extrema(T): (31.29, -1.90) ᵒC, extrema(S): (39.94, 19.29) g/kg, extrema(η): (3.74, -2.10) m, wall time: 12.703 seconds 
[ Info: time: 2896 days, iteration: 208512, Δt: 20 minutes,max|u|: (2.04e+00, 2.25e+00, 6.83e-03) m s⁻¹, extrema(T): (31.32, -1.92) ᵒC, extrema(S): (39.95, 19.29) g/kg, extrema(η): (3.72, -2.07) m, wall time: 11.546 seconds 
[ Info: time: 2897 days, iteration: 208584, Δt: 20 minutes,max|u|: (1.86e+00, 2.10e+00, 6.83e-03) m s⁻¹, extrema(T): (31.36, -1.92) ᵒC, extrema(S): (39.95, 19.28) g/kg, extrema(η): (3.51, -2.06) m, wall time: 11.562 seconds 
[ Info: time: 2898 days, iteration: 208656, Δt: 20 minutes,max|u|: (1.80e+00, 2.83e+00, 6.87e-03) m s⁻¹, extrema(T): (31.44, -1.91) ᵒC, extrema(S): (39.94, 19.41) g/kg, extrema(η): (3.55, -3.33) m, wall time: 11.575 seconds 
[ Info: time: 2899 days, iteration: 208728, Δt: 20 minutes,max|u|: (1.83e+00, 1.93e+00, 6.83e-03) m s⁻¹, extrema(T): (31.53, -1.92) ᵒC, extrema(S): (39.94, 19.50) g/kg, extrema(η): (3.46, -1.99) m, wall time: 11.594 seconds 
[ Info: time: 2900 days, iteration: 208800, Δt: 20 minutes,max|u|: (1.90e+00, 1.85e+00, 6.84e-03) m s⁻¹, extrema(T): (31.48, -1.91) ᵒC, extrema(S): (39.94, 19.57) g/kg, extrema(η): (3.32, -1.99) m, wall time: 17.010 seconds 
[ Info: time: 2901 days, iteration: 208872, Δt: 20 minutes,max|u|: (1.90e+00, 1.94e+00, 6.83e-03) m s⁻¹, extrema(T): (31.42, -1.91) ᵒC, extrema(S): (39.94, 19.62) g/kg, extrema(η): (4.19, -2.01) m, wall time: 11.496 seconds 
[ Info: time: 2902 days, iteration: 208944, Δt: 20 minutes,max|u|: (1.94e+00, 1.58e+00, 6.75e-03) m s⁻¹, extrema(T): (31.40, -1.91) ᵒC, extrema(S): (39.94, 19.64) g/kg, extrema(η): (2.25, -2.03) m, wall time: 11.535 seconds 
[ Info: time: 2903 days, iteration: 209016, Δt: 20 minutes,max|u|: (1.90e+00, 1.60e+00, 6.77e-03) m s⁻¹, extrema(T): (31.43, -1.92) ᵒC, extrema(S): (39.94, 19.69) g/kg, extrema(η): (1.75, -2.87) m, wall time: 11.555 seconds 
[ Info: time: 2904 days, iteration: 209088, Δt: 20 minutes,max|u|: (1.87e+00, 2.63e+00, 6.73e-03) m s⁻¹, extrema(T): (31.36, -1.91) ᵒC, extrema(S): (39.94, 19.80) g/kg, extrema(η): (2.77, -1.88) m, wall time: 11.472 seconds 
[ Info: time: 2905 days, iteration: 209160, Δt: 20 minutes,max|u|: (1.86e+00, 1.70e+00, 6.74e-03) m s⁻¹, extrema(T): (31.29, -1.92) ᵒC, extrema(S): (39.94, 19.87) g/kg, extrema(η): (2.47, -1.97) m, wall time: 11.554 seconds 
[ Info: time: 2906 days, iteration: 209232, Δt: 20 minutes,max|u|: (1.88e+00, 2.29e+00, 6.79e-03) m s⁻¹, extrema(T): (31.22, -1.91) ᵒC, extrema(S): (39.94, 19.93) g/kg, extrema(η): (3.69, -2.14) m, wall time: 11.552 seconds 
[ Info: time: 2907 days, iteration: 209304, Δt: 20 minutes,max|u|: (1.92e+00, 1.92e+00, 6.75e-03) m s⁻¹, extrema(T): (31.08, -1.91) ᵒC, extrema(S): (39.94, 19.98) g/kg, extrema(η): (1.31, -2.05) m, wall time: 11.633 seconds 
[ Info: time: 2908 days, iteration: 209376, Δt: 20 minutes,max|u|: (1.99e+00, 1.77e+00, 6.83e-03) m s⁻¹, extrema(T): (31.08, -1.91) ᵒC, extrema(S): (39.94, 20.06) g/kg, extrema(η): (1.23, -3.17) m, wall time: 11.611 seconds 
[ Info: time: 2909 days, iteration: 209448, Δt: 20 minutes,max|u|: (2.06e+00, 1.62e+00, 6.85e-03) m s⁻¹, extrema(T): (31.16, -1.91) ᵒC, extrema(S): (39.93, 20.10) g/kg, extrema(η): (1.28, -2.84) m, wall time: 11.510 seconds 
[ Info: time: 2910 days, iteration: 209520, Δt: 20 minutes,max|u|: (2.06e+00, 1.66e+00, 6.84e-03) m s⁻¹, extrema(T): (31.21, -1.91) ᵒC, extrema(S): (39.93, 20.08) g/kg, extrema(η): (1.36, -2.17) m, wall time: 11.550 seconds 
[ Info: time: 2911 days, iteration: 209592, Δt: 20 minutes,max|u|: (2.05e+00, 1.93e+00, 6.87e-03) m s⁻¹, extrema(T): (31.15, -1.90) ᵒC, extrema(S): (39.93, 20.07) g/kg, extrema(η): (4.12, -2.12) m, wall time: 11.445 seconds 
[ Info: time: 2912 days, iteration: 209664, Δt: 20 minutes,max|u|: (2.00e+00, 2.19e+00, 6.84e-03) m s⁻¹, extrema(T): (31.11, -1.90) ᵒC, extrema(S): (39.93, 20.05) g/kg, extrema(η): (2.23, -2.16) m, wall time: 17.254 seconds 
[ Info: time: 2913 days, iteration: 209736, Δt: 20 minutes,max|u|: (2.02e+00, 2.30e+00, 6.87e-03) m s⁻¹, extrema(T): (31.27, -1.90) ᵒC, extrema(S): (39.93, 20.02) g/kg, extrema(η): (1.41, -2.52) m, wall time: 11.519 seconds 
[ Info: time: 2914 days, iteration: 209808, Δt: 20 minutes,max|u|: (2.00e+00, 2.33e+00, 6.75e-03) m s⁻¹, extrema(T): (31.45, -1.91) ᵒC, extrema(S): (39.93, 20.00) g/kg, extrema(η): (1.45, -3.70) m, wall time: 11.554 seconds 
[ Info: time: 2915 days, iteration: 209880, Δt: 20 minutes,max|u|: (1.98e+00, 2.49e+00, 6.77e-03) m s⁻¹, extrema(T): (31.55, -1.91) ᵒC, extrema(S): (39.93, 20.04) g/kg, extrema(η): (1.31, -2.08) m, wall time: 11.514 seconds 
[ Info: time: 2916 days, iteration: 209952, Δt: 20 minutes,max|u|: (1.96e+00, 2.23e+00, 6.81e-03) m s⁻¹, extrema(T): (31.59, -1.92) ᵒC, extrema(S): (39.94, 19.96) g/kg, extrema(η): (3.86, -2.16) m, wall time: 11.562 seconds 
[ Info: time: 2917 days, iteration: 210024, Δt: 20 minutes,max|u|: (1.94e+00, 2.11e+00, 6.86e-03) m s⁻¹, extrema(T): (31.65, -1.92) ᵒC, extrema(S): (39.94, 19.87) g/kg, extrema(η): (2.64, -3.13) m, wall time: 11.496 seconds 
[ Info: time: 2918 days, iteration: 210096, Δt: 20 minutes,max|u|: (1.93e+00, 1.94e+00, 6.93e-03) m s⁻¹, extrema(T): (31.60, -1.92) ᵒC, extrema(S): (39.93, 19.77) g/kg, extrema(η): (2.33, -2.22) m, wall time: 11.453 seconds 
[ Info: time: 2919 days, iteration: 210168, Δt: 20 minutes,max|u|: (1.92e+00, 1.82e+00, 6.96e-03) m s⁻¹, extrema(T): (31.75, -1.92) ᵒC, extrema(S): (39.93, 19.70) g/kg, extrema(η): (2.88, -3.62) m, wall time: 11.499 seconds 
[ Info: time: 2920 days, iteration: 210240, Δt: 20 minutes,max|u|: (1.95e+00, 1.69e+00, 7.01e-03) m s⁻¹, extrema(T): (31.80, -1.92) ᵒC, extrema(S): (39.93, 19.78) g/kg, extrema(η): (3.26, -2.07) m, wall time: 11.522 seconds 
[ Info: time: 2921 days, iteration: 210312, Δt: 20 minutes,max|u|: (2.19e+00, 2.60e+00, 7.06e-03) m s⁻¹, extrema(T): (31.67, -1.93) ᵒC, extrema(S): (39.92, 19.72) g/kg, extrema(η): (3.66, -2.06) m, wall time: 11.577 seconds 
[ Info: time: 2922 days, iteration: 210384, Δt: 20 minutes,max|u|: (2.04e+00, 1.65e+00, 7.11e-03) m s⁻¹, extrema(T): (31.65, -1.93) ᵒC, extrema(S): (39.92, 19.64) g/kg, extrema(η): (3.28, -2.08) m, wall time: 11.499 seconds 
[ Info: time: 2923 days, iteration: 210456, Δt: 20 minutes,max|u|: (2.02e+00, 1.73e+00, 7.12e-03) m s⁻¹, extrema(T): (31.68, -1.94) ᵒC, extrema(S): (39.91, 19.54) g/kg, extrema(η): (3.07, -2.14) m, wall time: 11.544 seconds 
[ Info: time: 2924 days, iteration: 210528, Δt: 20 minutes,max|u|: (2.01e+00, 1.60e+00, 7.12e-03) m s⁻¹, extrema(T): (31.62, -1.94) ᵒC, extrema(S): (39.91, 19.49) g/kg, extrema(η): (2.79, -3.30) m, wall time: 11.502 seconds 
[ Info: time: 2925 days, iteration: 210600, Δt: 20 minutes,max|u|: (1.96e+00, 1.78e+00, 7.10e-03) m s⁻¹, extrema(T): (31.62, -1.94) ᵒC, extrema(S): (39.90, 19.44) g/kg, extrema(η): (2.33, -2.29) m, wall time: 16.276 seconds 
[ Info: time: 2926 days, iteration: 210672, Δt: 20 minutes,max|u|: (1.93e+00, 1.80e+00, 7.10e-03) m s⁻¹, extrema(T): (31.56, -1.94) ᵒC, extrema(S): (39.90, 19.40) g/kg, extrema(η): (2.80, -2.18) m, wall time: 12.476 seconds 
[ Info: time: 2927 days, iteration: 210744, Δt: 20 minutes,max|u|: (1.82e+00, 2.03e+00, 7.12e-03) m s⁻¹, extrema(T): (31.35, -1.93) ᵒC, extrema(S): (39.90, 19.40) g/kg, extrema(η): (4.09, -2.10) m, wall time: 11.513 seconds 
[ Info: time: 2928 days, iteration: 210816, Δt: 20 minutes,max|u|: (1.87e+00, 2.01e+00, 7.16e-03) m s⁻¹, extrema(T): (31.25, -1.94) ᵒC, extrema(S): (39.90, 19.34) g/kg, extrema(η): (1.26, -2.22) m, wall time: 11.568 seconds 
[ Info: time: 2929 days, iteration: 210888, Δt: 20 minutes,max|u|: (1.82e+00, 2.18e+00, 7.18e-03) m s⁻¹, extrema(T): (31.17, -1.94) ᵒC, extrema(S): (39.90, 19.27) g/kg, extrema(η): (1.38, -2.97) m, wall time: 11.517 seconds 
[ Info: time: 2930 days, iteration: 210960, Δt: 20 minutes,max|u|: (1.60e+00, 2.11e+00, 7.21e-03) m s⁻¹, extrema(T): (31.12, -1.95) ᵒC, extrema(S): (39.90, 19.21) g/kg, extrema(η): (1.32, -2.22) m, wall time: 11.563 seconds 
[ Info: time: 2931 days, iteration: 211032, Δt: 20 minutes,max|u|: (2.30e+00, 3.33e+00, 7.16e-03) m s⁻¹, extrema(T): (31.07, -1.95) ᵒC, extrema(S): (39.90, 19.19) g/kg, extrema(η): (2.32, -2.37) m, wall time: 11.546 seconds 
[ Info: time: 2932 days, iteration: 211104, Δt: 20 minutes,max|u|: (1.58e+00, 1.95e+00, 7.13e-03) m s⁻¹, extrema(T): (31.08, -1.95) ᵒC, extrema(S): (39.89, 19.15) g/kg, extrema(η): (4.64, -2.25) m, wall time: 11.558 seconds 
[ Info: time: 2933 days, iteration: 211176, Δt: 20 minutes,max|u|: (1.59e+00, 1.89e+00, 7.10e-03) m s⁻¹, extrema(T): (31.13, -1.94) ᵒC, extrema(S): (39.89, 19.12) g/kg, extrema(η): (1.95, -2.21) m, wall time: 11.502 seconds 
[ Info: time: 2934 days, iteration: 211248, Δt: 20 minutes,max|u|: (1.66e+00, 2.03e+00, 7.09e-03) m s⁻¹, extrema(T): (31.07, -1.94) ᵒC, extrema(S): (39.88, 19.12) g/kg, extrema(η): (1.40, -2.36) m, wall time: 11.572 seconds 
[ Info: time: 2935 days, iteration: 211320, Δt: 20 minutes,max|u|: (1.81e+00, 2.07e+00, 7.05e-03) m s⁻¹, extrema(T): (31.11, -1.94) ᵒC, extrema(S): (39.88, 19.12) g/kg, extrema(η): (1.48, -2.52) m, wall time: 11.494 seconds 
[ Info: time: 2936 days, iteration: 211392, Δt: 20 minutes,max|u|: (1.73e+00, 2.11e+00, 7.04e-03) m s⁻¹, extrema(T): (31.15, -1.95) ᵒC, extrema(S): (39.87, 19.16) g/kg, extrema(η): (1.47, -2.25) m, wall time: 11.513 seconds 
[ Info: time: 2937 days, iteration: 211464, Δt: 20 minutes,max|u|: (1.59e+00, 2.06e+00, 7.06e-03) m s⁻¹, extrema(T): (31.16, -1.95) ᵒC, extrema(S): (39.87, 19.19) g/kg, extrema(η): (3.86, -2.04) m, wall time: 16.604 seconds 
[ Info: time: 2938 days, iteration: 211536, Δt: 20 minutes,max|u|: (1.95e+00, 2.12e+00, 7.08e-03) m s⁻¹, extrema(T): (31.11, -1.95) ᵒC, extrema(S): (39.87, 19.18) g/kg, extrema(η): (2.75, -2.10) m, wall time: 11.539 seconds 
[ Info: time: 2939 days, iteration: 211608, Δt: 20 minutes,max|u|: (1.66e+00, 2.08e+00, 7.07e-03) m s⁻¹, extrema(T): (31.10, -1.95) ᵒC, extrema(S): (39.86, 19.18) g/kg, extrema(η): (1.35, -2.19) m, wall time: 11.506 seconds 
[ Info: time: 2940 days, iteration: 211680, Δt: 20 minutes,max|u|: (1.65e+00, 2.05e+00, 7.04e-03) m s⁻¹, extrema(T): (31.26, -1.95) ᵒC, extrema(S): (39.86, 19.16) g/kg, extrema(η): (1.68, -2.47) m, wall time: 11.453 seconds 
[ Info: time: 2941 days, iteration: 211752, Δt: 20 minutes,max|u|: (2.04e+00, 2.02e+00, 7.01e-03) m s⁻¹, extrema(T): (31.17, -1.95) ᵒC, extrema(S): (39.86, 19.15) g/kg, extrema(η): (2.45, -2.07) m, wall time: 11.527 seconds 
[ Info: time: 2942 days, iteration: 211824, Δt: 20 minutes,max|u|: (1.62e+00, 2.02e+00, 7.02e-03) m s⁻¹, extrema(T): (31.14, -1.95) ᵒC, extrema(S): (39.85, 19.18) g/kg, extrema(η): (2.93, -2.07) m, wall time: 11.580 seconds 
[ Info: time: 2943 days, iteration: 211896, Δt: 20 minutes,max|u|: (1.59e+00, 2.09e+00, 7.04e-03) m s⁻¹, extrema(T): (31.17, -1.97) ᵒC, extrema(S): (39.85, 19.19) g/kg, extrema(η): (3.75, -1.94) m, wall time: 11.469 seconds 
[ Info: time: 2944 days, iteration: 211968, Δt: 20 minutes,max|u|: (1.61e+00, 2.23e+00, 7.03e-03) m s⁻¹, extrema(T): (31.22, -1.96) ᵒC, extrema(S): (39.84, 19.23) g/kg, extrema(η): (3.34, -2.05) m, wall time: 11.579 seconds 
[ Info: time: 2945 days, iteration: 212040, Δt: 20 minutes,max|u|: (1.61e+00, 2.72e+00, 7.00e-03) m s⁻¹, extrema(T): (31.31, -1.96) ᵒC, extrema(S): (39.82, 19.24) g/kg, extrema(η): (3.40, -3.62) m, wall time: 11.593 seconds 
[ Info: time: 2946 days, iteration: 212112, Δt: 20 minutes,max|u|: (1.71e+00, 1.91e+00, 7.01e-03) m s⁻¹, extrema(T): (31.40, -1.96) ᵒC, extrema(S): (39.81, 19.21) g/kg, extrema(η): (3.13, -2.17) m, wall time: 11.662 seconds 
[ Info: time: 2947 days, iteration: 212184, Δt: 20 minutes,max|u|: (1.65e+00, 1.85e+00, 7.03e-03) m s⁻¹, extrema(T): (31.41, -1.96) ᵒC, extrema(S): (39.77, 19.17) g/kg, extrema(η): (2.91, -2.15) m, wall time: 11.550 seconds 
[ Info: time: 2948 days, iteration: 212256, Δt: 20 minutes,max|u|: (1.91e+00, 1.93e+00, 7.04e-03) m s⁻¹, extrema(T): (31.47, -1.96) ᵒC, extrema(S): (39.78, 19.13) g/kg, extrema(η): (4.48, -2.25) m, wall time: 11.667 seconds 
[ Info: time: 2949 days, iteration: 212328, Δt: 20 minutes,max|u|: (1.76e+00, 2.22e+00, 7.08e-03) m s⁻¹, extrema(T): (31.54, -1.96) ᵒC, extrema(S): (39.77, 19.08) g/kg, extrema(η): (1.81, -2.21) m, wall time: 11.629 seconds 
[ Info: time: 2950 days, iteration: 212400, Δt: 20 minutes,max|u|: (1.84e+00, 2.18e+00, 7.08e-03) m s⁻¹, extrema(T): (31.55, -1.96) ᵒC, extrema(S): (39.77, 19.06) g/kg, extrema(η): (1.46, -2.63) m, wall time: 16.621 seconds 
[ Info: time: 2951 days, iteration: 212472, Δt: 20 minutes,max|u|: (1.96e+00, 2.31e+00, 7.05e-03) m s⁻¹, extrema(T): (31.57, -1.96) ᵒC, extrema(S): (39.77, 19.06) g/kg, extrema(η): (1.42, -2.19) m, wall time: 11.500 seconds 
[ Info: time: 2952 days, iteration: 212544, Δt: 20 minutes,max|u|: (2.01e+00, 2.48e+00, 7.01e-03) m s⁻¹, extrema(T): (31.57, -1.96) ᵒC, extrema(S): (39.76, 19.02) g/kg, extrema(η): (2.70, -2.24) m, wall time: 15.429 seconds 
[ Info: time: 2953 days, iteration: 212616, Δt: 20 minutes,max|u|: (1.93e+00, 2.70e+00, 7.00e-03) m s⁻¹, extrema(T): (31.58, -1.97) ᵒC, extrema(S): (39.76, 18.98) g/kg, extrema(η): (4.45, -3.11) m, wall time: 11.624 seconds 
[ Info: time: 2954 days, iteration: 212688, Δt: 20 minutes,max|u|: (1.86e+00, 2.50e+00, 7.01e-03) m s⁻¹, extrema(T): (31.59, -1.98) ᵒC, extrema(S): (39.76, 18.95) g/kg, extrema(η): (1.49, -2.16) m, wall time: 11.577 seconds 
[ Info: time: 2955 days, iteration: 212760, Δt: 20 minutes,max|u|: (1.89e+00, 2.32e+00, 6.99e-03) m s⁻¹, extrema(T): (31.62, -1.97) ᵒC, extrema(S): (39.76, 18.94) g/kg, extrema(η): (1.49, -2.20) m, wall time: 11.588 seconds 
[ Info: time: 2956 days, iteration: 212832, Δt: 20 minutes,max|u|: (1.92e+00, 2.34e+00, 6.97e-03) m s⁻¹, extrema(T): (31.66, -1.96) ᵒC, extrema(S): (39.76, 18.93) g/kg, extrema(η): (1.39, -2.21) m, wall time: 11.539 seconds 
[ Info: time: 2957 days, iteration: 212904, Δt: 20 minutes,max|u|: (1.88e+00, 2.23e+00, 6.99e-03) m s⁻¹, extrema(T): (31.73, -1.96) ᵒC, extrema(S): (39.76, 19.11) g/kg, extrema(η): (1.37, -2.30) m, wall time: 12.403 seconds 
[ Info: time: 2958 days, iteration: 212976, Δt: 20 minutes,max|u|: (1.82e+00, 2.16e+00, 7.04e-03) m s⁻¹, extrema(T): (31.80, -1.95) ᵒC, extrema(S): (39.76, 19.46) g/kg, extrema(η): (2.64, -2.25) m, wall time: 11.527 seconds 
[ Info: time: 2959 days, iteration: 213048, Δt: 20 minutes,max|u|: (1.63e+00, 2.56e+00, 7.03e-03) m s⁻¹, extrema(T): (31.74, -1.95) ᵒC, extrema(S): (39.76, 19.57) g/kg, extrema(η): (2.36, -2.11) m, wall time: 11.582 seconds 
[ Info: time: 2960 days, iteration: 213120, Δt: 20 minutes,max|u|: (1.54e+00, 2.75e+00, 7.06e-03) m s⁻¹, extrema(T): (31.74, -1.95) ᵒC, extrema(S): (39.76, 19.58) g/kg, extrema(η): (1.96, -2.20) m, wall time: 11.602 seconds 
[ Info: time: 2961 days, iteration: 213192, Δt: 20 minutes,max|u|: (1.65e+00, 2.01e+00, 7.06e-03) m s⁻¹, extrema(T): (31.79, -1.95) ᵒC, extrema(S): (39.75, 19.65) g/kg, extrema(η): (1.28, -2.54) m, wall time: 11.578 seconds 
[ Info: time: 2962 days, iteration: 213264, Δt: 20 minutes,max|u|: (1.50e+00, 1.93e+00, 7.08e-03) m s⁻¹, extrema(T): (31.79, -1.95) ᵒC, extrema(S): (39.73, 19.66) g/kg, extrema(η): (1.25, -2.21) m, wall time: 16.870 seconds 
[ Info: time: 2963 days, iteration: 213336, Δt: 20 minutes,max|u|: (1.52e+00, 1.94e+00, 7.11e-03) m s⁻¹, extrema(T): (31.80, -1.95) ᵒC, extrema(S): (39.73, 19.66) g/kg, extrema(η): (2.80, -2.12) m, wall time: 11.568 seconds 
[ Info: time: 2964 days, iteration: 213408, Δt: 20 minutes,max|u|: (1.56e+00, 2.25e+00, 7.07e-03) m s⁻¹, extrema(T): (31.83, -1.95) ᵒC, extrema(S): (39.72, 19.66) g/kg, extrema(η): (4.30, -2.16) m, wall time: 11.654 seconds 
[ Info: time: 2965 days, iteration: 213480, Δt: 20 minutes,max|u|: (1.54e+00, 1.96e+00, 7.09e-03) m s⁻¹, extrema(T): (31.86, -1.95) ᵒC, extrema(S): (39.72, 19.63) g/kg, extrema(η): (2.63, -2.13) m, wall time: 11.596 seconds 
[ Info: time: 2966 days, iteration: 213552, Δt: 20 minutes,max|u|: (1.58e+00, 1.87e+00, 7.10e-03) m s⁻¹, extrema(T): (31.81, -1.95) ᵒC, extrema(S): (39.72, 19.63) g/kg, extrema(η): (2.98, -2.72) m, wall time: 11.579 seconds 
[ Info: time: 2967 days, iteration: 213624, Δt: 20 minutes,max|u|: (1.56e+00, 1.85e+00, 7.08e-03) m s⁻¹, extrema(T): (31.59, -1.96) ᵒC, extrema(S): (39.72, 19.60) g/kg, extrema(η): (3.25, -2.42) m, wall time: 11.638 seconds 
[ Info: time: 2968 days, iteration: 213696, Δt: 20 minutes,max|u|: (2.09e+00, 1.81e+00, 7.06e-03) m s⁻¹, extrema(T): (31.46, -1.96) ᵒC, extrema(S): (39.72, 19.56) g/kg, extrema(η): (3.39, -2.22) m, wall time: 11.590 seconds 
[ Info: time: 2969 days, iteration: 213768, Δt: 20 minutes,max|u|: (2.03e+00, 2.02e+00, 7.06e-03) m s⁻¹, extrema(T): (31.39, -1.96) ᵒC, extrema(S): (39.71, 19.54) g/kg, extrema(η): (4.67, -2.25) m, wall time: 11.629 seconds 
[ Info: time: 2970 days, iteration: 213840, Δt: 20 minutes,max|u|: (2.00e+00, 2.07e+00, 7.09e-03) m s⁻¹, extrema(T): (31.29, -1.96) ᵒC, extrema(S): (39.71, 19.55) g/kg, extrema(η): (2.72, -2.23) m, wall time: 11.630 seconds 
[ Info: time: 2971 days, iteration: 213912, Δt: 20 minutes,max|u|: (1.83e+00, 2.09e+00, 7.03e-03) m s⁻¹, extrema(T): (31.23, -1.96) ᵒC, extrema(S): (39.71, 19.53) g/kg, extrema(η): (2.35, -2.30) m, wall time: 11.590 seconds 
[ Info: time: 2972 days, iteration: 213984, Δt: 20 minutes,max|u|: (1.80e+00, 2.29e+00, 6.96e-03) m s⁻¹, extrema(T): (31.10, -1.97) ᵒC, extrema(S): (39.71, 19.48) g/kg, extrema(η): (1.90, -2.53) m, wall time: 11.555 seconds 
[ Info: time: 2973 days, iteration: 214056, Δt: 20 minutes,max|u|: (1.99e+00, 2.57e+00, 6.93e-03) m s⁻¹, extrema(T): (31.10, -1.96) ᵒC, extrema(S): (39.71, 19.52) g/kg, extrema(η): (1.53, -2.12) m, wall time: 11.756 seconds 
[ Info: time: 2974 days, iteration: 214128, Δt: 20 minutes,max|u|: (2.89e+00, 2.81e+00, 6.90e-03) m s⁻¹, extrema(T): (31.08, -1.96) ᵒC, extrema(S): (39.71, 19.55) g/kg, extrema(η): (4.09, -2.09) m, wall time: 16.641 seconds 
[ Info: time: 2975 days, iteration: 214200, Δt: 20 minutes,max|u|: (3.16e+00, 2.87e+00, 6.88e-03) m s⁻¹, extrema(T): (31.02, -1.96) ᵒC, extrema(S): (39.70, 19.58) g/kg, extrema(η): (2.81, -2.11) m, wall time: 11.636 seconds 
[ Info: time: 2976 days, iteration: 214272, Δt: 20 minutes,max|u|: (1.90e+00, 2.53e+00, 6.88e-03) m s⁻¹, extrema(T): (31.02, -1.96) ᵒC, extrema(S): (39.70, 19.60) g/kg, extrema(η): (1.41, -2.11) m, wall time: 11.580 seconds 
[ Info: time: 2977 days, iteration: 214344, Δt: 20 minutes,max|u|: (2.30e+00, 2.20e+00, 6.93e-03) m s⁻¹, extrema(T): (31.05, -1.96) ᵒC, extrema(S): (39.70, 19.76) g/kg, extrema(η): (1.37, -3.67) m, wall time: 11.570 seconds 
[ Info: time: 2978 days, iteration: 214416, Δt: 20 minutes,max|u|: (2.17e+00, 1.84e+00, 6.94e-03) m s⁻¹, extrema(T): (31.07, -1.96) ᵒC, extrema(S): (39.70, 19.82) g/kg, extrema(η): (2.05, -2.25) m, wall time: 11.600 seconds 
[ Info: time: 2979 days, iteration: 214488, Δt: 20 minutes,max|u|: (1.34e+00, 1.54e+00, 6.96e-03) m s⁻¹, extrema(T): (31.12, -1.96) ᵒC, extrema(S): (39.68, 19.80) g/kg, extrema(η): (3.88, -2.21) m, wall time: 11.612 seconds 
[ Info: time: 2980 days, iteration: 214560, Δt: 20 minutes,max|u|: (1.40e+00, 1.53e+00, 6.92e-03) m s⁻¹, extrema(T): (31.17, -1.96) ᵒC, extrema(S): (39.68, 19.84) g/kg, extrema(η): (3.71, -2.27) m, wall time: 11.677 seconds 
[ Info: Saving checkpoint file
[ Info: time: 2981 days, iteration: 214632, Δt: 20 minutes,max|u|: (1.72e+00, 1.63e+00, 6.89e-03) m s⁻¹, extrema(T): (31.21, -1.96) ᵒC, extrema(S): (39.68, 19.77) g/kg, extrema(η): (1.27, -2.01) m, wall time: 1.041 minutes 
[ Info: time: 2982 days, iteration: 214704, Δt: 20 minutes,max|u|: (1.37e+00, 1.51e+00, 6.89e-03) m s⁻¹, extrema(T): (31.24, -1.96) ᵒC, extrema(S): (39.68, 19.62) g/kg, extrema(η): (1.27, -3.69) m, wall time: 11.641 seconds 
[ Info: time: 2983 days, iteration: 214776, Δt: 20 minutes,max|u|: (1.29e+00, 1.58e+00, 6.91e-03) m s⁻¹, extrema(T): (31.25, -1.96) ᵒC, extrema(S): (39.68, 19.49) g/kg, extrema(η): (1.12, -2.02) m, wall time: 11.593 seconds 
[ Info: time: 2984 days, iteration: 214848, Δt: 20 minutes,max|u|: (1.40e+00, 1.51e+00, 6.88e-03) m s⁻¹, extrema(T): (31.21, -1.95) ᵒC, extrema(S): (39.67, 19.39) g/kg, extrema(η): (3.32, -2.14) m, wall time: 11.612 seconds 
[ Info: time: 2985 days, iteration: 214920, Δt: 20 minutes,max|u|: (1.31e+00, 1.56e+00, 6.88e-03) m s⁻¹, extrema(T): (31.23, -1.95) ᵒC, extrema(S): (39.67, 19.29) g/kg, extrema(η): (4.09, -2.05) m, wall time: 11.574 seconds 
[ Info: time: 2986 days, iteration: 214992, Δt: 20 minutes,max|u|: (1.56e+00, 1.60e+00, 6.86e-03) m s⁻¹, extrema(T): (31.30, -1.95) ᵒC, extrema(S): (39.67, 19.19) g/kg, extrema(η): (1.45, -2.19) m, wall time: 11.571 seconds 
[ Info: time: 2987 days, iteration: 215064, Δt: 20 minutes,max|u|: (1.37e+00, 1.53e+00, 6.89e-03) m s⁻¹, extrema(T): (31.29, -1.95) ᵒC, extrema(S): (39.67, 19.12) g/kg, extrema(η): (2.14, -3.48) m, wall time: 16.286 seconds 
[ Info: time: 2988 days, iteration: 215136, Δt: 20 minutes,max|u|: (1.38e+00, 1.67e+00, 6.97e-03) m s⁻¹, extrema(T): (31.29, -1.95) ᵒC, extrema(S): (39.67, 19.05) g/kg, extrema(η): (2.73, -2.15) m, wall time: 12.616 seconds 
[ Info: time: 2989 days, iteration: 215208, Δt: 20 minutes,max|u|: (1.36e+00, 1.61e+00, 6.98e-03) m s⁻¹, extrema(T): (31.28, -1.95) ᵒC, extrema(S): (39.67, 18.98) g/kg, extrema(η): (3.14, -2.14) m, wall time: 11.639 seconds 
[ Info: time: 2990 days, iteration: 215280, Δt: 20 minutes,max|u|: (1.49e+00, 1.77e+00, 7.04e-03) m s⁻¹, extrema(T): (31.29, -1.95) ᵒC, extrema(S): (39.66, 18.94) g/kg, extrema(η): (4.38, -2.18) m, wall time: 11.574 seconds 
[ Info: time: 2991 days, iteration: 215352, Δt: 20 minutes,max|u|: (1.41e+00, 1.56e+00, 7.09e-03) m s⁻¹, extrema(T): (31.30, -1.95) ᵒC, extrema(S): (39.66, 18.89) g/kg, extrema(η): (3.42, -2.23) m, wall time: 11.577 seconds 
[ Info: time: 2992 days, iteration: 215424, Δt: 20 minutes,max|u|: (1.45e+00, 1.58e+00, 7.10e-03) m s⁻¹, extrema(T): (31.25, -1.95) ᵒC, extrema(S): (39.66, 18.84) g/kg, extrema(η): (3.32, -3.03) m, wall time: 11.572 seconds 
[ Info: time: 2993 days, iteration: 215496, Δt: 20 minutes,max|u|: (1.69e+00, 1.70e+00, 7.13e-03) m s⁻¹, extrema(T): (31.26, -1.95) ᵒC, extrema(S): (39.66, 18.80) g/kg, extrema(η): (3.21, -2.30) m, wall time: 11.559 seconds 
[ Info: time: 2994 days, iteration: 215568, Δt: 20 minutes,max|u|: (1.46e+00, 1.64e+00, 7.14e-03) m s⁻¹, extrema(T): (31.28, -1.95) ᵒC, extrema(S): (39.66, 18.77) g/kg, extrema(η): (2.82, -1.99) m, wall time: 11.571 seconds 
[ Info: time: 2995 days, iteration: 215640, Δt: 20 minutes,max|u|: (2.71e+00, 1.83e+00, 7.11e-03) m s⁻¹, extrema(T): (31.30, -1.96) ᵒC, extrema(S): (39.66, 18.74) g/kg, extrema(η): (4.53, -1.98) m, wall time: 11.550 seconds 
[ Info: time: 2996 days, iteration: 215712, Δt: 20 minutes,max|u|: (1.51e+00, 1.56e+00, 7.13e-03) m s⁻¹, extrema(T): (31.32, -1.96) ᵒC, extrema(S): (39.66, 18.73) g/kg, extrema(η): (2.11, -2.07) m, wall time: 11.604 seconds 
[ Info: time: 2997 days, iteration: 215784, Δt: 20 minutes,max|u|: (1.44e+00, 1.52e+00, 7.16e-03) m s⁻¹, extrema(T): (31.33, -1.96) ᵒC, extrema(S): (39.66, 18.70) g/kg, extrema(η): (1.23, -2.15) m, wall time: 11.548 seconds 
[ Info: time: 2998 days, iteration: 215856, Δt: 20 minutes,max|u|: (1.46e+00, 1.56e+00, 7.19e-03) m s⁻¹, extrema(T): (31.32, -1.96) ᵒC, extrema(S): (39.66, 18.67) g/kg, extrema(η): (1.22, -3.18) m, wall time: 11.740 seconds 
[ Info: time: 2999 days, iteration: 215928, Δt: 20 minutes,max|u|: (1.49e+00, 1.70e+00, 7.24e-03) m s⁻¹, extrema(T): (31.34, -1.96) ᵒC, extrema(S): (39.66, 18.65) g/kg, extrema(η): (1.26, -2.15) m, wall time: 16.326 seconds 
[ Info: time: 3000 days, iteration: 216000, Δt: 20 minutes,max|u|: (1.54e+00, 1.58e+00, 7.15e-03) m s⁻¹, extrema(T): (31.36, -1.96) ᵒC, extrema(S): (39.66, 18.62) g/kg, extrema(η): (4.38, -2.23) m, wall time: 11.584 seconds 
[ Info: time: 3001 days, iteration: 216072, Δt: 20 minutes,max|u|: (1.52e+00, 1.59e+00, 7.19e-03) m s⁻¹, extrema(T): (31.37, -1.96) ᵒC, extrema(S): (39.66, 18.59) g/kg, extrema(η): (2.76, -2.06) m, wall time: 11.596 seconds 
[ Info: time: 3002 days, iteration: 216144, Δt: 20 minutes,max|u|: (1.56e+00, 1.60e+00, 7.26e-03) m s⁻¹, extrema(T): (31.38, -1.96) ᵒC, extrema(S): (39.66, 18.58) g/kg, extrema(η): (1.18, -2.10) m, wall time: 11.660 seconds 
[ Info: time: 3003 days, iteration: 216216, Δt: 20 minutes,max|u|: (1.60e+00, 1.59e+00, 7.20e-03) m s⁻¹, extrema(T): (31.37, -1.96) ᵒC, extrema(S): (39.66, 18.56) g/kg, extrema(η): (1.21, -3.88) m, wall time: 11.714 seconds 
[ Info: time: 3004 days, iteration: 216288, Δt: 20 minutes,max|u|: (2.78e+00, 1.67e+00, 7.26e-03) m s⁻¹, extrema(T): (31.38, -1.96) ᵒC, extrema(S): (39.65, 18.57) g/kg, extrema(η): (1.38, -2.24) m, wall time: 11.597 seconds 
[ Info: time: 3005 days, iteration: 216360, Δt: 20 minutes,max|u|: (1.62e+00, 1.56e+00, 7.23e-03) m s⁻¹, extrema(T): (31.26, -1.96) ᵒC, extrema(S): (39.65, 18.67) g/kg, extrema(η): (4.08, -2.24) m, wall time: 11.639 seconds 
[ Info: time: 3006 days, iteration: 216432, Δt: 20 minutes,max|u|: (1.74e+00, 1.55e+00, 7.25e-03) m s⁻¹, extrema(T): (31.07, -1.95) ᵒC, extrema(S): (39.65, 18.93) g/kg, extrema(η): (3.20, -2.13) m, wall time: 11.638 seconds 
[ Info: time: 3007 days, iteration: 216504, Δt: 20 minutes,max|u|: (1.68e+00, 1.80e+00, 7.22e-03) m s⁻¹, extrema(T): (31.06, -1.95) ᵒC, extrema(S): (39.65, 19.50) g/kg, extrema(η): (1.32, -2.09) m, wall time: 11.561 seconds 
[ Info: time: 3008 days, iteration: 216576, Δt: 20 minutes,max|u|: (1.70e+00, 1.52e+00, 7.21e-03) m s⁻¹, extrema(T): (31.05, -1.94) ᵒC, extrema(S): (39.65, 19.73) g/kg, extrema(η): (1.44, -3.46) m, wall time: 11.575 seconds 
[ Info: time: 3009 days, iteration: 216648, Δt: 20 minutes,max|u|: (1.69e+00, 1.65e+00, 7.19e-03) m s⁻¹, extrema(T): (31.14, -1.94) ᵒC, extrema(S): (39.65, 19.60) g/kg, extrema(η): (1.48, -2.24) m, wall time: 11.604 seconds 
[ Info: time: 3010 days, iteration: 216720, Δt: 20 minutes,max|u|: (1.96e+00, 1.52e+00, 7.16e-03) m s⁻¹, extrema(T): (31.08, -1.94) ᵒC, extrema(S): (39.65, 19.43) g/kg, extrema(η): (3.22, -2.20) m, wall time: 11.588 seconds 
[ Info: time: 3011 days, iteration: 216792, Δt: 20 minutes,max|u|: (1.79e+00, 1.63e+00, 7.22e-03) m s⁻¹, extrema(T): (31.06, -1.93) ᵒC, extrema(S): (39.64, 19.32) g/kg, extrema(η): (4.24, -2.21) m, wall time: 16.226 seconds 
[ Info: time: 3012 days, iteration: 216864, Δt: 20 minutes,max|u|: (1.76e+00, 1.71e+00, 7.22e-03) m s⁻¹, extrema(T): (31.05, -1.93) ᵒC, extrema(S): (39.64, 19.26) g/kg, extrema(η): (2.59, -2.23) m, wall time: 11.661 seconds 
[ Info: time: 3013 days, iteration: 216936, Δt: 20 minutes,max|u|: (1.78e+00, 1.61e+00, 7.22e-03) m s⁻¹, extrema(T): (31.05, -1.93) ᵒC, extrema(S): (39.64, 19.23) g/kg, extrema(η): (2.99, -2.66) m, wall time: 11.665 seconds 
[ Info: time: 3014 days, iteration: 217008, Δt: 20 minutes,max|u|: (1.80e+00, 1.56e+00, 7.22e-03) m s⁻¹, extrema(T): (31.08, -1.93) ᵒC, extrema(S): (39.64, 19.14) g/kg, extrema(η): (3.23, -2.25) m, wall time: 11.653 seconds 
[ Info: time: 3015 days, iteration: 217080, Δt: 20 minutes,max|u|: (1.88e+00, 1.66e+00, 7.20e-03) m s⁻¹, extrema(T): (31.17, -1.92) ᵒC, extrema(S): (39.64, 19.04) g/kg, extrema(η): (3.24, -2.14) m, wall time: 11.670 seconds 
[ Info: time: 3016 days, iteration: 217152, Δt: 20 minutes,max|u|: (1.84e+00, 1.56e+00, 7.17e-03) m s⁻¹, extrema(T): (31.07, -1.92) ᵒC, extrema(S): (39.64, 18.99) g/kg, extrema(η): (4.67, -2.18) m, wall time: 11.677 seconds 
[ Info: time: 3017 days, iteration: 217224, Δt: 20 minutes,max|u|: (1.86e+00, 1.57e+00, 7.11e-03) m s⁻¹, extrema(T): (31.14, -1.92) ᵒC, extrema(S): (39.64, 18.91) g/kg, extrema(η): (2.68, -2.04) m, wall time: 11.632 seconds 
[ Info: time: 3018 days, iteration: 217296, Δt: 20 minutes,max|u|: (1.87e+00, 1.54e+00, 7.10e-03) m s⁻¹, extrema(T): (31.13, -1.92) ᵒC, extrema(S): (39.64, 19.08) g/kg, extrema(η): (2.22, -2.20) m, wall time: 11.563 seconds 
[ Info: time: 3019 days, iteration: 217368, Δt: 20 minutes,max|u|: (1.87e+00, 1.52e+00, 7.08e-03) m s⁻¹, extrema(T): (31.12, -1.92) ᵒC, extrema(S): (39.64, 19.60) g/kg, extrema(η): (1.74, -3.11) m, wall time: 12.899 seconds 
[ Info: time: 3020 days, iteration: 217440, Δt: 20 minutes,max|u|: (1.88e+00, 1.71e+00, 7.08e-03) m s⁻¹, extrema(T): (31.17, -1.92) ᵒC, extrema(S): (39.64, 19.59) g/kg, extrema(η): (1.33, -2.07) m, wall time: 11.582 seconds 
[ Info: time: 3021 days, iteration: 217512, Δt: 20 minutes,max|u|: (1.88e+00, 1.51e+00, 7.08e-03) m s⁻¹, extrema(T): (31.21, -1.91) ᵒC, extrema(S): (39.64, 19.52) g/kg, extrema(η): (4.51, -2.21) m, wall time: 11.586 seconds 
[ Info: time: 3022 days, iteration: 217584, Δt: 20 minutes,max|u|: (1.86e+00, 1.49e+00, 7.12e-03) m s⁻¹, extrema(T): (31.15, -1.91) ᵒC, extrema(S): (39.63, 19.43) g/kg, extrema(η): (3.29, -2.22) m, wall time: 11.608 seconds 
[ Info: time: 3023 days, iteration: 217656, Δt: 20 minutes,max|u|: (1.95e+00, 1.52e+00, 7.10e-03) m s⁻¹, extrema(T): (31.20, -1.91) ᵒC, extrema(S): (39.63, 19.51) g/kg, extrema(η): (1.32, -2.23) m, wall time: 11.674 seconds 
[ Info: time: 3024 days, iteration: 217728, Δt: 20 minutes,max|u|: (1.97e+00, 2.09e+00, 7.04e-03) m s⁻¹, extrema(T): (31.18, -1.91) ᵒC, extrema(S): (39.63, 19.54) g/kg, extrema(η): (1.32, -3.52) m, wall time: 16.284 seconds 
[ Info: time: 3025 days, iteration: 217800, Δt: 20 minutes,max|u|: (1.89e+00, 2.23e+00, 7.01e-03) m s⁻¹, extrema(T): (31.21, -1.91) ᵒC, extrema(S): (39.63, 19.48) g/kg, extrema(η): (1.32, -2.26) m, wall time: 11.534 seconds 
[ Info: time: 3026 days, iteration: 217872, Δt: 20 minutes,max|u|: (2.01e+00, 1.46e+00, 7.06e-03) m s⁻¹, extrema(T): (31.23, -1.91) ᵒC, extrema(S): (39.63, 19.51) g/kg, extrema(η): (3.53, -2.22) m, wall time: 11.594 seconds 
[ Info: time: 3027 days, iteration: 217944, Δt: 20 minutes,max|u|: (2.13e+00, 1.47e+00, 6.94e-03) m s⁻¹, extrema(T): (31.36, -1.91) ᵒC, extrema(S): (39.63, 19.39) g/kg, extrema(η): (3.79, -2.12) m, wall time: 11.629 seconds 
[ Info: time: 3028 days, iteration: 218016, Δt: 20 minutes,max|u|: (2.01e+00, 1.66e+00, 6.93e-03) m s⁻¹, extrema(T): (31.29, -1.91) ᵒC, extrema(S): (39.63, 19.47) g/kg, extrema(η): (1.34, -2.02) m, wall time: 11.628 seconds 
[ Info: time: 3029 days, iteration: 218088, Δt: 20 minutes,max|u|: (1.99e+00, 1.49e+00, 6.93e-03) m s⁻¹, extrema(T): (31.34, -1.91) ᵒC, extrema(S): (39.63, 19.53) g/kg, extrema(η): (1.28, -3.95) m, wall time: 11.631 seconds 
[ Info: time: 3030 days, iteration: 218160, Δt: 20 minutes,max|u|: (2.00e+00, 1.50e+00, 6.93e-03) m s⁻¹, extrema(T): (31.41, -1.91) ᵒC, extrema(S): (39.63, 19.54) g/kg, extrema(η): (1.59, -1.99) m, wall time: 11.703 seconds 
[ Info: time: 3031 days, iteration: 218232, Δt: 20 minutes,max|u|: (1.98e+00, 1.54e+00, 6.93e-03) m s⁻¹, extrema(T): (31.31, -1.91) ᵒC, extrema(S): (39.63, 19.55) g/kg, extrema(η): (2.72, -1.94) m, wall time: 11.645 seconds 
[ Info: time: 3032 days, iteration: 218304, Δt: 20 minutes,max|u|: (1.97e+00, 1.52e+00, 6.92e-03) m s⁻¹, extrema(T): (31.23, -1.91) ᵒC, extrema(S): (39.63, 19.45) g/kg, extrema(η): (4.31, -2.01) m, wall time: 11.599 seconds 
[ Info: time: 3033 days, iteration: 218376, Δt: 20 minutes,max|u|: (1.96e+00, 1.66e+00, 6.98e-03) m s⁻¹, extrema(T): (31.19, -1.91) ᵒC, extrema(S): (39.63, 19.45) g/kg, extrema(η): (1.50, -2.06) m, wall time: 11.597 seconds 
[ Info: time: 3034 days, iteration: 218448, Δt: 20 minutes,max|u|: (1.95e+00, 1.51e+00, 6.98e-03) m s⁻¹, extrema(T): (31.29, -1.91) ᵒC, extrema(S): (39.63, 19.48) g/kg, extrema(η): (2.07, -3.04) m, wall time: 11.663 seconds 
[ Info: time: 3035 days, iteration: 218520, Δt: 20 minutes,max|u|: (1.94e+00, 1.51e+00, 6.93e-03) m s⁻¹, extrema(T): (31.21, -1.91) ᵒC, extrema(S): (39.63, 19.37) g/kg, extrema(η): (2.66, -2.76) m, wall time: 11.648 seconds 
[ Info: time: 3036 days, iteration: 218592, Δt: 20 minutes,max|u|: (1.93e+00, 1.70e+00, 6.90e-03) m s⁻¹, extrema(T): (31.20, -1.92) ᵒC, extrema(S): (39.64, 19.35) g/kg, extrema(η): (3.00, -2.14) m, wall time: 16.255 seconds 
[ Info: time: 3037 days, iteration: 218664, Δt: 20 minutes,max|u|: (1.93e+00, 1.49e+00, 6.91e-03) m s⁻¹, extrema(T): (31.19, -1.92) ᵒC, extrema(S): (39.64, 19.57) g/kg, extrema(η): (4.34, -2.02) m, wall time: 11.610 seconds 
[ Info: time: 3038 days, iteration: 218736, Δt: 20 minutes,max|u|: (1.94e+00, 1.48e+00, 6.93e-03) m s⁻¹, extrema(T): (31.29, -1.92) ᵒC, extrema(S): (39.65, 19.50) g/kg, extrema(η): (3.17, -2.16) m, wall time: 11.669 seconds 
[ Info: time: 3039 days, iteration: 218808, Δt: 20 minutes,max|u|: (2.06e+00, 1.59e+00, 6.89e-03) m s⁻¹, extrema(T): (31.27, -1.92) ᵒC, extrema(S): (39.64, 19.67) g/kg, extrema(η): (3.04, -2.04) m, wall time: 11.677 seconds 
[ Info: time: 3040 days, iteration: 218880, Δt: 20 minutes,max|u|: (1.94e+00, 1.45e+00, 6.85e-03) m s⁻¹, extrema(T): (31.29, -1.92) ᵒC, extrema(S): (39.64, 19.61) g/kg, extrema(η): (2.87, -3.17) m, wall time: 11.606 seconds 
[ Info: time: 3041 days, iteration: 218952, Δt: 20 minutes,max|u|: (1.91e+00, 1.74e+00, 6.82e-03) m s⁻¹, extrema(T): (31.24, -1.92) ᵒC, extrema(S): (39.63, 19.67) g/kg, extrema(η): (2.55, -2.23) m, wall time: 11.662 seconds 
[ Info: time: 3042 days, iteration: 219024, Δt: 20 minutes,max|u|: (1.89e+00, 1.44e+00, 6.87e-03) m s⁻¹, extrema(T): (31.23, -1.92) ᵒC, extrema(S): (39.63, 19.62) g/kg, extrema(η): (3.96, -2.15) m, wall time: 11.659 seconds 
[ Info: time: 3043 days, iteration: 219096, Δt: 20 minutes,max|u|: (1.90e+00, 1.45e+00, 6.89e-03) m s⁻¹, extrema(T): (31.26, -1.92) ᵒC, extrema(S): (39.63, 19.57) g/kg, extrema(η): (4.19, -2.16) m, wall time: 11.622 seconds 
[ Info: time: 3044 days, iteration: 219168, Δt: 20 minutes,max|u|: (1.88e+00, 1.72e+00, 6.85e-03) m s⁻¹, extrema(T): (31.32, -1.93) ᵒC, extrema(S): (39.63, 19.58) g/kg, extrema(η): (1.30, -2.28) m, wall time: 11.622 seconds 
[ Info: time: 3045 days, iteration: 219240, Δt: 20 minutes,max|u|: (1.82e+00, 1.45e+00, 6.80e-03) m s⁻¹, extrema(T): (31.32, -1.93) ᵒC, extrema(S): (39.64, 19.46) g/kg, extrema(η): (1.34, -3.93) m, wall time: 11.601 seconds 
[ Info: time: 3046 days, iteration: 219312, Δt: 20 minutes,max|u|: (1.77e+00, 1.65e+00, 6.80e-03) m s⁻¹, extrema(T): (31.34, -1.91) ᵒC, extrema(S): (39.64, 19.57) g/kg, extrema(η): (1.32, -2.15) m, wall time: 11.636 seconds 
[ Info: time: 3047 days, iteration: 219384, Δt: 20 minutes,max|u|: (1.76e+00, 1.46e+00, 6.79e-03) m s⁻¹, extrema(T): (31.34, -1.92) ᵒC, extrema(S): (39.64, 19.58) g/kg, extrema(η): (3.34, -2.06) m, wall time: 11.662 seconds 
[ Info: time: 3048 days, iteration: 219456, Δt: 20 minutes,max|u|: (1.89e+00, 1.47e+00, 6.77e-03) m s⁻¹, extrema(T): (31.33, -1.92) ᵒC, extrema(S): (39.65, 19.63) g/kg, extrema(η): (3.71, -2.04) m, wall time: 11.692 seconds 
[ Info: time: 3049 days, iteration: 219528, Δt: 20 minutes,max|u|: (1.92e+00, 1.67e+00, 6.81e-03) m s⁻¹, extrema(T): (31.33, -1.91) ᵒC, extrema(S): (39.64, 19.00) g/kg, extrema(η): (1.31, -1.97) m, wall time: 16.314 seconds 
[ Info: time: 3050 days, iteration: 219600, Δt: 20 minutes,max|u|: (2.18e+00, 1.50e+00, 6.82e-03) m s⁻¹, extrema(T): (31.33, -1.92) ᵒC, extrema(S): (39.64, 17.87) g/kg, extrema(η): (1.36, -3.98) m, wall time: 12.649 seconds 
[ Info: time: 3051 days, iteration: 219672, Δt: 20 minutes,max|u|: (2.14e+00, 1.90e+00, 6.86e-03) m s⁻¹, extrema(T): (31.32, -1.92) ᵒC, extrema(S): (39.64, 17.12) g/kg, extrema(η): (1.54, -2.36) m, wall time: 15.437 seconds 
[ Info: time: 3052 days, iteration: 219744, Δt: 20 minutes,max|u|: (2.37e+00, 1.61e+00, 6.93e-03) m s⁻¹, extrema(T): (31.34, -1.91) ᵒC, extrema(S): (39.63, 16.81) g/kg, extrema(η): (2.30, -2.12) m, wall time: 11.684 seconds 
[ Info: time: 3053 days, iteration: 219816, Δt: 20 minutes,max|u|: (2.51e+00, 1.56e+00, 6.96e-03) m s⁻¹, extrema(T): (31.37, -1.89) ᵒC, extrema(S): (39.63, 16.28) g/kg, extrema(η): (4.11, -2.17) m, wall time: 11.717 seconds 
[ Info: time: 3054 days, iteration: 219888, Δt: 20 minutes,max|u|: (2.24e+00, 1.68e+00, 7.01e-03) m s⁻¹, extrema(T): (31.32, -1.90) ᵒC, extrema(S): (39.64, 16.44) g/kg, extrema(η): (1.29, -2.18) m, wall time: 11.661 seconds 
[ Info: time: 3055 days, iteration: 219960, Δt: 20 minutes,max|u|: (1.77e+00, 1.44e+00, 7.07e-03) m s⁻¹, extrema(T): (31.32, -1.90) ᵒC, extrema(S): (39.64, 16.16) g/kg, extrema(η): (1.29, -3.72) m, wall time: 11.699 seconds 
[ Info: time: 3056 days, iteration: 220032, Δt: 20 minutes,max|u|: (1.63e+00, 1.44e+00, 7.11e-03) m s⁻¹, extrema(T): (31.29, -1.91) ᵒC, extrema(S): (39.64, 16.10) g/kg, extrema(η): (1.57, -3.21) m, wall time: 11.611 seconds 
[ Info: time: 3057 days, iteration: 220104, Δt: 20 minutes,max|u|: (1.57e+00, 1.67e+00, 7.06e-03) m s⁻¹, extrema(T): (31.33, -1.91) ᵒC, extrema(S): (39.64, 16.47) g/kg, extrema(η): (2.05, -2.20) m, wall time: 11.577 seconds 
[ Info: time: 3058 days, iteration: 220176, Δt: 20 minutes,max|u|: (1.96e+00, 1.45e+00, 7.06e-03) m s⁻¹, extrema(T): (31.34, -1.92) ᵒC, extrema(S): (39.65, 16.65) g/kg, extrema(η): (4.35, -2.21) m, wall time: 11.590 seconds 
[ Info: time: 3059 days, iteration: 220248, Δt: 20 minutes,max|u|: (1.58e+00, 1.47e+00, 7.07e-03) m s⁻¹, extrema(T): (31.33, -1.92) ᵒC, extrema(S): (39.65, 16.33) g/kg, extrema(η): (3.06, -1.95) m, wall time: 11.632 seconds 
[ Info: time: 3060 days, iteration: 220320, Δt: 20 minutes,max|u|: (1.55e+00, 1.44e+00, 7.04e-03) m s⁻¹, extrema(T): (31.42, -1.93) ᵒC, extrema(S): (39.65, 16.65) g/kg, extrema(η): (3.27, -2.28) m, wall time: 11.642 seconds 
[ Info: time: 3061 days, iteration: 220392, Δt: 20 minutes,max|u|: (1.67e+00, 1.52e+00, 7.08e-03) m s⁻¹, extrema(T): (31.49, -1.93) ᵒC, extrema(S): (39.66, 17.51) g/kg, extrema(η): (3.42, -3.40) m, wall time: 16.289 seconds 
[ Info: time: 3062 days, iteration: 220464, Δt: 20 minutes,max|u|: (1.61e+00, 1.80e+00, 7.07e-03) m s⁻¹, extrema(T): (31.47, -1.93) ᵒC, extrema(S): (39.66, 17.34) g/kg, extrema(η): (3.38, -2.12) m, wall time: 11.650 seconds 
[ Info: time: 3063 days, iteration: 220536, Δt: 20 minutes,max|u|: (1.53e+00, 1.43e+00, 7.03e-03) m s⁻¹, extrema(T): (31.46, -1.93) ᵒC, extrema(S): (39.66, 17.12) g/kg, extrema(η): (4.20, -2.17) m, wall time: 11.619 seconds 
[ Info: time: 3064 days, iteration: 220608, Δt: 20 minutes,max|u|: (1.50e+00, 1.45e+00, 6.99e-03) m s⁻¹, extrema(T): (31.47, -1.93) ᵒC, extrema(S): (39.67, 17.44) g/kg, extrema(η): (3.21, -2.08) m, wall time: 11.612 seconds 
[ Info: time: 3065 days, iteration: 220680, Δt: 20 minutes,max|u|: (1.50e+00, 1.57e+00, 6.96e-03) m s⁻¹, extrema(T): (31.46, -1.93) ᵒC, extrema(S): (39.67, 17.51) g/kg, extrema(η): (2.38, -1.94) m, wall time: 11.604 seconds 
[ Info: time: 3066 days, iteration: 220752, Δt: 20 minutes,max|u|: (1.58e+00, 1.42e+00, 6.94e-03) m s⁻¹, extrema(T): (31.41, -1.93) ᵒC, extrema(S): (39.67, 18.29) g/kg, extrema(η): (1.94, -3.66) m, wall time: 11.672 seconds 
[ Info: time: 3067 days, iteration: 220824, Δt: 20 minutes,max|u|: (1.62e+00, 1.58e+00, 6.89e-03) m s⁻¹, extrema(T): (31.38, -1.92) ᵒC, extrema(S): (39.67, 18.92) g/kg, extrema(η): (1.44, -2.07) m, wall time: 11.660 seconds 
[ Info: time: 3068 days, iteration: 220896, Δt: 20 minutes,max|u|: (1.48e+00, 1.41e+00, 6.88e-03) m s⁻¹, extrema(T): (31.37, -1.90) ᵒC, extrema(S): (39.67, 18.73) g/kg, extrema(η): (3.56, -2.05) m, wall time: 11.590 seconds 
[ Info: time: 3069 days, iteration: 220968, Δt: 20 minutes,max|u|: (1.51e+00, 1.40e+00, 6.87e-03) m s⁻¹, extrema(T): (31.35, -1.93) ᵒC, extrema(S): (39.67, 18.91) g/kg, extrema(η): (4.17, -2.11) m, wall time: 11.643 seconds 
[ Info: time: 3070 days, iteration: 221040, Δt: 20 minutes,max|u|: (1.40e+00, 1.71e+00, 6.86e-03) m s⁻¹, extrema(T): (31.33, -1.93) ᵒC, extrema(S): (39.67, 19.06) g/kg, extrema(η): (1.38, -2.10) m, wall time: 11.605 seconds 
[ Info: time: 3071 days, iteration: 221112, Δt: 20 minutes,max|u|: (1.57e+00, 1.39e+00, 6.88e-03) m s⁻¹, extrema(T): (31.30, -1.93) ᵒC, extrema(S): (39.67, 19.18) g/kg, extrema(η): (1.44, -3.65) m, wall time: 11.674 seconds 
[ Info: time: 3072 days, iteration: 221184, Δt: 20 minutes,max|u|: (1.44e+00, 1.50e+00, 6.86e-03) m s⁻¹, extrema(T): (31.30, -1.92) ᵒC, extrema(S): (39.67, 18.84) g/kg, extrema(η): (1.51, -2.33) m, wall time: 11.639 seconds 
[ Info: time: 3073 days, iteration: 221256, Δt: 20 minutes,max|u|: (1.57e+00, 1.55e+00, 6.84e-03) m s⁻¹, extrema(T): (31.31, -1.91) ᵒC, extrema(S): (39.68, 18.38) g/kg, extrema(η): (2.42, -2.20) m, wall time: 16.284 seconds 
[ Info: time: 3074 days, iteration: 221328, Δt: 20 minutes,max|u|: (1.40e+00, 1.41e+00, 6.84e-03) m s⁻¹, extrema(T): (31.34, -1.90) ᵒC, extrema(S): (39.68, 17.82) g/kg, extrema(η): (4.44, -2.03) m, wall time: 11.566 seconds 
[ Info: time: 3075 days, iteration: 221400, Δt: 20 minutes,max|u|: (1.40e+00, 1.73e+00, 6.84e-03) m s⁻¹, extrema(T): (31.37, -1.89) ᵒC, extrema(S): (39.69, 17.16) g/kg, extrema(η): (1.27, -2.01) m, wall time: 11.559 seconds 
[ Info: time: 3076 days, iteration: 221472, Δt: 20 minutes,max|u|: (1.43e+00, 1.41e+00, 6.83e-03) m s⁻¹, extrema(T): (31.38, -1.91) ᵒC, extrema(S): (39.69, 16.20) g/kg, extrema(η): (1.23, -3.55) m, wall time: 11.580 seconds 
[ Info: time: 3077 days, iteration: 221544, Δt: 20 minutes,max|u|: (1.47e+00, 1.41e+00, 6.79e-03) m s⁻¹, extrema(T): (31.38, -1.93) ᵒC, extrema(S): (39.69, 16.30) g/kg, extrema(η): (1.22, -2.90) m, wall time: 11.630 seconds 
[ Info: time: 3078 days, iteration: 221616, Δt: 20 minutes,max|u|: (1.46e+00, 1.74e+00, 6.71e-03) m s⁻¹, extrema(T): (31.37, -1.93) ᵒC, extrema(S): (39.69, 16.87) g/kg, extrema(η): (1.60, -2.08) m, wall time: 11.716 seconds 
[ Info: time: 3079 days, iteration: 221688, Δt: 20 minutes,max|u|: (1.53e+00, 1.42e+00, 6.64e-03) m s⁻¹, extrema(T): (31.32, -1.93) ᵒC, extrema(S): (39.69, 16.54) g/kg, extrema(η): (4.42, -2.06) m, wall time: 11.690 seconds 
[ Info: time: 3080 days, iteration: 221760, Δt: 20 minutes,max|u|: (1.60e+00, 1.56e+00, 6.64e-03) m s⁻¹, extrema(T): (31.27, -1.94) ᵒC, extrema(S): (39.70, 16.87) g/kg, extrema(η): (2.15, -2.09) m, wall time: 11.588 seconds 
[ Info: time: 3081 days, iteration: 221832, Δt: 20 minutes,max|u|: (1.98e+00, 1.47e+00, 6.71e-03) m s⁻¹, extrema(T): (31.26, -1.94) ᵒC, extrema(S): (39.70, 16.43) g/kg, extrema(η): (2.65, -2.40) m, wall time: 12.595 seconds 
[ Info: time: 3082 days, iteration: 221904, Δt: 20 minutes,max|u|: (2.16e+00, 1.41e+00, 6.75e-03) m s⁻¹, extrema(T): (31.26, -1.94) ᵒC, extrema(S): (39.70, 16.07) g/kg, extrema(η): (3.19, -3.47) m, wall time: 11.601 seconds 
[ Info: time: 3083 days, iteration: 221976, Δt: 20 minutes,max|u|: (2.02e+00, 1.76e+00, 6.72e-03) m s⁻¹, extrema(T): (31.27, -1.94) ᵒC, extrema(S): (39.70, 15.93) g/kg, extrema(η): (3.52, -2.05) m, wall time: 11.551 seconds 
[ Info: time: 3084 days, iteration: 222048, Δt: 20 minutes,max|u|: (1.95e+00, 1.40e+00, 6.80e-03) m s⁻¹, extrema(T): (31.23, -1.94) ᵒC, extrema(S): (39.71, 16.14) g/kg, extrema(η): (4.27, -2.07) m, wall time: 11.584 seconds 
[ Info: time: 3085 days, iteration: 222120, Δt: 20 minutes,max|u|: (1.86e+00, 1.39e+00, 6.81e-03) m s⁻¹, extrema(T): (31.20, -1.94) ᵒC, extrema(S): (39.71, 15.84) g/kg, extrema(η): (3.36, -1.97) m, wall time: 11.620 seconds 
[ Info: time: 3086 days, iteration: 222192, Δt: 20 minutes,max|u|: (1.93e+00, 1.55e+00, 6.87e-03) m s⁻¹, extrema(T): (31.18, -1.95) ᵒC, extrema(S): (39.72, 15.44) g/kg, extrema(η): (3.19, -2.02) m, wall time: 16.304 seconds 
[ Info: time: 3087 days, iteration: 222264, Δt: 20 minutes,max|u|: (2.54e+00, 1.56e+00, 6.90e-03) m s⁻¹, extrema(T): (31.18, -1.95) ᵒC, extrema(S): (39.72, 15.30) g/kg, extrema(η): (2.93, -3.56) m, wall time: 11.771 seconds 
[ Info: time: 3088 days, iteration: 222336, Δt: 20 minutes,max|u|: (1.63e+00, 1.70e+00, 6.91e-03) m s⁻¹, extrema(T): (31.17, -1.95) ᵒC, extrema(S): (39.73, 15.51) g/kg, extrema(η): (2.46, -2.09) m, wall time: 11.678 seconds 
[ Info: time: 3089 days, iteration: 222408, Δt: 20 minutes,max|u|: (1.63e+00, 1.45e+00, 6.86e-03) m s⁻¹, extrema(T): (31.17, -1.95) ᵒC, extrema(S): (39.73, 16.48) g/kg, extrema(η): (3.71, -2.02) m, wall time: 11.676 seconds 
[ Info: time: 3090 days, iteration: 222480, Δt: 20 minutes,max|u|: (2.19e+00, 1.39e+00, 6.78e-03) m s⁻¹, extrema(T): (31.10, -1.95) ᵒC, extrema(S): (39.73, 15.74) g/kg, extrema(η): (3.82, -2.07) m, wall time: 11.657 seconds 
[ Info: time: 3091 days, iteration: 222552, Δt: 20 minutes,max|u|: (2.07e+00, 1.73e+00, 6.81e-03) m s⁻¹, extrema(T): (31.05, -1.95) ᵒC, extrema(S): (39.73, 15.13) g/kg, extrema(η): (1.34, -2.20) m, wall time: 11.659 seconds 
[ Info: time: 3092 days, iteration: 222624, Δt: 20 minutes,max|u|: (2.28e+00, 2.16e+00, 6.90e-03) m s⁻¹, extrema(T): (31.00, -1.95) ᵒC, extrema(S): (39.73, 15.76) g/kg, extrema(η): (1.39, -3.54) m, wall time: 11.705 seconds 
[ Info: time: 3093 days, iteration: 222696, Δt: 20 minutes,max|u|: (2.22e+00, 1.45e+00, 6.90e-03) m s⁻¹, extrema(T): (30.94, -1.95) ᵒC, extrema(S): (39.73, 16.35) g/kg, extrema(η): (1.47, -2.19) m, wall time: 11.672 seconds 
[ Info: time: 3094 days, iteration: 222768, Δt: 20 minutes,max|u|: (1.66e+00, 1.56e+00, 6.99e-03) m s⁻¹, extrema(T): (31.01, -1.95) ᵒC, extrema(S): (39.73, 16.20) g/kg, extrema(η): (2.78, -2.20) m, wall time: 11.695 seconds 
[ Info: time: 3095 days, iteration: 222840, Δt: 20 minutes,max|u|: (1.56e+00, 1.55e+00, 7.06e-03) m s⁻¹, extrema(T): (30.98, -1.94) ᵒC, extrema(S): (39.74, 15.77) g/kg, extrema(η): (4.42, -2.21) m, wall time: 11.661 seconds 
[ Info: time: 3096 days, iteration: 222912, Δt: 20 minutes,max|u|: (1.59e+00, 1.70e+00, 7.02e-03) m s⁻¹, extrema(T): (30.97, -1.94) ᵒC, extrema(S): (39.74, 15.87) g/kg, extrema(η): (1.57, -2.12) m, wall time: 11.641 seconds 
[ Info: time: 3097 days, iteration: 222984, Δt: 20 minutes,max|u|: (1.65e+00, 1.56e+00, 7.01e-03) m s⁻¹, extrema(T): (31.06, -1.94) ᵒC, extrema(S): (39.74, 15.42) g/kg, extrema(η): (1.63, -3.46) m, wall time: 11.573 seconds 
[ Info: time: 3098 days, iteration: 223056, Δt: 20 minutes,max|u|: (1.77e+00, 1.46e+00, 6.87e-03) m s⁻¹, extrema(T): (31.10, -1.93) ᵒC, extrema(S): (39.74, 14.97) g/kg, extrema(η): (1.55, -2.85) m, wall time: 16.226 seconds 
[ Info: time: 3099 days, iteration: 223128, Δt: 20 minutes,max|u|: (1.97e+00, 1.70e+00, 6.80e-03) m s⁻¹, extrema(T): (31.24, -1.91) ᵒC, extrema(S): (39.74, 14.46) g/kg, extrema(η): (1.61, -2.05) m, wall time: 11.592 seconds 
[ Info: time: 3100 days, iteration: 223200, Δt: 20 minutes,max|u|: (1.78e+00, 1.49e+00, 6.78e-03) m s⁻¹, extrema(T): (31.19, -1.91) ᵒC, extrema(S): (39.75, 14.23) g/kg, extrema(η): (4.33, -2.08) m, wall time: 11.615 seconds 
[ Info: time: 3101 days, iteration: 223272, Δt: 20 minutes,max|u|: (1.60e+00, 1.54e+00, 6.80e-03) m s⁻¹, extrema(T): (31.21, -1.91) ᵒC, extrema(S): (39.75, 13.87) g/kg, extrema(η): (2.22, -2.21) m, wall time: 11.622 seconds 
[ Info: time: 3102 days, iteration: 223344, Δt: 20 minutes,max|u|: (1.61e+00, 1.48e+00, 6.73e-03) m s⁻¹, extrema(T): (31.22, -1.91) ᵒC, extrema(S): (39.76, 13.69) g/kg, extrema(η): (1.60, -2.45) m, wall time: 11.671 seconds 
[ Info: time: 3103 days, iteration: 223416, Δt: 20 minutes,max|u|: (1.53e+00, 1.48e+00, 6.71e-03) m s⁻¹, extrema(T): (31.27, -1.91) ᵒC, extrema(S): (39.76, 13.79) g/kg, extrema(η): (1.62, -3.63) m, wall time: 11.626 seconds 
[ Info: time: 3104 days, iteration: 223488, Δt: 20 minutes,max|u|: (1.70e+00, 1.77e+00, 6.72e-03) m s⁻¹, extrema(T): (31.14, -1.91) ᵒC, extrema(S): (39.76, 13.85) g/kg, extrema(η): (2.21, -2.26) m, wall time: 11.564 seconds 
[ Info: time: 3105 days, iteration: 223560, Δt: 20 minutes,max|u|: (1.92e+00, 1.48e+00, 6.80e-03) m s⁻¹, extrema(T): (31.08, -1.91) ᵒC, extrema(S): (39.77, 15.97) g/kg, extrema(η): (4.21, -2.32) m, wall time: 11.615 seconds 
[ Info: time: 3106 days, iteration: 223632, Δt: 20 minutes,max|u|: (1.71e+00, 1.46e+00, 6.84e-03) m s⁻¹, extrema(T): (31.09, -1.92) ᵒC, extrema(S): (39.76, 15.26) g/kg, extrema(η): (3.18, -2.24) m, wall time: 11.654 seconds 
[ Info: time: 3107 days, iteration: 223704, Δt: 20 minutes,max|u|: (2.24e+00, 1.63e+00, 6.86e-03) m s⁻¹, extrema(T): (31.09, -1.92) ᵒC, extrema(S): (39.77, 14.64) g/kg, extrema(η): (3.43, -2.09) m, wall time: 11.626 seconds 
[ Info: time: 3108 days, iteration: 223776, Δt: 20 minutes,max|u|: (2.20e+00, 1.43e+00, 6.88e-03) m s⁻¹, extrema(T): (31.09, -1.92) ᵒC, extrema(S): (39.77, 14.17) g/kg, extrema(η): (3.53, -3.63) m, wall time: 11.564 seconds 
[ Info: time: 3109 days, iteration: 223848, Δt: 20 minutes,max|u|: (1.89e+00, 1.71e+00, 6.88e-03) m s⁻¹, extrema(T): (31.28, -1.93) ᵒC, extrema(S): (39.77, 14.96) g/kg, extrema(η): (3.51, -2.11) m, wall time: 11.682 seconds 
[ Info: time: 3110 days, iteration: 223920, Δt: 20 minutes,max|u|: (2.15e+00, 1.43e+00, 6.94e-03) m s⁻¹, extrema(T): (31.20, -1.93) ᵒC, extrema(S): (39.77, 14.59) g/kg, extrema(η): (3.82, -2.21) m, wall time: 16.280 seconds 
[ Info: time: 3111 days, iteration: 223992, Δt: 20 minutes,max|u|: (2.68e+00, 1.43e+00, 7.01e-03) m s⁻¹, extrema(T): (31.11, -1.94) ᵒC, extrema(S): (39.78, 14.23) g/kg, extrema(η): (4.28, -2.14) m, wall time: 11.674 seconds 
[ Info: time: 3112 days, iteration: 224064, Δt: 20 minutes,max|u|: (2.17e+00, 1.67e+00, 7.15e-03) m s⁻¹, extrema(T): (31.31, -1.94) ᵒC, extrema(S): (39.78, 15.51) g/kg, extrema(η): (2.63, -2.12) m, wall time: 12.622 seconds 
[ Info: time: 3113 days, iteration: 224136, Δt: 20 minutes,max|u|: (2.19e+00, 1.64e+00, 7.16e-03) m s⁻¹, extrema(T): (31.66, -1.94) ᵒC, extrema(S): (39.79, 15.32) g/kg, extrema(η): (2.17, -3.56) m, wall time: 11.619 seconds 
[ Info: time: 3114 days, iteration: 224208, Δt: 20 minutes,max|u|: (2.36e+00, 1.51e+00, 7.20e-03) m s⁻¹, extrema(T): (31.59, -1.95) ᵒC, extrema(S): (39.78, 14.75) g/kg, extrema(η): (1.72, -2.12) m, wall time: 11.627 seconds 
[ Info: time: 3115 days, iteration: 224280, Δt: 20 minutes,max|u|: (2.73e+00, 1.58e+00, 7.12e-03) m s⁻¹, extrema(T): (31.66, -1.95) ᵒC, extrema(S): (39.78, 14.24) g/kg, extrema(η): (2.69, -2.05) m, wall time: 11.706 seconds 
[ Info: time: 3116 days, iteration: 224352, Δt: 20 minutes,max|u|: (1.87e+00, 1.44e+00, 7.07e-03) m s⁻¹, extrema(T): (31.62, -1.95) ᵒC, extrema(S): (39.78, 15.38) g/kg, extrema(η): (4.47, -2.19) m, wall time: 11.683 seconds 
[ Info: time: 3117 days, iteration: 224424, Δt: 20 minutes,max|u|: (1.84e+00, 1.65e+00, 7.07e-03) m s⁻¹, extrema(T): (31.52, -1.95) ᵒC, extrema(S): (39.79, 15.28) g/kg, extrema(η): (1.34, -2.13) m, wall time: 11.666 seconds 
[ Info: time: 3118 days, iteration: 224496, Δt: 20 minutes,max|u|: (1.81e+00, 1.45e+00, 7.08e-03) m s⁻¹, extrema(T): (31.61, -1.95) ᵒC, extrema(S): (39.79, 15.51) g/kg, extrema(η): (1.45, -3.20) m, wall time: 11.632 seconds 
[ Info: time: 3119 days, iteration: 224568, Δt: 20 minutes,max|u|: (1.80e+00, 1.46e+00, 7.09e-03) m s⁻¹, extrema(T): (31.71, -1.95) ᵒC, extrema(S): (39.79, 14.60) g/kg, extrema(η): (1.42, -3.02) m, wall time: 11.694 seconds 
[ Info: time: 3120 days, iteration: 224640, Δt: 20 minutes,max|u|: (2.29e+00, 1.72e+00, 7.05e-03) m s⁻¹, extrema(T): (31.70, -1.95) ᵒC, extrema(S): (39.80, 15.90) g/kg, extrema(η): (1.46, -2.18) m, wall time: 11.664 seconds 
[ Info: time: 3121 days, iteration: 224712, Δt: 20 minutes,max|u|: (1.63e+00, 1.47e+00, 6.99e-03) m s⁻¹, extrema(T): (31.69, -1.93) ᵒC, extrema(S): (39.80, 16.53) g/kg, extrema(η): (4.35, -2.13) m, wall time: 11.647 seconds 
[ Info: time: 3122 days, iteration: 224784, Δt: 20 minutes,max|u|: (1.64e+00, 1.53e+00, 6.90e-03) m s⁻¹, extrema(T): (31.78, -1.93) ᵒC, extrema(S): (39.80, 15.57) g/kg, extrema(η): (2.17, -2.09) m, wall time: 11.612 seconds 
[ Info: time: 3123 days, iteration: 224856, Δt: 20 minutes,max|u|: (1.89e+00, 1.46e+00, 6.82e-03) m s⁻¹, extrema(T): (32.10, -1.93) ᵒC, extrema(S): (39.81, 16.33) g/kg, extrema(η): (1.49, -2.64) m, wall time: 16.204 seconds 
[ Info: time: 3124 days, iteration: 224928, Δt: 20 minutes,max|u|: (2.07e+00, 1.45e+00, 6.79e-03) m s⁻¹, extrema(T): (32.24, -1.94) ᵒC, extrema(S): (39.81, 16.67) g/kg, extrema(η): (1.61, -3.73) m, wall time: 11.601 seconds 
[ Info: time: 3125 days, iteration: 225000, Δt: 20 minutes,max|u|: (1.85e+00, 1.71e+00, 6.78e-03) m s⁻¹, extrema(T): (32.21, -1.94) ᵒC, extrema(S): (39.81, 15.68) g/kg, extrema(η): (1.60, -2.07) m, wall time: 11.607 seconds 
[ Info: time: 3126 days, iteration: 225072, Δt: 20 minutes,max|u|: (1.96e+00, 1.44e+00, 6.73e-03) m s⁻¹, extrema(T): (32.20, -1.94) ᵒC, extrema(S): (39.81, 15.22) g/kg, extrema(η): (4.02, -2.08) m, wall time: 11.635 seconds 
[ Info: time: 3127 days, iteration: 225144, Δt: 20 minutes,max|u|: (1.91e+00, 1.44e+00, 6.72e-03) m s⁻¹, extrema(T): (32.31, -1.93) ᵒC, extrema(S): (39.81, 14.77) g/kg, extrema(η): (3.24, -2.15) m, wall time: 11.656 seconds 
[ Info: time: 3128 days, iteration: 225216, Δt: 20 minutes,max|u|: (1.68e+00, 1.64e+00, 6.72e-03) m s⁻¹, extrema(T): (32.18, -1.93) ᵒC, extrema(S): (39.81, 14.74) g/kg, extrema(η): (1.81, -2.24) m, wall time: 11.644 seconds 
[ Info: time: 3129 days, iteration: 225288, Δt: 20 minutes,max|u|: (2.00e+00, 1.46e+00, 6.71e-03) m s⁻¹, extrema(T): (32.31, -1.93) ᵒC, extrema(S): (39.83, 14.41) g/kg, extrema(η): (2.34, -3.84) m, wall time: 11.592 seconds 
[ Info: time: 3130 days, iteration: 225360, Δt: 20 minutes,max|u|: (2.24e+00, 1.63e+00, 6.65e-03) m s⁻¹, extrema(T): (32.27, -1.93) ᵒC, extrema(S): (39.83, 13.95) g/kg, extrema(η): (2.88, -2.29) m, wall time: 11.610 seconds 
[ Info: time: 3131 days, iteration: 225432, Δt: 20 minutes,max|u|: (1.93e+00, 1.48e+00, 6.68e-03) m s⁻¹, extrema(T): (32.13, -1.93) ᵒC, extrema(S): (39.83, 13.55) g/kg, extrema(η): (3.40, -2.06) m, wall time: 11.731 seconds 
[ Info: time: 3132 days, iteration: 225504, Δt: 20 minutes,max|u|: (1.65e+00, 1.41e+00, 6.70e-03) m s⁻¹, extrema(T): (32.17, -1.94) ᵒC, extrema(S): (39.82, 13.23) g/kg, extrema(η): (4.03, -2.08) m, wall time: 11.649 seconds 
[ Info: time: 3133 days, iteration: 225576, Δt: 20 minutes,max|u|: (1.61e+00, 1.66e+00, 6.74e-03) m s⁻¹, extrema(T): (32.17, -1.94) ᵒC, extrema(S): (39.82, 13.41) g/kg, extrema(η): (3.44, -2.03) m, wall time: 11.599 seconds 
[ Info: time: 3134 days, iteration: 225648, Δt: 20 minutes,max|u|: (1.67e+00, 1.46e+00, 6.80e-03) m s⁻¹, extrema(T): (32.08, -1.94) ᵒC, extrema(S): (39.83, 13.73) g/kg, extrema(η): (3.33, -3.47) m, wall time: 11.668 seconds 
[ Info: time: 3135 days, iteration: 225720, Δt: 20 minutes,max|u|: (1.62e+00, 1.53e+00, 6.81e-03) m s⁻¹, extrema(T): (32.07, -1.94) ᵒC, extrema(S): (39.83, 13.73) g/kg, extrema(η): (3.19, -2.10) m, wall time: 16.273 seconds 
[ Info: time: 3136 days, iteration: 225792, Δt: 20 minutes,max|u|: (1.59e+00, 1.70e+00, 6.86e-03) m s⁻¹, extrema(T): (32.03, -1.94) ᵒC, extrema(S): (39.84, 13.89) g/kg, extrema(η): (3.03, -2.10) m, wall time: 11.584 seconds 
[ Info: time: 3137 days, iteration: 225864, Δt: 20 minutes,max|u|: (1.65e+00, 1.60e+00, 6.83e-03) m s⁻¹, extrema(T): (31.96, -1.94) ᵒC, extrema(S): (39.83, 14.29) g/kg, extrema(η): (4.60, -2.19) m, wall time: 11.645 seconds 
[ Info: time: 3138 days, iteration: 225936, Δt: 20 minutes,max|u|: (1.50e+00, 1.62e+00, 6.88e-03) m s⁻¹, extrema(T): (31.81, -1.94) ᵒC, extrema(S): (39.85, 14.71) g/kg, extrema(η): (2.24, -2.15) m, wall time: 11.646 seconds 
[ Info: time: 3139 days, iteration: 226008, Δt: 20 minutes,max|u|: (1.70e+00, 1.62e+00, 6.92e-03) m s⁻¹, extrema(T): (31.73, -1.94) ᵒC, extrema(S): (39.84, 14.38) g/kg, extrema(η): (1.82, -2.60) m, wall time: 11.609 seconds 
[ Info: time: 3140 days, iteration: 226080, Δt: 20 minutes,max|u|: (1.77e+00, 1.61e+00, 6.95e-03) m s⁻¹, extrema(T): (31.78, -1.95) ᵒC, extrema(S): (39.85, 13.80) g/kg, extrema(η): (1.45, -3.16) m, wall time: 11.570 seconds 
[ Info: time: 3141 days, iteration: 226152, Δt: 20 minutes,max|u|: (1.83e+00, 1.76e+00, 6.92e-03) m s⁻¹, extrema(T): (31.81, -1.95) ᵒC, extrema(S): (39.86, 13.81) g/kg, extrema(η): (1.35, -2.23) m, wall time: 11.644 seconds 
[ Info: time: 3142 days, iteration: 226224, Δt: 20 minutes,max|u|: (1.78e+00, 1.52e+00, 6.84e-03) m s⁻¹, extrema(T): (31.59, -1.95) ᵒC, extrema(S): (39.86, 14.52) g/kg, extrema(η): (4.35, -2.15) m, wall time: 11.706 seconds 
[ Info: time: 3143 days, iteration: 226296, Δt: 20 minutes,max|u|: (1.88e+00, 1.52e+00, 6.80e-03) m s⁻¹, extrema(T): (31.52, -1.95) ᵒC, extrema(S): (39.86, 14.14) g/kg, extrema(η): (3.19, -1.96) m, wall time: 12.750 seconds 
[ Info: time: 3144 days, iteration: 226368, Δt: 20 minutes,max|u|: (2.00e+00, 1.60e+00, 6.77e-03) m s⁻¹, extrema(T): (31.55, -1.95) ᵒC, extrema(S): (39.85, 15.29) g/kg, extrema(η): (1.45, -1.92) m, wall time: 11.599 seconds 
[ Info: time: 3145 days, iteration: 226440, Δt: 20 minutes,max|u|: (2.02e+00, 1.50e+00, 6.82e-03) m s⁻¹, extrema(T): (31.61, -1.95) ᵒC, extrema(S): (39.86, 15.14) g/kg, extrema(η): (1.59, -3.91) m, wall time: 11.618 seconds 
[ Info: time: 3146 days, iteration: 226512, Δt: 20 minutes,max|u|: (1.74e+00, 1.86e+00, 6.86e-03) m s⁻¹, extrema(T): (31.60, -1.95) ᵒC, extrema(S): (39.86, 14.74) g/kg, extrema(η): (1.55, -2.09) m, wall time: 11.619 seconds 
[ Info: time: 3147 days, iteration: 226584, Δt: 20 minutes,max|u|: (2.07e+00, 1.45e+00, 6.94e-03) m s⁻¹, extrema(T): (31.49, -1.95) ᵒC, extrema(S): (39.85, 14.64) g/kg, extrema(η): (3.70, -2.11) m, wall time: 11.578 seconds 
[ Info: time: 3148 days, iteration: 226656, Δt: 20 minutes,max|u|: (1.90e+00, 1.44e+00, 6.95e-03) m s⁻¹, extrema(T): (31.44, -1.95) ᵒC, extrema(S): (39.85, 14.85) g/kg, extrema(η): (3.93, -2.08) m, wall time: 16.272 seconds 
[ Info: time: 3149 days, iteration: 226728, Δt: 20 minutes,max|u|: (2.52e+00, 1.62e+00, 7.01e-03) m s⁻¹, extrema(T): (31.43, -1.95) ᵒC, extrema(S): (39.86, 14.96) g/kg, extrema(η): (1.67, -2.20) m, wall time: 11.689 seconds 
[ Info: time: 3150 days, iteration: 226800, Δt: 20 minutes,max|u|: (2.38e+00, 1.59e+00, 7.05e-03) m s⁻¹, extrema(T): (31.46, -1.95) ᵒC, extrema(S): (39.86, 14.46) g/kg, extrema(η): (1.58, -3.64) m, wall time: 15.483 seconds 
[ Info: time: 3151 days, iteration: 226872, Δt: 20 minutes,max|u|: (2.40e+00, 1.62e+00, 6.98e-03) m s⁻¹, extrema(T): (31.50, -1.94) ᵒC, extrema(S): (39.86, 14.95) g/kg, extrema(η): (1.54, -2.07) m, wall time: 11.600 seconds 
[ Info: time: 3152 days, iteration: 226944, Δt: 20 minutes,max|u|: (2.16e+00, 1.57e+00, 6.97e-03) m s⁻¹, extrema(T): (31.50, -1.94) ᵒC, extrema(S): (39.86, 15.33) g/kg, extrema(η): (2.71, -2.11) m, wall time: 11.609 seconds 
[ Info: time: 3153 days, iteration: 227016, Δt: 20 minutes,max|u|: (2.42e+00, 1.40e+00, 6.99e-03) m s⁻¹, extrema(T): (31.39, -1.94) ᵒC, extrema(S): (39.86, 15.63) g/kg, extrema(η): (4.33, -1.99) m, wall time: 11.688 seconds 
[ Info: time: 3154 days, iteration: 227088, Δt: 20 minutes,max|u|: (2.23e+00, 1.70e+00, 7.02e-03) m s⁻¹, extrema(T): (31.32, -1.94) ᵒC, extrema(S): (39.86, 14.79) g/kg, extrema(η): (2.53, -2.17) m, wall time: 11.602 seconds 
[ Info: time: 3155 days, iteration: 227160, Δt: 20 minutes,max|u|: (2.27e+00, 1.42e+00, 7.10e-03) m s⁻¹, extrema(T): (31.35, -1.95) ᵒC, extrema(S): (39.86, 14.31) g/kg, extrema(η): (2.92, -3.42) m, wall time: 11.576 seconds 
[ Info: time: 3156 days, iteration: 227232, Δt: 20 minutes,max|u|: (2.72e+00, 1.43e+00, 7.03e-03) m s⁻¹, extrema(T): (31.37, -1.95) ᵒC, extrema(S): (39.86, 13.93) g/kg, extrema(η): (3.31, -3.08) m, wall time: 11.664 seconds 
[ Info: time: 3157 days, iteration: 227304, Δt: 20 minutes,max|u|: (2.24e+00, 1.80e+00, 7.01e-03) m s⁻¹, extrema(T): (31.38, -1.95) ᵒC, extrema(S): (39.87, 13.55) g/kg, extrema(η): (3.54, -2.07) m, wall time: 11.680 seconds 
[ Info: time: 3158 days, iteration: 227376, Δt: 20 minutes,max|u|: (2.28e+00, 1.43e+00, 7.05e-03) m s⁻¹, extrema(T): (31.41, -1.95) ᵒC, extrema(S): (39.87, 14.80) g/kg, extrema(η): (4.58, -2.01) m, wall time: 11.649 seconds 
[ Info: time: 3159 days, iteration: 227448, Δt: 20 minutes,max|u|: (2.47e+00, 1.56e+00, 7.02e-03) m s⁻¹, extrema(T): (31.42, -1.95) ᵒC, extrema(S): (39.87, 14.87) g/kg, extrema(η): (3.46, -2.05) m, wall time: 11.653 seconds 
[ Info: time: 3160 days, iteration: 227520, Δt: 20 minutes,max|u|: (2.43e+00, 1.90e+00, 7.03e-03) m s⁻¹, extrema(T): (31.41, -1.95) ᵒC, extrema(S): (39.87, 15.00) g/kg, extrema(η): (3.23, -2.34) m, wall time: 16.255 seconds 
[ Info: time: 3161 days, iteration: 227592, Δt: 20 minutes,max|u|: (2.25e+00, 1.42e+00, 7.01e-03) m s⁻¹, extrema(T): (31.37, -1.95) ᵒC, extrema(S): (39.87, 15.39) g/kg, extrema(η): (2.93, -3.59) m, wall time: 11.622 seconds 
[ Info: time: 3162 days, iteration: 227664, Δt: 20 minutes,max|u|: (2.04e+00, 2.58e+00, 7.01e-03) m s⁻¹, extrema(T): (31.37, -1.95) ᵒC, extrema(S): (39.87, 14.73) g/kg, extrema(η): (2.70, -1.95) m, wall time: 11.689 seconds 
[ Info: time: 3163 days, iteration: 227736, Δt: 20 minutes,max|u|: (2.14e+00, 1.76e+00, 6.95e-03) m s⁻¹, extrema(T): (31.38, -1.95) ᵒC, extrema(S): (39.87, 14.15) g/kg, extrema(η): (4.28, -1.95) m, wall time: 11.711 seconds 
[ Info: time: 3164 days, iteration: 227808, Δt: 20 minutes,max|u|: (2.35e+00, 1.77e+00, 6.98e-03) m s⁻¹, extrema(T): (31.41, -1.95) ᵒC, extrema(S): (39.87, 13.82) g/kg, extrema(η): (3.42, -2.05) m, wall time: 11.706 seconds 
[ Info: time: 3165 days, iteration: 227880, Δt: 20 minutes,max|u|: (2.44e+00, 1.61e+00, 7.00e-03) m s⁻¹, extrema(T): (31.43, -1.95) ᵒC, extrema(S): (39.87, 14.27) g/kg, extrema(η): (1.60, -2.11) m, wall time: 11.626 seconds 
[ Info: time: 3166 days, iteration: 227952, Δt: 20 minutes,max|u|: (2.49e+00, 1.40e+00, 6.98e-03) m s⁻¹, extrema(T): (31.44, -1.95) ᵒC, extrema(S): (39.88, 15.10) g/kg, extrema(η): (1.36, -3.70) m, wall time: 11.650 seconds 
[ Info: time: 3167 days, iteration: 228024, Δt: 20 minutes,max|u|: (2.34e+00, 1.74e+00, 7.00e-03) m s⁻¹, extrema(T): (31.44, -1.95) ᵒC, extrema(S): (39.88, 14.48) g/kg, extrema(η): (1.34, -2.24) m, wall time: 11.662 seconds 
[ Info: time: 3168 days, iteration: 228096, Δt: 20 minutes,max|u|: (2.36e+00, 1.41e+00, 6.97e-03) m s⁻¹, extrema(T): (31.42, -1.95) ᵒC, extrema(S): (39.88, 14.12) g/kg, extrema(η): (3.53, -2.41) m, wall time: 11.629 seconds 
[ Info: time: 3169 days, iteration: 228168, Δt: 20 minutes,max|u|: (2.34e+00, 1.97e+00, 6.99e-03) m s⁻¹, extrema(T): (31.41, -1.95) ᵒC, extrema(S): (39.88, 13.86) g/kg, extrema(η): (3.87, -2.27) m, wall time: 11.623 seconds 
[ Info: time: 3170 days, iteration: 228240, Δt: 20 minutes,max|u|: (2.09e+00, 1.69e+00, 6.98e-03) m s⁻¹, extrema(T): (31.40, -1.95) ᵒC, extrema(S): (39.88, 13.67) g/kg, extrema(η): (1.35, -2.33) m, wall time: 11.586 seconds 
[ Info: time: 3171 days, iteration: 228312, Δt: 20 minutes,max|u|: (2.09e+00, 1.77e+00, 6.91e-03) m s⁻¹, extrema(T): (31.38, -1.95) ᵒC, extrema(S): (39.87, 14.71) g/kg, extrema(η): (1.30, -3.97) m, wall time: 11.617 seconds 
[ Info: time: 3172 days, iteration: 228384, Δt: 20 minutes,max|u|: (2.23e+00, 1.53e+00, 6.92e-03) m s⁻¹, extrema(T): (31.36, -1.95) ᵒC, extrema(S): (39.88, 15.47) g/kg, extrema(η): (1.28, -2.18) m, wall time: 16.311 seconds 
[ Info: time: 3173 days, iteration: 228456, Δt: 20 minutes,max|u|: (2.51e+00, 1.53e+00, 6.86e-03) m s⁻¹, extrema(T): (31.35, -1.95) ᵒC, extrema(S): (39.88, 15.06) g/kg, extrema(η): (2.58, -2.09) m, wall time: 11.737 seconds 
[ Info: time: 3174 days, iteration: 228528, Δt: 20 minutes,max|u|: (2.57e+00, 1.49e+00, 6.87e-03) m s⁻¹, extrema(T): (31.35, -1.95) ᵒC, extrema(S): (39.88, 14.60) g/kg, extrema(η): (4.21, -2.17) m, wall time: 12.847 seconds 
[ Info: time: 3175 days, iteration: 228600, Δt: 20 minutes,max|u|: (2.53e+00, 1.62e+00, 6.81e-03) m s⁻¹, extrema(T): (31.35, -1.95) ᵒC, extrema(S): (39.88, 15.35) g/kg, extrema(η): (1.30, -2.21) m, wall time: 11.636 seconds 
[ Info: time: 3176 days, iteration: 228672, Δt: 20 minutes,max|u|: (2.36e+00, 1.54e+00, 6.79e-03) m s⁻¹, extrema(T): (31.33, -1.95) ᵒC, extrema(S): (39.89, 15.04) g/kg, extrema(η): (1.28, -3.05) m, wall time: 11.641 seconds 
[ Info: time: 3177 days, iteration: 228744, Δt: 20 minutes,max|u|: (2.06e+00, 1.45e+00, 6.84e-03) m s⁻¹, extrema(T): (31.26, -1.95) ᵒC, extrema(S): (39.90, 14.44) g/kg, extrema(η): (1.50, -2.67) m, wall time: 11.657 seconds 
[ Info: time: 3178 days, iteration: 228816, Δt: 20 minutes,max|u|: (2.05e+00, 1.68e+00, 6.81e-03) m s⁻¹, extrema(T): (31.21, -1.95) ᵒC, extrema(S): (39.89, 14.33) g/kg, extrema(η): (2.10, -2.08) m, wall time: 11.689 seconds 
[ Info: time: 3179 days, iteration: 228888, Δt: 20 minutes,max|u|: (2.46e+00, 1.47e+00, 6.79e-03) m s⁻¹, extrema(T): (31.17, -1.95) ᵒC, extrema(S): (39.88, 13.73) g/kg, extrema(η): (4.27, -2.17) m, wall time: 11.676 seconds 
[ Info: time: 3180 days, iteration: 228960, Δt: 20 minutes,max|u|: (2.42e+00, 1.52e+00, 6.78e-03) m s⁻¹, extrema(T): (31.15, -1.95) ᵒC, extrema(S): (39.89, 13.21) g/kg, extrema(η): (3.05, -2.06) m, wall time: 11.676 seconds 
[ Info: time: 3181 days, iteration: 229032, Δt: 20 minutes,max|u|: (2.68e+00, 1.45e+00, 6.77e-03) m s⁻¹, extrema(T): (31.14, -1.96) ᵒC, extrema(S): (39.89, 14.02) g/kg, extrema(η): (3.35, -2.13) m, wall time: 11.786 seconds 
[ Info: time: 3182 days, iteration: 229104, Δt: 20 minutes,max|u|: (2.64e+00, 1.74e+00, 6.71e-03) m s⁻¹, extrema(T): (31.11, -1.96) ᵒC, extrema(S): (39.89, 15.29) g/kg, extrema(η): (3.60, -3.02) m, wall time: 11.698 seconds 
[ Info: time: 3183 days, iteration: 229176, Δt: 20 minutes,max|u|: (2.40e+00, 1.68e+00, 6.69e-03) m s⁻¹, extrema(T): (31.10, -1.96) ᵒC, extrema(S): (39.88, 15.45) g/kg, extrema(η): (3.70, -2.39) m, wall time: 11.648 seconds 
[ Info: time: 3184 days, iteration: 229248, Δt: 20 minutes,max|u|: (2.27e+00, 1.47e+00, 6.63e-03) m s⁻¹, extrema(T): (31.06, -1.96) ᵒC, extrema(S): (39.88, 14.83) g/kg, extrema(η): (3.56, -2.34) m, wall time: 11.662 seconds 
[ Info: time: 3185 days, iteration: 229320, Δt: 20 minutes,max|u|: (2.41e+00, 1.55e+00, 6.69e-03) m s⁻¹, extrema(T): (31.04, -1.96) ᵒC, extrema(S): (39.89, 14.26) g/kg, extrema(η): (4.28, -2.23) m, wall time: 16.367 seconds 
[ Info: time: 3186 days, iteration: 229392, Δt: 20 minutes,max|u|: (2.52e+00, 1.65e+00, 6.78e-03) m s⁻¹, extrema(T): (31.03, -1.96) ᵒC, extrema(S): (39.89, 13.84) g/kg, extrema(η): (2.96, -2.09) m, wall time: 11.594 seconds 
[ Info: time: 3187 days, iteration: 229464, Δt: 20 minutes,max|u|: (2.43e+00, 1.59e+00, 6.82e-03) m s⁻¹, extrema(T): (31.07, -1.96) ᵒC, extrema(S): (39.89, 13.58) g/kg, extrema(η): (2.57, -3.36) m, wall time: 11.661 seconds 
[ Info: time: 3188 days, iteration: 229536, Δt: 20 minutes,max|u|: (2.30e+00, 1.58e+00, 6.79e-03) m s⁻¹, extrema(T): (31.06, -1.96) ᵒC, extrema(S): (39.89, 13.57) g/kg, extrema(η): (2.28, -2.37) m, wall time: 11.742 seconds 
[ Info: time: 3189 days, iteration: 229608, Δt: 20 minutes,max|u|: (2.20e+00, 1.56e+00, 6.77e-03) m s⁻¹, extrema(T): (31.07, -1.93) ᵒC, extrema(S): (39.89, 13.61) g/kg, extrema(η): (2.91, -2.36) m, wall time: 11.776 seconds 
[ Info: time: 3190 days, iteration: 229680, Δt: 20 minutes,max|u|: (2.12e+00, 1.46e+00, 6.73e-03) m s⁻¹, extrema(T): (31.02, -1.92) ᵒC, extrema(S): (39.90, 14.16) g/kg, extrema(η): (4.50, -2.16) m, wall time: 11.636 seconds 
[ Info: time: 3191 days, iteration: 229752, Δt: 20 minutes,max|u|: (2.30e+00, 1.64e+00, 6.75e-03) m s⁻¹, extrema(T): (31.01, -1.90) ᵒC, extrema(S): (39.90, 14.46) g/kg, extrema(η): (1.71, -2.13) m, wall time: 11.687 seconds 
[ Info: time: 3192 days, iteration: 229824, Δt: 20 minutes,max|u|: (2.38e+00, 1.48e+00, 6.77e-03) m s⁻¹, extrema(T): (31.04, -1.90) ᵒC, extrema(S): (39.90, 14.84) g/kg, extrema(η): (1.35, -2.64) m, wall time: 11.716 seconds 
[ Info: time: 3193 days, iteration: 229896, Δt: 20 minutes,max|u|: (2.27e+00, 1.48e+00, 6.81e-03) m s⁻¹, extrema(T): (31.04, -1.89) ᵒC, extrema(S): (39.90, 14.68) g/kg, extrema(η): (1.32, -2.85) m, wall time: 11.624 seconds 
[ Info: time: 3194 days, iteration: 229968, Δt: 20 minutes,max|u|: (2.11e+00, 1.76e+00, 6.76e-03) m s⁻¹, extrema(T): (31.00, -1.89) ᵒC, extrema(S): (39.90, 14.43) g/kg, extrema(η): (1.45, -2.31) m, wall time: 11.632 seconds 
[ Info: time: 3195 days, iteration: 230040, Δt: 20 minutes,max|u|: (2.12e+00, 1.50e+00, 6.78e-03) m s⁻¹, extrema(T): (30.94, -1.89) ᵒC, extrema(S): (39.90, 14.65) g/kg, extrema(η): (4.56, -2.29) m, wall time: 11.645 seconds 
[ Info: time: 3196 days, iteration: 230112, Δt: 20 minutes,max|u|: (1.87e+00, 2.18e+00, 6.82e-03) m s⁻¹, extrema(T): (30.93, -1.90) ᵒC, extrema(S): (39.90, 15.01) g/kg, extrema(η): (2.55, -2.25) m, wall time: 11.763 seconds 
[ Info: time: 3197 days, iteration: 230184, Δt: 20 minutes,max|u|: (1.82e+00, 2.26e+00, 6.81e-03) m s⁻¹, extrema(T): (30.94, -1.92) ᵒC, extrema(S): (39.90, 15.63) g/kg, extrema(η): (2.14, -2.33) m, wall time: 16.469 seconds 
[ Info: time: 3198 days, iteration: 230256, Δt: 20 minutes,max|u|: (1.85e+00, 1.69e+00, 6.78e-03) m s⁻¹, extrema(T): (30.95, -1.93) ᵒC, extrema(S): (39.91, 17.21) g/kg, extrema(η): (1.90, -3.56) m, wall time: 11.681 seconds 
[ Info: time: 3199 days, iteration: 230328, Δt: 20 minutes,max|u|: (1.91e+00, 1.70e+00, 6.75e-03) m s⁻¹, extrema(T): (30.96, -1.92) ᵒC, extrema(S): (39.91, 17.71) g/kg, extrema(η): (1.57, -2.26) m, wall time: 11.609 seconds 
[ Info: time: 3200 days, iteration: 230400, Δt: 20 minutes,max|u|: (1.58e+00, 1.49e+00, 6.74e-03) m s⁻¹, extrema(T): (31.00, -1.93) ᵒC, extrema(S): (39.91, 17.93) g/kg, extrema(η): (4.35, -2.19) m, wall time: 11.675 seconds 
[ Info: time: 3201 days, iteration: 230472, Δt: 20 minutes,max|u|: (1.58e+00, 1.48e+00, 6.73e-03) m s⁻¹, extrema(T): (31.03, -1.93) ᵒC, extrema(S): (39.91, 17.75) g/kg, extrema(η): (3.71, -2.24) m, wall time: 11.602 seconds 
[ Info: time: 3202 days, iteration: 230544, Δt: 20 minutes,max|u|: (1.54e+00, 2.14e+00, 6.66e-03) m s⁻¹, extrema(T): (31.00, -1.93) ᵒC, extrema(S): (39.91, 17.63) g/kg, extrema(η): (1.53, -2.08) m, wall time: 11.655 seconds 
[ Info: time: 3203 days, iteration: 230616, Δt: 20 minutes,max|u|: (1.62e+00, 1.51e+00, 6.61e-03) m s⁻¹, extrema(T): (31.07, -1.93) ᵒC, extrema(S): (39.91, 17.70) g/kg, extrema(η): (2.07, -3.74) m, wall time: 11.668 seconds 
[ Info: time: 3204 days, iteration: 230688, Δt: 20 minutes,max|u|: (1.58e+00, 1.54e+00, 6.61e-03) m s⁻¹, extrema(T): (31.10, -1.93) ᵒC, extrema(S): (39.92, 17.15) g/kg, extrema(η): (2.60, -2.08) m, wall time: 11.629 seconds 
[ Info: time: 3205 days, iteration: 230760, Δt: 20 minutes,max|u|: (1.82e+00, 1.66e+00, 6.63e-03) m s⁻¹, extrema(T): (31.11, -1.92) ᵒC, extrema(S): (39.92, 15.28) g/kg, extrema(η): (3.37, -2.24) m, wall time: 12.674 seconds 
[ Info: time: 3206 days, iteration: 230832, Δt: 20 minutes,max|u|: (1.65e+00, 1.53e+00, 6.68e-03) m s⁻¹, extrema(T): (31.18, -1.93) ᵒC, extrema(S): (39.92, 15.91) g/kg, extrema(η): (4.29, -2.28) m, wall time: 11.611 seconds 
[ Info: time: 3207 days, iteration: 230904, Δt: 20 minutes,max|u|: (1.67e+00, 1.57e+00, 6.75e-03) m s⁻¹, extrema(T): (31.16, -1.93) ᵒC, extrema(S): (39.92, 17.18) g/kg, extrema(η): (3.30, -2.11) m, wall time: 11.603 seconds 
[ Info: time: 3208 days, iteration: 230976, Δt: 20 minutes,max|u|: (1.62e+00, 1.52e+00, 6.81e-03) m s⁻¹, extrema(T): (31.15, -1.93) ᵒC, extrema(S): (39.94, 17.48) g/kg, extrema(η): (3.31, -3.04) m, wall time: 11.613 seconds 
[ Info: time: 3209 days, iteration: 231048, Δt: 20 minutes,max|u|: (1.55e+00, 1.52e+00, 6.83e-03) m s⁻¹, extrema(T): (31.23, -1.93) ᵒC, extrema(S): (39.95, 17.44) g/kg, extrema(η): (3.23, -2.12) m, wall time: 16.340 seconds 
[ Info: time: 3210 days, iteration: 231120, Δt: 20 minutes,max|u|: (1.59e+00, 2.10e+00, 6.83e-03) m s⁻¹, extrema(T): (31.18, -1.93) ᵒC, extrema(S): (39.97, 17.65) g/kg, extrema(η): (3.02, -2.07) m, wall time: 11.684 seconds 
[ Info: time: 3211 days, iteration: 231192, Δt: 20 minutes,max|u|: (2.47e+00, 1.92e+00, 6.88e-03) m s⁻¹, extrema(T): (31.08, -1.93) ᵒC, extrema(S): (39.98, 17.93) g/kg, extrema(η): (4.49, -2.03) m, wall time: 11.643 seconds 
[ Info: time: 3212 days, iteration: 231264, Δt: 20 minutes,max|u|: (1.96e+00, 1.52e+00, 6.89e-03) m s⁻¹, extrema(T): (31.11, -1.93) ᵒC, extrema(S): (39.97, 18.19) g/kg, extrema(η): (2.38, -2.08) m, wall time: 11.681 seconds 
[ Info: time: 3213 days, iteration: 231336, Δt: 20 minutes,max|u|: (1.56e+00, 1.51e+00, 6.94e-03) m s⁻¹, extrema(T): (31.13, -1.93) ᵒC, extrema(S): (39.97, 18.22) g/kg, extrema(η): (1.90, -2.20) m, wall time: 11.659 seconds 
[ Info: time: 3214 days, iteration: 231408, Δt: 20 minutes,max|u|: (1.57e+00, 1.52e+00, 6.95e-03) m s⁻¹, extrema(T): (31.13, -1.93) ᵒC, extrema(S): (39.96, 18.21) g/kg, extrema(η): (1.54, -2.83) m, wall time: 11.654 seconds 
[ Info: time: 3215 days, iteration: 231480, Δt: 20 minutes,max|u|: (1.63e+00, 1.66e+00, 6.97e-03) m s⁻¹, extrema(T): (31.15, -1.93) ᵒC, extrema(S): (39.95, 17.56) g/kg, extrema(η): (1.32, -2.13) m, wall time: 11.816 seconds 
[ Info: time: 3216 days, iteration: 231552, Δt: 20 minutes,max|u|: (1.59e+00, 2.58e+00, 7.02e-03) m s⁻¹, extrema(T): (31.19, -1.93) ᵒC, extrema(S): (39.95, 17.27) g/kg, extrema(η): (4.54, -2.02) m, wall time: 11.625 seconds 
[ Info: time: 3217 days, iteration: 231624, Δt: 20 minutes,max|u|: (1.73e+00, 1.56e+00, 7.05e-03) m s⁻¹, extrema(T): (31.23, -1.93) ᵒC, extrema(S): (39.94, 18.04) g/kg, extrema(η): (3.80, -1.99) m, wall time: 11.616 seconds 
[ Info: time: 3218 days, iteration: 231696, Δt: 20 minutes,max|u|: (1.59e+00, 1.89e+00, 7.12e-03) m s⁻¹, extrema(T): (31.27, -1.93) ᵒC, extrema(S): (39.93, 17.41) g/kg, extrema(η): (1.31, -2.16) m, wall time: 11.642 seconds 
[ Info: time: 3219 days, iteration: 231768, Δt: 20 minutes,max|u|: (1.88e+00, 2.61e+00, 7.14e-03) m s⁻¹, extrema(T): (31.30, -1.93) ᵒC, extrema(S): (39.93, 17.18) g/kg, extrema(η): (1.35, -3.19) m, wall time: 11.630 seconds 
[ Info: time: 3220 days, iteration: 231840, Δt: 20 minutes,max|u|: (1.90e+00, 1.98e+00, 7.17e-03) m s⁻¹, extrema(T): (31.34, -1.93) ᵒC, extrema(S): (39.93, 18.14) g/kg, extrema(η): (1.30, -2.12) m, wall time: 11.664 seconds 
[ Info: time: 3221 days, iteration: 231912, Δt: 20 minutes,max|u|: (1.63e+00, 1.56e+00, 7.16e-03) m s⁻¹, extrema(T): (31.39, -1.93) ᵒC, extrema(S): (39.93, 18.43) g/kg, extrema(η): (3.42, -2.10) m, wall time: 11.665 seconds 
[ Info: time: 3222 days, iteration: 231984, Δt: 20 minutes,max|u|: (1.61e+00, 1.52e+00, 7.15e-03) m s⁻¹, extrema(T): (31.43, -1.93) ᵒC, extrema(S): (39.93, 18.71) g/kg, extrema(η): (4.09, -2.19) m, wall time: 16.313 seconds 
[ Info: time: 3223 days, iteration: 232056, Δt: 20 minutes,max|u|: (1.57e+00, 1.67e+00, 7.07e-03) m s⁻¹, extrema(T): (31.48, -1.93) ᵒC, extrema(S): (39.93, 18.86) g/kg, extrema(η): (1.26, -2.16) m, wall time: 11.667 seconds 
[ Info: time: 3224 days, iteration: 232128, Δt: 20 minutes,max|u|: (1.75e+00, 1.50e+00, 7.07e-03) m s⁻¹, extrema(T): (31.52, -1.93) ᵒC, extrema(S): (39.94, 18.93) g/kg, extrema(η): (1.55, -3.02) m, wall time: 11.634 seconds 
[ Info: time: 3225 days, iteration: 232200, Δt: 20 minutes,max|u|: (1.71e+00, 1.93e+00, 7.01e-03) m s⁻¹, extrema(T): (31.55, -1.93) ᵒC, extrema(S): (39.94, 18.98) g/kg, extrema(η): (1.35, -2.32) m, wall time: 11.589 seconds 
[ Info: time: 3226 days, iteration: 232272, Δt: 20 minutes,max|u|: (1.52e+00, 1.70e+00, 7.00e-03) m s⁻¹, extrema(T): (31.57, -1.93) ᵒC, extrema(S): (39.94, 19.01) g/kg, extrema(η): (2.00, -2.18) m, wall time: 11.590 seconds 
[ Info: time: 3227 days, iteration: 232344, Δt: 20 minutes,max|u|: (1.52e+00, 1.51e+00, 6.93e-03) m s⁻¹, extrema(T): (31.57, -1.93) ᵒC, extrema(S): (39.94, 17.88) g/kg, extrema(η): (4.27, -2.08) m, wall time: 11.614 seconds 
[ Info: time: 3228 days, iteration: 232416, Δt: 20 minutes,max|u|: (1.55e+00, 1.51e+00, 6.95e-03) m s⁻¹, extrema(T): (31.54, -1.93) ᵒC, extrema(S): (39.94, 17.20) g/kg, extrema(η): (2.39, -2.09) m, wall time: 11.660 seconds 
[ Info: time: 3229 days, iteration: 232488, Δt: 20 minutes,max|u|: (1.55e+00, 1.50e+00, 6.98e-03) m s⁻¹, extrema(T): (31.51, -1.93) ᵒC, extrema(S): (39.94, 17.28) g/kg, extrema(η): (2.83, -2.27) m, wall time: 11.628 seconds 
[ Info: time: 3230 days, iteration: 232560, Δt: 20 minutes,max|u|: (1.56e+00, 1.51e+00, 7.04e-03) m s⁻¹, extrema(T): (31.44, -1.93) ᵒC, extrema(S): (39.94, 18.59) g/kg, extrema(η): (3.24, -3.02) m, wall time: 11.706 seconds 
[ Info: time: 3231 days, iteration: 232632, Δt: 20 minutes,max|u|: (1.55e+00, 1.71e+00, 6.99e-03) m s⁻¹, extrema(T): (31.39, -1.93) ᵒC, extrema(S): (39.94, 19.18) g/kg, extrema(η): (3.31, -2.08) m, wall time: 11.683 seconds 
[ Info: time: 3232 days, iteration: 232704, Δt: 20 minutes,max|u|: (1.57e+00, 2.08e+00, 6.96e-03) m s⁻¹, extrema(T): (31.32, -1.92) ᵒC, extrema(S): (39.94, 19.07) g/kg, extrema(η): (4.18, -2.05) m, wall time: 11.701 seconds 
[ Info: time: 3233 days, iteration: 232776, Δt: 20 minutes,max|u|: (1.79e+00, 1.57e+00, 6.91e-03) m s⁻¹, extrema(T): (31.26, -1.92) ᵒC, extrema(S): (39.94, 18.42) g/kg, extrema(η): (3.18, -2.20) m, wall time: 11.656 seconds 
[ Info: time: 3234 days, iteration: 232848, Δt: 20 minutes,max|u|: (1.72e+00, 1.81e+00, 6.88e-03) m s⁻¹, extrema(T): (31.20, -1.92) ᵒC, extrema(S): (39.95, 18.46) g/kg, extrema(η): (2.96, -2.19) m, wall time: 16.341 seconds 
[ Info: time: 3235 days, iteration: 232920, Δt: 20 minutes,max|u|: (2.26e+00, 3.56e+00, 6.88e-03) m s⁻¹, extrema(T): (31.00, -1.92) ᵒC, extrema(S): (39.95, 19.18) g/kg, extrema(η): (3.01, -2.18) m, wall time: 11.672 seconds 
[ Info: time: 3236 days, iteration: 232992, Δt: 20 minutes,max|u|: (2.00e+00, 2.54e+00, 6.85e-03) m s⁻¹, extrema(T): (30.97, -1.90) ᵒC, extrema(S): (39.94, 19.32) g/kg, extrema(η): (2.19, -2.13) m, wall time: 12.623 seconds 
[ Info: time: 3237 days, iteration: 233064, Δt: 20 minutes,max|u|: (1.69e+00, 1.54e+00, 6.84e-03) m s⁻¹, extrema(T): (30.99, -1.88) ᵒC, extrema(S): (39.94, 19.40) g/kg, extrema(η): (4.33, -2.16) m, wall time: 11.625 seconds 
[ Info: time: 3238 days, iteration: 233136, Δt: 20 minutes,max|u|: (1.73e+00, 1.53e+00, 6.85e-03) m s⁻¹, extrema(T): (31.09, -1.88) ᵒC, extrema(S): (39.94, 19.47) g/kg, extrema(η): (2.29, -2.15) m, wall time: 11.634 seconds 
[ Info: time: 3239 days, iteration: 233208, Δt: 20 minutes,max|u|: (1.62e+00, 1.94e+00, 6.89e-03) m s⁻¹, extrema(T): (31.17, -1.89) ᵒC, extrema(S): (39.94, 19.35) g/kg, extrema(η): (1.33, -2.04) m, wall time: 11.609 seconds 
[ Info: time: 3240 days, iteration: 233280, Δt: 20 minutes,max|u|: (2.36e+00, 1.65e+00, 6.93e-03) m s⁻¹, extrema(T): (31.06, -1.90) ᵒC, extrema(S): (39.94, 19.20) g/kg, extrema(η): (1.31, -2.96) m, wall time: 11.560 seconds 
[ Info: time: 3241 days, iteration: 233352, Δt: 20 minutes,max|u|: (2.62e+00, 1.88e+00, 6.94e-03) m s⁻¹, extrema(T): (31.00, -1.90) ᵒC, extrema(S): (39.95, 19.08) g/kg, extrema(η): (1.29, -2.11) m, wall time: 11.617 seconds 
[ Info: time: 3242 days, iteration: 233424, Δt: 20 minutes,max|u|: (1.70e+00, 1.53e+00, 6.98e-03) m s⁻¹, extrema(T): (31.06, -1.90) ᵒC, extrema(S): (39.95, 18.97) g/kg, extrema(η): (4.08, -2.02) m, wall time: 11.632 seconds 
[ Info: time: 3243 days, iteration: 233496, Δt: 20 minutes,max|u|: (2.91e+00, 2.69e+00, 6.97e-03) m s⁻¹, extrema(T): (31.07, -1.90) ᵒC, extrema(S): (39.95, 18.88) g/kg, extrema(η): (3.25, -2.02) m, wall time: 11.622 seconds 
[ Info: time: 3244 days, iteration: 233568, Δt: 20 minutes,max|u|: (2.15e+00, 1.52e+00, 7.00e-03) m s⁻¹, extrema(T): (31.03, -1.91) ᵒC, extrema(S): (39.95, 18.82) g/kg, extrema(η): (1.48, -2.11) m, wall time: 11.671 seconds 
[ Info: time: 3245 days, iteration: 233640, Δt: 20 minutes,max|u|: (2.03e+00, 1.72e+00, 6.98e-03) m s⁻¹, extrema(T): (31.01, -1.91) ᵒC, extrema(S): (39.95, 18.77) g/kg, extrema(η): (1.42, -3.53) m, wall time: 11.660 seconds 
[ Info: time: 3246 days, iteration: 233712, Δt: 20 minutes,max|u|: (1.80e+00, 2.29e+00, 6.93e-03) m s⁻¹, extrema(T): (31.08, -1.91) ᵒC, extrema(S): (39.95, 18.75) g/kg, extrema(η): (1.39, -2.53) m, wall time: 11.656 seconds 
[ Info: time: 3247 days, iteration: 233784, Δt: 20 minutes,max|u|: (1.97e+00, 1.64e+00, 6.92e-03) m s⁻¹, extrema(T): (31.09, -1.89) ᵒC, extrema(S): (39.95, 18.73) g/kg, extrema(η): (3.85, -2.29) m, wall time: 16.313 seconds 
[ Info: time: 3248 days, iteration: 233856, Δt: 20 minutes,max|u|: (1.82e+00, 1.65e+00, 6.94e-03) m s⁻¹, extrema(T): (31.10, -1.91) ᵒC, extrema(S): (39.95, 18.69) g/kg, extrema(η): (3.16, -2.04) m, wall time: 11.602 seconds 
[ Info: time: 3249 days, iteration: 233928, Δt: 20 minutes,max|u|: (2.48e+00, 2.85e+00, 6.95e-03) m s⁻¹, extrema(T): (31.20, -1.91) ᵒC, extrema(S): (39.95, 18.65) g/kg, extrema(η): (2.48, -1.99) m, wall time: 17.740 seconds 
[ Info: time: 3250 days, iteration: 234000, Δt: 20 minutes,max|u|: (1.75e+00, 2.14e+00, 6.95e-03) m s⁻¹, extrema(T): (31.17, -1.91) ᵒC, extrema(S): (39.96, 18.70) g/kg, extrema(η): (1.45, -3.07) m, wall time: 11.634 seconds 
[ Info: time: 3251 days, iteration: 234072, Δt: 20 minutes,max|u|: (2.16e+00, 2.05e+00, 6.93e-03) m s⁻¹, extrema(T): (31.19, -1.91) ᵒC, extrema(S): (39.95, 18.73) g/kg, extrema(η): (1.45, -2.07) m, wall time: 11.635 seconds 
[ Info: time: 3252 days, iteration: 234144, Δt: 20 minutes,max|u|: (1.99e+00, 1.58e+00, 6.94e-03) m s⁻¹, extrema(T): (31.19, -1.90) ᵒC, extrema(S): (39.95, 18.71) g/kg, extrema(η): (3.08, -2.27) m, wall time: 11.661 seconds 
[ Info: time: 3253 days, iteration: 234216, Δt: 20 minutes,max|u|: (1.61e+00, 2.03e+00, 6.93e-03) m s⁻¹, extrema(T): (31.30, -1.91) ᵒC, extrema(S): (39.96, 18.70) g/kg, extrema(η): (2.90, -2.12) m, wall time: 11.710 seconds 
[ Info: time: 3254 days, iteration: 234288, Δt: 20 minutes,max|u|: (1.63e+00, 2.27e+00, 6.93e-03) m s⁻¹, extrema(T): (31.34, -1.92) ᵒC, extrema(S): (39.96, 18.78) g/kg, extrema(η): (2.82, -2.19) m, wall time: 11.607 seconds 
[ Info: time: 3255 days, iteration: 234360, Δt: 20 minutes,max|u|: (4.59e+00, 1.99e+00, 6.89e-03) m s⁻¹, extrema(T): (31.37, -1.92) ᵒC, extrema(S): (39.96, 18.83) g/kg, extrema(η): (3.11, -2.79) m, wall time: 11.657 seconds 
[ Info: time: 3256 days, iteration: 234432, Δt: 20 minutes,max|u|: (1.64e+00, 2.25e+00, 6.85e-03) m s⁻¹, extrema(T): (31.36, -1.92) ᵒC, extrema(S): (39.95, 19.11) g/kg, extrema(η): (3.22, -2.17) m, wall time: 11.605 seconds 
[ Info: time: 3257 days, iteration: 234504, Δt: 20 minutes,max|u|: (1.64e+00, 2.14e+00, 6.84e-03) m s⁻¹, extrema(T): (31.32, -1.91) ᵒC, extrema(S): (39.95, 19.28) g/kg, extrema(η): (3.84, -1.92) m, wall time: 11.685 seconds 
[ Info: time: 3258 days, iteration: 234576, Δt: 20 minutes,max|u|: (1.95e+00, 2.20e+00, 6.89e-03) m s⁻¹, extrema(T): (31.21, -1.91) ᵒC, extrema(S): (39.96, 19.29) g/kg, extrema(η): (3.59, -2.14) m, wall time: 11.570 seconds 
[ Info: time: 3259 days, iteration: 234648, Δt: 20 minutes,max|u|: (2.45e+00, 2.20e+00, 6.91e-03) m s⁻¹, extrema(T): (31.24, -1.91) ᵒC, extrema(S): (39.95, 19.28) g/kg, extrema(η): (2.80, -2.04) m, wall time: 16.385 seconds 
[ Info: time: 3260 days, iteration: 234720, Δt: 20 minutes,max|u|: (1.93e+00, 2.36e+00, 6.87e-03) m s⁻¹, extrema(T): (31.28, -1.90) ᵒC, extrema(S): (39.95, 19.30) g/kg, extrema(η): (2.46, -2.88) m, wall time: 11.628 seconds 
[ Info: time: 3261 days, iteration: 234792, Δt: 20 minutes,max|u|: (2.03e+00, 2.26e+00, 6.89e-03) m s⁻¹, extrema(T): (31.32, -1.92) ᵒC, extrema(S): (39.94, 19.29) g/kg, extrema(η): (2.06, -2.04) m, wall time: 11.583 seconds 
[ Info: time: 3262 days, iteration: 234864, Δt: 20 minutes,max|u|: (1.87e+00, 2.12e+00, 6.87e-03) m s⁻¹, extrema(T): (31.37, -1.92) ᵒC, extrema(S): (39.95, 19.28) g/kg, extrema(η): (3.34, -2.03) m, wall time: 11.631 seconds 
[ Info: time: 3263 days, iteration: 234936, Δt: 20 minutes,max|u|: (1.81e+00, 2.83e+00, 6.87e-03) m s⁻¹, extrema(T): (31.43, -1.91) ᵒC, extrema(S): (39.94, 19.41) g/kg, extrema(η): (4.17, -2.21) m, wall time: 11.603 seconds 
[ Info: time: 3264 days, iteration: 235008, Δt: 20 minutes,max|u|: (1.84e+00, 2.07e+00, 6.87e-03) m s⁻¹, extrema(T): (31.53, -1.92) ᵒC, extrema(S): (39.95, 19.50) g/kg, extrema(η): (2.44, -1.95) m, wall time: 11.639 seconds 
[ Info: time: 3265 days, iteration: 235080, Δt: 20 minutes,max|u|: (1.89e+00, 1.85e+00, 6.86e-03) m s⁻¹, extrema(T): (31.47, -1.91) ᵒC, extrema(S): (39.95, 19.57) g/kg, extrema(η): (1.30, -2.65) m, wall time: 11.581 seconds 
[ Info: time: 3266 days, iteration: 235152, Δt: 20 minutes,max|u|: (1.99e+00, 2.15e+00, 6.85e-03) m s⁻¹, extrema(T): (31.41, -1.91) ᵒC, extrema(S): (39.95, 19.63) g/kg, extrema(η): (3.28, -2.10) m, wall time: 11.650 seconds 
[ Info: time: 3267 days, iteration: 235224, Δt: 20 minutes,max|u|: (2.00e+00, 1.56e+00, 6.78e-03) m s⁻¹, extrema(T): (31.39, -1.91) ᵒC, extrema(S): (39.95, 19.65) g/kg, extrema(η): (1.76, -1.99) m, wall time: 12.516 seconds 
[ Info: time: 3268 days, iteration: 235296, Δt: 20 minutes,max|u|: (1.88e+00, 1.62e+00, 6.84e-03) m s⁻¹, extrema(T): (31.41, -1.92) ᵒC, extrema(S): (39.94, 19.69) g/kg, extrema(η): (4.27, -1.90) m, wall time: 11.595 seconds 
[ Info: time: 3269 days, iteration: 235368, Δt: 20 minutes,max|u|: (1.86e+00, 2.63e+00, 6.75e-03) m s⁻¹, extrema(T): (31.34, -1.91) ᵒC, extrema(S): (39.94, 19.80) g/kg, extrema(η): (2.77, -1.87) m, wall time: 11.674 seconds 
[ Info: time: 3270 days, iteration: 235440, Δt: 20 minutes,max|u|: (1.81e+00, 1.70e+00, 6.81e-03) m s⁻¹, extrema(T): (31.25, -1.92) ᵒC, extrema(S): (39.94, 19.87) g/kg, extrema(η): (1.22, -2.49) m, wall time: 11.655 seconds 
[ Info: time: 3271 days, iteration: 235512, Δt: 20 minutes,max|u|: (1.81e+00, 1.79e+00, 6.82e-03) m s⁻¹, extrema(T): (31.20, -1.91) ᵒC, extrema(S): (39.94, 19.93) g/kg, extrema(η): (1.26, -2.80) m, wall time: 16.295 seconds 
[ Info: time: 3272 days, iteration: 235584, Δt: 20 minutes,max|u|: (1.87e+00, 1.90e+00, 6.76e-03) m s⁻¹, extrema(T): (31.07, -1.91) ᵒC, extrema(S): (39.94, 19.98) g/kg, extrema(η): (1.31, -2.02) m, wall time: 11.527 seconds 
[ Info: time: 3273 days, iteration: 235656, Δt: 20 minutes,max|u|: (1.94e+00, 1.76e+00, 6.87e-03) m s⁻¹, extrema(T): (31.08, -1.91) ᵒC, extrema(S): (39.94, 20.06) g/kg, extrema(η): (3.81, -2.17) m, wall time: 11.623 seconds 
[ Info: time: 3274 days, iteration: 235728, Δt: 20 minutes,max|u|: (1.99e+00, 1.63e+00, 6.91e-03) m s⁻¹, extrema(T): (31.16, -1.91) ᵒC, extrema(S): (39.94, 20.10) g/kg, extrema(η): (1.57, -2.13) m, wall time: 11.547 seconds 
[ Info: time: 3275 days, iteration: 235800, Δt: 20 minutes,max|u|: (2.01e+00, 1.67e+00, 6.93e-03) m s⁻¹, extrema(T): (31.21, -1.91) ᵒC, extrema(S): (39.94, 20.08) g/kg, extrema(η): (1.39, -2.57) m, wall time: 11.613 seconds 
[ Info: time: 3276 days, iteration: 235872, Δt: 20 minutes,max|u|: (2.01e+00, 1.93e+00, 6.91e-03) m s⁻¹, extrema(T): (31.15, -1.90) ᵒC, extrema(S): (39.93, 20.07) g/kg, extrema(η): (1.60, -3.38) m, wall time: 11.557 seconds 
[ Info: time: 3277 days, iteration: 235944, Δt: 20 minutes,max|u|: (1.98e+00, 2.18e+00, 6.86e-03) m s⁻¹, extrema(T): (31.10, -1.90) ᵒC, extrema(S): (39.93, 20.05) g/kg, extrema(η): (2.14, -2.12) m, wall time: 11.596 seconds 
[ Info: time: 3278 days, iteration: 236016, Δt: 20 minutes,max|u|: (1.98e+00, 2.31e+00, 6.92e-03) m s⁻¹, extrema(T): (31.28, -1.90) ᵒC, extrema(S): (39.93, 20.02) g/kg, extrema(η): (3.91, -2.08) m, wall time: 11.596 seconds 
[ Info: time: 3279 days, iteration: 236088, Δt: 20 minutes,max|u|: (1.98e+00, 2.33e+00, 6.78e-03) m s⁻¹, extrema(T): (31.46, -1.91) ᵒC, extrema(S): (39.93, 20.00) g/kg, extrema(η): (3.12, -3.17) m, wall time: 11.562 seconds 
[ Info: time: 3280 days, iteration: 236160, Δt: 20 minutes,max|u|: (1.96e+00, 2.28e+00, 6.77e-03) m s⁻¹, extrema(T): (31.56, -1.91) ᵒC, extrema(S): (39.93, 20.04) g/kg, extrema(η): (3.15, -2.07) m, wall time: 11.594 seconds 
[ Info: time: 3281 days, iteration: 236232, Δt: 20 minutes,max|u|: (1.96e+00, 2.22e+00, 6.82e-03) m s⁻¹, extrema(T): (31.61, -1.91) ᵒC, extrema(S): (39.94, 19.96) g/kg, extrema(η): (3.32, -3.91) m, wall time: 11.597 seconds 
[ Info: time: 3282 days, iteration: 236304, Δt: 20 minutes,max|u|: (1.95e+00, 2.12e+00, 6.85e-03) m s⁻¹, extrema(T): (31.66, -1.91) ᵒC, extrema(S): (39.94, 19.87) g/kg, extrema(η): (3.26, -3.13) m, wall time: 11.590 seconds 
[ Info: time: 3283 days, iteration: 236376, Δt: 20 minutes,max|u|: (1.91e+00, 1.94e+00, 6.90e-03) m s⁻¹, extrema(T): (31.61, -1.92) ᵒC, extrema(S): (39.94, 19.77) g/kg, extrema(η): (3.99, -2.18) m, wall time: 11.577 seconds 
[ Info: time: 3284 days, iteration: 236448, Δt: 20 minutes,max|u|: (1.89e+00, 1.82e+00, 6.92e-03) m s⁻¹, extrema(T): (31.76, -1.92) ᵒC, extrema(S): (39.93, 19.70) g/kg, extrema(η): (3.65, -2.24) m, wall time: 16.823 seconds 
[ Info: time: 3285 days, iteration: 236520, Δt: 20 minutes,max|u|: (1.91e+00, 1.69e+00, 6.98e-03) m s⁻¹, extrema(T): (31.82, -1.92) ᵒC, extrema(S): (39.93, 19.78) g/kg, extrema(η): (1.99, -2.06) m, wall time: 11.626 seconds 
[ Info: time: 3286 days, iteration: 236592, Δt: 20 minutes,max|u|: (2.20e+00, 2.59e+00, 7.00e-03) m s⁻¹, extrema(T): (31.70, -1.92) ᵒC, extrema(S): (39.92, 19.72) g/kg, extrema(η): (1.50, -3.40) m, wall time: 11.638 seconds 
[ Info: time: 3287 days, iteration: 236664, Δt: 20 minutes,max|u|: (2.04e+00, 1.66e+00, 7.00e-03) m s⁻¹, extrema(T): (31.68, -1.93) ᵒC, extrema(S): (39.92, 19.64) g/kg, extrema(η): (1.29, -2.06) m, wall time: 11.642 seconds 
[ Info: time: 3288 days, iteration: 236736, Δt: 20 minutes,max|u|: (1.99e+00, 1.72e+00, 7.04e-03) m s⁻¹, extrema(T): (31.72, -1.94) ᵒC, extrema(S): (39.92, 19.54) g/kg, extrema(η): (2.97, -2.12) m, wall time: 11.635 seconds 
[ Info: time: 3289 days, iteration: 236808, Δt: 20 minutes,max|u|: (1.98e+00, 1.62e+00, 7.06e-03) m s⁻¹, extrema(T): (31.64, -1.94) ᵒC, extrema(S): (39.91, 19.49) g/kg, extrema(η): (3.62, -2.24) m, wall time: 11.587 seconds 
[ Info: time: 3290 days, iteration: 236880, Δt: 20 minutes,max|u|: (1.93e+00, 1.78e+00, 7.03e-03) m s⁻¹, extrema(T): (31.66, -1.94) ᵒC, extrema(S): (39.91, 19.44) g/kg, extrema(η): (1.32, -2.27) m, wall time: 11.790 seconds 
[ Info: time: 3291 days, iteration: 236952, Δt: 20 minutes,max|u|: (1.92e+00, 1.83e+00, 7.01e-03) m s⁻¹, extrema(T): (31.56, -1.93) ᵒC, extrema(S): (39.91, 19.40) g/kg, extrema(η): (1.25, -3.50) m, wall time: 11.605 seconds 
[ Info: time: 3292 days, iteration: 237024, Δt: 20 minutes,max|u|: (1.81e+00, 2.06e+00, 7.04e-03) m s⁻¹, extrema(T): (31.38, -1.93) ᵒC, extrema(S): (39.91, 19.40) g/kg, extrema(η): (1.18, -2.07) m, wall time: 11.649 seconds 
[ Info: time: 3293 days, iteration: 237096, Δt: 20 minutes,max|u|: (1.87e+00, 2.03e+00, 7.08e-03) m s⁻¹, extrema(T): (31.28, -1.94) ᵒC, extrema(S): (39.90, 19.34) g/kg, extrema(η): (2.33, -2.19) m, wall time: 11.659 seconds 
[ Info: time: 3294 days, iteration: 237168, Δt: 20 minutes,max|u|: (1.84e+00, 2.20e+00, 7.12e-03) m s⁻¹, extrema(T): (31.20, -1.94) ᵒC, extrema(S): (39.90, 19.27) g/kg, extrema(η): (4.16, -2.22) m, wall time: 11.712 seconds 
[ Info: time: 3295 days, iteration: 237240, Δt: 20 minutes,max|u|: (1.60e+00, 2.12e+00, 7.16e-03) m s⁻¹, extrema(T): (31.16, -1.95) ᵒC, extrema(S): (39.89, 19.21) g/kg, extrema(η): (1.39, -2.20) m, wall time: 11.592 seconds 
[ Info: time: 3296 days, iteration: 237312, Δt: 20 minutes,max|u|: (2.29e+00, 3.34e+00, 7.16e-03) m s⁻¹, extrema(T): (31.10, -1.94) ᵒC, extrema(S): (39.90, 19.19) g/kg, extrema(η): (1.35, -2.46) m, wall time: 16.384 seconds 
[ Info: time: 3297 days, iteration: 237384, Δt: 20 minutes,max|u|: (1.56e+00, 1.95e+00, 7.16e-03) m s⁻¹, extrema(T): (31.09, -1.95) ᵒC, extrema(S): (39.89, 19.16) g/kg, extrema(η): (1.34, -2.48) m, wall time: 11.603 seconds 
[ Info: time: 3298 days, iteration: 237456, Δt: 20 minutes,max|u|: (1.57e+00, 1.89e+00, 7.11e-03) m s⁻¹, extrema(T): (31.12, -1.94) ᵒC, extrema(S): (39.89, 19.12) g/kg, extrema(η): (1.37, -2.20) m, wall time: 12.464 seconds 
[ Info: time: 3299 days, iteration: 237528, Δt: 20 minutes,max|u|: (1.67e+00, 2.03e+00, 7.04e-03) m s⁻¹, extrema(T): (31.06, -1.94) ᵒC, extrema(S): (39.89, 19.12) g/kg, extrema(η): (4.05, -2.21) m, wall time: 11.609 seconds 
[ Info: time: 3300 days, iteration: 237600, Δt: 20 minutes,max|u|: (1.82e+00, 2.06e+00, 7.03e-03) m s⁻¹, extrema(T): (31.10, -1.94) ᵒC, extrema(S): (39.89, 19.12) g/kg, extrema(η): (2.34, -2.13) m, wall time: 11.653 seconds 
[ Info: time: 3301 days, iteration: 237672, Δt: 20 minutes,max|u|: (1.73e+00, 2.10e+00, 7.05e-03) m s⁻¹, extrema(T): (31.14, -1.95) ᵒC, extrema(S): (39.89, 19.16) g/kg, extrema(η): (2.49, -2.24) m, wall time: 11.626 seconds 
[ Info: time: 3302 days, iteration: 237744, Δt: 20 minutes,max|u|: (1.56e+00, 2.05e+00, 7.07e-03) m s⁻¹, extrema(T): (31.14, -1.95) ᵒC, extrema(S): (39.88, 19.19) g/kg, extrema(η): (2.90, -2.45) m, wall time: 11.626 seconds 
[ Info: time: 3303 days, iteration: 237816, Δt: 20 minutes,max|u|: (2.09e+00, 2.11e+00, 7.06e-03) m s⁻¹, extrema(T): (31.10, -1.94) ᵒC, extrema(S): (39.88, 19.18) g/kg, extrema(η): (3.23, -2.10) m, wall time: 11.598 seconds 
[ Info: time: 3304 days, iteration: 237888, Δt: 20 minutes,max|u|: (1.66e+00, 2.07e+00, 7.03e-03) m s⁻¹, extrema(T): (31.11, -1.95) ᵒC, extrema(S): (39.88, 19.18) g/kg, extrema(η): (3.64, -2.17) m, wall time: 11.602 seconds 
[ Info: time: 3305 days, iteration: 237960, Δt: 20 minutes,max|u|: (1.62e+00, 2.04e+00, 7.03e-03) m s⁻¹, extrema(T): (31.28, -1.95) ᵒC, extrema(S): (39.87, 19.16) g/kg, extrema(η): (3.44, -2.08) m, wall time: 11.586 seconds 
[ Info: time: 3306 days, iteration: 238032, Δt: 20 minutes,max|u|: (2.04e+00, 2.01e+00, 6.98e-03) m s⁻¹, extrema(T): (31.18, -1.95) ᵒC, extrema(S): (39.86, 19.15) g/kg, extrema(η): (3.10, -2.04) m, wall time: 11.615 seconds 
[ Info: time: 3307 days, iteration: 238104, Δt: 20 minutes,max|u|: (1.59e+00, 2.02e+00, 6.95e-03) m s⁻¹, extrema(T): (31.14, -1.95) ᵒC, extrema(S): (39.85, 19.18) g/kg, extrema(η): (2.77, -3.15) m, wall time: 11.613 seconds 
[ Info: time: 3308 days, iteration: 238176, Δt: 20 minutes,max|u|: (1.59e+00, 2.10e+00, 6.95e-03) m s⁻¹, extrema(T): (31.17, -1.95) ᵒC, extrema(S): (39.85, 19.18) g/kg, extrema(η): (2.30, -1.92) m, wall time: 16.449 seconds 
[ Info: time: 3309 days, iteration: 238248, Δt: 20 minutes,max|u|: (1.58e+00, 2.24e+00, 6.91e-03) m s⁻¹, extrema(T): (31.24, -1.95) ᵒC, extrema(S): (39.84, 19.23) g/kg, extrema(η): (2.69, -2.02) m, wall time: 11.636 seconds 
[ Info: time: 3310 days, iteration: 238320, Δt: 20 minutes,max|u|: (1.59e+00, 2.75e+00, 6.95e-03) m s⁻¹, extrema(T): (31.33, -1.96) ᵒC, extrema(S): (39.83, 19.24) g/kg, extrema(η): (4.01, -1.94) m, wall time: 11.656 seconds 
[ Info: time: 3311 days, iteration: 238392, Δt: 20 minutes,max|u|: (1.72e+00, 1.93e+00, 7.00e-03) m s⁻¹, extrema(T): (31.40, -1.97) ᵒC, extrema(S): (39.81, 19.20) g/kg, extrema(η): (1.40, -2.14) m, wall time: 11.624 seconds 
[ Info: time: 3312 days, iteration: 238464, Δt: 20 minutes,max|u|: (1.65e+00, 1.87e+00, 6.97e-03) m s⁻¹, extrema(T): (31.42, -1.96) ᵒC, extrema(S): (39.78, 19.17) g/kg, extrema(η): (1.35, -3.35) m, wall time: 11.629 seconds 
[ Info: time: 3313 days, iteration: 238536, Δt: 20 minutes,max|u|: (1.92e+00, 1.96e+00, 6.91e-03) m s⁻¹, extrema(T): (31.49, -1.96) ᵒC, extrema(S): (39.78, 19.13) g/kg, extrema(η): (1.39, -2.22) m, wall time: 11.612 seconds 
[ Info: time: 3314 days, iteration: 238608, Δt: 20 minutes,max|u|: (1.77e+00, 2.24e+00, 6.97e-03) m s⁻¹, extrema(T): (31.56, -1.96) ᵒC, extrema(S): (39.78, 19.08) g/kg, extrema(η): (2.14, -2.18) m, wall time: 11.612 seconds 
[ Info: time: 3315 days, iteration: 238680, Δt: 20 minutes,max|u|: (1.86e+00, 2.20e+00, 6.98e-03) m s⁻¹, extrema(T): (31.57, -1.96) ᵒC, extrema(S): (39.78, 19.06) g/kg, extrema(η): (4.26, -2.10) m, wall time: 11.629 seconds 
[ Info: time: 3316 days, iteration: 238752, Δt: 20 minutes,max|u|: (1.96e+00, 2.34e+00, 6.96e-03) m s⁻¹, extrema(T): (31.58, -1.96) ᵒC, extrema(S): (39.77, 19.06) g/kg, extrema(η): (1.37, -2.17) m, wall time: 11.631 seconds 
[ Info: time: 3317 days, iteration: 238824, Δt: 20 minutes,max|u|: (2.00e+00, 2.47e+00, 6.94e-03) m s⁻¹, extrema(T): (31.58, -1.96) ᵒC, extrema(S): (39.77, 19.02) g/kg, extrema(η): (1.36, -2.50) m, wall time: 11.674 seconds 
[ Info: time: 3318 days, iteration: 238896, Δt: 20 minutes,max|u|: (1.92e+00, 2.70e+00, 6.92e-03) m s⁻¹, extrema(T): (31.59, -1.97) ᵒC, extrema(S): (39.77, 18.98) g/kg, extrema(η): (1.45, -3.12) m, wall time: 11.651 seconds 
[ Info: time: 3319 days, iteration: 238968, Δt: 20 minutes,max|u|: (1.86e+00, 2.51e+00, 6.89e-03) m s⁻¹, extrema(T): (31.59, -1.98) ᵒC, extrema(S): (39.77, 18.95) g/kg, extrema(η): (2.61, -2.15) m, wall time: 11.695 seconds 
[ Info: time: 3320 days, iteration: 239040, Δt: 20 minutes,max|u|: (1.90e+00, 2.33e+00, 6.87e-03) m s⁻¹, extrema(T): (31.63, -1.97) ᵒC, extrema(S): (39.77, 18.94) g/kg, extrema(η): (4.28, -2.19) m, wall time: 11.679 seconds 
[ Info: time: 3321 days, iteration: 239112, Δt: 20 minutes,max|u|: (1.93e+00, 2.35e+00, 6.87e-03) m s⁻¹, extrema(T): (31.66, -1.96) ᵒC, extrema(S): (39.77, 18.93) g/kg, extrema(η): (1.38, -2.22) m, wall time: 16.312 seconds 
[ Info: time: 3322 days, iteration: 239184, Δt: 20 minutes,max|u|: (1.88e+00, 2.24e+00, 6.86e-03) m s⁻¹, extrema(T): (31.73, -1.96) ᵒC, extrema(S): (39.76, 19.11) g/kg, extrema(η): (1.37, -2.65) m, wall time: 11.608 seconds 
[ Info: time: 3323 days, iteration: 239256, Δt: 20 minutes,max|u|: (1.82e+00, 2.16e+00, 6.89e-03) m s⁻¹, extrema(T): (31.81, -1.95) ᵒC, extrema(S): (39.76, 19.46) g/kg, extrema(η): (1.85, -2.24) m, wall time: 11.600 seconds 
[ Info: time: 3324 days, iteration: 239328, Δt: 20 minutes,max|u|: (1.60e+00, 2.56e+00, 6.85e-03) m s⁻¹, extrema(T): (31.74, -1.95) ᵒC, extrema(S): (39.76, 19.57) g/kg, extrema(η): (2.38, -2.09) m, wall time: 11.654 seconds 
[ Info: time: 3325 days, iteration: 239400, Δt: 20 minutes,max|u|: (1.54e+00, 2.75e+00, 6.89e-03) m s⁻¹, extrema(T): (31.74, -1.95) ᵒC, extrema(S): (39.76, 19.58) g/kg, extrema(η): (4.10, -2.19) m, wall time: 11.656 seconds 
[ Info: time: 3326 days, iteration: 239472, Δt: 20 minutes,max|u|: (1.65e+00, 2.01e+00, 6.87e-03) m s⁻¹, extrema(T): (31.78, -1.95) ᵒC, extrema(S): (39.76, 19.64) g/kg, extrema(η): (3.08, -2.22) m, wall time: 11.632 seconds 
[ Info: time: 3327 days, iteration: 239544, Δt: 20 minutes,max|u|: (1.51e+00, 1.94e+00, 6.83e-03) m s⁻¹, extrema(T): (31.78, -1.95) ᵒC, extrema(S): (39.74, 19.66) g/kg, extrema(η): (3.28, -2.20) m, wall time: 11.565 seconds 
[ Info: time: 3328 days, iteration: 239616, Δt: 20 minutes,max|u|: (1.53e+00, 1.96e+00, 6.89e-03) m s⁻¹, extrema(T): (31.79, -1.95) ᵒC, extrema(S): (39.73, 19.66) g/kg, extrema(η): (3.24, -2.82) m, wall time: 11.651 seconds 
[ Info: time: 3329 days, iteration: 239688, Δt: 20 minutes,max|u|: (1.57e+00, 2.26e+00, 6.90e-03) m s⁻¹, extrema(T): (31.81, -1.95) ᵒC, extrema(S): (39.73, 19.65) g/kg, extrema(η): (3.09, -2.13) m, wall time: 12.845 seconds 
[ Info: time: 3330 days, iteration: 239760, Δt: 20 minutes,max|u|: (1.55e+00, 1.97e+00, 6.90e-03) m s⁻¹, extrema(T): (31.85, -1.95) ᵒC, extrema(S): (39.73, 19.63) g/kg, extrema(η): (4.53, -2.12) m, wall time: 11.724 seconds 
[ Info: time: 3331 days, iteration: 239832, Δt: 20 minutes,max|u|: (1.55e+00, 1.89e+00, 6.92e-03) m s⁻¹, extrema(T): (31.80, -1.95) ᵒC, extrema(S): (39.73, 19.63) g/kg, extrema(η): (3.30, -2.16) m, wall time: 11.627 seconds 
[ Info: time: 3332 days, iteration: 239904, Δt: 20 minutes,max|u|: (1.56e+00, 1.87e+00, 6.96e-03) m s⁻¹, extrema(T): (31.59, -1.96) ᵒC, extrema(S): (39.73, 19.60) g/kg, extrema(η): (1.94, -2.13) m, wall time: 11.592 seconds 
[ Info: time: 3333 days, iteration: 239976, Δt: 20 minutes,max|u|: (2.07e+00, 1.83e+00, 6.97e-03) m s⁻¹, extrema(T): (31.49, -1.96) ᵒC, extrema(S): (39.73, 19.56) g/kg, extrema(η): (1.55, -3.43) m, wall time: 16.401 seconds 
[ Info: time: 3334 days, iteration: 240048, Δt: 20 minutes,max|u|: (2.04e+00, 2.04e+00, 6.97e-03) m s⁻¹, extrema(T): (31.40, -1.96) ᵒC, extrema(S): (39.73, 19.53) g/kg, extrema(η): (1.17, -2.24) m, wall time: 11.715 seconds 
[ Info: time: 3335 days, iteration: 240120, Δt: 20 minutes,max|u|: (1.99e+00, 2.10e+00, 7.01e-03) m s⁻¹, extrema(T): (31.31, -1.96) ᵒC, extrema(S): (39.72, 19.54) g/kg, extrema(η): (4.13, -2.22) m, wall time: 11.703 seconds 
[ Info: time: 3336 days, iteration: 240192, Δt: 20 minutes,max|u|: (1.87e+00, 2.13e+00, 6.99e-03) m s⁻¹, extrema(T): (31.23, -1.96) ᵒC, extrema(S): (39.72, 19.53) g/kg, extrema(η): (3.64, -2.23) m, wall time: 11.602 seconds 
[ Info: time: 3337 days, iteration: 240264, Δt: 20 minutes,max|u|: (1.79e+00, 2.35e+00, 6.94e-03) m s⁻¹, extrema(T): (31.10, -1.97) ᵒC, extrema(S): (39.72, 19.48) g/kg, extrema(η): (1.36, -2.29) m, wall time: 11.643 seconds 
[ Info: time: 3338 days, iteration: 240336, Δt: 20 minutes,max|u|: (1.99e+00, 2.60e+00, 6.92e-03) m s⁻¹, extrema(T): (31.10, -1.96) ᵒC, extrema(S): (39.72, 19.52) g/kg, extrema(η): (1.34, -3.14) m, wall time: 11.674 seconds 
[ Info: time: 3339 days, iteration: 240408, Δt: 20 minutes,max|u|: (2.81e+00, 2.83e+00, 6.90e-03) m s⁻¹, extrema(T): (31.09, -1.96) ᵒC, extrema(S): (39.72, 19.55) g/kg, extrema(η): (1.58, -2.09) m, wall time: 11.661 seconds 
[ Info: time: 3340 days, iteration: 240480, Δt: 20 minutes,max|u|: (3.11e+00, 2.89e+00, 6.87e-03) m s⁻¹, extrema(T): (31.02, -1.96) ᵒC, extrema(S): (39.71, 19.57) g/kg, extrema(η): (3.12, -2.11) m, wall time: 11.615 seconds 
[ Info: time: 3341 days, iteration: 240552, Δt: 20 minutes,max|u|: (1.87e+00, 2.55e+00, 6.87e-03) m s⁻¹, extrema(T): (31.01, -1.96) ᵒC, extrema(S): (39.71, 19.59) g/kg, extrema(η): (4.05, -2.12) m, wall time: 11.658 seconds 
[ Info: time: 3342 days, iteration: 240624, Δt: 20 minutes,max|u|: (2.29e+00, 2.21e+00, 6.88e-03) m s⁻¹, extrema(T): (31.03, -1.96) ᵒC, extrema(S): (39.71, 19.76) g/kg, extrema(η): (1.38, -2.14) m, wall time: 11.767 seconds 
[ Info: time: 3343 days, iteration: 240696, Δt: 20 minutes,max|u|: (2.18e+00, 1.85e+00, 6.87e-03) m s⁻¹, extrema(T): (31.05, -1.96) ᵒC, extrema(S): (39.71, 19.82) g/kg, extrema(η): (2.15, -3.62) m, wall time: 11.632 seconds 
[ Info: time: 3344 days, iteration: 240768, Δt: 20 minutes,max|u|: (1.34e+00, 1.55e+00, 6.86e-03) m s⁻¹, extrema(T): (31.09, -1.96) ᵒC, extrema(S): (39.69, 19.80) g/kg, extrema(η): (1.21, -2.25) m, wall time: 11.616 seconds 
[ Info: time: 3345 days, iteration: 240840, Δt: 20 minutes,max|u|: (1.39e+00, 1.64e+00, 6.82e-03) m s⁻¹, extrema(T): (31.14, -1.96) ᵒC, extrema(S): (39.69, 19.83) g/kg, extrema(η): (2.52, -2.28) m, wall time: 11.650 seconds 
[ Info: Saving checkpoint file
[ Info: time: 3346 days, iteration: 240912, Δt: 20 minutes,max|u|: (1.72e+00, 1.49e+00, 6.79e-03) m s⁻¹, extrema(T): (31.19, -1.96) ᵒC, extrema(S): (39.69, 19.77) g/kg, extrema(η): (4.63, -2.01) m, wall time: 26.055 seconds 
[ Info: time: 3347 days, iteration: 240984, Δt: 20 minutes,max|u|: (1.36e+00, 1.64e+00, 6.80e-03) m s⁻¹, extrema(T): (31.21, -1.96) ᵒC, extrema(S): (39.69, 19.62) g/kg, extrema(η): (1.90, -2.25) m, wall time: 11.680 seconds 
[ Info: time: 3348 days, iteration: 241056, Δt: 20 minutes,max|u|: (1.28e+00, 1.50e+00, 6.82e-03) m s⁻¹, extrema(T): (31.23, -1.95) ᵒC, extrema(S): (39.69, 19.49) g/kg, extrema(η): (2.55, -2.86) m, wall time: 15.557 seconds 
[ Info: time: 3349 days, iteration: 241128, Δt: 20 minutes,max|u|: (1.56e+00, 1.49e+00, 6.81e-03) m s⁻¹, extrema(T): (31.20, -1.95) ᵒC, extrema(S): (39.69, 19.38) g/kg, extrema(η): (2.98, -2.69) m, wall time: 11.749 seconds 
[ Info: time: 3350 days, iteration: 241200, Δt: 20 minutes,max|u|: (1.29e+00, 1.68e+00, 6.81e-03) m s⁻¹, extrema(T): (31.22, -1.95) ᵒC, extrema(S): (39.68, 19.29) g/kg, extrema(η): (3.33, -2.03) m, wall time: 11.659 seconds 
[ Info: time: 3351 days, iteration: 241272, Δt: 20 minutes,max|u|: (1.57e+00, 1.59e+00, 6.80e-03) m s⁻¹, extrema(T): (31.28, -1.95) ᵒC, extrema(S): (39.67, 19.19) g/kg, extrema(η): (4.63, -2.17) m, wall time: 11.678 seconds 
[ Info: time: 3352 days, iteration: 241344, Δt: 20 minutes,max|u|: (1.35e+00, 1.62e+00, 6.82e-03) m s⁻¹, extrema(T): (31.28, -1.95) ᵒC, extrema(S): (39.67, 19.12) g/kg, extrema(η): (3.38, -2.21) m, wall time: 11.667 seconds 
[ Info: time: 3353 days, iteration: 241416, Δt: 20 minutes,max|u|: (1.35e+00, 1.53e+00, 6.94e-03) m s⁻¹, extrema(T): (31.29, -1.95) ᵒC, extrema(S): (39.67, 19.05) g/kg, extrema(η): (3.11, -2.45) m, wall time: 11.694 seconds 
[ Info: time: 3354 days, iteration: 241488, Δt: 20 minutes,max|u|: (1.35e+00, 1.53e+00, 6.96e-03) m s⁻¹, extrema(T): (31.28, -1.95) ᵒC, extrema(S): (39.67, 18.98) g/kg, extrema(η): (2.76, -2.99) m, wall time: 11.675 seconds 
[ Info: time: 3355 days, iteration: 241560, Δt: 20 minutes,max|u|: (1.49e+00, 1.77e+00, 6.99e-03) m s⁻¹, extrema(T): (31.29, -1.95) ᵒC, extrema(S): (39.67, 18.93) g/kg, extrema(η): (2.36, -2.16) m, wall time: 11.656 seconds 
[ Info: time: 3356 days, iteration: 241632, Δt: 20 minutes,max|u|: (1.39e+00, 1.58e+00, 7.05e-03) m s⁻¹, extrema(T): (31.30, -1.95) ᵒC, extrema(S): (39.67, 18.89) g/kg, extrema(η): (4.45, -2.22) m, wall time: 11.729 seconds 
[ Info: time: 3357 days, iteration: 241704, Δt: 20 minutes,max|u|: (1.43e+00, 1.61e+00, 7.08e-03) m s⁻¹, extrema(T): (31.26, -1.95) ᵒC, extrema(S): (39.67, 18.84) g/kg, extrema(η): (2.85, -2.04) m, wall time: 11.674 seconds 
[ Info: time: 3358 days, iteration: 241776, Δt: 20 minutes,max|u|: (1.63e+00, 1.73e+00, 7.13e-03) m s⁻¹, extrema(T): (31.27, -1.95) ᵒC, extrema(S): (39.67, 18.80) g/kg, extrema(η): (1.93, -2.00) m, wall time: 16.442 seconds 
[ Info: time: 3359 days, iteration: 241848, Δt: 20 minutes,max|u|: (1.44e+00, 1.65e+00, 7.13e-03) m s⁻¹, extrema(T): (31.30, -1.95) ᵒC, extrema(S): (39.67, 18.76) g/kg, extrema(η): (1.20, -3.30) m, wall time: 11.722 seconds 
[ Info: time: 3360 days, iteration: 241920, Δt: 20 minutes,max|u|: (2.74e+00, 1.88e+00, 7.09e-03) m s⁻¹, extrema(T): (31.33, -1.96) ᵒC, extrema(S): (39.67, 18.74) g/kg, extrema(η): (1.20, -1.97) m, wall time: 12.713 seconds 
[ Info: time: 3361 days, iteration: 241992, Δt: 20 minutes,max|u|: (1.43e+00, 1.58e+00, 7.10e-03) m s⁻¹, extrema(T): (31.35, -1.96) ᵒC, extrema(S): (39.67, 18.73) g/kg, extrema(η): (3.97, -2.07) m, wall time: 11.626 seconds 
[ Info: time: 3362 days, iteration: 242064, Δt: 20 minutes,max|u|: (1.43e+00, 1.55e+00, 7.08e-03) m s⁻¹, extrema(T): (31.36, -1.96) ᵒC, extrema(S): (39.67, 18.70) g/kg, extrema(η): (3.58, -2.09) m, wall time: 11.731 seconds 
[ Info: time: 3363 days, iteration: 242136, Δt: 20 minutes,max|u|: (1.46e+00, 1.59e+00, 7.11e-03) m s⁻¹, extrema(T): (31.36, -1.96) ᵒC, extrema(S): (39.67, 18.67) g/kg, extrema(η): (1.30, -2.02) m, wall time: 11.816 seconds 
[ Info: time: 3364 days, iteration: 242208, Δt: 20 minutes,max|u|: (1.49e+00, 1.58e+00, 7.17e-03) m s⁻¹, extrema(T): (31.38, -1.96) ᵒC, extrema(S): (39.67, 18.65) g/kg, extrema(η): (1.27, -3.85) m, wall time: 11.696 seconds 
[ Info: time: 3365 days, iteration: 242280, Δt: 20 minutes,max|u|: (1.54e+00, 1.68e+00, 7.05e-03) m s⁻¹, extrema(T): (31.40, -1.96) ᵒC, extrema(S): (39.67, 18.62) g/kg, extrema(η): (1.24, -2.23) m, wall time: 11.709 seconds 
[ Info: time: 3366 days, iteration: 242352, Δt: 20 minutes,max|u|: (1.51e+00, 1.60e+00, 7.08e-03) m s⁻¹, extrema(T): (31.39, -1.96) ᵒC, extrema(S): (39.67, 18.59) g/kg, extrema(η): (3.42, -2.05) m, wall time: 11.781 seconds 
[ Info: time: 3367 days, iteration: 242424, Δt: 20 minutes,max|u|: (1.55e+00, 1.60e+00, 7.17e-03) m s⁻¹, extrema(T): (31.42, -1.96) ᵒC, extrema(S): (39.66, 18.58) g/kg, extrema(η): (3.63, -2.00) m, wall time: 11.663 seconds 
[ Info: time: 3368 days, iteration: 242496, Δt: 20 minutes,max|u|: (1.59e+00, 1.63e+00, 7.15e-03) m s⁻¹, extrema(T): (31.42, -1.96) ᵒC, extrema(S): (39.66, 18.56) g/kg, extrema(η): (1.25, -2.08) m, wall time: 11.639 seconds 
[ Info: time: 3369 days, iteration: 242568, Δt: 20 minutes,max|u|: (2.79e+00, 1.58e+00, 7.23e-03) m s⁻¹, extrema(T): (31.43, -1.96) ᵒC, extrema(S): (39.66, 18.57) g/kg, extrema(η): (1.42, -3.73) m, wall time: 11.741 seconds 
[ Info: time: 3370 days, iteration: 242640, Δt: 20 minutes,max|u|: (1.64e+00, 1.58e+00, 7.22e-03) m s⁻¹, extrema(T): (31.33, -1.95) ᵒC, extrema(S): (39.66, 18.67) g/kg, extrema(η): (1.57, -2.23) m, wall time: 16.392 seconds 
[ Info: time: 3371 days, iteration: 242712, Δt: 20 minutes,max|u|: (1.63e+00, 1.58e+00, 7.24e-03) m s⁻¹, extrema(T): (31.12, -1.95) ᵒC, extrema(S): (39.66, 18.93) g/kg, extrema(η): (2.59, -2.14) m, wall time: 11.710 seconds 
[ Info: time: 3372 days, iteration: 242784, Δt: 20 minutes,max|u|: (1.67e+00, 1.80e+00, 7.22e-03) m s⁻¹, extrema(T): (31.07, -1.95) ᵒC, extrema(S): (39.66, 19.50) g/kg, extrema(η): (4.78, -2.09) m, wall time: 11.690 seconds 
[ Info: time: 3373 days, iteration: 242856, Δt: 20 minutes,max|u|: (1.70e+00, 1.57e+00, 7.22e-03) m s⁻¹, extrema(T): (31.05, -1.94) ᵒC, extrema(S): (39.66, 19.73) g/kg, extrema(η): (2.96, -2.23) m, wall time: 11.753 seconds 
[ Info: time: 3374 days, iteration: 242928, Δt: 20 minutes,max|u|: (1.69e+00, 1.53e+00, 7.21e-03) m s⁻¹, extrema(T): (31.14, -1.94) ᵒC, extrema(S): (39.65, 19.59) g/kg, extrema(η): (3.17, -3.08) m, wall time: 11.781 seconds 
[ Info: time: 3375 days, iteration: 243000, Δt: 20 minutes,max|u|: (1.97e+00, 1.54e+00, 7.21e-03) m s⁻¹, extrema(T): (31.08, -1.94) ᵒC, extrema(S): (39.65, 19.43) g/kg, extrema(η): (3.17, -2.85) m, wall time: 11.696 seconds 
[ Info: time: 3376 days, iteration: 243072, Δt: 20 minutes,max|u|: (1.87e+00, 1.73e+00, 7.25e-03) m s⁻¹, extrema(T): (31.06, -1.93) ᵒC, extrema(S): (39.65, 19.32) g/kg, extrema(η): (2.95, -2.19) m, wall time: 11.689 seconds 
[ Info: time: 3377 days, iteration: 243144, Δt: 20 minutes,max|u|: (1.75e+00, 1.72e+00, 7.22e-03) m s⁻¹, extrema(T): (31.05, -1.93) ᵒC, extrema(S): (39.65, 19.26) g/kg, extrema(η): (4.57, -2.21) m, wall time: 11.712 seconds 
[ Info: time: 3378 days, iteration: 243216, Δt: 20 minutes,max|u|: (1.77e+00, 1.63e+00, 7.28e-03) m s⁻¹, extrema(T): (31.05, -1.93) ᵒC, extrema(S): (39.65, 19.23) g/kg, extrema(η): (2.84, -2.23) m, wall time: 11.684 seconds 
[ Info: time: 3379 days, iteration: 243288, Δt: 20 minutes,max|u|: (1.80e+00, 1.58e+00, 7.25e-03) m s⁻¹, extrema(T): (31.08, -1.93) ᵒC, extrema(S): (39.65, 19.14) g/kg, extrema(η): (1.78, -2.25) m, wall time: 11.717 seconds 
[ Info: time: 3380 days, iteration: 243360, Δt: 20 minutes,max|u|: (1.85e+00, 1.57e+00, 7.19e-03) m s⁻¹, extrema(T): (31.17, -1.92) ᵒC, extrema(S): (39.65, 19.04) g/kg, extrema(η): (1.29, -3.00) m, wall time: 11.756 seconds 
[ Info: time: 3381 days, iteration: 243432, Δt: 20 minutes,max|u|: (1.85e+00, 1.65e+00, 7.14e-03) m s⁻¹, extrema(T): (31.07, -1.92) ᵒC, extrema(S): (39.65, 18.99) g/kg, extrema(η): (1.22, -2.15) m, wall time: 11.746 seconds 
[ Info: time: 3382 days, iteration: 243504, Δt: 20 minutes,max|u|: (1.87e+00, 1.57e+00, 7.09e-03) m s⁻¹, extrema(T): (31.14, -1.92) ᵒC, extrema(S): (39.65, 18.91) g/kg, extrema(η): (4.32, -2.01) m, wall time: 11.779 seconds 
[ Info: time: 3383 days, iteration: 243576, Δt: 20 minutes,max|u|: (1.88e+00, 1.56e+00, 7.04e-03) m s⁻¹, extrema(T): (31.12, -1.92) ᵒC, extrema(S): (39.64, 19.08) g/kg, extrema(η): (3.75, -1.90) m, wall time: 16.402 seconds 
[ Info: time: 3384 days, iteration: 243648, Δt: 20 minutes,max|u|: (1.87e+00, 1.55e+00, 7.06e-03) m s⁻¹, extrema(T): (31.14, -1.92) ᵒC, extrema(S): (39.64, 19.60) g/kg, extrema(η): (1.21, -2.06) m, wall time: 11.734 seconds 
[ Info: time: 3385 days, iteration: 243720, Δt: 20 minutes,max|u|: (1.88e+00, 1.54e+00, 7.09e-03) m s⁻¹, extrema(T): (31.18, -1.92) ᵒC, extrema(S): (39.64, 19.59) g/kg, extrema(η): (1.23, -3.76) m, wall time: 11.730 seconds 
[ Info: time: 3386 days, iteration: 243792, Δt: 20 minutes,max|u|: (1.86e+00, 1.76e+00, 7.10e-03) m s⁻¹, extrema(T): (31.22, -1.91) ᵒC, extrema(S): (39.64, 19.52) g/kg, extrema(η): (1.23, -2.20) m, wall time: 11.919 seconds 
[ Info: time: 3387 days, iteration: 243864, Δt: 20 minutes,max|u|: (1.85e+00, 1.51e+00, 7.17e-03) m s⁻¹, extrema(T): (31.17, -1.91) ᵒC, extrema(S): (39.64, 19.43) g/kg, extrema(η): (3.46, -2.21) m, wall time: 11.719 seconds 
[ Info: time: 3388 days, iteration: 243936, Δt: 20 minutes,max|u|: (1.89e+00, 1.50e+00, 7.13e-03) m s⁻¹, extrema(T): (31.21, -1.91) ᵒC, extrema(S): (39.64, 19.51) g/kg, extrema(η): (4.10, -2.22) m, wall time: 11.717 seconds 
[ Info: time: 3389 days, iteration: 244008, Δt: 20 minutes,max|u|: (1.91e+00, 2.09e+00, 7.11e-03) m s⁻¹, extrema(T): (31.19, -1.91) ᵒC, extrema(S): (39.64, 19.53) g/kg, extrema(η): (1.37, -2.23) m, wall time: 11.707 seconds 
[ Info: time: 3390 days, iteration: 244080, Δt: 20 minutes,max|u|: (1.90e+00, 2.26e+00, 7.10e-03) m s⁻¹, extrema(T): (31.22, -1.91) ᵒC, extrema(S): (39.64, 19.47) g/kg, extrema(η): (1.38, -3.29) m, wall time: 11.685 seconds 
[ Info: time: 3391 days, iteration: 244152, Δt: 20 minutes,max|u|: (1.93e+00, 1.48e+00, 7.12e-03) m s⁻¹, extrema(T): (31.24, -1.91) ᵒC, extrema(S): (39.64, 19.51) g/kg, extrema(η): (1.47, -2.27) m, wall time: 12.883 seconds 
[ Info: time: 3392 days, iteration: 244224, Δt: 20 minutes,max|u|: (1.99e+00, 1.61e+00, 7.02e-03) m s⁻¹, extrema(T): (31.37, -1.91) ᵒC, extrema(S): (39.64, 19.39) g/kg, extrema(η): (2.05, -2.12) m, wall time: 11.694 seconds 
[ Info: time: 3393 days, iteration: 244296, Δt: 20 minutes,max|u|: (1.99e+00, 1.64e+00, 6.99e-03) m s⁻¹, extrema(T): (31.30, -1.91) ᵒC, extrema(S): (39.64, 19.47) g/kg, extrema(η): (4.50, -1.99) m, wall time: 11.634 seconds 
[ Info: time: 3394 days, iteration: 244368, Δt: 20 minutes,max|u|: (1.99e+00, 1.60e+00, 6.97e-03) m s⁻¹, extrema(T): (31.36, -1.91) ᵒC, extrema(S): (39.64, 19.53) g/kg, extrema(η): (2.24, -1.88) m, wall time: 11.675 seconds 
[ Info: time: 3395 days, iteration: 244440, Δt: 20 minutes,max|u|: (2.00e+00, 1.52e+00, 6.95e-03) m s⁻¹, extrema(T): (31.42, -1.91) ᵒC, extrema(S): (39.63, 19.53) g/kg, extrema(η): (2.71, -2.88) m, wall time: 16.393 seconds 
[ Info: time: 3396 days, iteration: 244512, Δt: 20 minutes,max|u|: (1.99e+00, 1.53e+00, 6.96e-03) m s⁻¹, extrema(T): (31.35, -1.91) ᵒC, extrema(S): (39.63, 19.55) g/kg, extrema(η): (3.06, -2.91) m, wall time: 11.746 seconds 
[ Info: time: 3397 days, iteration: 244584, Δt: 20 minutes,max|u|: (1.99e+00, 1.73e+00, 6.89e-03) m s⁻¹, extrema(T): (31.28, -1.91) ᵒC, extrema(S): (39.63, 19.44) g/kg, extrema(η): (3.30, -1.98) m, wall time: 11.716 seconds 
[ Info: time: 3398 days, iteration: 244656, Δt: 20 minutes,max|u|: (1.97e+00, 1.53e+00, 6.96e-03) m s⁻¹, extrema(T): (31.21, -1.91) ᵒC, extrema(S): (39.64, 19.45) g/kg, extrema(η): (4.60, -2.03) m, wall time: 11.814 seconds 
[ Info: time: 3399 days, iteration: 244728, Δt: 20 minutes,max|u|: (1.96e+00, 1.53e+00, 6.90e-03) m s⁻¹, extrema(T): (31.29, -1.91) ᵒC, extrema(S): (39.64, 19.48) g/kg, extrema(η): (3.04, -1.99) m, wall time: 11.697 seconds 
[ Info: time: 3400 days, iteration: 244800, Δt: 20 minutes,max|u|: (1.95e+00, 1.53e+00, 6.87e-03) m s⁻¹, extrema(T): (31.21, -1.92) ᵒC, extrema(S): (39.64, 19.37) g/kg, extrema(η): (2.76, -1.94) m, wall time: 11.669 seconds 
[ Info: time: 3401 days, iteration: 244872, Δt: 20 minutes,max|u|: (1.96e+00, 1.51e+00, 6.86e-03) m s⁻¹, extrema(T): (31.19, -1.92) ᵒC, extrema(S): (39.64, 19.35) g/kg, extrema(η): (2.32, -3.15) m, wall time: 11.751 seconds 
[ Info: time: 3402 days, iteration: 244944, Δt: 20 minutes,max|u|: (1.95e+00, 1.70e+00, 6.86e-03) m s⁻¹, extrema(T): (31.22, -1.92) ᵒC, extrema(S): (39.65, 19.56) g/kg, extrema(η): (1.90, -1.99) m, wall time: 11.759 seconds 
[ Info: time: 3403 days, iteration: 245016, Δt: 20 minutes,max|u|: (1.93e+00, 1.49e+00, 6.88e-03) m s⁻¹, extrema(T): (31.29, -1.92) ᵒC, extrema(S): (39.65, 19.49) g/kg, extrema(η): (4.01, -2.12) m, wall time: 11.688 seconds 
[ Info: time: 3404 days, iteration: 245088, Δt: 20 minutes,max|u|: (2.05e+00, 1.53e+00, 6.89e-03) m s⁻¹, extrema(T): (31.28, -1.93) ᵒC, extrema(S): (39.65, 19.67) g/kg, extrema(η): (3.82, -2.00) m, wall time: 11.657 seconds 
[ Info: time: 3405 days, iteration: 245160, Δt: 20 minutes,max|u|: (1.94e+00, 1.51e+00, 6.88e-03) m s⁻¹, extrema(T): (31.29, -1.93) ᵒC, extrema(S): (39.65, 19.60) g/kg, extrema(η): (1.28, -2.12) m, wall time: 11.694 seconds 
[ Info: time: 3406 days, iteration: 245232, Δt: 20 minutes,max|u|: (1.92e+00, 1.46e+00, 6.88e-03) m s⁻¹, extrema(T): (31.24, -1.93) ᵒC, extrema(S): (39.64, 19.66) g/kg, extrema(η): (1.43, -3.83) m, wall time: 11.820 seconds 
[ Info: time: 3407 days, iteration: 245304, Δt: 20 minutes,max|u|: (1.88e+00, 1.60e+00, 6.93e-03) m s⁻¹, extrema(T): (31.25, -1.93) ᵒC, extrema(S): (39.63, 19.62) g/kg, extrema(η): (1.34, -2.12) m, wall time: 16.327 seconds 
[ Info: time: 3408 days, iteration: 245376, Δt: 20 minutes,max|u|: (1.91e+00, 1.46e+00, 6.91e-03) m s⁻¹, extrema(T): (31.26, -1.93) ᵒC, extrema(S): (39.64, 19.57) g/kg, extrema(η): (3.76, -2.14) m, wall time: 11.747 seconds 
[ Info: time: 3409 days, iteration: 245448, Δt: 20 minutes,max|u|: (1.88e+00, 1.46e+00, 6.93e-03) m s⁻¹, extrema(T): (31.32, -1.92) ᵒC, extrema(S): (39.64, 19.58) g/kg, extrema(η): (3.77, -2.26) m, wall time: 11.745 seconds 
[ Info: time: 3410 days, iteration: 245520, Δt: 20 minutes,max|u|: (1.82e+00, 1.67e+00, 6.90e-03) m s⁻¹, extrema(T): (31.32, -1.93) ᵒC, extrema(S): (39.64, 19.46) g/kg, extrema(η): (1.39, -2.19) m, wall time: 11.721 seconds 
[ Info: time: 3411 days, iteration: 245592, Δt: 20 minutes,max|u|: (1.77e+00, 1.47e+00, 6.90e-03) m s⁻¹, extrema(T): (31.34, -1.91) ᵒC, extrema(S): (39.64, 19.57) g/kg, extrema(η): (1.38, -3.87) m, wall time: 11.637 seconds 
[ Info: time: 3412 days, iteration: 245664, Δt: 20 minutes,max|u|: (1.75e+00, 1.51e+00, 6.91e-03) m s⁻¹, extrema(T): (31.34, -1.92) ᵒC, extrema(S): (39.65, 19.57) g/kg, extrema(η): (1.30, -2.05) m, wall time: 11.743 seconds 
[ Info: time: 3413 days, iteration: 245736, Δt: 20 minutes,max|u|: (1.85e+00, 1.48e+00, 6.88e-03) m s⁻¹, extrema(T): (31.33, -1.92) ᵒC, extrema(S): (39.65, 19.63) g/kg, extrema(η): (2.55, -2.03) m, wall time: 11.737 seconds 
[ Info: time: 3414 days, iteration: 245808, Δt: 20 minutes,max|u|: (1.91e+00, 1.47e+00, 6.91e-03) m s⁻¹, extrema(T): (31.33, -1.90) ᵒC, extrema(S): (39.65, 18.93) g/kg, extrema(η): (4.01, -1.96) m, wall time: 11.739 seconds 
[ Info: time: 3415 days, iteration: 245880, Δt: 20 minutes,max|u|: (2.14e+00, 1.64e+00, 6.90e-03) m s⁻¹, extrema(T): (31.32, -1.92) ᵒC, extrema(S): (39.65, 17.82) g/kg, extrema(η): (1.37, -2.05) m, wall time: 11.731 seconds 
[ Info: time: 3416 days, iteration: 245952, Δt: 20 minutes,max|u|: (2.17e+00, 1.90e+00, 6.93e-03) m s⁻¹, extrema(T): (31.33, -1.91) ᵒC, extrema(S): (39.64, 17.19) g/kg, extrema(η): (1.55, -3.72) m, wall time: 11.793 seconds 
[ Info: time: 3417 days, iteration: 246024, Δt: 20 minutes,max|u|: (2.37e+00, 1.46e+00, 6.98e-03) m s⁻¹, extrema(T): (31.36, -1.90) ᵒC, extrema(S): (39.64, 17.03) g/kg, extrema(η): (1.96, -2.95) m, wall time: 11.712 seconds 
[ Info: time: 3418 days, iteration: 246096, Δt: 20 minutes,max|u|: (2.52e+00, 1.76e+00, 6.98e-03) m s⁻¹, extrema(T): (31.39, -1.90) ᵒC, extrema(S): (39.64, 16.64) g/kg, extrema(η): (2.49, -2.16) m, wall time: 11.680 seconds 
[ Info: time: 3419 days, iteration: 246168, Δt: 20 minutes,max|u|: (2.27e+00, 1.44e+00, 7.00e-03) m s⁻¹, extrema(T): (31.35, -1.89) ᵒC, extrema(S): (39.65, 16.79) g/kg, extrema(η): (4.16, -2.16) m, wall time: 11.714 seconds 
[ Info: time: 3420 days, iteration: 246240, Δt: 20 minutes,max|u|: (1.77e+00, 1.60e+00, 7.08e-03) m s⁻¹, extrema(T): (31.33, -1.90) ᵒC, extrema(S): (39.65, 16.51) g/kg, extrema(η): (3.16, -2.16) m, wall time: 16.411 seconds 
[ Info: time: 3421 days, iteration: 246312, Δt: 20 minutes,max|u|: (1.68e+00, 1.43e+00, 7.13e-03) m s⁻¹, extrema(T): (31.30, -1.91) ᵒC, extrema(S): (39.65, 16.40) g/kg, extrema(η): (3.24, -3.03) m, wall time: 11.767 seconds 
[ Info: time: 3422 days, iteration: 246384, Δt: 20 minutes,max|u|: (1.58e+00, 1.42e+00, 7.07e-03) m s⁻¹, extrema(T): (31.33, -1.92) ᵒC, extrema(S): (39.65, 16.75) g/kg, extrema(η): (3.22, -3.31) m, wall time: 12.830 seconds 
[ Info: time: 3423 days, iteration: 246456, Δt: 20 minutes,max|u|: (1.96e+00, 1.71e+00, 7.05e-03) m s⁻¹, extrema(T): (31.34, -1.92) ᵒC, extrema(S): (39.66, 16.92) g/kg, extrema(η): (3.07, -2.19) m, wall time: 11.725 seconds 
[ Info: time: 3424 days, iteration: 246528, Δt: 20 minutes,max|u|: (1.57e+00, 1.42e+00, 7.06e-03) m s⁻¹, extrema(T): (31.34, -1.92) ᵒC, extrema(S): (39.66, 16.57) g/kg, extrema(η): (4.30, -1.93) m, wall time: 11.704 seconds 
[ Info: time: 3425 days, iteration: 246600, Δt: 20 minutes,max|u|: (1.54e+00, 1.42e+00, 7.03e-03) m s⁻¹, extrema(T): (31.42, -1.93) ᵒC, extrema(S): (39.66, 16.76) g/kg, extrema(η): (3.01, -2.25) m, wall time: 11.632 seconds 
[ Info: time: 3426 days, iteration: 246672, Δt: 20 minutes,max|u|: (1.69e+00, 1.52e+00, 7.07e-03) m s⁻¹, extrema(T): (31.50, -1.93) ᵒC, extrema(S): (39.66, 17.47) g/kg, extrema(η): (1.84, -2.24) m, wall time: 11.653 seconds 
[ Info: time: 3427 days, iteration: 246744, Δt: 20 minutes,max|u|: (1.63e+00, 1.80e+00, 7.10e-03) m s⁻¹, extrema(T): (31.50, -1.93) ᵒC, extrema(S): (39.67, 17.22) g/kg, extrema(η): (1.38, -3.81) m, wall time: 11.777 seconds 
[ Info: time: 3428 days, iteration: 246816, Δt: 20 minutes,max|u|: (1.53e+00, 1.67e+00, 7.06e-03) m s⁻¹, extrema(T): (31.48, -1.93) ᵒC, extrema(S): (39.67, 16.97) g/kg, extrema(η): (1.20, -2.14) m, wall time: 11.772 seconds 
[ Info: time: 3429 days, iteration: 246888, Δt: 20 minutes,max|u|: (1.49e+00, 1.47e+00, 7.02e-03) m s⁻¹, extrema(T): (31.49, -1.93) ᵒC, extrema(S): (39.67, 17.29) g/kg, extrema(η): (3.77, -2.06) m, wall time: 11.668 seconds 
[ Info: time: 3430 days, iteration: 246960, Δt: 20 minutes,max|u|: (1.58e+00, 1.42e+00, 7.00e-03) m s⁻¹, extrema(T): (31.49, -1.93) ᵒC, extrema(S): (39.67, 17.34) g/kg, extrema(η): (3.68, -1.91) m, wall time: 11.653 seconds 
[ Info: time: 3431 days, iteration: 247032, Δt: 20 minutes,max|u|: (1.67e+00, 1.71e+00, 7.02e-03) m s⁻¹, extrema(T): (31.43, -1.91) ᵒC, extrema(S): (39.67, 18.12) g/kg, extrema(η): (1.23, -2.00) m, wall time: 11.805 seconds 
[ Info: time: 3432 days, iteration: 247104, Δt: 20 minutes,max|u|: (1.73e+00, 1.40e+00, 7.00e-03) m s⁻¹, extrema(T): (31.39, -1.91) ᵒC, extrema(S): (39.67, 18.92) g/kg, extrema(η): (1.21, -3.83) m, wall time: 16.328 seconds 
[ Info: time: 3433 days, iteration: 247176, Δt: 20 minutes,max|u|: (1.57e+00, 1.50e+00, 6.97e-03) m s⁻¹, extrema(T): (31.38, -1.90) ᵒC, extrema(S): (39.67, 18.73) g/kg, extrema(η): (1.18, -2.04) m, wall time: 11.663 seconds 
[ Info: time: 3434 days, iteration: 247248, Δt: 20 minutes,max|u|: (1.58e+00, 1.51e+00, 6.95e-03) m s⁻¹, extrema(T): (31.35, -1.91) ᵒC, extrema(S): (39.68, 18.91) g/kg, extrema(η): (2.87, -2.11) m, wall time: 11.766 seconds 
[ Info: time: 3435 days, iteration: 247320, Δt: 20 minutes,max|u|: (1.40e+00, 1.39e+00, 6.93e-03) m s⁻¹, extrema(T): (31.33, -1.93) ᵒC, extrema(S): (39.68, 19.06) g/kg, extrema(η): (4.23, -2.09) m, wall time: 11.732 seconds 
[ Info: time: 3436 days, iteration: 247392, Δt: 20 minutes,max|u|: (1.57e+00, 1.72e+00, 6.93e-03) m s⁻¹, extrema(T): (31.30, -1.93) ᵒC, extrema(S): (39.68, 19.18) g/kg, extrema(η): (1.48, -2.20) m, wall time: 11.758 seconds 
[ Info: time: 3437 days, iteration: 247464, Δt: 20 minutes,max|u|: (1.43e+00, 1.44e+00, 6.92e-03) m s⁻¹, extrema(T): (31.30, -1.91) ᵒC, extrema(S): (39.68, 18.84) g/kg, extrema(η): (1.56, -3.64) m, wall time: 11.695 seconds 
[ Info: time: 3438 days, iteration: 247536, Δt: 20 minutes,max|u|: (1.59e+00, 1.39e+00, 6.90e-03) m s⁻¹, extrema(T): (31.23, -1.92) ᵒC, extrema(S): (39.69, 18.38) g/kg, extrema(η): (1.40, -2.92) m, wall time: 11.673 seconds 
[ Info: time: 3439 days, iteration: 247608, Δt: 20 minutes,max|u|: (1.40e+00, 1.69e+00, 6.86e-03) m s⁻¹, extrema(T): (31.26, -1.93) ᵒC, extrema(S): (39.69, 17.83) g/kg, extrema(η): (1.84, -2.01) m, wall time: 11.734 seconds 
[ Info: time: 3440 days, iteration: 247680, Δt: 20 minutes,max|u|: (1.40e+00, 1.40e+00, 6.83e-03) m s⁻¹, extrema(T): (31.26, -1.92) ᵒC, extrema(S): (39.69, 17.39) g/kg, extrema(η): (4.36, -2.00) m, wall time: 11.714 seconds 
[ Info: time: 3441 days, iteration: 247752, Δt: 20 minutes,max|u|: (1.42e+00, 1.60e+00, 6.84e-03) m s⁻¹, extrema(T): (31.27, -1.93) ᵒC, extrema(S): (39.69, 16.43) g/kg, extrema(η): (2.10, -2.26) m, wall time: 11.704 seconds 
[ Info: time: 3442 days, iteration: 247824, Δt: 20 minutes,max|u|: (1.47e+00, 1.40e+00, 6.83e-03) m s⁻¹, extrema(T): (31.29, -1.93) ᵒC, extrema(S): (39.70, 16.52) g/kg, extrema(η): (2.61, -2.73) m, wall time: 11.705 seconds 
[ Info: time: 3443 days, iteration: 247896, Δt: 20 minutes,max|u|: (1.47e+00, 1.41e+00, 6.74e-03) m s⁻¹, extrema(T): (31.29, -1.93) ᵒC, extrema(S): (39.70, 16.89) g/kg, extrema(η): (3.18, -3.33) m, wall time: 11.695 seconds 
[ Info: time: 3444 days, iteration: 247968, Δt: 20 minutes,max|u|: (1.54e+00, 1.83e+00, 6.70e-03) m s⁻¹, extrema(T): (31.25, -1.94) ᵒC, extrema(S): (39.70, 16.55) g/kg, extrema(η): (3.46, -2.06) m, wall time: 11.782 seconds 
[ Info: time: 3445 days, iteration: 248040, Δt: 20 minutes,max|u|: (1.74e+00, 1.41e+00, 6.71e-03) m s⁻¹, extrema(T): (31.27, -1.94) ᵒC, extrema(S): (39.70, 16.87) g/kg, extrema(η): (4.40, -2.08) m, wall time: 16.418 seconds 
[ Info: time: 3446 days, iteration: 248112, Δt: 20 minutes,max|u|: (2.14e+00, 1.46e+00, 6.78e-03) m s⁻¹, extrema(T): (31.25, -1.94) ᵒC, extrema(S): (39.71, 16.43) g/kg, extrema(η): (3.45, -2.05) m, wall time: 11.720 seconds 
[ Info: time: 3447 days, iteration: 248184, Δt: 20 minutes,max|u|: (2.31e+00, 1.44e+00, 6.87e-03) m s⁻¹, extrema(T): (31.25, -1.94) ᵒC, extrema(S): (39.71, 16.07) g/kg, extrema(η): (3.25, -2.10) m, wall time: 15.557 seconds 
[ Info: time: 3448 days, iteration: 248256, Δt: 20 minutes,max|u|: (2.17e+00, 1.38e+00, 6.85e-03) m s⁻¹, extrema(T): (31.26, -1.94) ᵒC, extrema(S): (39.71, 15.94) g/kg, extrema(η): (2.94, -3.62) m, wall time: 11.801 seconds 
[ Info: time: 3449 days, iteration: 248328, Δt: 20 minutes,max|u|: (2.11e+00, 1.74e+00, 6.95e-03) m s⁻¹, extrema(T): (31.19, -1.95) ᵒC, extrema(S): (39.72, 16.15) g/kg, extrema(η): (2.57, -2.05) m, wall time: 11.818 seconds 
[ Info: time: 3450 days, iteration: 248400, Δt: 20 minutes,max|u|: (2.00e+00, 1.37e+00, 6.92e-03) m s⁻¹, extrema(T): (31.17, -1.95) ᵒC, extrema(S): (39.72, 15.85) g/kg, extrema(η): (3.78, -1.95) m, wall time: 11.705 seconds 
[ Info: time: 3451 days, iteration: 248472, Δt: 20 minutes,max|u|: (2.12e+00, 1.37e+00, 6.95e-03) m s⁻¹, extrema(T): (31.16, -1.95) ᵒC, extrema(S): (39.73, 15.44) g/kg, extrema(η): (3.77, -2.02) m, wall time: 11.703 seconds 
[ Info: time: 3452 days, iteration: 248544, Δt: 20 minutes,max|u|: (2.49e+00, 1.67e+00, 6.98e-03) m s⁻¹, extrema(T): (31.16, -1.95) ᵒC, extrema(S): (39.72, 15.31) g/kg, extrema(η): (1.29, -2.03) m, wall time: 11.793 seconds 
[ Info: time: 3453 days, iteration: 248616, Δt: 20 minutes,max|u|: (1.74e+00, 1.36e+00, 7.03e-03) m s⁻¹, extrema(T): (31.16, -1.95) ᵒC, extrema(S): (39.73, 15.52) g/kg, extrema(η): (1.28, -3.62) m, wall time: 12.876 seconds 
[ Info: time: 3454 days, iteration: 248688, Δt: 20 minutes,max|u|: (1.83e+00, 1.60e+00, 6.95e-03) m s⁻¹, extrema(T): (31.13, -1.95) ᵒC, extrema(S): (39.73, 16.48) g/kg, extrema(η): (1.30, -2.02) m, wall time: 11.794 seconds 
[ Info: time: 3455 days, iteration: 248760, Δt: 20 minutes,max|u|: (2.32e+00, 1.41e+00, 6.83e-03) m s⁻¹, extrema(T): (31.07, -1.95) ᵒC, extrema(S): (39.74, 15.75) g/kg, extrema(η): (2.98, -2.06) m, wall time: 11.741 seconds 
[ Info: time: 3456 days, iteration: 248832, Δt: 20 minutes,max|u|: (2.22e+00, 1.41e+00, 6.85e-03) m s⁻¹, extrema(T): (30.93, -1.95) ᵒC, extrema(S): (39.73, 15.14) g/kg, extrema(η): (4.32, -2.18) m, wall time: 11.716 seconds 
[ Info: time: 3457 days, iteration: 248904, Δt: 20 minutes,max|u|: (2.42e+00, 2.13e+00, 6.91e-03) m s⁻¹, extrema(T): (30.89, -1.95) ᵒC, extrema(S): (39.74, 15.77) g/kg, extrema(η): (1.40, -2.24) m, wall time: 16.357 seconds 
[ Info: time: 3458 days, iteration: 248976, Δt: 20 minutes,max|u|: (2.35e+00, 1.41e+00, 6.91e-03) m s⁻¹, extrema(T): (30.88, -1.95) ᵒC, extrema(S): (39.74, 16.36) g/kg, extrema(η): (1.49, -3.44) m, wall time: 11.713 seconds 
[ Info: time: 3459 days, iteration: 249048, Δt: 20 minutes,max|u|: (1.81e+00, 1.51e+00, 7.00e-03) m s⁻¹, extrema(T): (31.00, -1.94) ᵒC, extrema(S): (39.74, 16.20) g/kg, extrema(η): (1.51, -2.62) m, wall time: 11.751 seconds 
[ Info: time: 3460 days, iteration: 249120, Δt: 20 minutes,max|u|: (1.67e+00, 1.70e+00, 7.01e-03) m s⁻¹, extrema(T): (30.98, -1.93) ᵒC, extrema(S): (39.74, 15.77) g/kg, extrema(η): (2.00, -2.21) m, wall time: 11.760 seconds 
[ Info: time: 3461 days, iteration: 249192, Δt: 20 minutes,max|u|: (1.56e+00, 1.46e+00, 6.97e-03) m s⁻¹, extrema(T): (30.96, -1.94) ᵒC, extrema(S): (39.74, 15.87) g/kg, extrema(η): (4.26, -2.12) m, wall time: 11.729 seconds 
[ Info: time: 3462 days, iteration: 249264, Δt: 20 minutes,max|u|: (1.77e+00, 1.60e+00, 6.92e-03) m s⁻¹, extrema(T): (31.06, -1.94) ᵒC, extrema(S): (39.74, 15.43) g/kg, extrema(η): (1.67, -2.14) m, wall time: 11.691 seconds 
[ Info: time: 3463 days, iteration: 249336, Δt: 20 minutes,max|u|: (1.90e+00, 1.46e+00, 6.83e-03) m s⁻¹, extrema(T): (31.10, -1.93) ᵒC, extrema(S): (39.75, 14.97) g/kg, extrema(η): (1.58, -2.87) m, wall time: 11.732 seconds 
[ Info: time: 3464 days, iteration: 249408, Δt: 20 minutes,max|u|: (2.11e+00, 1.47e+00, 6.81e-03) m s⁻¹, extrema(T): (31.24, -1.92) ᵒC, extrema(S): (39.75, 14.46) g/kg, extrema(η): (1.75, -3.39) m, wall time: 11.741 seconds 
[ Info: time: 3465 days, iteration: 249480, Δt: 20 minutes,max|u|: (1.87e+00, 1.82e+00, 6.82e-03) m s⁻¹, extrema(T): (31.19, -1.93) ᵒC, extrema(S): (39.76, 14.24) g/kg, extrema(η): (2.28, -2.08) m, wall time: 11.707 seconds 
[ Info: time: 3466 days, iteration: 249552, Δt: 20 minutes,max|u|: (1.69e+00, 1.48e+00, 6.84e-03) m s⁻¹, extrema(T): (31.21, -1.93) ᵒC, extrema(S): (39.76, 13.87) g/kg, extrema(η): (4.45, -2.21) m, wall time: 11.803 seconds 
[ Info: time: 3467 days, iteration: 249624, Δt: 20 minutes,max|u|: (1.74e+00, 1.47e+00, 6.89e-03) m s⁻¹, extrema(T): (31.21, -1.91) ᵒC, extrema(S): (39.76, 13.69) g/kg, extrema(η): (3.20, -2.25) m, wall time: 11.738 seconds 
[ Info: time: 3468 days, iteration: 249696, Δt: 20 minutes,max|u|: (1.65e+00, 1.46e+00, 6.85e-03) m s⁻¹, extrema(T): (31.27, -1.91) ᵒC, extrema(S): (39.76, 13.79) g/kg, extrema(η): (3.33, -2.28) m, wall time: 11.714 seconds 
[ Info: time: 3469 days, iteration: 249768, Δt: 20 minutes,max|u|: (1.87e+00, 1.45e+00, 6.85e-03) m s⁻¹, extrema(T): (31.14, -1.91) ᵒC, extrema(S): (39.77, 13.85) g/kg, extrema(η): (3.46, -3.56) m, wall time: 16.349 seconds 
[ Info: time: 3470 days, iteration: 249840, Δt: 20 minutes,max|u|: (2.05e+00, 1.81e+00, 6.90e-03) m s⁻¹, extrema(T): (31.02, -1.91) ᵒC, extrema(S): (39.77, 15.97) g/kg, extrema(η): (3.47, -2.31) m, wall time: 11.787 seconds 
[ Info: time: 3471 days, iteration: 249912, Δt: 20 minutes,max|u|: (1.81e+00, 1.44e+00, 6.92e-03) m s⁻¹, extrema(T): (31.03, -1.92) ᵒC, extrema(S): (39.77, 15.26) g/kg, extrema(η): (3.89, -2.23) m, wall time: 11.688 seconds 
[ Info: time: 3472 days, iteration: 249984, Δt: 20 minutes,max|u|: (2.33e+00, 1.42e+00, 6.90e-03) m s⁻¹, extrema(T): (31.03, -1.92) ᵒC, extrema(S): (39.77, 14.64) g/kg, extrema(η): (3.86, -2.07) m, wall time: 11.693 seconds 
[ Info: time: 3473 days, iteration: 250056, Δt: 20 minutes,max|u|: (2.29e+00, 1.64e+00, 6.94e-03) m s⁻¹, extrema(T): (31.08, -1.93) ᵒC, extrema(S): (39.78, 14.17) g/kg, extrema(η): (2.57, -2.11) m, wall time: 11.770 seconds 
[ Info: time: 3474 days, iteration: 250128, Δt: 20 minutes,max|u|: (2.00e+00, 1.41e+00, 6.93e-03) m s⁻¹, extrema(T): (31.28, -1.93) ᵒC, extrema(S): (39.78, 14.96) g/kg, extrema(η): (2.16, -3.68) m, wall time: 11.787 seconds 
[ Info: time: 3475 days, iteration: 250200, Δt: 20 minutes,max|u|: (2.16e+00, 1.65e+00, 7.01e-03) m s⁻¹, extrema(T): (31.20, -1.93) ᵒC, extrema(S): (39.78, 14.59) g/kg, extrema(η): (1.78, -2.19) m, wall time: 11.746 seconds 
[ Info: time: 3476 days, iteration: 250272, Δt: 20 minutes,max|u|: (2.69e+00, 1.50e+00, 7.05e-03) m s⁻¹, extrema(T): (31.11, -1.94) ᵒC, extrema(S): (39.78, 14.23) g/kg, extrema(η): (3.24, -2.13) m, wall time: 11.695 seconds 
[ Info: time: 3477 days, iteration: 250344, Δt: 20 minutes,max|u|: (2.27e+00, 1.41e+00, 7.16e-03) m s⁻¹, extrema(T): (31.31, -1.94) ᵒC, extrema(S): (39.79, 15.51) g/kg, extrema(η): (4.26, -2.12) m, wall time: 11.705 seconds 
[ Info: time: 3478 days, iteration: 250416, Δt: 20 minutes,max|u|: (2.19e+00, 1.67e+00, 7.18e-03) m s⁻¹, extrema(T): (31.66, -1.95) ᵒC, extrema(S): (39.79, 15.32) g/kg, extrema(η): (1.75, -2.22) m, wall time: 11.783 seconds 
[ Info: time: 3479 days, iteration: 250488, Δt: 20 minutes,max|u|: (2.33e+00, 1.41e+00, 7.21e-03) m s⁻¹, extrema(T): (31.59, -1.95) ᵒC, extrema(S): (39.79, 14.75) g/kg, extrema(η): (1.37, -3.47) m, wall time: 11.762 seconds 
[ Info: time: 3480 days, iteration: 250560, Δt: 20 minutes,max|u|: (2.69e+00, 1.42e+00, 7.11e-03) m s⁻¹, extrema(T): (31.66, -1.95) ᵒC, extrema(S): (39.79, 14.24) g/kg, extrema(η): (1.27, -2.39) m, wall time: 11.752 seconds 
[ Info: time: 3481 days, iteration: 250632, Δt: 20 minutes,max|u|: (1.88e+00, 1.64e+00, 7.06e-03) m s⁻¹, extrema(T): (31.62, -1.95) ᵒC, extrema(S): (39.79, 15.38) g/kg, extrema(η): (1.99, -2.18) m, wall time: 11.752 seconds 
[ Info: time: 3482 days, iteration: 250704, Δt: 20 minutes,max|u|: (1.84e+00, 1.45e+00, 7.04e-03) m s⁻¹, extrema(T): (31.51, -1.95) ᵒC, extrema(S): (39.80, 15.28) g/kg, extrema(η): (4.38, -2.12) m, wall time: 16.418 seconds 
[ Info: time: 3483 days, iteration: 250776, Δt: 20 minutes,max|u|: (1.79e+00, 1.56e+00, 7.07e-03) m s⁻¹, extrema(T): (31.61, -1.95) ᵒC, extrema(S): (39.80, 15.51) g/kg, extrema(η): (1.83, -2.24) m, wall time: 11.724 seconds 
[ Info: time: 3484 days, iteration: 250848, Δt: 20 minutes,max|u|: (1.79e+00, 1.47e+00, 7.10e-03) m s⁻¹, extrema(T): (31.71, -1.95) ᵒC, extrema(S): (39.80, 14.60) g/kg, extrema(η): (1.47, -2.84) m, wall time: 12.872 seconds 
[ Info: time: 3485 days, iteration: 250920, Δt: 20 minutes,max|u|: (2.27e+00, 1.71e+00, 7.04e-03) m s⁻¹, extrema(T): (31.70, -1.95) ᵒC, extrema(S): (39.80, 15.90) g/kg, extrema(η): (1.51, -3.65) m, wall time: 11.736 seconds 
[ Info: time: 3486 days, iteration: 250992, Δt: 20 minutes,max|u|: (1.63e+00, 1.75e+00, 6.98e-03) m s⁻¹, extrema(T): (31.69, -1.94) ᵒC, extrema(S): (39.81, 16.53) g/kg, extrema(η): (1.51, -2.13) m, wall time: 11.730 seconds 
[ Info: time: 3487 days, iteration: 251064, Δt: 20 minutes,max|u|: (1.63e+00, 1.48e+00, 6.89e-03) m s⁻¹, extrema(T): (31.78, -1.93) ᵒC, extrema(S): (39.81, 15.57) g/kg, extrema(η): (4.13, -2.08) m, wall time: 11.710 seconds 
[ Info: time: 3488 days, iteration: 251136, Δt: 20 minutes,max|u|: (1.86e+00, 1.48e+00, 6.87e-03) m s⁻¹, extrema(T): (32.10, -1.93) ᵒC, extrema(S): (39.81, 16.33) g/kg, extrema(η): (2.87, -1.92) m, wall time: 11.705 seconds 
[ Info: time: 3489 days, iteration: 251208, Δt: 20 minutes,max|u|: (2.08e+00, 1.54e+00, 6.83e-03) m s⁻¹, extrema(T): (32.24, -1.94) ᵒC, extrema(S): (39.81, 16.67) g/kg, extrema(η): (1.93, -2.09) m, wall time: 11.708 seconds 
[ Info: time: 3490 days, iteration: 251280, Δt: 20 minutes,max|u|: (1.83e+00, 1.47e+00, 6.85e-03) m s⁻¹, extrema(T): (32.21, -1.94) ᵒC, extrema(S): (39.81, 15.68) g/kg, extrema(η): (2.45, -3.92) m, wall time: 11.714 seconds 
[ Info: time: 3491 days, iteration: 251352, Δt: 20 minutes,max|u|: (1.92e+00, 1.73e+00, 6.79e-03) m s⁻¹, extrema(T): (32.20, -1.94) ᵒC, extrema(S): (39.82, 15.22) g/kg, extrema(η): (2.80, -2.08) m, wall time: 11.758 seconds 
[ Info: time: 3492 days, iteration: 251424, Δt: 20 minutes,max|u|: (1.85e+00, 1.46e+00, 6.77e-03) m s⁻¹, extrema(T): (32.31, -1.94) ᵒC, extrema(S): (39.81, 14.77) g/kg, extrema(η): (3.61, -2.14) m, wall time: 11.666 seconds 
[ Info: time: 3493 days, iteration: 251496, Δt: 20 minutes,max|u|: (1.65e+00, 1.65e+00, 6.75e-03) m s⁻¹, extrema(T): (32.18, -1.94) ᵒC, extrema(S): (39.82, 14.74) g/kg, extrema(η): (3.75, -2.22) m, wall time: 11.768 seconds 
[ Info: time: 3494 days, iteration: 251568, Δt: 20 minutes,max|u|: (1.92e+00, 1.62e+00, 6.75e-03) m s⁻¹, extrema(T): (32.31, -1.94) ᵒC, extrema(S): (39.83, 14.41) g/kg, extrema(η): (3.23, -2.14) m, wall time: 24.206 seconds 
[ Info: time: 3495 days, iteration: 251640, Δt: 20 minutes,max|u|: (2.26e+00, 1.52e+00, 6.71e-03) m s⁻¹, extrema(T): (32.27, -1.94) ᵒC, extrema(S): (39.83, 13.95) g/kg, extrema(η): (3.22, -3.62) m, wall time: 11.733 seconds 
[ Info: time: 3496 days, iteration: 251712, Δt: 20 minutes,max|u|: (1.93e+00, 1.56e+00, 6.69e-03) m s⁻¹, extrema(T): (32.13, -1.94) ᵒC, extrema(S): (39.83, 13.55) g/kg, extrema(η): (3.07, -2.04) m, wall time: 11.759 seconds 
[ Info: time: 3497 days, iteration: 251784, Δt: 20 minutes,max|u|: (1.65e+00, 1.57e+00, 6.70e-03) m s⁻¹, extrema(T): (32.16, -1.94) ᵒC, extrema(S): (39.83, 13.23) g/kg, extrema(η): (2.89, -2.07) m, wall time: 11.749 seconds 
[ Info: time: 3498 days, iteration: 251856, Δt: 20 minutes,max|u|: (1.57e+00, 1.43e+00, 6.72e-03) m s⁻¹, extrema(T): (32.17, -1.94) ᵒC, extrema(S): (39.83, 13.41) g/kg, extrema(η): (4.40, -2.02) m, wall time: 11.789 seconds 
[ Info: time: 3499 days, iteration: 251928, Δt: 20 minutes,max|u|: (1.58e+00, 1.70e+00, 6.77e-03) m s⁻¹, extrema(T): (32.08, -1.95) ᵒC, extrema(S): (39.83, 13.73) g/kg, extrema(η): (2.07, -2.02) m, wall time: 11.750 seconds 
[ Info: time: 3500 days, iteration: 252000, Δt: 20 minutes,max|u|: (1.59e+00, 1.56e+00, 6.76e-03) m s⁻¹, extrema(T): (32.07, -1.95) ᵒC, extrema(S): (39.83, 13.73) g/kg, extrema(η): (1.72, -2.95) m, wall time: 11.673 seconds 
[ Info: time: 3501 days, iteration: 252072, Δt: 20 minutes,max|u|: (1.56e+00, 1.62e+00, 6.77e-03) m s⁻¹, extrema(T): (32.03, -1.94) ᵒC, extrema(S): (39.84, 13.89) g/kg, extrema(η): (1.68, -2.79) m, wall time: 11.676 seconds 
[ Info: time: 3502 days, iteration: 252144, Δt: 20 minutes,max|u|: (1.64e+00, 1.71e+00, 6.71e-03) m s⁻¹, extrema(T): (31.96, -1.94) ᵒC, extrema(S): (39.84, 14.29) g/kg, extrema(η): (1.51, -2.18) m, wall time: 11.694 seconds 
[ Info: time: 3503 days, iteration: 252216, Δt: 20 minutes,max|u|: (1.48e+00, 1.64e+00, 6.78e-03) m s⁻¹, extrema(T): (31.80, -1.94) ᵒC, extrema(S): (39.85, 14.71) g/kg, extrema(η): (4.50, -2.13) m, wall time: 11.736 seconds 
[ Info: time: 3504 days, iteration: 252288, Δt: 20 minutes,max|u|: (1.54e+00, 1.63e+00, 6.87e-03) m s⁻¹, extrema(T): (31.73, -1.94) ᵒC, extrema(S): (39.85, 14.38) g/kg, extrema(η): (2.54, -2.19) m, wall time: 11.825 seconds 
[ Info: time: 3505 days, iteration: 252360, Δt: 20 minutes,max|u|: (1.64e+00, 1.61e+00, 6.87e-03) m s⁻¹, extrema(T): (31.78, -1.95) ᵒC, extrema(S): (39.86, 13.80) g/kg, extrema(η): (1.49, -2.18) m, wall time: 11.767 seconds 
[ Info: time: 3506 days, iteration: 252432, Δt: 20 minutes,max|u|: (1.71e+00, 1.60e+00, 6.78e-03) m s⁻¹, extrema(T): (31.80, -1.95) ᵒC, extrema(S): (39.86, 13.81) g/kg, extrema(η): (1.36, -3.50) m, wall time: 16.390 seconds 
[ Info: time: 3507 days, iteration: 252504, Δt: 20 minutes,max|u|: (1.61e+00, 1.78e+00, 6.75e-03) m s⁻¹, extrema(T): (31.59, -1.95) ᵒC, extrema(S): (39.86, 14.52) g/kg, extrema(η): (1.36, -2.15) m, wall time: 11.729 seconds 
[ Info: time: 3508 days, iteration: 252576, Δt: 20 minutes,max|u|: (1.70e+00, 1.53e+00, 6.69e-03) m s⁻¹, extrema(T): (31.52, -1.95) ᵒC, extrema(S): (39.87, 14.14) g/kg, extrema(η): (4.00, -1.94) m, wall time: 11.691 seconds 
[ Info: time: 3509 days, iteration: 252648, Δt: 20 minutes,max|u|: (1.84e+00, 1.53e+00, 6.69e-03) m s⁻¹, extrema(T): (31.55, -1.95) ᵒC, extrema(S): (39.86, 15.29) g/kg, extrema(η): (3.35, -1.90) m, wall time: 11.755 seconds 
[ Info: time: 3510 days, iteration: 252720, Δt: 20 minutes,max|u|: (1.85e+00, 1.66e+00, 6.76e-03) m s⁻¹, extrema(T): (31.61, -1.95) ᵒC, extrema(S): (39.86, 15.14) g/kg, extrema(η): (1.62, -2.00) m, wall time: 11.786 seconds 
[ Info: time: 3511 days, iteration: 252792, Δt: 20 minutes,max|u|: (1.58e+00, 1.86e+00, 6.83e-03) m s⁻¹, extrema(T): (31.60, -1.95) ᵒC, extrema(S): (39.86, 14.74) g/kg, extrema(η): (1.57, -3.86) m, wall time: 11.761 seconds 
[ Info: time: 3512 days, iteration: 252864, Δt: 20 minutes,max|u|: (1.95e+00, 1.71e+00, 6.91e-03) m s⁻¹, extrema(T): (31.49, -1.95) ᵒC, extrema(S): (39.86, 14.65) g/kg, extrema(η): (1.45, -2.09) m, wall time: 11.760 seconds 
[ Info: time: 3513 days, iteration: 252936, Δt: 20 minutes,max|u|: (1.69e+00, 1.46e+00, 6.93e-03) m s⁻¹, extrema(T): (31.44, -1.95) ᵒC, extrema(S): (39.86, 14.85) g/kg, extrema(η): (3.47, -2.07) m, wall time: 11.736 seconds 
[ Info: time: 3514 days, iteration: 253008, Δt: 20 minutes,max|u|: (2.37e+00, 1.43e+00, 6.96e-03) m s⁻¹, extrema(T): (31.44, -1.95) ᵒC, extrema(S): (39.86, 14.96) g/kg, extrema(η): (3.98, -2.18) m, wall time: 11.767 seconds 
[ Info: time: 3515 days, iteration: 253080, Δt: 20 minutes,max|u|: (2.25e+00, 1.63e+00, 6.93e-03) m s⁻¹, extrema(T): (31.46, -1.95) ᵒC, extrema(S): (39.87, 14.46) g/kg, extrema(η): (2.03, -2.23) m, wall time: 12.481 seconds 
[ Info: time: 3516 days, iteration: 253152, Δt: 20 minutes,max|u|: (2.28e+00, 1.41e+00, 6.92e-03) m s⁻¹, extrema(T): (31.50, -1.95) ᵒC, extrema(S): (39.86, 14.95) g/kg, extrema(η): (2.54, -3.38) m, wall time: 11.701 seconds 
[ Info: time: 3517 days, iteration: 253224, Δt: 20 minutes,max|u|: (2.01e+00, 1.46e+00, 6.90e-03) m s⁻¹, extrema(T): (31.50, -1.95) ᵒC, extrema(S): (39.87, 15.33) g/kg, extrema(η): (2.89, -2.32) m, wall time: 11.739 seconds 
[ Info: time: 3518 days, iteration: 253296, Δt: 20 minutes,max|u|: (2.37e+00, 1.74e+00, 6.92e-03) m s⁻¹, extrema(T): (31.39, -1.95) ᵒC, extrema(S): (39.87, 15.63) g/kg, extrema(η): (3.23, -1.98) m, wall time: 11.695 seconds 
[ Info: time: 3519 days, iteration: 253368, Δt: 20 minutes,max|u|: (2.05e+00, 1.52e+00, 6.95e-03) m s⁻¹, extrema(T): (31.35, -1.95) ᵒC, extrema(S): (39.87, 14.79) g/kg, extrema(η): (4.41, -2.15) m, wall time: 16.403 seconds 
[ Info: time: 3520 days, iteration: 253440, Δt: 20 minutes,max|u|: (2.10e+00, 1.67e+00, 7.05e-03) m s⁻¹, extrema(T): (31.38, -1.95) ᵒC, extrema(S): (39.87, 14.31) g/kg, extrema(η): (3.27, -2.00) m, wall time: 11.797 seconds 
[ Info: time: 3521 days, iteration: 253512, Δt: 20 minutes,max|u|: (2.87e+00, 1.44e+00, 7.03e-03) m s⁻¹, extrema(T): (31.39, -1.96) ᵒC, extrema(S): (39.87, 13.93) g/kg, extrema(η): (3.20, -3.18) m, wall time: 11.694 seconds 
[ Info: time: 3522 days, iteration: 253584, Δt: 20 minutes,max|u|: (2.05e+00, 1.44e+00, 7.12e-03) m s⁻¹, extrema(T): (31.40, -1.96) ᵒC, extrema(S): (39.87, 13.55) g/kg, extrema(η): (3.04, -3.09) m, wall time: 11.622 seconds 
[ Info: time: 3523 days, iteration: 253656, Δt: 20 minutes,max|u|: (2.07e+00, 1.77e+00, 7.19e-03) m s⁻¹, extrema(T): (31.43, -1.96) ᵒC, extrema(S): (39.87, 14.80) g/kg, extrema(η): (2.80, -1.98) m, wall time: 11.681 seconds 
[ Info: time: 3524 days, iteration: 253728, Δt: 20 minutes,max|u|: (2.26e+00, 1.57e+00, 7.29e-03) m s⁻¹, extrema(T): (31.43, -1.96) ᵒC, extrema(S): (39.87, 14.87) g/kg, extrema(η): (4.52, -2.02) m, wall time: 11.770 seconds 
[ Info: time: 3525 days, iteration: 253800, Δt: 20 minutes,max|u|: (2.24e+00, 1.89e+00, 7.23e-03) m s⁻¹, extrema(T): (31.41, -1.96) ᵒC, extrema(S): (39.87, 15.00) g/kg, extrema(η): (2.75, -2.17) m, wall time: 11.708 seconds 
[ Info: time: 3526 days, iteration: 253872, Δt: 20 minutes,max|u|: (2.09e+00, 1.48e+00, 7.13e-03) m s⁻¹, extrema(T): (31.39, -1.96) ᵒC, extrema(S): (39.88, 15.39) g/kg, extrema(η): (1.73, -2.29) m, wall time: 11.743 seconds 
[ Info: time: 3527 days, iteration: 253944, Δt: 20 minutes,max|u|: (1.88e+00, 2.56e+00, 7.07e-03) m s⁻¹, extrema(T): (31.40, -1.96) ᵒC, extrema(S): (39.88, 14.73) g/kg, extrema(η): (1.36, -3.73) m, wall time: 11.760 seconds 
[ Info: time: 3528 days, iteration: 254016, Δt: 20 minutes,max|u|: (1.96e+00, 1.76e+00, 7.02e-03) m s⁻¹, extrema(T): (31.41, -1.96) ᵒC, extrema(S): (39.88, 14.15) g/kg, extrema(η): (1.32, -1.93) m, wall time: 11.718 seconds 
[ Info: time: 3529 days, iteration: 254088, Δt: 20 minutes,max|u|: (2.16e+00, 1.76e+00, 7.04e-03) m s⁻¹, extrema(T): (31.43, -1.96) ᵒC, extrema(S): (39.88, 13.82) g/kg, extrema(η): (4.14, -2.02) m, wall time: 11.714 seconds 
[ Info: time: 3530 days, iteration: 254160, Δt: 20 minutes,max|u|: (2.27e+00, 1.40e+00, 7.04e-03) m s⁻¹, extrema(T): (31.45, -1.95) ᵒC, extrema(S): (39.88, 14.28) g/kg, extrema(η): (3.36, -2.09) m, wall time: 11.714 seconds 
[ Info: time: 3531 days, iteration: 254232, Δt: 20 minutes,max|u|: (2.32e+00, 1.60e+00, 7.02e-03) m s⁻¹, extrema(T): (31.46, -1.94) ᵒC, extrema(S): (39.88, 15.10) g/kg, extrema(η): (1.37, -2.15) m, wall time: 16.402 seconds 
[ Info: time: 3532 days, iteration: 254304, Δt: 20 minutes,max|u|: (2.17e+00, 1.62e+00, 7.04e-03) m s⁻¹, extrema(T): (31.46, -1.95) ᵒC, extrema(S): (39.89, 14.48) g/kg, extrema(η): (1.36, -3.83) m, wall time: 11.706 seconds 
[ Info: time: 3533 days, iteration: 254376, Δt: 20 minutes,max|u|: (2.18e+00, 1.61e+00, 7.06e-03) m s⁻¹, extrema(T): (31.44, -1.95) ᵒC, extrema(S): (39.88, 14.12) g/kg, extrema(η): (1.28, -2.40) m, wall time: 11.680 seconds 
[ Info: time: 3534 days, iteration: 254448, Δt: 20 minutes,max|u|: (2.31e+00, 1.96e+00, 7.01e-03) m s⁻¹, extrema(T): (31.43, -1.95) ᵒC, extrema(S): (39.89, 13.86) g/kg, extrema(η): (3.20, -2.26) m, wall time: 11.846 seconds 
[ Info: time: 3535 days, iteration: 254520, Δt: 20 minutes,max|u|: (2.06e+00, 1.66e+00, 6.96e-03) m s⁻¹, extrema(T): (31.42, -1.95) ᵒC, extrema(S): (39.88, 13.67) g/kg, extrema(η): (4.08, -2.31) m, wall time: 11.795 seconds 
[ Info: time: 3536 days, iteration: 254592, Δt: 20 minutes,max|u|: (1.91e+00, 1.77e+00, 6.91e-03) m s⁻¹, extrema(T): (31.40, -1.95) ᵒC, extrema(S): (39.88, 14.71) g/kg, extrema(η): (1.31, -2.22) m, wall time: 11.735 seconds 
[ Info: time: 3537 days, iteration: 254664, Δt: 20 minutes,max|u|: (2.09e+00, 1.47e+00, 6.89e-03) m s⁻¹, extrema(T): (31.38, -1.95) ᵒC, extrema(S): (39.89, 15.48) g/kg, extrema(η): (1.30, -3.55) m, wall time: 11.737 seconds 
[ Info: time: 3538 days, iteration: 254736, Δt: 20 minutes,max|u|: (2.38e+00, 1.49e+00, 6.85e-03) m s⁻¹, extrema(T): (31.37, -1.95) ᵒC, extrema(S): (39.88, 15.06) g/kg, extrema(η): (1.38, -2.34) m, wall time: 11.732 seconds 
[ Info: time: 3539 days, iteration: 254808, Δt: 20 minutes,max|u|: (2.45e+00, 1.69e+00, 6.84e-03) m s⁻¹, extrema(T): (31.37, -1.95) ᵒC, extrema(S): (39.89, 14.60) g/kg, extrema(η): (2.18, -2.13) m, wall time: 11.672 seconds 
[ Info: time: 3540 days, iteration: 254880, Δt: 20 minutes,max|u|: (2.43e+00, 1.49e+00, 6.83e-03) m s⁻¹, extrema(T): (31.36, -1.95) ᵒC, extrema(S): (39.89, 15.35) g/kg, extrema(η): (4.41, -2.20) m, wall time: 11.705 seconds 
[ Info: time: 3541 days, iteration: 254952, Δt: 20 minutes,max|u|: (2.28e+00, 1.59e+00, 6.80e-03) m s⁻¹, extrema(T): (31.34, -1.95) ᵒC, extrema(S): (39.90, 15.04) g/kg, extrema(η): (2.50, -2.14) m, wall time: 11.774 seconds 
[ Info: time: 3542 days, iteration: 255024, Δt: 20 minutes,max|u|: (1.98e+00, 1.44e+00, 6.80e-03) m s⁻¹, extrema(T): (31.27, -1.96) ᵒC, extrema(S): (39.91, 14.44) g/kg, extrema(η): (2.90, -2.37) m, wall time: 11.747 seconds 
[ Info: time: 3543 days, iteration: 255096, Δt: 20 minutes,max|u|: (1.96e+00, 1.49e+00, 6.81e-03) m s⁻¹, extrema(T): (31.21, -1.96) ᵒC, extrema(S): (39.89, 14.32) g/kg, extrema(η): (3.24, -2.96) m, wall time: 11.753 seconds 
[ Info: time: 3544 days, iteration: 255168, Δt: 20 minutes,max|u|: (2.35e+00, 1.66e+00, 6.84e-03) m s⁻¹, extrema(T): (31.18, -1.96) ᵒC, extrema(S): (39.89, 13.73) g/kg, extrema(η): (3.43, -2.13) m, wall time: 16.429 seconds 
[ Info: time: 3545 days, iteration: 255240, Δt: 20 minutes,max|u|: (2.33e+00, 1.58e+00, 6.82e-03) m s⁻¹, extrema(T): (31.16, -1.96) ᵒC, extrema(S): (39.90, 13.21) g/kg, extrema(η): (4.16, -2.02) m, wall time: 11.740 seconds 
[ Info: time: 3546 days, iteration: 255312, Δt: 20 minutes,max|u|: (2.62e+00, 1.49e+00, 6.79e-03) m s⁻¹, extrema(T): (31.15, -1.96) ᵒC, extrema(S): (39.90, 14.02) g/kg, extrema(η): (3.43, -2.11) m, wall time: 16.501 seconds 
[ Info: time: 3547 days, iteration: 255384, Δt: 20 minutes,max|u|: (2.58e+00, 1.82e+00, 6.74e-03) m s⁻¹, extrema(T): (31.12, -1.96) ᵒC, extrema(S): (39.90, 15.29) g/kg, extrema(η): (3.29, -2.24) m, wall time: 11.690 seconds 
[ Info: time: 3548 days, iteration: 255456, Δt: 20 minutes,max|u|: (2.33e+00, 1.80e+00, 6.71e-03) m s⁻¹, extrema(T): (31.11, -1.97) ᵒC, extrema(S): (39.89, 15.45) g/kg, extrema(η): (3.05, -3.25) m, wall time: 11.780 seconds 
[ Info: time: 3549 days, iteration: 255528, Δt: 20 minutes,max|u|: (2.21e+00, 1.52e+00, 6.65e-03) m s⁻¹, extrema(T): (31.07, -1.97) ᵒC, extrema(S): (39.89, 14.83) g/kg, extrema(η): (2.72, -2.32) m, wall time: 11.722 seconds 
[ Info: time: 3550 days, iteration: 255600, Δt: 20 minutes,max|u|: (2.34e+00, 1.55e+00, 6.69e-03) m s⁻¹, extrema(T): (31.05, -1.97) ᵒC, extrema(S): (39.89, 14.26) g/kg, extrema(η): (3.53, -2.21) m, wall time: 11.720 seconds 
[ Info: time: 3551 days, iteration: 255672, Δt: 20 minutes,max|u|: (2.47e+00, 1.65e+00, 6.74e-03) m s⁻¹, extrema(T): (31.03, -1.96) ᵒC, extrema(S): (39.89, 13.84) g/kg, extrema(η): (4.47, -2.07) m, wall time: 11.768 seconds 
[ Info: time: 3552 days, iteration: 255744, Δt: 20 minutes,max|u|: (2.40e+00, 1.67e+00, 6.77e-03) m s⁻¹, extrema(T): (31.07, -1.95) ᵒC, extrema(S): (39.89, 13.58) g/kg, extrema(η): (1.44, -2.14) m, wall time: 11.806 seconds 
[ Info: time: 3553 days, iteration: 255816, Δt: 20 minutes,max|u|: (2.27e+00, 1.53e+00, 6.77e-03) m s⁻¹, extrema(T): (31.06, -1.96) ᵒC, extrema(S): (39.90, 13.57) g/kg, extrema(η): (1.52, -3.47) m, wall time: 11.717 seconds 
[ Info: time: 3554 days, iteration: 255888, Δt: 20 minutes,max|u|: (2.16e+00, 1.52e+00, 6.70e-03) m s⁻¹, extrema(T): (31.07, -1.93) ᵒC, extrema(S): (39.90, 13.61) g/kg, extrema(η): (1.31, -2.35) m, wall time: 11.672 seconds 
[ Info: time: 3555 days, iteration: 255960, Δt: 20 minutes,max|u|: (2.09e+00, 1.50e+00, 6.70e-03) m s⁻¹, extrema(T): (31.02, -1.91) ᵒC, extrema(S): (39.90, 14.16) g/kg, extrema(η): (2.34, -2.16) m, wall time: 11.705 seconds 
[ Info: time: 3556 days, iteration: 256032, Δt: 20 minutes,max|u|: (2.28e+00, 1.45e+00, 6.70e-03) m s⁻¹, extrema(T): (31.01, -1.90) ᵒC, extrema(S): (39.90, 14.46) g/kg, extrema(η): (4.75, -2.11) m, wall time: 16.446 seconds 
[ Info: time: 3557 days, iteration: 256104, Δt: 20 minutes,max|u|: (2.39e+00, 1.59e+00, 6.72e-03) m s⁻¹, extrema(T): (31.04, -1.89) ᵒC, extrema(S): (39.90, 14.84) g/kg, extrema(η): (2.10, -2.19) m, wall time: 11.793 seconds 
[ Info: time: 3558 days, iteration: 256176, Δt: 20 minutes,max|u|: (2.29e+00, 1.47e+00, 6.70e-03) m s⁻¹, extrema(T): (31.05, -1.89) ᵒC, extrema(S): (39.91, 14.68) g/kg, extrema(η): (1.33, -2.62) m, wall time: 11.737 seconds 
[ Info: time: 3559 days, iteration: 256248, Δt: 20 minutes,max|u|: (2.13e+00, 1.47e+00, 6.63e-03) m s⁻¹, extrema(T): (31.01, -1.89) ᵒC, extrema(S): (39.90, 14.43) g/kg, extrema(η): (1.30, -3.25) m, wall time: 11.731 seconds 
[ Info: time: 3560 days, iteration: 256320, Δt: 20 minutes,max|u|: (2.13e+00, 1.74e+00, 6.64e-03) m s⁻¹, extrema(T): (30.95, -1.89) ᵒC, extrema(S): (39.90, 14.65) g/kg, extrema(η): (1.29, -2.27) m, wall time: 11.703 seconds 
[ Info: time: 3561 days, iteration: 256392, Δt: 20 minutes,max|u|: (1.91e+00, 2.19e+00, 6.67e-03) m s⁻¹, extrema(T): (30.94, -1.90) ᵒC, extrema(S): (39.91, 15.01) g/kg, extrema(η): (4.43, -2.23) m, wall time: 11.705 seconds 
[ Info: time: 3562 days, iteration: 256464, Δt: 20 minutes,max|u|: (1.83e+00, 2.26e+00, 6.69e-03) m s⁻¹, extrema(T): (30.94, -1.93) ᵒC, extrema(S): (39.91, 15.63) g/kg, extrema(η): (2.81, -2.32) m, wall time: 11.733 seconds 
[ Info: time: 3563 days, iteration: 256536, Δt: 20 minutes,max|u|: (1.88e+00, 1.69e+00, 6.66e-03) m s⁻¹, extrema(T): (30.95, -1.93) ᵒC, extrema(S): (39.91, 17.21) g/kg, extrema(η): (1.90, -2.27) m, wall time: 11.743 seconds 
[ Info: time: 3564 days, iteration: 256608, Δt: 20 minutes,max|u|: (1.91e+00, 1.66e+00, 6.62e-03) m s⁻¹, extrema(T): (30.97, -1.93) ᵒC, extrema(S): (39.92, 17.71) g/kg, extrema(η): (1.56, -3.76) m, wall time: 11.785 seconds 
[ Info: time: 3565 days, iteration: 256680, Δt: 20 minutes,max|u|: (1.58e+00, 1.82e+00, 6.60e-03) m s⁻¹, extrema(T): (31.00, -1.93) ᵒC, extrema(S): (39.91, 17.93) g/kg, extrema(η): (1.96, -2.17) m, wall time: 11.720 seconds 
[ Info: time: 3566 days, iteration: 256752, Δt: 20 minutes,max|u|: (1.64e+00, 1.46e+00, 6.57e-03) m s⁻¹, extrema(T): (31.03, -1.92) ᵒC, extrema(S): (39.92, 17.75) g/kg, extrema(η): (4.04, -2.21) m, wall time: 11.742 seconds 
[ Info: time: 3567 days, iteration: 256824, Δt: 20 minutes,max|u|: (1.61e+00, 2.13e+00, 6.48e-03) m s⁻¹, extrema(T): (31.00, -1.93) ᵒC, extrema(S): (39.92, 17.63) g/kg, extrema(η): (3.68, -2.06) m, wall time: 11.740 seconds 
[ Info: time: 3568 days, iteration: 256896, Δt: 20 minutes,max|u|: (1.72e+00, 1.54e+00, 6.40e-03) m s⁻¹, extrema(T): (31.07, -1.94) ᵒC, extrema(S): (39.92, 17.70) g/kg, extrema(η): (3.19, -2.06) m, wall time: 16.397 seconds 
[ Info: time: 3569 days, iteration: 256968, Δt: 20 minutes,max|u|: (1.61e+00, 1.49e+00, 6.34e-03) m s⁻¹, extrema(T): (31.10, -1.94) ᵒC, extrema(S): (39.92, 17.21) g/kg, extrema(η): (3.39, -2.77) m, wall time: 11.758 seconds 
[ Info: time: 3570 days, iteration: 257040, Δt: 20 minutes,max|u|: (1.83e+00, 1.66e+00, 6.36e-03) m s⁻¹, extrema(T): (31.11, -1.93) ᵒC, extrema(S): (39.92, 15.40) g/kg, extrema(η): (3.41, -2.22) m, wall time: 11.735 seconds 
[ Info: time: 3571 days, iteration: 257112, Δt: 20 minutes,max|u|: (1.63e+00, 1.51e+00, 6.44e-03) m s⁻¹, extrema(T): (31.18, -1.94) ᵒC, extrema(S): (39.93, 16.00) g/kg, extrema(η): (3.39, -2.25) m, wall time: 11.721 seconds 
[ Info: time: 3572 days, iteration: 257184, Δt: 20 minutes,max|u|: (1.75e+00, 1.51e+00, 6.54e-03) m s⁻¹, extrema(T): (31.16, -1.93) ᵒC, extrema(S): (39.93, 17.18) g/kg, extrema(η): (4.50, -2.09) m, wall time: 11.721 seconds 
[ Info: time: 3573 days, iteration: 257256, Δt: 20 minutes,max|u|: (1.73e+00, 1.68e+00, 6.58e-03) m s⁻¹, extrema(T): (31.15, -1.94) ᵒC, extrema(S): (39.94, 17.48) g/kg, extrema(η): (2.77, -2.13) m, wall time: 11.783 seconds 
[ Info: time: 3574 days, iteration: 257328, Δt: 20 minutes,max|u|: (1.64e+00, 1.49e+00, 6.63e-03) m s⁻¹, extrema(T): (31.23, -1.94) ᵒC, extrema(S): (39.95, 17.48) g/kg, extrema(η): (2.41, -2.79) m, wall time: 11.814 seconds 
[ Info: time: 3575 days, iteration: 257400, Δt: 20 minutes,max|u|: (1.69e+00, 2.10e+00, 6.62e-03) m s⁻¹, extrema(T): (31.18, -1.94) ᵒC, extrema(S): (39.97, 17.65) g/kg, extrema(η): (2.01, -2.41) m, wall time: 11.816 seconds 
[ Info: time: 3576 days, iteration: 257472, Δt: 20 minutes,max|u|: (2.46e+00, 1.92e+00, 6.68e-03) m s⁻¹, extrema(T): (31.08, -1.94) ᵒC, extrema(S): (39.98, 17.93) g/kg, extrema(η): (1.80, -2.01) m, wall time: 11.705 seconds 
[ Info: time: 3577 days, iteration: 257544, Δt: 20 minutes,max|u|: (1.97e+00, 1.46e+00, 6.68e-03) m s⁻¹, extrema(T): (31.11, -1.93) ᵒC, extrema(S): (39.98, 18.19) g/kg, extrema(η): (4.49, -2.05) m, wall time: 13.100 seconds 
[ Info: time: 3578 days, iteration: 257616, Δt: 20 minutes,max|u|: (1.59e+00, 1.47e+00, 6.77e-03) m s⁻¹, extrema(T): (31.12, -1.93) ᵒC, extrema(S): (39.97, 18.22) g/kg, extrema(η): (2.49, -2.17) m, wall time: 11.754 seconds 
[ Info: time: 3579 days, iteration: 257688, Δt: 20 minutes,max|u|: (1.59e+00, 1.48e+00, 6.77e-03) m s⁻¹, extrema(T): (31.13, -1.92) ᵒC, extrema(S): (39.96, 18.21) g/kg, extrema(η): (1.31, -2.12) m, wall time: 11.734 seconds 
[ Info: time: 3580 days, iteration: 257760, Δt: 20 minutes,max|u|: (1.59e+00, 1.49e+00, 6.82e-03) m s⁻¹, extrema(T): (31.15, -1.93) ᵒC, extrema(S): (39.96, 17.51) g/kg, extrema(η): (1.29, -3.00) m, wall time: 11.751 seconds 
[ Info: time: 3581 days, iteration: 257832, Δt: 20 minutes,max|u|: (1.62e+00, 2.58e+00, 6.84e-03) m s⁻¹, extrema(T): (31.19, -1.93) ᵒC, extrema(S): (39.95, 17.23) g/kg, extrema(η): (1.74, -2.01) m, wall time: 16.452 seconds 
[ Info: time: 3582 days, iteration: 257904, Δt: 20 minutes,max|u|: (1.73e+00, 1.53e+00, 6.89e-03) m s⁻¹, extrema(T): (31.24, -1.93) ᵒC, extrema(S): (39.95, 18.03) g/kg, extrema(η): (4.22, -1.97) m, wall time: 11.693 seconds 
[ Info: time: 3583 days, iteration: 257976, Δt: 20 minutes,max|u|: (1.67e+00, 1.89e+00, 6.92e-03) m s⁻¹, extrema(T): (31.28, -1.93) ᵒC, extrema(S): (39.94, 17.37) g/kg, extrema(η): (3.80, -2.15) m, wall time: 11.695 seconds 
[ Info: time: 3584 days, iteration: 258048, Δt: 20 minutes,max|u|: (1.75e+00, 2.60e+00, 6.96e-03) m s⁻¹, extrema(T): (31.31, -1.93) ᵒC, extrema(S): (39.94, 17.14) g/kg, extrema(η): (1.34, -2.10) m, wall time: 11.711 seconds 
[ Info: time: 3585 days, iteration: 258120, Δt: 20 minutes,max|u|: (2.01e+00, 1.98e+00, 7.00e-03) m s⁻¹, extrema(T): (31.36, -1.93) ᵒC, extrema(S): (39.94, 18.12) g/kg, extrema(η): (1.34, -2.92) m, wall time: 11.709 seconds 
[ Info: time: 3586 days, iteration: 258192, Δt: 20 minutes,max|u|: (1.72e+00, 1.55e+00, 7.00e-03) m s⁻¹, extrema(T): (31.40, -1.93) ᵒC, extrema(S): (39.94, 18.43) g/kg, extrema(η): (1.34, -2.09) m, wall time: 11.679 seconds 
[ Info: time: 3587 days, iteration: 258264, Δt: 20 minutes,max|u|: (1.69e+00, 1.49e+00, 7.00e-03) m s⁻¹, extrema(T): (31.45, -1.93) ᵒC, extrema(S): (39.94, 18.71) g/kg, extrema(η): (2.68, -2.18) m, wall time: 11.738 seconds 
[ Info: time: 3588 days, iteration: 258336, Δt: 20 minutes,max|u|: (1.67e+00, 1.48e+00, 6.93e-03) m s⁻¹, extrema(T): (31.49, -1.93) ᵒC, extrema(S): (39.94, 18.86) g/kg, extrema(η): (4.52, -2.15) m, wall time: 11.744 seconds 
[ Info: time: 3589 days, iteration: 258408, Δt: 20 minutes,max|u|: (1.72e+00, 1.60e+00, 6.92e-03) m s⁻¹, extrema(T): (31.52, -1.93) ᵒC, extrema(S): (39.95, 18.93) g/kg, extrema(η): (1.69, -2.27) m, wall time: 11.681 seconds 
[ Info: time: 3590 days, iteration: 258480, Δt: 20 minutes,max|u|: (1.68e+00, 1.93e+00, 6.88e-03) m s⁻¹, extrema(T): (31.55, -1.93) ᵒC, extrema(S): (39.95, 18.98) g/kg, extrema(η): (2.33, -2.96) m, wall time: 11.648 seconds 
[ Info: time: 3591 days, iteration: 258552, Δt: 20 minutes,max|u|: (1.51e+00, 1.70e+00, 6.87e-03) m s⁻¹, extrema(T): (31.57, -1.93) ᵒC, extrema(S): (39.95, 19.01) g/kg, extrema(η): (2.88, -2.42) m, wall time: 11.671 seconds 
[ Info: time: 3592 days, iteration: 258624, Δt: 20 minutes,max|u|: (1.53e+00, 1.60e+00, 6.85e-03) m s⁻¹, extrema(T): (31.57, -1.92) ᵒC, extrema(S): (39.95, 18.02) g/kg, extrema(η): (3.28, -2.07) m, wall time: 11.670 seconds 
[ Info: time: 3593 days, iteration: 258696, Δt: 20 minutes,max|u|: (1.58e+00, 1.50e+00, 6.87e-03) m s⁻¹, extrema(T): (31.53, -1.92) ᵒC, extrema(S): (39.95, 17.37) g/kg, extrema(η): (4.21, -2.08) m, wall time: 16.288 seconds 
[ Info: time: 3594 days, iteration: 258768, Δt: 20 minutes,max|u|: (1.61e+00, 1.48e+00, 6.90e-03) m s⁻¹, extrema(T): (31.49, -1.93) ᵒC, extrema(S): (39.95, 17.41) g/kg, extrema(η): (3.53, -1.95) m, wall time: 11.674 seconds 
[ Info: time: 3595 days, iteration: 258840, Δt: 20 minutes,max|u|: (1.54e+00, 1.49e+00, 6.94e-03) m s⁻¹, extrema(T): (31.42, -1.93) ᵒC, extrema(S): (39.95, 18.67) g/kg, extrema(η): (3.51, -2.01) m, wall time: 11.738 seconds 
[ Info: time: 3596 days, iteration: 258912, Δt: 20 minutes,max|u|: (1.60e+00, 1.66e+00, 6.88e-03) m s⁻¹, extrema(T): (31.37, -1.93) ᵒC, extrema(S): (39.95, 19.18) g/kg, extrema(η): (3.20, -3.10) m, wall time: 11.662 seconds 
[ Info: time: 3597 days, iteration: 258984, Δt: 20 minutes,max|u|: (1.51e+00, 2.08e+00, 6.84e-03) m s⁻¹, extrema(T): (31.30, -1.92) ᵒC, extrema(S): (39.95, 19.14) g/kg, extrema(η): (2.81, -2.04) m, wall time: 11.673 seconds 
[ Info: time: 3598 days, iteration: 259056, Δt: 20 minutes,max|u|: (1.79e+00, 1.49e+00, 6.84e-03) m s⁻¹, extrema(T): (31.24, -1.91) ᵒC, extrema(S): (39.95, 18.49) g/kg, extrema(η): (4.07, -2.19) m, wall time: 11.734 seconds 
[ Info: time: 3599 days, iteration: 259128, Δt: 20 minutes,max|u|: (1.72e+00, 1.81e+00, 6.84e-03) m s⁻¹, extrema(T): (31.19, -1.90) ᵒC, extrema(S): (39.96, 18.47) g/kg, extrema(η): (2.02, -2.17) m, wall time: 11.779 seconds 
[ Info: time: 3600 days, iteration: 259200, Δt: 20 minutes,max|u|: (2.27e+00, 3.56e+00, 6.83e-03) m s⁻¹, extrema(T): (30.98, -1.90) ᵒC, extrema(S): (39.96, 19.12) g/kg, extrema(η): (3.01, -2.45) m, wall time: 11.698 seconds 
[ Info: time: 3601 days, iteration: 259272, Δt: 20 minutes,max|u|: (2.00e+00, 2.54e+00, 6.80e-03) m s⁻¹, extrema(T): (30.96, -1.89) ᵒC, extrema(S): (39.95, 19.32) g/kg, extrema(η): (2.01, -2.12) m, wall time: 11.695 seconds 
[ Info: time: 3602 days, iteration: 259344, Δt: 20 minutes,max|u|: (1.75e+00, 1.52e+00, 6.76e-03) m s⁻¹, extrema(T): (30.98, -1.88) ᵒC, extrema(S): (39.95, 19.40) g/kg, extrema(η): (2.53, -2.15) m, wall time: 11.677 seconds 
[ Info: time: 3603 days, iteration: 259416, Δt: 20 minutes,max|u|: (1.75e+00, 1.52e+00, 6.77e-03) m s⁻¹, extrema(T): (31.09, -1.88) ᵒC, extrema(S): (39.95, 19.47) g/kg, extrema(η): (4.53, -2.13) m, wall time: 11.677 seconds 
[ Info: time: 3604 days, iteration: 259488, Δt: 20 minutes,max|u|: (1.64e+00, 1.94e+00, 6.83e-03) m s⁻¹, extrema(T): (31.16, -1.88) ᵒC, extrema(S): (39.95, 19.35) g/kg, extrema(η): (2.36, -2.04) m, wall time: 11.633 seconds 
[ Info: time: 3605 days, iteration: 259560, Δt: 20 minutes,max|u|: (2.36e+00, 1.65e+00, 6.88e-03) m s⁻¹, extrema(T): (31.06, -1.88) ᵒC, extrema(S): (39.95, 19.21) g/kg, extrema(η): (1.31, -2.16) m, wall time: 16.416 seconds 
[ Info: time: 3606 days, iteration: 259632, Δt: 20 minutes,max|u|: (2.62e+00, 1.89e+00, 6.87e-03) m s⁻¹, extrema(T): (30.99, -1.88) ᵒC, extrema(S): (39.96, 19.08) g/kg, extrema(η): (1.28, -3.27) m, wall time: 11.686 seconds 
[ Info: time: 3607 days, iteration: 259704, Δt: 20 minutes,max|u|: (1.70e+00, 2.35e+00, 6.88e-03) m s⁻¹, extrema(T): (31.05, -1.87) ᵒC, extrema(S): (39.96, 18.97) g/kg, extrema(η): (1.30, -2.01) m, wall time: 11.687 seconds 
[ Info: time: 3608 days, iteration: 259776, Δt: 20 minutes,max|u|: (2.88e+00, 2.69e+00, 6.89e-03) m s⁻¹, extrema(T): (31.06, -1.89) ᵒC, extrema(S): (39.96, 18.88) g/kg, extrema(η): (4.27, -2.03) m, wall time: 12.741 seconds 
[ Info: time: 3609 days, iteration: 259848, Δt: 20 minutes,max|u|: (2.15e+00, 1.49e+00, 6.90e-03) m s⁻¹, extrema(T): (31.03, -1.90) ᵒC, extrema(S): (39.96, 18.82) g/kg, extrema(η): (2.80, -2.10) m, wall time: 11.711 seconds 
[ Info: time: 3610 days, iteration: 259920, Δt: 20 minutes,max|u|: (2.03e+00, 1.72e+00, 6.87e-03) m s⁻¹, extrema(T): (31.02, -1.91) ᵒC, extrema(S): (39.96, 18.77) g/kg, extrema(η): (1.42, -1.98) m, wall time: 11.669 seconds 
[ Info: time: 3611 days, iteration: 259992, Δt: 20 minutes,max|u|: (1.80e+00, 2.29e+00, 6.83e-03) m s⁻¹, extrema(T): (31.08, -1.91) ᵒC, extrema(S): (39.96, 18.75) g/kg, extrema(η): (1.39, -3.15) m, wall time: 11.770 seconds 
[ Info: time: 3612 days, iteration: 260064, Δt: 20 minutes,max|u|: (1.97e+00, 1.64e+00, 6.83e-03) m s⁻¹, extrema(T): (31.09, -1.91) ᵒC, extrema(S): (39.96, 18.73) g/kg, extrema(η): (1.56, -2.30) m, wall time: 11.721 seconds 
[ Info: time: 3613 days, iteration: 260136, Δt: 20 minutes,max|u|: (1.83e+00, 1.64e+00, 6.88e-03) m s⁻¹, extrema(T): (31.09, -1.91) ᵒC, extrema(S): (39.96, 18.69) g/kg, extrema(η): (3.53, -2.02) m, wall time: 11.681 seconds 
[ Info: time: 3614 days, iteration: 260208, Δt: 20 minutes,max|u|: (2.42e+00, 2.84e+00, 6.88e-03) m s⁻¹, extrema(T): (31.19, -1.91) ᵒC, extrema(S): (39.96, 18.65) g/kg, extrema(η): (3.52, -1.98) m, wall time: 11.663 seconds 
[ Info: time: 3615 days, iteration: 260280, Δt: 20 minutes,max|u|: (1.75e+00, 2.13e+00, 6.87e-03) m s⁻¹, extrema(T): (31.17, -1.91) ᵒC, extrema(S): (39.96, 18.70) g/kg, extrema(η): (2.51, -2.03) m, wall time: 11.616 seconds 
[ Info: time: 3616 days, iteration: 260352, Δt: 20 minutes,max|u|: (2.17e+00, 2.05e+00, 6.84e-03) m s⁻¹, extrema(T): (31.19, -1.91) ᵒC, extrema(S): (39.96, 18.73) g/kg, extrema(η): (2.91, -3.12) m, wall time: 11.604 seconds 
[ Info: time: 3617 days, iteration: 260424, Δt: 20 minutes,max|u|: (1.98e+00, 1.59e+00, 6.82e-03) m s⁻¹, extrema(T): (31.19, -1.90) ᵒC, extrema(S): (39.96, 18.71) g/kg, extrema(η): (3.20, -2.27) m, wall time: 11.608 seconds 
[ Info: time: 3618 days, iteration: 260496, Δt: 20 minutes,max|u|: (1.58e+00, 2.03e+00, 6.83e-03) m s⁻¹, extrema(T): (31.29, -1.91) ᵒC, extrema(S): (39.97, 18.70) g/kg, extrema(η): (3.29, -2.12) m, wall time: 16.344 seconds 
[ Info: time: 3619 days, iteration: 260568, Δt: 20 minutes,max|u|: (1.60e+00, 2.29e+00, 6.88e-03) m s⁻¹, extrema(T): (31.33, -1.92) ᵒC, extrema(S): (39.96, 18.78) g/kg, extrema(η): (3.23, -2.17) m, wall time: 11.660 seconds 
[ Info: time: 3620 days, iteration: 260640, Δt: 20 minutes,max|u|: (4.58e+00, 2.00e+00, 6.86e-03) m s⁻¹, extrema(T): (31.36, -1.92) ᵒC, extrema(S): (39.97, 18.83) g/kg, extrema(η): (3.04, -2.24) m, wall time: 11.623 seconds 
[ Info: time: 3621 days, iteration: 260712, Δt: 20 minutes,max|u|: (1.64e+00, 2.26e+00, 6.84e-03) m s⁻¹, extrema(T): (31.35, -1.92) ᵒC, extrema(S): (39.96, 19.11) g/kg, extrema(η): (2.73, -2.16) m, wall time: 11.599 seconds 
[ Info: time: 3622 days, iteration: 260784, Δt: 20 minutes,max|u|: (1.63e+00, 2.15e+00, 6.86e-03) m s⁻¹, extrema(T): (31.31, -1.91) ᵒC, extrema(S): (39.96, 19.28) g/kg, extrema(η): (2.46, -1.90) m, wall time: 11.547 seconds 
[ Info: time: 3623 days, iteration: 260856, Δt: 20 minutes,max|u|: (1.95e+00, 2.21e+00, 6.86e-03) m s⁻¹, extrema(T): (31.20, -1.92) ᵒC, extrema(S): (39.96, 19.30) g/kg, extrema(η): (3.95, -2.12) m, wall time: 11.693 seconds 
[ Info: time: 3624 days, iteration: 260928, Δt: 20 minutes,max|u|: (2.44e+00, 2.21e+00, 6.87e-03) m s⁻¹, extrema(T): (31.24, -1.92) ᵒC, extrema(S): (39.96, 19.28) g/kg, extrema(η): (3.57, -2.02) m, wall time: 11.611 seconds 
[ Info: time: 3625 days, iteration: 261000, Δt: 20 minutes,max|u|: (1.94e+00, 2.37e+00, 6.83e-03) m s⁻¹, extrema(T): (31.28, -1.92) ᵒC, extrema(S): (39.95, 19.30) g/kg, extrema(η): (1.55, -2.05) m, wall time: 11.575 seconds 
[ Info: time: 3626 days, iteration: 261072, Δt: 20 minutes,max|u|: (2.04e+00, 2.28e+00, 6.82e-03) m s⁻¹, extrema(T): (31.32, -1.92) ᵒC, extrema(S): (39.95, 19.29) g/kg, extrema(η): (1.74, -3.05) m, wall time: 11.533 seconds 
[ Info: time: 3627 days, iteration: 261144, Δt: 20 minutes,max|u|: (1.88e+00, 2.13e+00, 6.78e-03) m s⁻¹, extrema(T): (31.37, -1.92) ᵒC, extrema(S): (39.95, 19.28) g/kg, extrema(η): (1.99, -2.02) m, wall time: 11.615 seconds 
[ Info: time: 3628 days, iteration: 261216, Δt: 20 minutes,max|u|: (1.79e+00, 2.83e+00, 6.81e-03) m s⁻¹, extrema(T): (31.43, -1.91) ᵒC, extrema(S): (39.95, 19.41) g/kg, extrema(η): (3.31, -2.20) m, wall time: 11.624 seconds 
[ Info: time: 3629 days, iteration: 261288, Δt: 20 minutes,max|u|: (1.85e+00, 2.09e+00, 6.82e-03) m s⁻¹, extrema(T): (31.51, -1.92) ᵒC, extrema(S): (39.95, 19.50) g/kg, extrema(η): (4.03, -1.94) m, wall time: 11.643 seconds 
[ Info: time: 3630 days, iteration: 261360, Δt: 20 minutes,max|u|: (1.89e+00, 1.85e+00, 6.81e-03) m s⁻¹, extrema(T): (31.48, -1.91) ᵒC, extrema(S): (39.95, 19.57) g/kg, extrema(η): (1.31, -1.95) m, wall time: 16.433 seconds 
[ Info: time: 3631 days, iteration: 261432, Δt: 20 minutes,max|u|: (2.02e+00, 2.24e+00, 6.84e-03) m s⁻¹, extrema(T): (31.41, -1.91) ᵒC, extrema(S): (39.95, 19.63) g/kg, extrema(η): (3.27, -2.77) m, wall time: 11.611 seconds 
[ Info: time: 3632 days, iteration: 261504, Δt: 20 minutes,max|u|: (2.01e+00, 1.53e+00, 6.77e-03) m s⁻¹, extrema(T): (31.40, -1.91) ᵒC, extrema(S): (39.95, 19.65) g/kg, extrema(η): (1.45, -2.06) m, wall time: 11.644 seconds 
[ Info: time: 3633 days, iteration: 261576, Δt: 20 minutes,max|u|: (1.96e+00, 1.59e+00, 6.77e-03) m s⁻¹, extrema(T): (31.42, -1.92) ᵒC, extrema(S): (39.95, 19.69) g/kg, extrema(η): (2.08, -1.89) m, wall time: 11.594 seconds 
[ Info: time: 3634 days, iteration: 261648, Δt: 20 minutes,max|u|: (1.89e+00, 2.63e+00, 6.68e-03) m s⁻¹, extrema(T): (31.36, -1.91) ᵒC, extrema(S): (39.95, 19.81) g/kg, extrema(η): (4.25, -1.87) m, wall time: 11.650 seconds 
[ Info: time: 3635 days, iteration: 261720, Δt: 20 minutes,max|u|: (1.86e+00, 1.66e+00, 6.75e-03) m s⁻¹, extrema(T): (31.28, -1.92) ᵒC, extrema(S): (39.95, 19.87) g/kg, extrema(η): (1.24, -1.96) m, wall time: 11.626 seconds 
[ Info: time: 3636 days, iteration: 261792, Δt: 20 minutes,max|u|: (1.85e+00, 2.02e+00, 6.74e-03) m s⁻¹, extrema(T): (31.21, -1.91) ᵒC, extrema(S): (39.94, 19.93) g/kg, extrema(η): (1.27, -3.13) m, wall time: 11.575 seconds 
[ Info: time: 3637 days, iteration: 261864, Δt: 20 minutes,max|u|: (1.84e+00, 1.88e+00, 6.71e-03) m s⁻¹, extrema(T): (31.08, -1.91) ᵒC, extrema(S): (39.94, 19.98) g/kg, extrema(η): (1.31, -2.76) m, wall time: 11.695 seconds 
[ Info: time: 3638 days, iteration: 261936, Δt: 20 minutes,max|u|: (1.90e+00, 1.74e+00, 6.82e-03) m s⁻¹, extrema(T): (31.07, -1.91) ᵒC, extrema(S): (39.94, 20.06) g/kg, extrema(η): (1.64, -2.16) m, wall time: 11.655 seconds 
[ Info: time: 3639 days, iteration: 262008, Δt: 20 minutes,max|u|: (1.93e+00, 1.63e+00, 6.81e-03) m s⁻¹, extrema(T): (31.15, -1.91) ᵒC, extrema(S): (39.94, 20.10) g/kg, extrema(η): (3.80, -2.12) m, wall time: 12.387 seconds 
[ Info: time: 3640 days, iteration: 262080, Δt: 20 minutes,max|u|: (1.91e+00, 1.67e+00, 6.85e-03) m s⁻¹, extrema(T): (31.20, -1.91) ᵒC, extrema(S): (39.94, 20.08) g/kg, extrema(η): (2.61, -2.14) m, wall time: 11.568 seconds 
[ Info: time: 3641 days, iteration: 262152, Δt: 20 minutes,max|u|: (1.90e+00, 1.93e+00, 6.85e-03) m s⁻¹, extrema(T): (31.15, -1.90) ᵒC, extrema(S): (39.94, 20.07) g/kg, extrema(η): (2.92, -2.32) m, wall time: 11.563 seconds 
[ Info: time: 3642 days, iteration: 262224, Δt: 20 minutes,max|u|: (1.93e+00, 2.19e+00, 6.79e-03) m s⁻¹, extrema(T): (31.09, -1.90) ᵒC, extrema(S): (39.94, 20.05) g/kg, extrema(η): (3.07, -3.43) m, wall time: 11.569 seconds 
[ Info: time: 3643 days, iteration: 262296, Δt: 20 minutes,max|u|: (1.94e+00, 2.31e+00, 6.81e-03) m s⁻¹, extrema(T): (31.27, -1.90) ᵒC, extrema(S): (39.94, 20.02) g/kg, extrema(η): (3.26, -2.06) m, wall time: 16.753 seconds 
[ Info: time: 3644 days, iteration: 262368, Δt: 20 minutes,max|u|: (1.93e+00, 2.34e+00, 6.66e-03) m s⁻¹, extrema(T): (31.45, -1.91) ᵒC, extrema(S): (39.95, 20.00) g/kg, extrema(η): (4.16, -3.17) m, wall time: 11.564 seconds 
[ Info: time: 3645 days, iteration: 262440, Δt: 20 minutes,max|u|: (1.98e+00, 2.29e+00, 6.66e-03) m s⁻¹, extrema(T): (31.55, -1.92) ᵒC, extrema(S): (39.94, 20.04) g/kg, extrema(η): (3.00, -2.05) m, wall time: 16.149 seconds 
[ Info: time: 3646 days, iteration: 262512, Δt: 20 minutes,max|u|: (1.96e+00, 2.23e+00, 6.72e-03) m s⁻¹, extrema(T): (31.58, -1.92) ᵒC, extrema(S): (39.94, 19.96) g/kg, extrema(η): (2.44, -2.12) m, wall time: 11.618 seconds 
[ Info: time: 3647 days, iteration: 262584, Δt: 20 minutes,max|u|: (2.01e+00, 2.13e+00, 6.76e-03) m s⁻¹, extrema(T): (31.64, -1.92) ᵒC, extrema(S): (39.94, 19.87) g/kg, extrema(η): (2.08, -3.53) m, wall time: 11.527 seconds 
[ Info: time: 3648 days, iteration: 262656, Δt: 20 minutes,max|u|: (1.98e+00, 1.97e+00, 6.83e-03) m s⁻¹, extrema(T): (31.59, -1.92) ᵒC, extrema(S): (39.94, 19.77) g/kg, extrema(η): (1.49, -2.16) m, wall time: 11.601 seconds 
[ Info: time: 3649 days, iteration: 262728, Δt: 20 minutes,max|u|: (1.98e+00, 1.84e+00, 6.84e-03) m s⁻¹, extrema(T): (31.74, -1.92) ᵒC, extrema(S): (39.94, 19.70) g/kg, extrema(η): (4.01, -2.22) m, wall time: 11.600 seconds 
[ Info: time: 3650 days, iteration: 262800, Δt: 20 minutes,max|u|: (1.96e+00, 1.71e+00, 6.92e-03) m s⁻¹, extrema(T): (31.80, -1.92) ᵒC, extrema(S): (39.93, 19.78) g/kg, extrema(η): (3.18, -2.04) m, wall time: 11.496 seconds 
[ Info: time: 3651 days, iteration: 262872, Δt: 20 minutes,max|u|: (2.20e+00, 2.59e+00, 6.99e-03) m s⁻¹, extrema(T): (31.68, -1.92) ᵒC, extrema(S): (39.93, 19.72) g/kg, extrema(η): (1.39, -2.07) m, wall time: 11.559 seconds 
[ Info: time: 3652 days, iteration: 262944, Δt: 20 minutes,max|u|: (2.04e+00, 1.68e+00, 6.99e-03) m s⁻¹, extrema(T): (31.66, -1.93) ᵒC, extrema(S): (39.93, 19.64) g/kg, extrema(η): (1.26, -3.03) m, wall time: 11.589 seconds 
[ Info: time: 3653 days, iteration: 263016, Δt: 20 minutes,max|u|: (1.93e+00, 1.72e+00, 6.99e-03) m s⁻¹, extrema(T): (31.70, -1.94) ᵒC, extrema(S): (39.92, 19.54) g/kg, extrema(η): (1.23, -2.10) m, wall time: 11.601 seconds 
[ Info: time: 3654 days, iteration: 263088, Δt: 20 minutes,max|u|: (1.91e+00, 1.64e+00, 7.00e-03) m s⁻¹, extrema(T): (31.65, -1.94) ᵒC, extrema(S): (39.92, 19.49) g/kg, extrema(η): (2.98, -2.23) m, wall time: 11.587 seconds 
[ Info: time: 3655 days, iteration: 263160, Δt: 20 minutes,max|u|: (1.87e+00, 1.78e+00, 6.98e-03) m s⁻¹, extrema(T): (31.65, -1.94) ᵒC, extrema(S): (39.91, 19.44) g/kg, extrema(η): (3.76, -2.25) m, wall time: 16.297 seconds 
[ Info: time: 3656 days, iteration: 263232, Δt: 20 minutes,max|u|: (1.84e+00, 1.84e+00, 6.99e-03) m s⁻¹, extrema(T): (31.61, -1.94) ᵒC, extrema(S): (39.91, 19.40) g/kg, extrema(η): (1.29, -2.14) m, wall time: 11.642 seconds 
[ Info: time: 3657 days, iteration: 263304, Δt: 20 minutes,max|u|: (1.74e+00, 2.07e+00, 7.01e-03) m s⁻¹, extrema(T): (31.38, -1.93) ᵒC, extrema(S): (39.91, 19.40) g/kg, extrema(η): (1.21, -3.37) m, wall time: 11.575 seconds 
[ Info: time: 3658 days, iteration: 263376, Δt: 20 minutes,max|u|: (1.87e+00, 2.03e+00, 7.08e-03) m s⁻¹, extrema(T): (31.27, -1.93) ᵒC, extrema(S): (39.91, 19.34) g/kg, extrema(η): (1.21, -2.17) m, wall time: 11.579 seconds 
[ Info: time: 3659 days, iteration: 263448, Δt: 20 minutes,max|u|: (1.84e+00, 2.19e+00, 7.11e-03) m s⁻¹, extrema(T): (31.20, -1.94) ᵒC, extrema(S): (39.91, 19.27) g/kg, extrema(η): (2.65, -2.21) m, wall time: 11.689 seconds 
[ Info: time: 3660 days, iteration: 263520, Δt: 20 minutes,max|u|: (1.57e+00, 2.12e+00, 7.17e-03) m s⁻¹, extrema(T): (31.15, -1.94) ᵒC, extrema(S): (39.90, 19.21) g/kg, extrema(η): (4.16, -2.18) m, wall time: 11.729 seconds 
[ Info: time: 3661 days, iteration: 263592, Δt: 20 minutes,max|u|: (2.29e+00, 3.34e+00, 7.18e-03) m s⁻¹, extrema(T): (31.10, -1.94) ᵒC, extrema(S): (39.90, 19.19) g/kg, extrema(η): (1.35, -2.39) m, wall time: 11.719 seconds 
[ Info: time: 3662 days, iteration: 263664, Δt: 20 minutes,max|u|: (1.52e+00, 1.94e+00, 7.18e-03) m s⁻¹, extrema(T): (31.08, -1.95) ᵒC, extrema(S): (39.90, 19.16) g/kg, extrema(η): (1.74, -2.33) m, wall time: 11.693 seconds 
[ Info: time: 3663 days, iteration: 263736, Δt: 20 minutes,max|u|: (1.50e+00, 1.88e+00, 7.12e-03) m s⁻¹, extrema(T): (31.12, -1.94) ᵒC, extrema(S): (39.90, 19.12) g/kg, extrema(η): (2.31, -2.51) m, wall time: 11.645 seconds 
[ Info: time: 3664 days, iteration: 263808, Δt: 20 minutes,max|u|: (1.67e+00, 2.02e+00, 7.09e-03) m s⁻¹, extrema(T): (31.06, -1.94) ᵒC, extrema(S): (39.89, 19.12) g/kg, extrema(η): (2.88, -2.20) m, wall time: 11.629 seconds 
[ Info: time: 3665 days, iteration: 263880, Δt: 20 minutes,max|u|: (1.82e+00, 2.05e+00, 7.10e-03) m s⁻¹, extrema(T): (31.11, -1.95) ᵒC, extrema(S): (39.89, 19.12) g/kg, extrema(η): (4.35, -2.10) m, wall time: 11.598 seconds 
[ Info: time: 3666 days, iteration: 263952, Δt: 20 minutes,max|u|: (1.74e+00, 2.09e+00, 7.12e-03) m s⁻¹, extrema(T): (31.15, -1.95) ᵒC, extrema(S): (39.89, 19.16) g/kg, extrema(η): (3.34, -2.22) m, wall time: 11.639 seconds 
[ Info: time: 3667 days, iteration: 264024, Δt: 20 minutes,max|u|: (1.55e+00, 2.04e+00, 7.14e-03) m s⁻¹, extrema(T): (31.15, -1.95) ᵒC, extrema(S): (39.89, 19.19) g/kg, extrema(η): (3.22, -2.00) m, wall time: 16.294 seconds 
[ Info: time: 3668 days, iteration: 264096, Δt: 20 minutes,max|u|: (2.08e+00, 2.10e+00, 7.11e-03) m s⁻¹, extrema(T): (31.11, -1.95) ᵒC, extrema(S): (39.88, 19.18) g/kg, extrema(η): (3.08, -2.54) m, wall time: 11.550 seconds 
[ Info: time: 3669 days, iteration: 264168, Δt: 20 minutes,max|u|: (1.66e+00, 2.07e+00, 7.10e-03) m s⁻¹, extrema(T): (31.12, -1.95) ᵒC, extrema(S): (39.88, 19.18) g/kg, extrema(η): (2.83, -2.14) m, wall time: 11.631 seconds 
[ Info: time: 3670 days, iteration: 264240, Δt: 20 minutes,max|u|: (1.62e+00, 2.04e+00, 7.04e-03) m s⁻¹, extrema(T): (31.29, -1.95) ᵒC, extrema(S): (39.88, 19.16) g/kg, extrema(η): (3.55, -2.06) m, wall time: 12.772 seconds 
[ Info: time: 3671 days, iteration: 264312, Δt: 20 minutes,max|u|: (2.04e+00, 2.01e+00, 7.01e-03) m s⁻¹, extrema(T): (31.19, -1.95) ᵒC, extrema(S): (39.86, 19.15) g/kg, extrema(η): (3.29, -2.01) m, wall time: 11.565 seconds 
[ Info: time: 3672 days, iteration: 264384, Δt: 20 minutes,max|u|: (1.57e+00, 2.02e+00, 6.97e-03) m s⁻¹, extrema(T): (31.15, -1.95) ᵒC, extrema(S): (39.86, 19.18) g/kg, extrema(η): (1.41, -2.02) m, wall time: 11.594 seconds 
[ Info: time: 3673 days, iteration: 264456, Δt: 20 minutes,max|u|: (1.59e+00, 2.11e+00, 6.97e-03) m s⁻¹, extrema(T): (31.18, -1.97) ᵒC, extrema(S): (39.85, 19.18) g/kg, extrema(η): (1.33, -3.53) m, wall time: 11.629 seconds 
[ Info: time: 3674 days, iteration: 264528, Δt: 20 minutes,max|u|: (1.59e+00, 2.25e+00, 6.91e-03) m s⁻¹, extrema(T): (31.24, -1.96) ᵒC, extrema(S): (39.84, 19.23) g/kg, extrema(η): (1.75, -2.00) m, wall time: 11.678 seconds 
[ Info: time: 3675 days, iteration: 264600, Δt: 20 minutes,max|u|: (1.59e+00, 2.76e+00, 6.93e-03) m s⁻¹, extrema(T): (31.34, -1.96) ᵒC, extrema(S): (39.82, 19.24) g/kg, extrema(η): (3.05, -1.92) m, wall time: 11.602 seconds 
[ Info: time: 3676 days, iteration: 264672, Δt: 20 minutes,max|u|: (1.73e+00, 1.94e+00, 6.96e-03) m s⁻¹, extrema(T): (31.42, -1.96) ᵒC, extrema(S): (39.80, 19.20) g/kg, extrema(η): (3.87, -2.12) m, wall time: 11.610 seconds 
[ Info: time: 3677 days, iteration: 264744, Δt: 20 minutes,max|u|: (1.65e+00, 1.88e+00, 6.99e-03) m s⁻¹, extrema(T): (31.43, -1.96) ᵒC, extrema(S): (39.79, 19.17) g/kg, extrema(η): (1.37, -2.10) m, wall time: 11.674 seconds 
[ Info: time: 3678 days, iteration: 264816, Δt: 20 minutes,max|u|: (1.92e+00, 1.96e+00, 7.00e-03) m s⁻¹, extrema(T): (31.50, -1.96) ᵒC, extrema(S): (39.79, 19.13) g/kg, extrema(η): (1.42, -3.21) m, wall time: 11.649 seconds 
[ Info: time: 3679 days, iteration: 264888, Δt: 20 minutes,max|u|: (1.78e+00, 2.24e+00, 6.98e-03) m s⁻¹, extrema(T): (31.57, -1.96) ᵒC, extrema(S): (39.79, 19.08) g/kg, extrema(η): (1.33, -2.22) m, wall time: 11.589 seconds 
[ Info: time: 3680 days, iteration: 264960, Δt: 20 minutes,max|u|: (1.86e+00, 2.20e+00, 6.95e-03) m s⁻¹, extrema(T): (31.58, -1.96) ᵒC, extrema(S): (39.78, 19.06) g/kg, extrema(η): (2.35, -2.09) m, wall time: 16.319 seconds 
[ Info: time: 3681 days, iteration: 265032, Δt: 20 minutes,max|u|: (1.97e+00, 2.33e+00, 6.94e-03) m s⁻¹, extrema(T): (31.60, -1.96) ᵒC, extrema(S): (39.78, 19.06) g/kg, extrema(η): (4.16, -2.15) m, wall time: 11.735 seconds 
[ Info: time: 3682 days, iteration: 265104, Δt: 20 minutes,max|u|: (2.01e+00, 2.48e+00, 6.92e-03) m s⁻¹, extrema(T): (31.59, -1.97) ᵒC, extrema(S): (39.78, 19.02) g/kg, extrema(η): (1.35, -2.25) m, wall time: 11.689 seconds 
[ Info: time: 3683 days, iteration: 265176, Δt: 20 minutes,max|u|: (1.92e+00, 2.71e+00, 6.92e-03) m s⁻¹, extrema(T): (31.59, -1.97) ᵒC, extrema(S): (39.78, 18.98) g/kg, extrema(η): (1.43, -3.13) m, wall time: 11.616 seconds 
[ Info: time: 3684 days, iteration: 265248, Δt: 20 minutes,max|u|: (1.86e+00, 2.51e+00, 6.92e-03) m s⁻¹, extrema(T): (31.60, -1.98) ᵒC, extrema(S): (39.78, 18.95) g/kg, extrema(η): (1.46, -2.13) m, wall time: 11.746 seconds 
[ Info: time: 3685 days, iteration: 265320, Δt: 20 minutes,max|u|: (1.90e+00, 2.32e+00, 6.88e-03) m s⁻¹, extrema(T): (31.64, -1.97) ᵒC, extrema(S): (39.77, 18.94) g/kg, extrema(η): (2.72, -2.16) m, wall time: 11.677 seconds 
[ Info: time: 3686 days, iteration: 265392, Δt: 20 minutes,max|u|: (1.92e+00, 2.34e+00, 6.93e-03) m s⁻¹, extrema(T): (31.66, -1.96) ᵒC, extrema(S): (39.77, 18.93) g/kg, extrema(η): (4.18, -2.18) m, wall time: 11.627 seconds 
[ Info: time: 3687 days, iteration: 265464, Δt: 20 minutes,max|u|: (1.87e+00, 2.22e+00, 6.94e-03) m s⁻¹, extrema(T): (31.73, -1.96) ᵒC, extrema(S): (39.78, 19.11) g/kg, extrema(η): (2.63, -2.27) m, wall time: 11.665 seconds 
[ Info: time: 3688 days, iteration: 265536, Δt: 20 minutes,max|u|: (1.81e+00, 2.14e+00, 6.98e-03) m s⁻¹, extrema(T): (31.80, -1.95) ᵒC, extrema(S): (39.78, 19.46) g/kg, extrema(η): (3.10, -2.67) m, wall time: 11.652 seconds 
[ Info: time: 3689 days, iteration: 265608, Δt: 20 minutes,max|u|: (1.61e+00, 2.56e+00, 6.91e-03) m s⁻¹, extrema(T): (31.73, -1.95) ᵒC, extrema(S): (39.77, 19.57) g/kg, extrema(η): (3.27, -2.07) m, wall time: 11.605 seconds 
[ Info: time: 3690 days, iteration: 265680, Δt: 20 minutes,max|u|: (1.55e+00, 2.75e+00, 6.92e-03) m s⁻¹, extrema(T): (31.72, -1.95) ᵒC, extrema(S): (39.77, 19.58) g/kg, extrema(η): (3.35, -2.16) m, wall time: 11.609 seconds 
[ Info: time: 3691 days, iteration: 265752, Δt: 20 minutes,max|u|: (1.65e+00, 2.00e+00, 6.91e-03) m s⁻¹, extrema(T): (31.77, -1.95) ᵒC, extrema(S): (39.76, 19.64) g/kg, extrema(η): (4.51, -2.19) m, wall time: 11.642 seconds 
[ Info: time: 3692 days, iteration: 265824, Δt: 20 minutes,max|u|: (1.51e+00, 1.93e+00, 6.93e-03) m s⁻¹, extrema(T): (31.76, -1.95) ᵒC, extrema(S): (39.75, 19.66) g/kg, extrema(η): (2.94, -2.16) m, wall time: 16.391 seconds 
[ Info: time: 3693 days, iteration: 265896, Δt: 20 minutes,max|u|: (1.53e+00, 1.95e+00, 6.95e-03) m s⁻¹, extrema(T): (31.78, -1.95) ᵒC, extrema(S): (39.74, 19.66) g/kg, extrema(η): (2.54, -2.08) m, wall time: 11.650 seconds 
[ Info: time: 3694 days, iteration: 265968, Δt: 20 minutes,max|u|: (1.57e+00, 2.26e+00, 6.93e-03) m s⁻¹, extrema(T): (31.80, -1.95) ᵒC, extrema(S): (39.74, 19.66) g/kg, extrema(η): (2.13, -2.83) m, wall time: 11.705 seconds 
[ Info: time: 3695 days, iteration: 266040, Δt: 20 minutes,max|u|: (1.56e+00, 1.97e+00, 6.96e-03) m s⁻¹, extrema(T): (31.84, -1.95) ᵒC, extrema(S): (39.73, 19.63) g/kg, extrema(η): (1.70, -2.09) m, wall time: 11.637 seconds 
[ Info: time: 3696 days, iteration: 266112, Δt: 20 minutes,max|u|: (1.56e+00, 1.89e+00, 6.91e-03) m s⁻¹, extrema(T): (31.78, -1.95) ᵒC, extrema(S): (39.73, 19.63) g/kg, extrema(η): (4.42, -2.13) m, wall time: 11.638 seconds 
[ Info: time: 3697 days, iteration: 266184, Δt: 20 minutes,max|u|: (1.57e+00, 1.88e+00, 6.88e-03) m s⁻¹, extrema(T): (31.60, -1.96) ᵒC, extrema(S): (39.73, 19.60) g/kg, extrema(η): (3.28, -2.10) m, wall time: 11.630 seconds 
[ Info: time: 3698 days, iteration: 266256, Δt: 20 minutes,max|u|: (2.06e+00, 1.83e+00, 6.90e-03) m s⁻¹, extrema(T): (31.50, -1.96) ᵒC, extrema(S): (39.73, 19.56) g/kg, extrema(η): (1.19, -2.18) m, wall time: 11.787 seconds 
[ Info: time: 3699 days, iteration: 266328, Δt: 20 minutes,max|u|: (2.05e+00, 2.04e+00, 6.88e-03) m s⁻¹, extrema(T): (31.42, -1.96) ᵒC, extrema(S): (39.72, 19.53) g/kg, extrema(η): (1.14, -3.42) m, wall time: 11.819 seconds 
[ Info: time: 3700 days, iteration: 266400, Δt: 20 minutes,max|u|: (1.99e+00, 2.11e+00, 6.90e-03) m s⁻¹, extrema(T): (31.31, -1.96) ᵒC, extrema(S): (39.72, 19.54) g/kg, extrema(η): (1.24, -2.20) m, wall time: 11.743 seconds 
[ Info: time: 3701 days, iteration: 266472, Δt: 20 minutes,max|u|: (1.84e+00, 2.13e+00, 6.85e-03) m s⁻¹, extrema(T): (31.21, -1.96) ᵒC, extrema(S): (39.72, 19.53) g/kg, extrema(η): (3.82, -2.20) m, wall time: 12.770 seconds 
[ Info: time: 3702 days, iteration: 266544, Δt: 20 minutes,max|u|: (1.79e+00, 2.35e+00, 6.81e-03) m s⁻¹, extrema(T): (31.12, -1.97) ᵒC, extrema(S): (39.72, 19.48) g/kg, extrema(η): (3.44, -2.27) m, wall time: 11.741 seconds 
[ Info: time: 3703 days, iteration: 266616, Δt: 20 minutes,max|u|: (2.00e+00, 2.60e+00, 6.81e-03) m s⁻¹, extrema(T): (31.09, -1.96) ᵒC, extrema(S): (39.72, 19.52) g/kg, extrema(η): (1.33, -2.12) m, wall time: 11.677 seconds 
[ Info: time: 3704 days, iteration: 266688, Δt: 20 minutes,max|u|: (2.76e+00, 2.83e+00, 6.79e-03) m s⁻¹, extrema(T): (31.08, -1.96) ᵒC, extrema(S): (39.72, 19.55) g/kg, extrema(η): (1.56, -3.28) m, wall time: 16.310 seconds 
[ Info: time: 3705 days, iteration: 266760, Δt: 20 minutes,max|u|: (3.07e+00, 2.88e+00, 6.77e-03) m s⁻¹, extrema(T): (31.02, -1.96) ᵒC, extrema(S): (39.72, 19.57) g/kg, extrema(η): (1.43, -2.09) m, wall time: 11.653 seconds 
[ Info: time: 3706 days, iteration: 266832, Δt: 20 minutes,max|u|: (1.82e+00, 2.54e+00, 6.77e-03) m s⁻¹, extrema(T): (31.04, -1.96) ᵒC, extrema(S): (39.72, 19.60) g/kg, extrema(η): (3.05, -2.09) m, wall time: 11.793 seconds 
[ Info: time: 3707 days, iteration: 266904, Δt: 20 minutes,max|u|: (2.27e+00, 2.20e+00, 6.79e-03) m s⁻¹, extrema(T): (31.05, -1.96) ᵒC, extrema(S): (39.72, 19.76) g/kg, extrema(η): (3.89, -2.12) m, wall time: 11.661 seconds 
[ Info: time: 3708 days, iteration: 266976, Δt: 20 minutes,max|u|: (2.17e+00, 1.84e+00, 6.76e-03) m s⁻¹, extrema(T): (31.07, -1.96) ᵒC, extrema(S): (39.72, 19.82) g/kg, extrema(η): (2.13, -2.25) m, wall time: 11.687 seconds 
[ Info: time: 3709 days, iteration: 267048, Δt: 20 minutes,max|u|: (1.34e+00, 1.54e+00, 6.79e-03) m s⁻¹, extrema(T): (31.10, -1.96) ᵒC, extrema(S): (39.69, 19.80) g/kg, extrema(η): (1.56, -3.47) m, wall time: 11.650 seconds 
[ Info: time: 3710 days, iteration: 267120, Δt: 20 minutes,max|u|: (1.38e+00, 1.52e+00, 6.70e-03) m s⁻¹, extrema(T): (31.14, -1.96) ᵒC, extrema(S): (39.69, 19.83) g/kg, extrema(η): (2.21, -2.27) m, wall time: 11.698 seconds 
[ Info: Saving checkpoint file
[ Info: time: 3711 days, iteration: 267192, Δt: 20 minutes,max|u|: (1.73e+00, 1.60e+00, 6.67e-03) m s⁻¹, extrema(T): (31.19, -1.96) ᵒC, extrema(S): (39.69, 19.77) g/kg, extrema(η): (2.78, -1.98) m, wall time: 20.384 seconds 
[ Info: time: 3712 days, iteration: 267264, Δt: 20 minutes,max|u|: (1.34e+00, 1.49e+00, 6.68e-03) m s⁻¹, extrema(T): (31.21, -1.96) ᵒC, extrema(S): (39.69, 19.62) g/kg, extrema(η): (4.55, -2.21) m, wall time: 11.661 seconds 
[ Info: time: 3713 days, iteration: 267336, Δt: 20 minutes,max|u|: (1.28e+00, 1.60e+00, 6.72e-03) m s⁻¹, extrema(T): (31.23, -1.96) ᵒC, extrema(S): (39.69, 19.49) g/kg, extrema(η): (3.26, -2.00) m, wall time: 11.643 seconds 
[ Info: time: 3714 days, iteration: 267408, Δt: 20 minutes,max|u|: (1.63e+00, 1.49e+00, 6.73e-03) m s⁻¹, extrema(T): (31.19, -1.96) ᵒC, extrema(S): (39.69, 19.38) g/kg, extrema(η): (3.25, -2.91) m, wall time: 11.696 seconds 
[ Info: time: 3715 days, iteration: 267480, Δt: 20 minutes,max|u|: (1.29e+00, 1.55e+00, 6.73e-03) m s⁻¹, extrema(T): (31.22, -1.95) ᵒC, extrema(S): (39.69, 19.29) g/kg, extrema(η): (3.20, -2.52) m, wall time: 11.586 seconds 
[ Info: time: 3716 days, iteration: 267552, Δt: 20 minutes,max|u|: (1.54e+00, 1.68e+00, 6.69e-03) m s⁻¹, extrema(T): (31.28, -1.95) ᵒC, extrema(S): (39.68, 19.19) g/kg, extrema(η): (3.02, -2.14) m, wall time: 11.720 seconds 
[ Info: time: 3717 days, iteration: 267624, Δt: 20 minutes,max|u|: (1.35e+00, 1.53e+00, 6.73e-03) m s⁻¹, extrema(T): (31.28, -1.95) ᵒC, extrema(S): (39.68, 19.12) g/kg, extrema(η): (4.69, -2.19) m, wall time: 16.413 seconds 
[ Info: time: 3718 days, iteration: 267696, Δt: 20 minutes,max|u|: (1.33e+00, 1.67e+00, 6.83e-03) m s⁻¹, extrema(T): (31.28, -1.95) ᵒC, extrema(S): (39.68, 19.05) g/kg, extrema(η): (2.28, -2.02) m, wall time: 11.649 seconds 
[ Info: time: 3719 days, iteration: 267768, Δt: 20 minutes,max|u|: (1.34e+00, 1.52e+00, 6.90e-03) m s⁻¹, extrema(T): (31.28, -1.95) ᵒC, extrema(S): (39.68, 18.98) g/kg, extrema(η): (1.58, -2.46) m, wall time: 11.622 seconds 
[ Info: time: 3720 days, iteration: 267840, Δt: 20 minutes,max|u|: (1.49e+00, 1.76e+00, 6.92e-03) m s⁻¹, extrema(T): (31.29, -1.95) ᵒC, extrema(S): (39.68, 18.93) g/kg, extrema(η): (1.19, -2.95) m, wall time: 11.673 seconds 
[ Info: time: 3721 days, iteration: 267912, Δt: 20 minutes,max|u|: (1.38e+00, 1.64e+00, 6.97e-03) m s⁻¹, extrema(T): (31.30, -1.95) ᵒC, extrema(S): (39.68, 18.89) g/kg, extrema(η): (1.26, -2.19) m, wall time: 11.703 seconds 
[ Info: time: 3722 days, iteration: 267984, Δt: 20 minutes,max|u|: (1.39e+00, 1.61e+00, 7.00e-03) m s⁻¹, extrema(T): (31.28, -1.95) ᵒC, extrema(S): (39.68, 18.84) g/kg, extrema(η): (4.29, -2.02) m, wall time: 11.601 seconds 
[ Info: time: 3723 days, iteration: 268056, Δt: 20 minutes,max|u|: (1.60e+00, 1.73e+00, 7.05e-03) m s⁻¹, extrema(T): (31.30, -1.95) ᵒC, extrema(S): (39.68, 18.80) g/kg, extrema(η): (2.75, -1.99) m, wall time: 11.759 seconds 
[ Info: time: 3724 days, iteration: 268128, Δt: 20 minutes,max|u|: (1.52e+00, 1.65e+00, 7.09e-03) m s⁻¹, extrema(T): (31.32, -1.95) ᵒC, extrema(S): (39.68, 18.77) g/kg, extrema(η): (1.21, -2.00) m, wall time: 12.025 seconds 
[ Info: time: 3725 days, iteration: 268200, Δt: 20 minutes,max|u|: (2.79e+00, 1.88e+00, 7.04e-03) m s⁻¹, extrema(T): (31.34, -1.96) ᵒC, extrema(S): (39.68, 18.74) g/kg, extrema(η): (1.21, -3.54) m, wall time: 11.656 seconds 
[ Info: time: 3726 days, iteration: 268272, Δt: 20 minutes,max|u|: (1.43e+00, 1.61e+00, 7.05e-03) m s⁻¹, extrema(T): (31.37, -1.96) ᵒC, extrema(S): (39.68, 18.73) g/kg, extrema(η): (1.27, -2.06) m, wall time: 11.631 seconds 
[ Info: time: 3727 days, iteration: 268344, Δt: 20 minutes,max|u|: (1.43e+00, 1.55e+00, 7.05e-03) m s⁻¹, extrema(T): (31.39, -1.96) ᵒC, extrema(S): (39.68, 18.70) g/kg, extrema(η): (3.95, -2.08) m, wall time: 11.648 seconds 
[ Info: time: 3728 days, iteration: 268416, Δt: 20 minutes,max|u|: (1.47e+00, 1.56e+00, 7.11e-03) m s⁻¹, extrema(T): (31.40, -1.96) ᵒC, extrema(S): (39.68, 18.67) g/kg, extrema(η): (3.43, -2.00) m, wall time: 11.596 seconds 
[ Info: time: 3729 days, iteration: 268488, Δt: 20 minutes,max|u|: (1.49e+00, 1.57e+00, 7.16e-03) m s⁻¹, extrema(T): (31.42, -1.96) ᵒC, extrema(S): (39.68, 18.65) g/kg, extrema(η): (1.29, -2.14) m, wall time: 16.333 seconds 
[ Info: time: 3730 days, iteration: 268560, Δt: 20 minutes,max|u|: (1.52e+00, 1.57e+00, 7.08e-03) m s⁻¹, extrema(T): (31.44, -1.96) ᵒC, extrema(S): (39.68, 18.62) g/kg, extrema(η): (1.27, -3.75) m, wall time: 11.683 seconds 
[ Info: time: 3731 days, iteration: 268632, Δt: 20 minutes,max|u|: (1.50e+00, 1.79e+00, 7.13e-03) m s⁻¹, extrema(T): (31.43, -1.96) ᵒC, extrema(S): (39.67, 18.60) g/kg, extrema(η): (1.19, -2.03) m, wall time: 11.743 seconds 
[ Info: time: 3732 days, iteration: 268704, Δt: 20 minutes,max|u|: (1.55e+00, 1.60e+00, 7.20e-03) m s⁻¹, extrema(T): (31.46, -1.96) ᵒC, extrema(S): (39.67, 18.58) g/kg, extrema(η): (3.34, -1.98) m, wall time: 12.993 seconds 
[ Info: time: 3733 days, iteration: 268776, Δt: 20 minutes,max|u|: (1.59e+00, 1.59e+00, 7.21e-03) m s⁻¹, extrema(T): (31.47, -1.96) ᵒC, extrema(S): (39.67, 18.56) g/kg, extrema(η): (3.74, -2.06) m, wall time: 11.675 seconds 
[ Info: time: 3734 days, iteration: 268848, Δt: 20 minutes,max|u|: (2.71e+00, 1.67e+00, 7.28e-03) m s⁻¹, extrema(T): (31.48, -1.96) ᵒC, extrema(S): (39.67, 18.57) g/kg, extrema(η): (2.42, -2.24) m, wall time: 11.692 seconds 
[ Info: time: 3735 days, iteration: 268920, Δt: 20 minutes,max|u|: (1.65e+00, 1.57e+00, 7.27e-03) m s⁻¹, extrema(T): (31.40, -1.95) ᵒC, extrema(S): (39.67, 18.67) g/kg, extrema(η): (2.82, -3.50) m, wall time: 11.686 seconds 
[ Info: time: 3736 days, iteration: 268992, Δt: 20 minutes,max|u|: (1.80e+00, 1.59e+00, 7.27e-03) m s⁻¹, extrema(T): (31.21, -1.95) ᵒC, extrema(S): (39.67, 18.93) g/kg, extrema(η): (3.20, -2.14) m, wall time: 11.693 seconds 
[ Info: time: 3737 days, iteration: 269064, Δt: 20 minutes,max|u|: (1.68e+00, 1.80e+00, 7.27e-03) m s⁻¹, extrema(T): (31.10, -1.95) ᵒC, extrema(S): (39.67, 19.50) g/kg, extrema(η): (3.24, -2.08) m, wall time: 11.796 seconds 
[ Info: time: 3738 days, iteration: 269136, Δt: 20 minutes,max|u|: (1.71e+00, 1.53e+00, 7.26e-03) m s⁻¹, extrema(T): (31.01, -1.94) ᵒC, extrema(S): (39.67, 19.73) g/kg, extrema(η): (4.56, -2.22) m, wall time: 11.622 seconds 
[ Info: time: 3739 days, iteration: 269208, Δt: 20 minutes,max|u|: (1.73e+00, 1.60e+00, 7.25e-03) m s⁻¹, extrema(T): (31.15, -1.94) ᵒC, extrema(S): (39.66, 19.59) g/kg, extrema(η): (2.89, -2.21) m, wall time: 11.687 seconds 
[ Info: time: 3740 days, iteration: 269280, Δt: 20 minutes,max|u|: (1.97e+00, 1.53e+00, 7.24e-03) m s⁻¹, extrema(T): (31.08, -1.94) ᵒC, extrema(S): (39.66, 19.43) g/kg, extrema(η): (2.50, -3.04) m, wall time: 11.655 seconds 
[ Info: time: 3741 days, iteration: 269352, Δt: 20 minutes,max|u|: (1.84e+00, 1.64e+00, 7.26e-03) m s⁻¹, extrema(T): (31.05, -1.93) ᵒC, extrema(S): (39.66, 19.32) g/kg, extrema(η): (1.98, -2.54) m, wall time: 11.631 seconds 
[ Info: time: 3742 days, iteration: 269424, Δt: 20 minutes,max|u|: (1.78e+00, 1.73e+00, 7.23e-03) m s⁻¹, extrema(T): (31.04, -1.93) ᵒC, extrema(S): (39.66, 19.26) g/kg, extrema(η): (1.78, -2.20) m, wall time: 16.508 seconds 
[ Info: time: 3743 days, iteration: 269496, Δt: 20 minutes,max|u|: (1.79e+00, 1.64e+00, 7.20e-03) m s⁻¹, extrema(T): (31.04, -1.93) ᵒC, extrema(S): (39.66, 19.23) g/kg, extrema(η): (4.64, -2.22) m, wall time: 11.665 seconds 
[ Info: time: 3744 days, iteration: 269568, Δt: 20 minutes,max|u|: (1.80e+00, 1.57e+00, 7.21e-03) m s⁻¹, extrema(T): (31.07, -1.93) ᵒC, extrema(S): (39.66, 19.14) g/kg, extrema(η): (2.90, -2.25) m, wall time: 15.572 seconds 
[ Info: time: 3745 days, iteration: 269640, Δt: 20 minutes,max|u|: (1.85e+00, 1.57e+00, 7.18e-03) m s⁻¹, extrema(T): (31.17, -1.92) ᵒC, extrema(S): (39.66, 19.04) g/kg, extrema(η): (1.26, -2.12) m, wall time: 11.699 seconds 
[ Info: time: 3746 days, iteration: 269712, Δt: 20 minutes,max|u|: (1.84e+00, 1.56e+00, 7.19e-03) m s⁻¹, extrema(T): (31.08, -1.92) ᵒC, extrema(S): (39.66, 18.99) g/kg, extrema(η): (1.21, -3.34) m, wall time: 11.674 seconds 
[ Info: time: 3747 days, iteration: 269784, Δt: 20 minutes,max|u|: (1.84e+00, 1.69e+00, 7.17e-03) m s⁻¹, extrema(T): (31.16, -1.92) ᵒC, extrema(S): (39.66, 18.91) g/kg, extrema(η): (1.19, -1.99) m, wall time: 11.715 seconds 
[ Info: time: 3748 days, iteration: 269856, Δt: 20 minutes,max|u|: (1.89e+00, 1.55e+00, 7.15e-03) m s⁻¹, extrema(T): (31.12, -1.92) ᵒC, extrema(S): (39.65, 19.08) g/kg, extrema(η): (4.20, -1.90) m, wall time: 11.674 seconds 
[ Info: time: 3749 days, iteration: 269928, Δt: 20 minutes,max|u|: (1.91e+00, 1.54e+00, 7.16e-03) m s⁻¹, extrema(T): (31.15, -1.92) ᵒC, extrema(S): (39.65, 19.60) g/kg, extrema(η): (3.41, -2.04) m, wall time: 11.699 seconds 
[ Info: time: 3750 days, iteration: 270000, Δt: 20 minutes,max|u|: (1.93e+00, 1.57e+00, 7.17e-03) m s⁻¹, extrema(T): (31.20, -1.91) ᵒC, extrema(S): (39.65, 19.59) g/kg, extrema(η): (1.26, -2.04) m, wall time: 11.638 seconds 
[ Info: time: 3751 days, iteration: 270072, Δt: 20 minutes,max|u|: (1.95e+00, 1.52e+00, 7.21e-03) m s⁻¹, extrema(T): (31.22, -1.91) ᵒC, extrema(S): (39.65, 19.52) g/kg, extrema(η): (1.27, -3.48) m, wall time: 11.606 seconds 
[ Info: time: 3752 days, iteration: 270144, Δt: 20 minutes,max|u|: (1.95e+00, 1.65e+00, 7.23e-03) m s⁻¹, extrema(T): (31.19, -1.91) ᵒC, extrema(S): (39.65, 19.43) g/kg, extrema(η): (1.27, -2.20) m, wall time: 11.646 seconds 
[ Info: time: 3753 days, iteration: 270216, Δt: 20 minutes,max|u|: (1.90e+00, 1.50e+00, 7.18e-03) m s⁻¹, extrema(T): (31.22, -1.91) ᵒC, extrema(S): (39.65, 19.51) g/kg, extrema(η): (3.27, -2.21) m, wall time: 11.668 seconds 
[ Info: time: 3754 days, iteration: 270288, Δt: 20 minutes,max|u|: (1.93e+00, 2.09e+00, 7.15e-03) m s⁻¹, extrema(T): (31.21, -1.91) ᵒC, extrema(S): (39.65, 19.53) g/kg, extrema(η): (3.93, -2.22) m, wall time: 16.324 seconds 
[ Info: time: 3755 days, iteration: 270360, Δt: 20 minutes,max|u|: (1.92e+00, 2.25e+00, 7.13e-03) m s⁻¹, extrema(T): (31.23, -1.91) ᵒC, extrema(S): (39.65, 19.47) g/kg, extrema(η): (1.39, -2.23) m, wall time: 11.732 seconds 
[ Info: time: 3756 days, iteration: 270432, Δt: 20 minutes,max|u|: (1.93e+00, 1.47e+00, 7.15e-03) m s⁻¹, extrema(T): (31.25, -1.91) ᵒC, extrema(S): (39.65, 19.51) g/kg, extrema(η): (1.89, -3.18) m, wall time: 11.683 seconds 
[ Info: time: 3757 days, iteration: 270504, Δt: 20 minutes,max|u|: (2.04e+00, 1.48e+00, 7.05e-03) m s⁻¹, extrema(T): (31.36, -1.91) ᵒC, extrema(S): (39.65, 19.39) g/kg, extrema(η): (2.58, -2.43) m, wall time: 11.681 seconds 
[ Info: time: 3758 days, iteration: 270576, Δt: 20 minutes,max|u|: (1.96e+00, 1.72e+00, 6.98e-03) m s⁻¹, extrema(T): (31.31, -1.91) ᵒC, extrema(S): (39.65, 19.47) g/kg, extrema(η): (3.03, -1.96) m, wall time: 11.621 seconds 
[ Info: time: 3759 days, iteration: 270648, Δt: 20 minutes,max|u|: (1.97e+00, 1.49e+00, 6.96e-03) m s⁻¹, extrema(T): (31.37, -1.91) ᵒC, extrema(S): (39.65, 19.53) g/kg, extrema(η): (4.35, -1.86) m, wall time: 11.698 seconds 
[ Info: time: 3760 days, iteration: 270720, Δt: 20 minutes,max|u|: (1.98e+00, 1.61e+00, 6.92e-03) m s⁻¹, extrema(T): (31.43, -1.91) ᵒC, extrema(S): (39.64, 19.53) g/kg, extrema(η): (3.29, -1.97) m, wall time: 11.714 seconds 
[ Info: time: 3761 days, iteration: 270792, Δt: 20 minutes,max|u|: (1.98e+00, 1.51e+00, 6.94e-03) m s⁻¹, extrema(T): (31.35, -1.91) ᵒC, extrema(S): (39.64, 19.55) g/kg, extrema(η): (3.18, -2.67) m, wall time: 11.655 seconds 
[ Info: time: 3762 days, iteration: 270864, Δt: 20 minutes,max|u|: (1.97e+00, 1.52e+00, 6.87e-03) m s⁻¹, extrema(T): (31.28, -1.91) ᵒC, extrema(S): (39.64, 19.44) g/kg, extrema(η): (3.00, -2.82) m, wall time: 11.780 seconds 
[ Info: time: 3763 days, iteration: 270936, Δt: 20 minutes,max|u|: (1.95e+00, 1.75e+00, 6.89e-03) m s⁻¹, extrema(T): (31.20, -1.91) ᵒC, extrema(S): (39.64, 19.45) g/kg, extrema(η): (2.67, -2.03) m, wall time: 12.869 seconds 
[ Info: time: 3764 days, iteration: 271008, Δt: 20 minutes,max|u|: (1.94e+00, 1.52e+00, 6.86e-03) m s⁻¹, extrema(T): (31.30, -1.91) ᵒC, extrema(S): (39.65, 19.48) g/kg, extrema(η): (4.69, -1.98) m, wall time: 11.687 seconds 
[ Info: time: 3765 days, iteration: 271080, Δt: 20 minutes,max|u|: (1.95e+00, 1.60e+00, 6.81e-03) m s⁻¹, extrema(T): (31.23, -1.92) ᵒC, extrema(S): (39.65, 19.37) g/kg, extrema(η): (2.77, -1.93) m, wall time: 11.626 seconds 
[ Info: time: 3766 days, iteration: 271152, Δt: 20 minutes,max|u|: (2.00e+00, 1.51e+00, 6.82e-03) m s⁻¹, extrema(T): (31.18, -1.92) ᵒC, extrema(S): (39.65, 19.35) g/kg, extrema(η): (1.22, -2.10) m, wall time: 16.296 seconds 
[ Info: time: 3767 days, iteration: 271224, Δt: 20 minutes,max|u|: (2.02e+00, 1.51e+00, 6.84e-03) m s⁻¹, extrema(T): (31.19, -1.92) ᵒC, extrema(S): (39.66, 19.56) g/kg, extrema(η): (1.23, -3.49) m, wall time: 11.693 seconds 
[ Info: time: 3768 days, iteration: 271296, Δt: 20 minutes,max|u|: (1.99e+00, 1.69e+00, 6.86e-03) m s⁻¹, extrema(T): (31.30, -1.92) ᵒC, extrema(S): (39.66, 19.49) g/kg, extrema(η): (1.21, -2.12) m, wall time: 11.668 seconds 
[ Info: time: 3769 days, iteration: 271368, Δt: 20 minutes,max|u|: (2.07e+00, 1.53e+00, 6.84e-03) m s⁻¹, extrema(T): (31.26, -1.92) ᵒC, extrema(S): (39.66, 19.67) g/kg, extrema(η): (4.02, -1.99) m, wall time: 11.727 seconds 
[ Info: time: 3770 days, iteration: 271440, Δt: 20 minutes,max|u|: (1.92e+00, 1.47e+00, 6.82e-03) m s⁻¹, extrema(T): (31.30, -1.93) ᵒC, extrema(S): (39.65, 19.60) g/kg, extrema(η): (3.57, -2.11) m, wall time: 11.681 seconds 
[ Info: time: 3771 days, iteration: 271512, Δt: 20 minutes,max|u|: (1.93e+00, 1.48e+00, 6.86e-03) m s⁻¹, extrema(T): (31.25, -1.93) ᵒC, extrema(S): (39.65, 19.66) g/kg, extrema(η): (1.40, -2.22) m, wall time: 11.678 seconds 
[ Info: time: 3772 days, iteration: 271584, Δt: 20 minutes,max|u|: (1.93e+00, 1.46e+00, 6.89e-03) m s⁻¹, extrema(T): (31.23, -1.93) ᵒC, extrema(S): (39.64, 19.62) g/kg, extrema(η): (1.39, -3.65) m, wall time: 11.605 seconds 
[ Info: time: 3773 days, iteration: 271656, Δt: 20 minutes,max|u|: (1.92e+00, 1.48e+00, 6.91e-03) m s⁻¹, extrema(T): (31.26, -1.93) ᵒC, extrema(S): (39.65, 19.57) g/kg, extrema(η): (1.45, -2.14) m, wall time: 11.696 seconds 
[ Info: time: 3774 days, iteration: 271728, Δt: 20 minutes,max|u|: (1.87e+00, 1.47e+00, 6.92e-03) m s⁻¹, extrema(T): (31.32, -1.91) ᵒC, extrema(S): (39.65, 19.58) g/kg, extrema(η): (3.15, -2.24) m, wall time: 11.638 seconds 
[ Info: time: 3775 days, iteration: 271800, Δt: 20 minutes,max|u|: (1.80e+00, 1.47e+00, 6.87e-03) m s⁻¹, extrema(T): (31.31, -1.92) ᵒC, extrema(S): (39.65, 19.46) g/kg, extrema(η): (3.79, -2.17) m, wall time: 11.606 seconds 
[ Info: time: 3776 days, iteration: 271872, Δt: 20 minutes,max|u|: (1.80e+00, 1.65e+00, 6.88e-03) m s⁻¹, extrema(T): (31.34, -1.91) ᵒC, extrema(S): (39.65, 19.56) g/kg, extrema(η): (1.41, -2.13) m, wall time: 11.631 seconds 
[ Info: time: 3777 days, iteration: 271944, Δt: 20 minutes,max|u|: (1.80e+00, 1.48e+00, 6.90e-03) m s⁻¹, extrema(T): (31.34, -1.92) ᵒC, extrema(S): (39.66, 19.57) g/kg, extrema(η): (1.31, -3.85) m, wall time: 11.719 seconds 
[ Info: time: 3778 days, iteration: 272016, Δt: 20 minutes,max|u|: (1.81e+00, 1.48e+00, 6.85e-03) m s⁻¹, extrema(T): (31.33, -1.92) ᵒC, extrema(S): (39.66, 19.63) g/kg, extrema(η): (1.38, -2.59) m, wall time: 11.717 seconds 
[ Info: time: 3779 days, iteration: 272088, Δt: 20 minutes,max|u|: (1.80e+00, 1.68e+00, 6.83e-03) m s⁻¹, extrema(T): (31.32, -1.91) ᵒC, extrema(S): (39.66, 19.01) g/kg, extrema(η): (2.10, -1.97) m, wall time: 16.393 seconds 
[ Info: time: 3780 days, iteration: 272160, Δt: 20 minutes,max|u|: (2.02e+00, 1.55e+00, 6.85e-03) m s⁻¹, extrema(T): (31.33, -1.92) ᵒC, extrema(S): (39.65, 17.98) g/kg, extrema(η): (4.22, -2.04) m, wall time: 11.721 seconds 
[ Info: time: 3781 days, iteration: 272232, Δt: 20 minutes,max|u|: (2.08e+00, 1.90e+00, 6.90e-03) m s⁻¹, extrema(T): (31.33, -1.91) ᵒC, extrema(S): (39.65, 17.35) g/kg, extrema(η): (2.70, -2.04) m, wall time: 11.680 seconds 
[ Info: time: 3782 days, iteration: 272304, Δt: 20 minutes,max|u|: (2.34e+00, 1.47e+00, 6.97e-03) m s⁻¹, extrema(T): (31.36, -1.90) ᵒC, extrema(S): (39.65, 17.22) g/kg, extrema(η): (3.02, -3.30) m, wall time: 11.651 seconds 
[ Info: time: 3783 days, iteration: 272376, Δt: 20 minutes,max|u|: (2.42e+00, 1.53e+00, 7.00e-03) m s⁻¹, extrema(T): (31.39, -1.89) ᵒC, extrema(S): (39.65, 16.88) g/kg, extrema(η): (3.16, -3.18) m, wall time: 11.653 seconds 
[ Info: time: 3784 days, iteration: 272448, Δt: 20 minutes,max|u|: (2.15e+00, 1.70e+00, 7.01e-03) m s⁻¹, extrema(T): (31.35, -1.90) ᵒC, extrema(S): (39.66, 17.00) g/kg, extrema(η): (3.21, -2.14) m, wall time: 11.678 seconds 
[ Info: time: 3785 days, iteration: 272520, Δt: 20 minutes,max|u|: (1.64e+00, 1.45e+00, 7.08e-03) m s⁻¹, extrema(T): (31.30, -1.90) ᵒC, extrema(S): (39.66, 16.68) g/kg, extrema(η): (4.14, -2.13) m, wall time: 11.699 seconds 
[ Info: time: 3786 days, iteration: 272592, Δt: 20 minutes,max|u|: (1.60e+00, 1.52e+00, 7.15e-03) m s⁻¹, extrema(T): (31.33, -1.90) ᵒC, extrema(S): (39.65, 16.51) g/kg, extrema(η): (2.79, -2.10) m, wall time: 11.716 seconds 
[ Info: time: 3787 days, iteration: 272664, Δt: 20 minutes,max|u|: (1.59e+00, 1.43e+00, 7.12e-03) m s⁻¹, extrema(T): (31.37, -1.92) ᵒC, extrema(S): (39.66, 16.76) g/kg, extrema(η): (2.42, -2.46) m, wall time: 11.687 seconds 
[ Info: time: 3788 days, iteration: 272736, Δt: 20 minutes,max|u|: (1.96e+00, 1.45e+00, 7.08e-03) m s⁻¹, extrema(T): (31.38, -1.92) ᵒC, extrema(S): (39.67, 16.89) g/kg, extrema(η): (2.04, -3.32) m, wall time: 11.684 seconds 
[ Info: time: 3789 days, iteration: 272808, Δt: 20 minutes,max|u|: (1.61e+00, 1.68e+00, 7.06e-03) m s⁻¹, extrema(T): (31.39, -1.93) ᵒC, extrema(S): (39.67, 16.52) g/kg, extrema(η): (1.65, -1.92) m, wall time: 11.805 seconds 
[ Info: time: 3790 days, iteration: 272880, Δt: 20 minutes,max|u|: (1.59e+00, 1.44e+00, 7.04e-03) m s⁻¹, extrema(T): (31.48, -1.93) ᵒC, extrema(S): (39.67, 16.71) g/kg, extrema(η): (4.16, -2.23) m, wall time: 11.619 seconds 
[ Info: time: 3791 days, iteration: 272952, Δt: 20 minutes,max|u|: (1.69e+00, 1.52e+00, 7.10e-03) m s⁻¹, extrema(T): (31.56, -1.93) ᵒC, extrema(S): (39.67, 17.41) g/kg, extrema(η): (3.42, -2.22) m, wall time: 16.318 seconds 
[ Info: time: 3792 days, iteration: 273024, Δt: 20 minutes,max|u|: (1.60e+00, 1.80e+00, 7.16e-03) m s⁻¹, extrema(T): (31.52, -1.93) ᵒC, extrema(S): (39.67, 17.09) g/kg, extrema(η): (1.23, -2.09) m, wall time: 11.697 seconds 
[ Info: time: 3793 days, iteration: 273096, Δt: 20 minutes,max|u|: (1.53e+00, 1.44e+00, 7.10e-03) m s⁻¹, extrema(T): (31.47, -1.93) ᵒC, extrema(S): (39.68, 16.81) g/kg, extrema(η): (1.23, -3.91) m, wall time: 11.662 seconds 
[ Info: time: 3794 days, iteration: 273168, Δt: 20 minutes,max|u|: (1.52e+00, 1.62e+00, 7.07e-03) m s⁻¹, extrema(T): (31.48, -1.93) ᵒC, extrema(S): (39.68, 17.18) g/kg, extrema(η): (1.26, -2.03) m, wall time: 12.520 seconds 
[ Info: time: 3795 days, iteration: 273240, Δt: 20 minutes,max|u|: (1.58e+00, 1.43e+00, 7.01e-03) m s⁻¹, extrema(T): (31.51, -1.93) ᵒC, extrema(S): (39.68, 17.31) g/kg, extrema(η): (3.46, -1.90) m, wall time: 11.735 seconds 
[ Info: time: 3796 days, iteration: 273312, Δt: 20 minutes,max|u|: (1.47e+00, 1.42e+00, 6.99e-03) m s⁻¹, extrema(T): (31.47, -1.91) ᵒC, extrema(S): (39.68, 18.11) g/kg, extrema(η): (4.00, -1.98) m, wall time: 11.676 seconds 
[ Info: time: 3797 days, iteration: 273384, Δt: 20 minutes,max|u|: (1.51e+00, 1.77e+00, 6.98e-03) m s⁻¹, extrema(T): (31.43, -1.91) ᵒC, extrema(S): (39.68, 18.92) g/kg, extrema(η): (1.23, -2.03) m, wall time: 11.651 seconds 
[ Info: time: 3798 days, iteration: 273456, Δt: 20 minutes,max|u|: (1.52e+00, 1.41e+00, 7.00e-03) m s⁻¹, extrema(T): (31.42, -1.91) ᵒC, extrema(S): (39.68, 18.73) g/kg, extrema(η): (1.20, -3.73) m, wall time: 11.683 seconds 
[ Info: time: 3799 days, iteration: 273528, Δt: 20 minutes,max|u|: (1.41e+00, 1.54e+00, 6.96e-03) m s⁻¹, extrema(T): (31.39, -1.92) ᵒC, extrema(S): (39.68, 18.91) g/kg, extrema(η): (1.27, -2.10) m, wall time: 11.682 seconds 
[ Info: time: 3800 days, iteration: 273600, Δt: 20 minutes,max|u|: (1.43e+00, 1.59e+00, 6.92e-03) m s⁻¹, extrema(T): (31.35, -1.93) ᵒC, extrema(S): (39.68, 19.06) g/kg, extrema(η): (2.49, -2.08) m, wall time: 11.628 seconds 
[ Info: time: 3801 days, iteration: 273672, Δt: 20 minutes,max|u|: (1.57e+00, 1.40e+00, 6.92e-03) m s⁻¹, extrema(T): (31.32, -1.93) ᵒC, extrema(S): (39.68, 19.18) g/kg, extrema(η): (4.45, -2.17) m, wall time: 11.712 seconds 
[ Info: time: 3802 days, iteration: 273744, Δt: 20 minutes,max|u|: (1.42e+00, 1.67e+00, 6.95e-03) m s⁻¹, extrema(T): (31.31, -1.92) ᵒC, extrema(S): (39.69, 18.84) g/kg, extrema(η): (1.55, -2.31) m, wall time: 11.737 seconds 
[ Info: time: 3803 days, iteration: 273816, Δt: 20 minutes,max|u|: (1.63e+00, 1.40e+00, 6.96e-03) m s⁻¹, extrema(T): (31.24, -1.93) ᵒC, extrema(S): (39.69, 18.38) g/kg, extrema(η): (1.74, -3.42) m, wall time: 16.347 seconds 
[ Info: time: 3804 days, iteration: 273888, Δt: 20 minutes,max|u|: (1.41e+00, 1.41e+00, 6.95e-03) m s⁻¹, extrema(T): (31.26, -1.93) ᵒC, extrema(S): (39.69, 17.83) g/kg, extrema(η): (2.30, -2.96) m, wall time: 11.641 seconds 
[ Info: time: 3805 days, iteration: 273960, Δt: 20 minutes,max|u|: (1.41e+00, 1.75e+00, 6.93e-03) m s⁻¹, extrema(T): (31.27, -1.93) ᵒC, extrema(S): (39.70, 17.48) g/kg, extrema(η): (2.79, -1.97) m, wall time: 11.764 seconds 
[ Info: time: 3806 days, iteration: 274032, Δt: 20 minutes,max|u|: (1.42e+00, 1.41e+00, 6.92e-03) m s⁻¹, extrema(T): (31.28, -1.93) ᵒC, extrema(S): (39.70, 16.65) g/kg, extrema(η): (4.45, -2.22) m, wall time: 11.696 seconds 
[ Info: time: 3807 days, iteration: 274104, Δt: 20 minutes,max|u|: (1.47e+00, 1.53e+00, 6.85e-03) m s⁻¹, extrema(T): (31.28, -1.94) ᵒC, extrema(S): (39.70, 16.68) g/kg, extrema(η): (3.22, -2.08) m, wall time: 11.629 seconds 
[ Info: time: 3808 days, iteration: 274176, Δt: 20 minutes,max|u|: (1.48e+00, 1.42e+00, 6.81e-03) m s⁻¹, extrema(T): (31.29, -1.94) ᵒC, extrema(S): (39.71, 16.89) g/kg, extrema(η): (3.37, -2.36) m, wall time: 11.643 seconds 
[ Info: time: 3809 days, iteration: 274248, Δt: 20 minutes,max|u|: (1.53e+00, 1.41e+00, 6.75e-03) m s⁻¹, extrema(T): (31.26, -1.94) ᵒC, extrema(S): (39.71, 16.55) g/kg, extrema(η): (3.27, -3.51) m, wall time: 11.745 seconds 
[ Info: time: 3810 days, iteration: 274320, Δt: 20 minutes,max|u|: (1.61e+00, 1.71e+00, 6.76e-03) m s⁻¹, extrema(T): (31.27, -1.94) ᵒC, extrema(S): (39.71, 16.87) g/kg, extrema(η): (3.11, -2.05) m, wall time: 11.684 seconds 
[ Info: time: 3811 days, iteration: 274392, Δt: 20 minutes,max|u|: (2.03e+00, 1.48e+00, 6.79e-03) m s⁻¹, extrema(T): (31.27, -1.94) ᵒC, extrema(S): (39.71, 16.43) g/kg, extrema(η): (4.39, -2.03) m, wall time: 11.739 seconds 
[ Info: time: 3812 days, iteration: 274464, Δt: 20 minutes,max|u|: (2.17e+00, 1.41e+00, 6.82e-03) m s⁻¹, extrema(T): (31.28, -1.94) ᵒC, extrema(S): (39.72, 16.07) g/kg, extrema(η): (3.36, -2.07) m, wall time: 11.684 seconds 
[ Info: time: 3813 days, iteration: 274536, Δt: 20 minutes,max|u|: (2.02e+00, 1.62e+00, 6.79e-03) m s⁻¹, extrema(T): (31.29, -1.95) ᵒC, extrema(S): (39.72, 15.94) g/kg, extrema(η): (1.89, -2.00) m, wall time: 11.666 seconds 
[ Info: time: 3814 days, iteration: 274608, Δt: 20 minutes,max|u|: (1.98e+00, 1.40e+00, 6.87e-03) m s⁻¹, extrema(T): (31.28, -1.95) ᵒC, extrema(S): (39.72, 16.15) g/kg, extrema(η): (1.45, -3.72) m, wall time: 11.653 seconds 
[ Info: time: 3815 days, iteration: 274680, Δt: 20 minutes,max|u|: (1.86e+00, 1.63e+00, 6.85e-03) m s⁻¹, extrema(T): (31.26, -1.95) ᵒC, extrema(S): (39.72, 15.85) g/kg, extrema(η): (1.32, -1.92) m, wall time: 11.593 seconds 
[ Info: time: 3816 days, iteration: 274752, Δt: 20 minutes,max|u|: (1.96e+00, 1.38e+00, 6.86e-03) m s⁻¹, extrema(T): (31.23, -1.95) ᵒC, extrema(S): (39.73, 15.44) g/kg, extrema(η): (3.55, -1.98) m, wall time: 16.331 seconds 
[ Info: time: 3817 days, iteration: 274824, Δt: 20 minutes,max|u|: (2.51e+00, 1.58e+00, 6.88e-03) m s⁻¹, extrema(T): (31.21, -1.95) ᵒC, extrema(S): (39.73, 15.31) g/kg, extrema(η): (3.99, -2.01) m, wall time: 11.689 seconds 
[ Info: time: 3818 days, iteration: 274896, Δt: 20 minutes,max|u|: (1.59e+00, 1.63e+00, 6.92e-03) m s⁻¹, extrema(T): (31.20, -1.95) ᵒC, extrema(S): (39.74, 15.52) g/kg, extrema(η): (1.29, -2.05) m, wall time: 11.682 seconds 
[ Info: time: 3819 days, iteration: 274968, Δt: 20 minutes,max|u|: (1.70e+00, 1.44e+00, 6.89e-03) m s⁻¹, extrema(T): (31.16, -1.95) ᵒC, extrema(S): (39.74, 16.49) g/kg, extrema(η): (1.29, -3.81) m, wall time: 11.722 seconds 
[ Info: time: 3820 days, iteration: 275040, Δt: 20 minutes,max|u|: (2.22e+00, 1.49e+00, 6.77e-03) m s⁻¹, extrema(T): (31.10, -1.95) ᵒC, extrema(S): (39.74, 15.75) g/kg, extrema(η): (1.26, -2.27) m, wall time: 11.681 seconds 
[ Info: time: 3821 days, iteration: 275112, Δt: 20 minutes,max|u|: (2.10e+00, 1.61e+00, 6.80e-03) m s⁻¹, extrema(T): (30.93, -1.95) ᵒC, extrema(S): (39.74, 15.14) g/kg, extrema(η): (2.65, -2.16) m, wall time: 11.683 seconds 
[ Info: time: 3822 days, iteration: 275184, Δt: 20 minutes,max|u|: (2.33e+00, 2.13e+00, 6.84e-03) m s⁻¹, extrema(T): (30.89, -1.95) ᵒC, extrema(S): (39.74, 15.77) g/kg, extrema(η): (4.39, -2.21) m, wall time: 11.652 seconds 
[ Info: time: 3823 days, iteration: 275256, Δt: 20 minutes,max|u|: (2.26e+00, 1.70e+00, 6.89e-03) m s⁻¹, extrema(T): (30.88, -1.95) ᵒC, extrema(S): (39.74, 16.36) g/kg, extrema(η): (1.50, -2.14) m, wall time: 11.679 seconds 
[ Info: time: 3824 days, iteration: 275328, Δt: 20 minutes,max|u|: (1.73e+00, 1.52e+00, 7.01e-03) m s⁻¹, extrema(T): (31.00, -1.94) ᵒC, extrema(S): (39.75, 16.20) g/kg, extrema(η): (1.52, -3.34) m, wall time: 11.760 seconds 
[ Info: time: 3825 days, iteration: 275400, Δt: 20 minutes,max|u|: (1.61e+00, 1.54e+00, 7.05e-03) m s⁻¹, extrema(T): (30.97, -1.93) ᵒC, extrema(S): (39.75, 15.77) g/kg, extrema(η): (1.45, -2.87) m, wall time: 12.578 seconds 
[ Info: time: 3826 days, iteration: 275472, Δt: 20 minutes,max|u|: (1.55e+00, 1.71e+00, 7.03e-03) m s⁻¹, extrema(T): (30.95, -1.94) ᵒC, extrema(S): (39.75, 15.87) g/kg, extrema(η): (1.61, -2.11) m, wall time: 11.681 seconds 
[ Info: time: 3827 days, iteration: 275544, Δt: 20 minutes,max|u|: (1.67e+00, 1.56e+00, 6.98e-03) m s⁻¹, extrema(T): (31.06, -1.94) ᵒC, extrema(S): (39.75, 15.43) g/kg, extrema(η): (4.33, -2.12) m, wall time: 11.744 seconds 
[ Info: time: 3828 days, iteration: 275616, Δt: 20 minutes,max|u|: (1.82e+00, 1.54e+00, 6.91e-03) m s⁻¹, extrema(T): (31.10, -1.94) ᵒC, extrema(S): (39.75, 14.97) g/kg, extrema(η): (2.42, -1.98) m, wall time: 16.383 seconds 
[ Info: time: 3829 days, iteration: 275688, Δt: 20 minutes,max|u|: (2.06e+00, 1.46e+00, 6.90e-03) m s⁻¹, extrema(T): (31.24, -1.92) ᵒC, extrema(S): (39.76, 14.46) g/kg, extrema(η): (2.84, -2.49) m, wall time: 11.730 seconds 
[ Info: time: 3830 days, iteration: 275760, Δt: 20 minutes,max|u|: (1.84e+00, 1.48e+00, 6.89e-03) m s⁻¹, extrema(T): (31.18, -1.92) ᵒC, extrema(S): (39.76, 14.24) g/kg, extrema(η): (3.15, -3.57) m, wall time: 11.643 seconds 
[ Info: time: 3831 days, iteration: 275832, Δt: 20 minutes,max|u|: (1.61e+00, 1.79e+00, 6.92e-03) m s⁻¹, extrema(T): (31.21, -1.92) ᵒC, extrema(S): (39.77, 13.87) g/kg, extrema(η): (3.41, -2.18) m, wall time: 11.755 seconds 
[ Info: time: 3832 days, iteration: 275904, Δt: 20 minutes,max|u|: (1.70e+00, 1.46e+00, 6.93e-03) m s⁻¹, extrema(T): (31.21, -1.91) ᵒC, extrema(S): (39.77, 13.69) g/kg, extrema(η): (4.45, -2.21) m, wall time: 11.725 seconds 
[ Info: time: 3833 days, iteration: 275976, Δt: 20 minutes,max|u|: (1.61e+00, 1.46e+00, 6.89e-03) m s⁻¹, extrema(T): (31.26, -1.91) ᵒC, extrema(S): (39.77, 13.79) g/kg, extrema(η): (3.30, -2.25) m, wall time: 11.672 seconds 
[ Info: time: 3834 days, iteration: 276048, Δt: 20 minutes,max|u|: (1.86e+00, 1.51e+00, 6.90e-03) m s⁻¹, extrema(T): (31.13, -1.91) ᵒC, extrema(S): (39.77, 13.86) g/kg, extrema(η): (3.09, -2.23) m, wall time: 11.727 seconds 
[ Info: time: 3835 days, iteration: 276120, Δt: 20 minutes,max|u|: (2.07e+00, 1.45e+00, 6.95e-03) m s⁻¹, extrema(T): (31.02, -1.92) ᵒC, extrema(S): (39.78, 15.97) g/kg, extrema(η): (2.84, -3.68) m, wall time: 11.737 seconds 
[ Info: time: 3836 days, iteration: 276192, Δt: 20 minutes,max|u|: (1.81e+00, 1.70e+00, 6.97e-03) m s⁻¹, extrema(T): (31.03, -1.92) ᵒC, extrema(S): (39.78, 15.26) g/kg, extrema(η): (2.46, -2.21) m, wall time: 11.701 seconds 
[ Info: time: 3837 days, iteration: 276264, Δt: 20 minutes,max|u|: (2.31e+00, 1.41e+00, 6.96e-03) m s⁻¹, extrema(T): (31.03, -1.92) ᵒC, extrema(S): (39.78, 14.64) g/kg, extrema(η): (3.79, -2.04) m, wall time: 11.693 seconds 
[ Info: time: 3838 days, iteration: 276336, Δt: 20 minutes,max|u|: (2.29e+00, 1.41e+00, 6.98e-03) m s⁻¹, extrema(T): (31.08, -1.93) ᵒC, extrema(S): (39.78, 14.17) g/kg, extrema(η): (4.07, -2.08) m, wall time: 11.699 seconds 
[ Info: time: 3839 days, iteration: 276408, Δt: 20 minutes,max|u|: (2.01e+00, 1.62e+00, 6.97e-03) m s⁻¹, extrema(T): (31.28, -1.93) ᵒC, extrema(S): (39.79, 14.96) g/kg, extrema(η): (1.41, -2.05) m, wall time: 11.705 seconds 
[ Info: time: 3840 days, iteration: 276480, Δt: 20 minutes,max|u|: (2.15e+00, 1.40e+00, 7.05e-03) m s⁻¹, extrema(T): (31.20, -1.93) ᵒC, extrema(S): (39.79, 14.59) g/kg, extrema(η): (1.38, -3.35) m, wall time: 11.718 seconds 
[ Info: time: 3841 days, iteration: 276552, Δt: 20 minutes,max|u|: (2.68e+00, 1.48e+00, 7.09e-03) m s⁻¹, extrema(T): (31.11, -1.94) ᵒC, extrema(S): (39.79, 14.23) g/kg, extrema(η): (1.30, -2.11) m, wall time: 16.431 seconds 
[ Info: time: 3842 days, iteration: 276624, Δt: 20 minutes,max|u|: (2.07e+00, 1.50e+00, 7.18e-03) m s⁻¹, extrema(T): (31.31, -1.94) ᵒC, extrema(S): (39.79, 15.51) g/kg, extrema(η): (2.70, -2.09) m, wall time: 11.766 seconds 
[ Info: time: 3843 days, iteration: 276696, Δt: 20 minutes,max|u|: (2.15e+00, 1.61e+00, 7.17e-03) m s⁻¹, extrema(T): (31.66, -1.95) ᵒC, extrema(S): (39.80, 15.32) g/kg, extrema(η): (4.34, -2.20) m, wall time: 15.533 seconds 
[ Info: time: 3844 days, iteration: 276768, Δt: 20 minutes,max|u|: (2.25e+00, 1.64e+00, 7.20e-03) m s⁻¹, extrema(T): (31.59, -1.95) ᵒC, extrema(S): (39.79, 14.75) g/kg, extrema(η): (1.38, -2.13) m, wall time: 11.735 seconds 
[ Info: time: 3845 days, iteration: 276840, Δt: 20 minutes,max|u|: (2.62e+00, 1.42e+00, 7.13e-03) m s⁻¹, extrema(T): (31.65, -1.95) ᵒC, extrema(S): (39.80, 14.24) g/kg, extrema(η): (1.28, -3.02) m, wall time: 11.653 seconds 
[ Info: time: 3846 days, iteration: 276912, Δt: 20 minutes,max|u|: (1.95e+00, 1.42e+00, 7.10e-03) m s⁻¹, extrema(T): (31.62, -1.95) ᵒC, extrema(S): (39.80, 15.38) g/kg, extrema(η): (1.37, -2.90) m, wall time: 11.706 seconds 
[ Info: time: 3847 days, iteration: 276984, Δt: 20 minutes,max|u|: (1.89e+00, 1.78e+00, 7.06e-03) m s⁻¹, extrema(T): (31.51, -1.95) ᵒC, extrema(S): (39.80, 15.28) g/kg, extrema(η): (1.40, -2.10) m, wall time: 11.690 seconds 
[ Info: time: 3848 days, iteration: 277056, Δt: 20 minutes,max|u|: (1.83e+00, 1.44e+00, 7.10e-03) m s⁻¹, extrema(T): (31.61, -1.95) ᵒC, extrema(S): (39.80, 15.51) g/kg, extrema(η): (4.31, -2.22) m, wall time: 11.681 seconds 
[ Info: time: 3849 days, iteration: 277128, Δt: 20 minutes,max|u|: (1.84e+00, 1.49e+00, 7.11e-03) m s⁻¹, extrema(T): (31.71, -1.95) ᵒC, extrema(S): (39.81, 14.60) g/kg, extrema(η): (2.35, -2.22) m, wall time: 11.740 seconds 
[ Info: time: 3850 days, iteration: 277200, Δt: 20 minutes,max|u|: (2.16e+00, 1.72e+00, 7.06e-03) m s⁻¹, extrema(T): (31.70, -1.95) ᵒC, extrema(S): (39.81, 15.90) g/kg, extrema(η): (1.51, -2.48) m, wall time: 11.765 seconds 
[ Info: time: 3851 days, iteration: 277272, Δt: 20 minutes,max|u|: (1.69e+00, 1.46e+00, 7.00e-03) m s⁻¹, extrema(T): (31.69, -1.94) ᵒC, extrema(S): (39.82, 16.53) g/kg, extrema(η): (1.51, -3.83) m, wall time: 11.679 seconds 
[ Info: time: 3852 days, iteration: 277344, Δt: 20 minutes,max|u|: (1.66e+00, 1.81e+00, 6.94e-03) m s⁻¹, extrema(T): (31.78, -1.93) ᵒC, extrema(S): (39.81, 15.57) g/kg, extrema(η): (2.08, -2.07) m, wall time: 11.733 seconds 
[ Info: time: 3853 days, iteration: 277416, Δt: 20 minutes,max|u|: (1.95e+00, 1.46e+00, 6.85e-03) m s⁻¹, extrema(T): (32.10, -1.93) ᵒC, extrema(S): (39.82, 16.33) g/kg, extrema(η): (3.97, -1.90) m, wall time: 16.346 seconds 
[ Info: time: 3854 days, iteration: 277488, Δt: 20 minutes,max|u|: (2.19e+00, 1.46e+00, 6.79e-03) m s⁻¹, extrema(T): (32.24, -1.94) ᵒC, extrema(S): (39.82, 16.67) g/kg, extrema(η): (3.39, -2.08) m, wall time: 11.678 seconds 
[ Info: time: 3855 days, iteration: 277560, Δt: 20 minutes,max|u|: (1.95e+00, 1.59e+00, 6.82e-03) m s⁻¹, extrema(T): (32.21, -1.94) ᵒC, extrema(S): (39.82, 15.68) g/kg, extrema(η): (3.17, -2.03) m, wall time: 11.676 seconds 
[ Info: time: 3856 days, iteration: 277632, Δt: 20 minutes,max|u|: (2.06e+00, 1.45e+00, 6.76e-03) m s⁻¹, extrema(T): (32.20, -1.94) ᵒC, extrema(S): (39.82, 15.22) g/kg, extrema(η): (3.21, -3.70) m, wall time: 12.666 seconds 
[ Info: time: 3857 days, iteration: 277704, Δt: 20 minutes,max|u|: (1.94e+00, 1.65e+00, 6.75e-03) m s⁻¹, extrema(T): (32.31, -1.94) ᵒC, extrema(S): (39.82, 14.77) g/kg, extrema(η): (3.20, -2.11) m, wall time: 11.816 seconds 
[ Info: time: 3858 days, iteration: 277776, Δt: 20 minutes,max|u|: (1.72e+00, 1.66e+00, 6.74e-03) m s⁻¹, extrema(T): (32.17, -1.94) ᵒC, extrema(S): (39.82, 14.75) g/kg, extrema(η): (3.26, -2.19) m, wall time: 11.660 seconds 
[ Info: time: 3859 days, iteration: 277848, Δt: 20 minutes,max|u|: (2.05e+00, 1.47e+00, 6.72e-03) m s⁻¹, extrema(T): (32.31, -1.94) ᵒC, extrema(S): (39.84, 14.41) g/kg, extrema(η): (4.13, -2.11) m, wall time: 11.708 seconds 
[ Info: time: 3860 days, iteration: 277920, Δt: 20 minutes,max|u|: (2.23e+00, 1.68e+00, 6.68e-03) m s⁻¹, extrema(T): (32.27, -1.94) ᵒC, extrema(S): (39.84, 13.95) g/kg, extrema(η): (2.62, -2.28) m, wall time: 11.707 seconds 
[ Info: time: 3861 days, iteration: 277992, Δt: 20 minutes,max|u|: (1.92e+00, 1.45e+00, 6.69e-03) m s⁻¹, extrema(T): (32.13, -1.94) ᵒC, extrema(S): (39.84, 13.55) g/kg, extrema(η): (2.30, -3.54) m, wall time: 11.623 seconds 
[ Info: time: 3862 days, iteration: 278064, Δt: 20 minutes,max|u|: (1.65e+00, 1.46e+00, 6.66e-03) m s⁻¹, extrema(T): (32.16, -1.94) ᵒC, extrema(S): (39.83, 13.23) g/kg, extrema(η): (2.01, -2.42) m, wall time: 11.683 seconds 
[ Info: time: 3863 days, iteration: 278136, Δt: 20 minutes,max|u|: (1.55e+00, 1.65e+00, 6.66e-03) m s⁻¹, extrema(T): (32.17, -1.95) ᵒC, extrema(S): (39.84, 13.41) g/kg, extrema(η): (2.25, -2.01) m, wall time: 11.684 seconds 
[ Info: time: 3864 days, iteration: 278208, Δt: 20 minutes,max|u|: (1.70e+00, 1.48e+00, 6.73e-03) m s⁻¹, extrema(T): (32.08, -1.95) ᵒC, extrema(S): (39.84, 13.73) g/kg, extrema(η): (4.43, -1.99) m, wall time: 11.799 seconds 
[ Info: time: 3865 days, iteration: 278280, Δt: 20 minutes,max|u|: (1.56e+00, 1.68e+00, 6.76e-03) m s⁻¹, extrema(T): (32.07, -1.95) ᵒC, extrema(S): (39.84, 13.73) g/kg, extrema(η): (1.76, -2.05) m, wall time: 16.372 seconds 
[ Info: time: 3866 days, iteration: 278352, Δt: 20 minutes,max|u|: (1.54e+00, 1.61e+00, 6.78e-03) m s⁻¹, extrema(T): (32.03, -1.94) ᵒC, extrema(S): (39.85, 13.89) g/kg, extrema(η): (1.70, -2.77) m, wall time: 11.794 seconds 
[ Info: time: 3867 days, iteration: 278424, Δt: 20 minutes,max|u|: (1.61e+00, 1.62e+00, 6.76e-03) m s⁻¹, extrema(T): (31.96, -1.94) ᵒC, extrema(S): (39.85, 14.29) g/kg, extrema(η): (1.54, -3.12) m, wall time: 11.723 seconds 
[ Info: time: 3868 days, iteration: 278496, Δt: 20 minutes,max|u|: (1.47e+00, 1.76e+00, 6.80e-03) m s⁻¹, extrema(T): (31.80, -1.94) ᵒC, extrema(S): (39.86, 14.71) g/kg, extrema(η): (1.39, -2.10) m, wall time: 11.724 seconds 
[ Info: time: 3869 days, iteration: 278568, Δt: 20 minutes,max|u|: (1.67e+00, 1.64e+00, 6.84e-03) m s⁻¹, extrema(T): (31.73, -1.94) ᵒC, extrema(S): (39.85, 14.38) g/kg, extrema(η): (4.25, -2.17) m, wall time: 11.731 seconds 
[ Info: time: 3870 days, iteration: 278640, Δt: 20 minutes,max|u|: (1.76e+00, 1.63e+00, 6.87e-03) m s⁻¹, extrema(T): (31.78, -1.94) ᵒC, extrema(S): (39.86, 13.80) g/kg, extrema(η): (2.83, -2.15) m, wall time: 11.722 seconds 
[ Info: time: 3871 days, iteration: 278712, Δt: 20 minutes,max|u|: (1.83e+00, 1.60e+00, 6.80e-03) m s⁻¹, extrema(T): (31.82, -1.94) ᵒC, extrema(S): (39.87, 13.81) g/kg, extrema(η): (1.38, -2.20) m, wall time: 11.729 seconds 
[ Info: time: 3872 days, iteration: 278784, Δt: 20 minutes,max|u|: (1.78e+00, 1.54e+00, 6.75e-03) m s⁻¹, extrema(T): (31.59, -1.95) ᵒC, extrema(S): (39.87, 14.52) g/kg, extrema(η): (1.37, -3.59) m, wall time: 11.713 seconds 
[ Info: time: 3873 days, iteration: 278856, Δt: 20 minutes,max|u|: (1.83e+00, 1.66e+00, 6.70e-03) m s⁻¹, extrema(T): (31.52, -1.95) ᵒC, extrema(S): (39.87, 14.14) g/kg, extrema(η): (1.65, -1.94) m, wall time: 11.692 seconds 
[ Info: time: 3874 days, iteration: 278928, Δt: 20 minutes,max|u|: (1.95e+00, 1.51e+00, 6.68e-03) m s⁻¹, extrema(T): (31.55, -1.95) ᵒC, extrema(S): (39.86, 15.29) g/kg, extrema(η): (3.75, -1.90) m, wall time: 11.738 seconds 
[ Info: time: 3875 days, iteration: 279000, Δt: 20 minutes,max|u|: (1.99e+00, 1.51e+00, 6.72e-03) m s⁻¹, extrema(T): (31.61, -1.95) ᵒC, extrema(S): (39.87, 15.14) g/kg, extrema(η): (3.56, -1.97) m, wall time: 11.728 seconds 
[ Info: time: 3876 days, iteration: 279072, Δt: 20 minutes,max|u|: (1.72e+00, 1.86e+00, 6.82e-03) m s⁻¹, extrema(T): (31.60, -1.95) ᵒC, extrema(S): (39.87, 14.74) g/kg, extrema(η): (1.57, -2.10) m, wall time: 11.700 seconds 
[ Info: time: 3877 days, iteration: 279144, Δt: 20 minutes,max|u|: (1.77e+00, 1.45e+00, 6.94e-03) m s⁻¹, extrema(T): (31.49, -1.95) ᵒC, extrema(S): (39.86, 14.65) g/kg, extrema(η): (1.73, -3.79) m, wall time: 11.744 seconds 
[ Info: time: 3878 days, iteration: 279216, Δt: 20 minutes,max|u|: (1.86e+00, 1.58e+00, 6.95e-03) m s⁻¹, extrema(T): (31.44, -1.95) ᵒC, extrema(S): (39.86, 14.85) g/kg, extrema(η): (2.29, -2.05) m, wall time: 16.358 seconds 
[ Info: time: 3879 days, iteration: 279288, Δt: 20 minutes,max|u|: (2.50e+00, 1.46e+00, 6.97e-03) m s⁻¹, extrema(T): (31.44, -1.95) ᵒC, extrema(S): (39.87, 14.96) g/kg, extrema(η): (3.00, -2.18) m, wall time: 11.694 seconds 
[ Info: time: 3880 days, iteration: 279360, Δt: 20 minutes,max|u|: (2.38e+00, 1.57e+00, 6.96e-03) m s⁻¹, extrema(T): (31.46, -1.96) ᵒC, extrema(S): (39.87, 14.46) g/kg, extrema(η): (4.38, -2.20) m, wall time: 11.762 seconds 
[ Info: time: 3881 days, iteration: 279432, Δt: 20 minutes,max|u|: (2.40e+00, 1.65e+00, 6.95e-03) m s⁻¹, extrema(T): (31.50, -1.95) ᵒC, extrema(S): (39.87, 14.95) g/kg, extrema(η): (3.13, -2.03) m, wall time: 11.718 seconds 
[ Info: time: 3882 days, iteration: 279504, Δt: 20 minutes,max|u|: (2.12e+00, 1.40e+00, 6.96e-03) m s⁻¹, extrema(T): (31.50, -1.96) ᵒC, extrema(S): (39.87, 15.33) g/kg, extrema(η): (3.16, -3.27) m, wall time: 11.708 seconds 
[ Info: time: 3883 days, iteration: 279576, Δt: 20 minutes,max|u|: (2.01e+00, 1.40e+00, 6.97e-03) m s⁻¹, extrema(T): (31.39, -1.95) ᵒC, extrema(S): (39.87, 15.63) g/kg, extrema(η): (3.21, -2.69) m, wall time: 11.699 seconds 
[ Info: time: 3884 days, iteration: 279648, Δt: 20 minutes,max|u|: (2.16e+00, 1.70e+00, 6.99e-03) m s⁻¹, extrema(T): (31.33, -1.95) ᵒC, extrema(S): (39.88, 14.79) g/kg, extrema(η): (3.12, -2.12) m, wall time: 11.699 seconds 
[ Info: time: 3885 days, iteration: 279720, Δt: 20 minutes,max|u|: (2.21e+00, 1.42e+00, 7.08e-03) m s⁻¹, extrema(T): (31.28, -1.96) ᵒC, extrema(S): (39.87, 14.31) g/kg, extrema(η): (4.49, -1.97) m, wall time: 11.737 seconds 
[ Info: time: 3886 days, iteration: 279792, Δt: 20 minutes,max|u|: (2.33e+00, 1.63e+00, 7.05e-03) m s⁻¹, extrema(T): (31.30, -1.96) ᵒC, extrema(S): (39.88, 13.93) g/kg, extrema(η): (2.54, -2.11) m, wall time: 11.678 seconds 
[ Info: time: 3887 days, iteration: 279864, Δt: 20 minutes,max|u|: (2.17e+00, 1.42e+00, 7.15e-03) m s⁻¹, extrema(T): (31.39, -1.96) ᵒC, extrema(S): (39.88, 13.55) g/kg, extrema(η): (2.21, -2.78) m, wall time: 12.630 seconds 
[ Info: time: 3888 days, iteration: 279936, Δt: 20 minutes,max|u|: (2.19e+00, 1.42e+00, 7.19e-03) m s⁻¹, extrema(T): (31.41, -1.96) ᵒC, extrema(S): (39.88, 14.80) g/kg, extrema(η): (1.86, -3.25) m, wall time: 11.718 seconds 
[ Info: time: 3889 days, iteration: 280008, Δt: 20 minutes,max|u|: (2.37e+00, 1.72e+00, 7.16e-03) m s⁻¹, extrema(T): (31.42, -1.96) ᵒC, extrema(S): (39.88, 14.87) g/kg, extrema(η): (1.56, -2.00) m, wall time: 11.737 seconds 
[ Info: time: 3890 days, iteration: 280080, Δt: 20 minutes,max|u|: (2.35e+00, 1.89e+00, 7.14e-03) m s⁻¹, extrema(T): (31.42, -1.96) ᵒC, extrema(S): (39.88, 15.00) g/kg, extrema(η): (4.51, -2.15) m, wall time: 16.353 seconds 
[ Info: time: 3891 days, iteration: 280152, Δt: 20 minutes,max|u|: (2.20e+00, 1.47e+00, 7.12e-03) m s⁻¹, extrema(T): (31.31, -1.96) ᵒC, extrema(S): (39.88, 15.39) g/kg, extrema(η): (2.89, -1.98) m, wall time: 11.744 seconds 
[ Info: time: 3892 days, iteration: 280224, Δt: 20 minutes,max|u|: (1.98e+00, 2.56e+00, 7.13e-03) m s⁻¹, extrema(T): (31.30, -1.95) ᵒC, extrema(S): (39.89, 14.73) g/kg, extrema(η): (1.36, -1.95) m, wall time: 11.725 seconds 
[ Info: time: 3893 days, iteration: 280296, Δt: 20 minutes,max|u|: (2.07e+00, 1.77e+00, 7.09e-03) m s⁻¹, extrema(T): (31.34, -1.96) ᵒC, extrema(S): (39.88, 14.15) g/kg, extrema(η): (1.33, -3.88) m, wall time: 11.690 seconds 
[ Info: time: 3894 days, iteration: 280368, Δt: 20 minutes,max|u|: (2.24e+00, 1.78e+00, 7.10e-03) m s⁻¹, extrema(T): (31.33, -1.95) ᵒC, extrema(S): (39.88, 13.83) g/kg, extrema(η): (1.33, -2.03) m, wall time: 11.724 seconds 
[ Info: time: 3895 days, iteration: 280440, Δt: 20 minutes,max|u|: (2.35e+00, 1.39e+00, 7.11e-03) m s⁻¹, extrema(T): (31.35, -1.95) ᵒC, extrema(S): (39.88, 14.28) g/kg, extrema(η): (3.82, -2.09) m, wall time: 11.744 seconds 
[ Info: time: 3896 days, iteration: 280512, Δt: 20 minutes,max|u|: (2.40e+00, 1.41e+00, 7.08e-03) m s⁻¹, extrema(T): (31.35, -1.93) ᵒC, extrema(S): (39.89, 15.11) g/kg, extrema(η): (3.57, -2.12) m, wall time: 11.698 seconds 
[ Info: time: 3897 days, iteration: 280584, Δt: 20 minutes,max|u|: (2.23e+00, 1.64e+00, 7.09e-03) m s⁻¹, extrema(T): (31.35, -1.95) ᵒC, extrema(S): (39.90, 14.48) g/kg, extrema(η): (1.40, -2.20) m, wall time: 11.781 seconds 
[ Info: time: 3898 days, iteration: 280656, Δt: 20 minutes,max|u|: (2.27e+00, 1.41e+00, 7.09e-03) m s⁻¹, extrema(T): (31.34, -1.95) ᵒC, extrema(S): (39.89, 14.12) g/kg, extrema(η): (1.30, -3.94) m, wall time: 11.771 seconds 
[ Info: time: 3899 days, iteration: 280728, Δt: 20 minutes,max|u|: (2.17e+00, 1.87e+00, 7.05e-03) m s⁻¹, extrema(T): (31.41, -1.95) ᵒC, extrema(S): (39.89, 13.86) g/kg, extrema(η): (2.11, -2.24) m, wall time: 11.708 seconds 
[ Info: time: 3900 days, iteration: 280800, Δt: 20 minutes,max|u|: (2.04e+00, 1.66e+00, 6.99e-03) m s⁻¹, extrema(T): (31.37, -1.95) ᵒC, extrema(S): (39.89, 13.67) g/kg, extrema(η): (3.00, -2.30) m, wall time: 11.709 seconds 
[ Info: time: 3901 days, iteration: 280872, Δt: 20 minutes,max|u|: (1.98e+00, 1.77e+00, 6.93e-03) m s⁻¹, extrema(T): (31.34, -1.95) ᵒC, extrema(S): (39.89, 14.71) g/kg, extrema(η): (4.18, -2.20) m, wall time: 11.692 seconds 
[ Info: time: 3902 days, iteration: 280944, Δt: 20 minutes,max|u|: (2.17e+00, 1.67e+00, 6.93e-03) m s⁻¹, extrema(T): (31.34, -1.95) ᵒC, extrema(S): (39.89, 15.48) g/kg, extrema(η): (1.78, -2.18) m, wall time: 16.334 seconds 
[ Info: time: 3903 days, iteration: 281016, Δt: 20 minutes,max|u|: (2.44e+00, 1.56e+00, 6.91e-03) m s⁻¹, extrema(T): (31.33, -1.95) ᵒC, extrema(S): (39.89, 15.06) g/kg, extrema(η): (2.14, -3.48) m, wall time: 11.734 seconds 
[ Info: time: 3904 days, iteration: 281088, Δt: 20 minutes,max|u|: (2.49e+00, 1.51e+00, 6.85e-03) m s⁻¹, extrema(T): (31.31, -1.95) ᵒC, extrema(S): (39.90, 14.60) g/kg, extrema(η): (2.67, -2.79) m, wall time: 11.741 seconds 
[ Info: time: 3905 days, iteration: 281160, Δt: 20 minutes,max|u|: (2.45e+00, 1.71e+00, 6.82e-03) m s⁻¹, extrema(T): (31.31, -1.96) ᵒC, extrema(S): (39.90, 15.35) g/kg, extrema(η): (3.14, -2.18) m, wall time: 11.762 seconds 
[ Info: time: 3906 days, iteration: 281232, Δt: 20 minutes,max|u|: (2.30e+00, 1.52e+00, 6.75e-03) m s⁻¹, extrema(T): (31.30, -1.96) ᵒC, extrema(S): (39.91, 15.05) g/kg, extrema(η): (4.40, -2.12) m, wall time: 11.685 seconds 
[ Info: time: 3907 days, iteration: 281304, Δt: 20 minutes,max|u|: (1.98e+00, 1.59e+00, 6.76e-03) m s⁻¹, extrema(T): (31.23, -1.96) ᵒC, extrema(S): (39.91, 14.44) g/kg, extrema(η): (3.46, -2.16) m, wall time: 11.754 seconds 
[ Info: time: 3908 days, iteration: 281376, Δt: 20 minutes,max|u|: (1.98e+00, 1.50e+00, 6.78e-03) m s⁻¹, extrema(T): (31.21, -1.96) ᵒC, extrema(S): (39.90, 14.33) g/kg, extrema(η): (3.43, -2.04) m, wall time: 11.707 seconds 
[ Info: time: 3909 days, iteration: 281448, Δt: 20 minutes,max|u|: (2.35e+00, 1.57e+00, 6.77e-03) m s⁻¹, extrema(T): (31.18, -1.96) ᵒC, extrema(S): (39.89, 13.73) g/kg, extrema(η): (3.30, -3.24) m, wall time: 11.693 seconds 
[ Info: time: 3910 days, iteration: 281520, Δt: 20 minutes,max|u|: (2.30e+00, 1.67e+00, 6.78e-03) m s⁻¹, extrema(T): (31.15, -1.97) ᵒC, extrema(S): (39.90, 13.21) g/kg, extrema(η): (3.16, -2.02) m, wall time: 11.707 seconds 
[ Info: time: 3911 days, iteration: 281592, Δt: 20 minutes,max|u|: (2.58e+00, 1.57e+00, 6.76e-03) m s⁻¹, extrema(T): (31.15, -1.97) ᵒC, extrema(S): (39.90, 14.02) g/kg, extrema(η): (4.15, -2.09) m, wall time: 11.709 seconds 
[ Info: time: 3912 days, iteration: 281664, Δt: 20 minutes,max|u|: (2.55e+00, 1.74e+00, 6.71e-03) m s⁻¹, extrema(T): (31.12, -1.97) ᵒC, extrema(S): (39.90, 15.29) g/kg, extrema(η): (3.65, -2.21) m, wall time: 11.798 seconds 
[ Info: time: 3913 days, iteration: 281736, Δt: 20 minutes,max|u|: (2.31e+00, 1.84e+00, 6.69e-03) m s⁻¹, extrema(T): (31.11, -1.97) ᵒC, extrema(S): (39.90, 15.45) g/kg, extrema(η): (2.13, -2.34) m, wall time: 11.780 seconds 
[ Info: time: 3914 days, iteration: 281808, Δt: 20 minutes,max|u|: (2.15e+00, 1.49e+00, 6.63e-03) m s⁻¹, extrema(T): (31.07, -1.97) ᵒC, extrema(S): (39.90, 14.83) g/kg, extrema(η): (1.68, -3.47) m, wall time: 11.708 seconds 
[ Info: time: 3915 days, iteration: 281880, Δt: 20 minutes,max|u|: (2.28e+00, 1.55e+00, 6.68e-03) m s⁻¹, extrema(T): (31.05, -1.96) ᵒC, extrema(S): (39.89, 14.26) g/kg, extrema(η): (1.31, -2.19) m, wall time: 16.369 seconds 
[ Info: time: 3916 days, iteration: 281952, Δt: 20 minutes,max|u|: (2.41e+00, 1.65e+00, 6.73e-03) m s⁻¹, extrema(T): (31.03, -1.95) ᵒC, extrema(S): (39.90, 13.84) g/kg, extrema(η): (3.22, -2.08) m, wall time: 11.678 seconds 
[ Info: time: 3917 days, iteration: 282024, Δt: 20 minutes,max|u|: (2.35e+00, 1.59e+00, 6.76e-03) m s⁻¹, extrema(T): (31.07, -1.94) ᵒC, extrema(S): (39.90, 13.58) g/kg, extrema(η): (4.52, -2.11) m, wall time: 11.708 seconds 
[ Info: time: 3918 days, iteration: 282096, Δt: 20 minutes,max|u|: (2.24e+00, 1.72e+00, 6.73e-03) m s⁻¹, extrema(T): (31.06, -1.94) ᵒC, extrema(S): (39.90, 13.57) g/kg, extrema(η): (1.54, -2.32) m, wall time: 12.758 seconds 
[ Info: time: 3919 days, iteration: 282168, Δt: 20 minutes,max|u|: (2.12e+00, 1.55e+00, 6.67e-03) m s⁻¹, extrema(T): (31.07, -1.91) ᵒC, extrema(S): (39.90, 13.61) g/kg, extrema(η): (1.32, -3.27) m, wall time: 11.712 seconds 
[ Info: time: 3920 days, iteration: 282240, Δt: 20 minutes,max|u|: (2.04e+00, 1.47e+00, 6.68e-03) m s⁻¹, extrema(T): (31.03, -1.90) ᵒC, extrema(S): (39.91, 14.16) g/kg, extrema(η): (1.32, -2.14) m, wall time: 11.715 seconds 
[ Info: time: 3921 days, iteration: 282312, Δt: 20 minutes,max|u|: (2.21e+00, 1.59e+00, 6.70e-03) m s⁻¹, extrema(T): (31.02, -1.90) ᵒC, extrema(S): (39.91, 14.46) g/kg, extrema(η): (2.00, -2.10) m, wall time: 11.735 seconds 
[ Info: time: 3922 days, iteration: 282384, Δt: 20 minutes,max|u|: (2.32e+00, 1.45e+00, 6.72e-03) m s⁻¹, extrema(T): (31.05, -1.88) ᵒC, extrema(S): (39.91, 14.84) g/kg, extrema(η): (4.64, -2.17) m, wall time: 11.683 seconds 
[ Info: time: 3923 days, iteration: 282456, Δt: 20 minutes,max|u|: (2.24e+00, 1.54e+00, 6.69e-03) m s⁻¹, extrema(T): (31.05, -1.88) ᵒC, extrema(S): (39.91, 14.68) g/kg, extrema(η): (2.24, -2.11) m, wall time: 11.748 seconds 
[ Info: time: 3924 days, iteration: 282528, Δt: 20 minutes,max|u|: (2.07e+00, 1.46e+00, 6.64e-03) m s⁻¹, extrema(T): (31.01, -1.89) ᵒC, extrema(S): (39.91, 14.43) g/kg, extrema(η): (1.31, -2.51) m, wall time: 11.703 seconds 
[ Info: time: 3925 days, iteration: 282600, Δt: 20 minutes,max|u|: (2.06e+00, 1.46e+00, 6.63e-03) m s⁻¹, extrema(T): (30.96, -1.89) ᵒC, extrema(S): (39.91, 14.65) g/kg, extrema(η): (1.30, -3.46) m, wall time: 11.640 seconds 
[ Info: time: 3926 days, iteration: 282672, Δt: 20 minutes,max|u|: (1.81e+00, 2.19e+00, 6.63e-03) m s⁻¹, extrema(T): (30.95, -1.88) ᵒC, extrema(S): (39.91, 15.01) g/kg, extrema(η): (1.34, -2.24) m, wall time: 11.709 seconds 
[ Info: time: 3927 days, iteration: 282744, Δt: 20 minutes,max|u|: (1.74e+00, 2.26e+00, 6.61e-03) m s⁻¹, extrema(T): (30.94, -1.93) ᵒC, extrema(S): (39.92, 15.63) g/kg, extrema(η): (4.36, -2.31) m, wall time: 16.482 seconds 
[ Info: time: 3928 days, iteration: 282816, Δt: 20 minutes,max|u|: (1.76e+00, 1.69e+00, 6.59e-03) m s⁻¹, extrema(T): (30.96, -1.93) ᵒC, extrema(S): (39.92, 17.21) g/kg, extrema(η): (3.01, -2.28) m, wall time: 11.743 seconds 
[ Info: time: 3929 days, iteration: 282888, Δt: 20 minutes,max|u|: (1.91e+00, 1.66e+00, 6.57e-03) m s⁻¹, extrema(T): (30.97, -1.93) ᵒC, extrema(S): (39.93, 17.71) g/kg, extrema(η): (2.63, -2.26) m, wall time: 11.703 seconds 
[ Info: time: 3930 days, iteration: 282960, Δt: 20 minutes,max|u|: (1.49e+00, 1.48e+00, 6.56e-03) m s⁻¹, extrema(T): (31.00, -1.94) ᵒC, extrema(S): (39.92, 17.93) g/kg, extrema(η): (3.03, -3.19) m, wall time: 11.720 seconds 
[ Info: time: 3931 days, iteration: 283032, Δt: 20 minutes,max|u|: (1.52e+00, 1.89e+00, 6.54e-03) m s⁻¹, extrema(T): (31.03, -1.93) ᵒC, extrema(S): (39.92, 17.75) g/kg, extrema(η): (3.39, -2.21) m, wall time: 11.754 seconds 
[ Info: time: 3932 days, iteration: 283104, Δt: 20 minutes,max|u|: (1.50e+00, 2.13e+00, 6.49e-03) m s⁻¹, extrema(T): (31.00, -1.93) ᵒC, extrema(S): (39.93, 17.64) g/kg, extrema(η): (3.79, -2.05) m, wall time: 11.723 seconds 
[ Info: time: 3933 days, iteration: 283176, Δt: 20 minutes,max|u|: (1.63e+00, 1.47e+00, 6.38e-03) m s⁻¹, extrema(T): (31.07, -1.93) ᵒC, extrema(S): (39.93, 17.70) g/kg, extrema(η): (3.93, -2.06) m, wall time: 11.740 seconds 
[ Info: time: 3934 days, iteration: 283248, Δt: 20 minutes,max|u|: (1.58e+00, 1.55e+00, 6.40e-03) m s⁻¹, extrema(T): (31.10, -1.94) ᵒC, extrema(S): (39.93, 17.07) g/kg, extrema(η): (3.27, -2.02) m, wall time: 11.723 seconds 
[ Info: time: 3935 days, iteration: 283320, Δt: 20 minutes,max|u|: (1.85e+00, 1.66e+00, 6.45e-03) m s⁻¹, extrema(T): (31.11, -1.94) ᵒC, extrema(S): (39.93, 15.29) g/kg, extrema(η): (2.97, -2.95) m, wall time: 11.731 seconds 
[ Info: time: 3936 days, iteration: 283392, Δt: 20 minutes,max|u|: (1.57e+00, 1.51e+00, 6.51e-03) m s⁻¹, extrema(T): (31.19, -1.94) ᵒC, extrema(S): (39.94, 15.92) g/kg, extrema(η): (2.73, -2.25) m, wall time: 11.697 seconds 
[ Info: time: 3937 days, iteration: 283464, Δt: 20 minutes,max|u|: (1.62e+00, 1.60e+00, 6.58e-03) m s⁻¹, extrema(T): (31.16, -1.94) ᵒC, extrema(S): (39.94, 17.18) g/kg, extrema(η): (2.78, -2.09) m, wall time: 11.721 seconds 
[ Info: time: 3938 days, iteration: 283536, Δt: 20 minutes,max|u|: (1.63e+00, 1.56e+00, 6.61e-03) m s⁻¹, extrema(T): (31.15, -1.94) ᵒC, extrema(S): (39.94, 17.49) g/kg, extrema(η): (4.52, -2.13) m, wall time: 11.722 seconds 
[ Info: time: 3939 days, iteration: 283608, Δt: 20 minutes,max|u|: (1.52e+00, 1.55e+00, 6.66e-03) m s⁻¹, extrema(T): (31.23, -1.94) ᵒC, extrema(S): (39.96, 17.44) g/kg, extrema(η): (1.49, -1.89) m, wall time: 11.674 seconds 
[ Info: time: 3940 days, iteration: 283680, Δt: 20 minutes,max|u|: (1.62e+00, 2.10e+00, 6.65e-03) m s⁻¹, extrema(T): (31.18, -1.94) ᵒC, extrema(S): (39.97, 17.45) g/kg, extrema(η): (1.44, -2.70) m, wall time: 16.355 seconds 
[ Info: time: 3941 days, iteration: 283752, Δt: 20 minutes,max|u|: (2.47e+00, 1.92e+00, 6.69e-03) m s⁻¹, extrema(T): (31.09, -1.94) ᵒC, extrema(S): (39.98, 17.90) g/kg, extrema(η): (1.49, -2.69) m, wall time: 11.695 seconds 
[ Info: time: 3942 days, iteration: 283824, Δt: 20 minutes,max|u|: (1.98e+00, 1.49e+00, 6.69e-03) m s⁻¹, extrema(T): (31.11, -1.93) ᵒC, extrema(S): (39.98, 18.19) g/kg, extrema(η): (1.43, -2.03) m, wall time: 16.331 seconds 
[ Info: time: 3943 days, iteration: 283896, Δt: 20 minutes,max|u|: (1.54e+00, 1.47e+00, 6.77e-03) m s⁻¹, extrema(T): (31.13, -1.93) ᵒC, extrema(S): (39.97, 18.22) g/kg, extrema(η): (4.34, -2.15) m, wall time: 11.674 seconds 
[ Info: time: 3944 days, iteration: 283968, Δt: 20 minutes,max|u|: (1.56e+00, 1.48e+00, 6.78e-03) m s⁻¹, extrema(T): (31.13, -1.93) ᵒC, extrema(S): (39.97, 18.21) g/kg, extrema(η): (3.01, -2.13) m, wall time: 11.715 seconds 
[ Info: time: 3945 days, iteration: 284040, Δt: 20 minutes,max|u|: (1.59e+00, 1.50e+00, 6.82e-03) m s⁻¹, extrema(T): (31.16, -1.93) ᵒC, extrema(S): (39.96, 17.36) g/kg, extrema(η): (1.27, -2.14) m, wall time: 11.694 seconds 
[ Info: time: 3946 days, iteration: 284112, Δt: 20 minutes,max|u|: (1.52e+00, 2.57e+00, 6.85e-03) m s⁻¹, extrema(T): (31.20, -1.93) ᵒC, extrema(S): (39.96, 17.14) g/kg, extrema(η): (1.76, -2.76) m, wall time: 11.619 seconds 
[ Info: time: 3947 days, iteration: 284184, Δt: 20 minutes,max|u|: (1.73e+00, 1.64e+00, 6.88e-03) m s⁻¹, extrema(T): (31.25, -1.93) ᵒC, extrema(S): (39.95, 18.00) g/kg, extrema(η): (1.28, -1.97) m, wall time: 11.708 seconds 
[ Info: time: 3948 days, iteration: 284256, Δt: 20 minutes,max|u|: (1.59e+00, 1.89e+00, 6.91e-03) m s⁻¹, extrema(T): (31.29, -1.93) ᵒC, extrema(S): (39.95, 17.35) g/kg, extrema(η): (3.86, -2.15) m, wall time: 11.734 seconds 
[ Info: time: 3949 days, iteration: 284328, Δt: 20 minutes,max|u|: (1.89e+00, 2.59e+00, 6.95e-03) m s⁻¹, extrema(T): (31.32, -1.93) ᵒC, extrema(S): (39.95, 17.11) g/kg, extrema(η): (3.98, -2.07) m, wall time: 12.505 seconds 
[ Info: time: 3950 days, iteration: 284400, Δt: 20 minutes,max|u|: (1.95e+00, 1.98e+00, 7.00e-03) m s⁻¹, extrema(T): (31.37, -1.93) ᵒC, extrema(S): (39.94, 18.11) g/kg, extrema(η): (1.33, -2.08) m, wall time: 11.670 seconds 
[ Info: time: 3951 days, iteration: 284472, Δt: 20 minutes,max|u|: (1.65e+00, 1.55e+00, 7.02e-03) m s⁻¹, extrema(T): (31.41, -1.93) ᵒC, extrema(S): (39.94, 18.43) g/kg, extrema(η): (1.34, -2.73) m, wall time: 11.713 seconds 
[ Info: time: 3952 days, iteration: 284544, Δt: 20 minutes,max|u|: (1.61e+00, 1.49e+00, 7.00e-03) m s⁻¹, extrema(T): (31.45, -1.93) ᵒC, extrema(S): (39.95, 18.71) g/kg, extrema(η): (1.84, -2.16) m, wall time: 16.347 seconds 
[ Info: time: 3953 days, iteration: 284616, Δt: 20 minutes,max|u|: (1.59e+00, 1.57e+00, 6.90e-03) m s⁻¹, extrema(T): (31.49, -1.93) ᵒC, extrema(S): (39.95, 18.86) g/kg, extrema(η): (2.73, -2.13) m, wall time: 11.706 seconds 
[ Info: time: 3954 days, iteration: 284688, Δt: 20 minutes,max|u|: (1.56e+00, 1.47e+00, 6.88e-03) m s⁻¹, extrema(T): (31.53, -1.93) ᵒC, extrema(S): (39.95, 18.93) g/kg, extrema(η): (4.63, -2.24) m, wall time: 11.674 seconds 
[ Info: time: 3955 days, iteration: 284760, Δt: 20 minutes,max|u|: (1.58e+00, 1.93e+00, 6.83e-03) m s⁻¹, extrema(T): (31.55, -1.93) ᵒC, extrema(S): (39.95, 18.98) g/kg, extrema(η): (3.33, -2.15) m, wall time: 11.684 seconds 
[ Info: time: 3956 days, iteration: 284832, Δt: 20 minutes,max|u|: (1.49e+00, 1.70e+00, 6.85e-03) m s⁻¹, extrema(T): (31.56, -1.93) ᵒC, extrema(S): (39.95, 19.01) g/kg, extrema(η): (3.52, -2.60) m, wall time: 11.714 seconds 
[ Info: time: 3957 days, iteration: 284904, Δt: 20 minutes,max|u|: (1.50e+00, 1.51e+00, 6.81e-03) m s⁻¹, extrema(T): (31.56, -1.93) ᵒC, extrema(S): (39.96, 18.06) g/kg, extrema(η): (3.56, -2.81) m, wall time: 11.705 seconds 
[ Info: time: 3958 days, iteration: 284976, Δt: 20 minutes,max|u|: (1.52e+00, 1.64e+00, 6.81e-03) m s⁻¹, extrema(T): (31.52, -1.93) ᵒC, extrema(S): (39.96, 17.43) g/kg, extrema(η): (3.48, -2.05) m, wall time: 11.675 seconds 
[ Info: time: 3959 days, iteration: 285048, Δt: 20 minutes,max|u|: (1.54e+00, 1.49e+00, 6.80e-03) m s⁻¹, extrema(T): (31.48, -1.93) ᵒC, extrema(S): (39.96, 17.45) g/kg, extrema(η): (4.32, -1.94) m, wall time: 11.746 seconds 
[ Info: time: 3960 days, iteration: 285120, Δt: 20 minutes,max|u|: (1.56e+00, 1.49e+00, 6.84e-03) m s⁻¹, extrema(T): (31.41, -1.93) ᵒC, extrema(S): (39.96, 18.64) g/kg, extrema(η): (3.09, -1.97) m, wall time: 11.729 seconds 
[ Info: time: 3961 days, iteration: 285192, Δt: 20 minutes,max|u|: (1.59e+00, 1.67e+00, 6.79e-03) m s⁻¹, extrema(T): (31.35, -1.93) ᵒC, extrema(S): (39.96, 19.18) g/kg, extrema(η): (2.36, -2.03) m, wall time: 11.690 seconds 
[ Info: time: 3962 days, iteration: 285264, Δt: 20 minutes,max|u|: (1.57e+00, 2.07e+00, 6.76e-03) m s⁻¹, extrema(T): (31.29, -1.93) ᵒC, extrema(S): (39.96, 19.05) g/kg, extrema(η): (1.81, -2.51) m, wall time: 11.755 seconds 
[ Info: time: 3963 days, iteration: 285336, Δt: 20 minutes,max|u|: (1.78e+00, 1.49e+00, 6.75e-03) m s⁻¹, extrema(T): (31.23, -1.92) ᵒC, extrema(S): (39.96, 18.39) g/kg, extrema(η): (1.59, -2.18) m, wall time: 11.714 seconds 
[ Info: time: 3964 days, iteration: 285408, Δt: 20 minutes,max|u|: (1.72e+00, 1.81e+00, 6.74e-03) m s⁻¹, extrema(T): (31.18, -1.90) ᵒC, extrema(S): (39.97, 18.36) g/kg, extrema(η): (3.80, -2.15) m, wall time: 16.368 seconds 
[ Info: time: 3965 days, iteration: 285480, Δt: 20 minutes,max|u|: (2.27e+00, 3.56e+00, 6.74e-03) m s⁻¹, extrema(T): (30.97, -1.89) ᵒC, extrema(S): (39.97, 18.97) g/kg, extrema(η): (3.00, -2.18) m, wall time: 11.666 seconds 
[ Info: time: 3966 days, iteration: 285552, Δt: 20 minutes,max|u|: (2.00e+00, 2.54e+00, 6.76e-03) m s⁻¹, extrema(T): (30.96, -1.89) ᵒC, extrema(S): (39.96, 19.33) g/kg, extrema(η): (2.01, -2.27) m, wall time: 11.689 seconds 
[ Info: time: 3967 days, iteration: 285624, Δt: 20 minutes,max|u|: (1.70e+00, 1.52e+00, 6.76e-03) m s⁻¹, extrema(T): (30.99, -1.88) ᵒC, extrema(S): (39.96, 19.40) g/kg, extrema(η): (1.47, -2.13) m, wall time: 11.766 seconds 
[ Info: time: 3968 days, iteration: 285696, Δt: 20 minutes,max|u|: (1.74e+00, 1.51e+00, 6.75e-03) m s⁻¹, extrema(T): (31.09, -1.88) ᵒC, extrema(S): (39.96, 19.47) g/kg, extrema(η): (2.34, -2.13) m, wall time: 11.629 seconds 
[ Info: time: 3969 days, iteration: 285768, Δt: 20 minutes,max|u|: (1.54e+00, 1.94e+00, 6.77e-03) m s⁻¹, extrema(T): (31.17, -1.88) ᵒC, extrema(S): (39.96, 19.35) g/kg, extrema(η): (4.66, -2.04) m, wall time: 11.740 seconds 
[ Info: time: 3970 days, iteration: 285840, Δt: 20 minutes,max|u|: (2.36e+00, 1.66e+00, 6.87e-03) m s⁻¹, extrema(T): (31.06, -1.88) ᵒC, extrema(S): (39.96, 19.21) g/kg, extrema(η): (2.18, -2.13) m, wall time: 11.744 seconds 
[ Info: time: 3971 days, iteration: 285912, Δt: 20 minutes,max|u|: (2.65e+00, 1.88e+00, 6.86e-03) m s⁻¹, extrema(T): (30.99, -1.88) ᵒC, extrema(S): (39.96, 19.08) g/kg, extrema(η): (1.30, -2.33) m, wall time: 11.717 seconds 
[ Info: time: 3972 days, iteration: 285984, Δt: 20 minutes,max|u|: (1.71e+00, 1.63e+00, 6.90e-03) m s⁻¹, extrema(T): (31.06, -1.88) ᵒC, extrema(S): (39.96, 18.97) g/kg, extrema(η): (1.30, -3.44) m, wall time: 11.730 seconds 
[ Info: time: 3973 days, iteration: 286056, Δt: 20 minutes,max|u|: (2.81e+00, 2.69e+00, 6.89e-03) m s⁻¹, extrema(T): (31.07, -1.89) ᵒC, extrema(S): (39.97, 18.88) g/kg, extrema(η): (1.57, -2.01) m, wall time: 11.675 seconds 
[ Info: time: 3974 days, iteration: 286128, Δt: 20 minutes,max|u|: (2.14e+00, 1.49e+00, 6.89e-03) m s⁻¹, extrema(T): (31.03, -1.90) ᵒC, extrema(S): (39.97, 18.82) g/kg, extrema(η): (4.13, -2.08) m, wall time: 11.681 seconds 
[ Info: time: 3975 days, iteration: 286200, Δt: 20 minutes,max|u|: (2.04e+00, 1.72e+00, 6.87e-03) m s⁻¹, extrema(T): (31.01, -1.91) ᵒC, extrema(S): (39.97, 18.77) g/kg, extrema(η): (2.72, -1.97) m, wall time: 11.637 seconds 
[ Info: time: 3976 days, iteration: 286272, Δt: 20 minutes,max|u|: (1.80e+00, 2.29e+00, 6.83e-03) m s⁻¹, extrema(T): (31.07, -1.91) ᵒC, extrema(S): (39.96, 18.75) g/kg, extrema(η): (1.65, -2.53) m, wall time: 11.660 seconds 
[ Info: time: 3977 days, iteration: 286344, Δt: 20 minutes,max|u|: (1.97e+00, 1.62e+00, 6.82e-03) m s⁻¹, extrema(T): (31.08, -1.91) ᵒC, extrema(S): (39.96, 18.73) g/kg, extrema(η): (2.20, -2.96) m, wall time: 16.426 seconds 
[ Info: time: 3978 days, iteration: 286416, Δt: 20 minutes,max|u|: (1.83e+00, 1.64e+00, 6.80e-03) m s⁻¹, extrema(T): (31.09, -1.91) ᵒC, extrema(S): (39.97, 18.69) g/kg, extrema(η): (2.75, -2.01) m, wall time: 11.661 seconds 
[ Info: time: 3979 days, iteration: 286488, Δt: 20 minutes,max|u|: (2.40e+00, 2.80e+00, 6.79e-03) m s⁻¹, extrema(T): (31.19, -1.91) ᵒC, extrema(S): (39.97, 18.65) g/kg, extrema(η): (4.02, -1.97) m, wall time: 11.634 seconds 
[ Info: time: 3980 days, iteration: 286560, Δt: 20 minutes,max|u|: (1.75e+00, 2.13e+00, 6.82e-03) m s⁻¹, extrema(T): (31.17, -1.90) ᵒC, extrema(S): (39.97, 18.70) g/kg, extrema(η): (3.74, -2.01) m, wall time: 12.604 seconds 
[ Info: time: 3981 days, iteration: 286632, Δt: 20 minutes,max|u|: (2.16e+00, 2.06e+00, 6.78e-03) m s⁻¹, extrema(T): (31.19, -1.90) ᵒC, extrema(S): (39.96, 18.73) g/kg, extrema(η): (3.24, -2.07) m, wall time: 11.675 seconds 
[ Info: time: 3982 days, iteration: 286704, Δt: 20 minutes,max|u|: (1.98e+00, 1.60e+00, 6.81e-03) m s⁻¹, extrema(T): (31.19, -1.90) ᵒC, extrema(S): (39.97, 18.71) g/kg, extrema(η): (3.16, -3.15) m, wall time: 11.659 seconds 
[ Info: time: 3983 days, iteration: 286776, Δt: 20 minutes,max|u|: (1.63e+00, 2.03e+00, 6.82e-03) m s⁻¹, extrema(T): (31.29, -1.91) ᵒC, extrema(S): (39.97, 18.70) g/kg, extrema(η): (2.93, -2.10) m, wall time: 11.642 seconds 
[ Info: time: 3984 days, iteration: 286848, Δt: 20 minutes,max|u|: (1.57e+00, 2.29e+00, 6.85e-03) m s⁻¹, extrema(T): (31.33, -1.92) ᵒC, extrema(S): (39.97, 18.78) g/kg, extrema(η): (3.38, -2.15) m, wall time: 11.680 seconds 
[ Info: time: 3985 days, iteration: 286920, Δt: 20 minutes,max|u|: (4.53e+00, 2.01e+00, 6.84e-03) m s⁻¹, extrema(T): (31.36, -1.92) ᵒC, extrema(S): (39.97, 18.83) g/kg, extrema(η): (2.20, -2.28) m, wall time: 11.701 seconds 
[ Info: time: 3986 days, iteration: 286992, Δt: 20 minutes,max|u|: (1.64e+00, 2.27e+00, 6.82e-03) m s⁻¹, extrema(T): (31.34, -1.92) ᵒC, extrema(S): (39.96, 19.11) g/kg, extrema(η): (1.68, -2.14) m, wall time: 11.690 seconds 
[ Info: time: 3987 days, iteration: 287064, Δt: 20 minutes,max|u|: (1.66e+00, 2.16e+00, 6.85e-03) m s⁻¹, extrema(T): (31.31, -1.92) ᵒC, extrema(S): (39.96, 19.28) g/kg, extrema(η): (1.40, -1.95) m, wall time: 11.613 seconds 
[ Info: time: 3988 days, iteration: 287136, Δt: 20 minutes,max|u|: (1.94e+00, 2.22e+00, 6.83e-03) m s⁻¹, extrema(T): (31.20, -1.91) ᵒC, extrema(S): (39.97, 19.30) g/kg, extrema(η): (1.46, -2.11) m, wall time: 11.610 seconds 
[ Info: time: 3989 days, iteration: 287208, Δt: 20 minutes,max|u|: (2.46e+00, 2.22e+00, 6.87e-03) m s⁻¹, extrema(T): (31.23, -1.91) ᵒC, extrema(S): (39.96, 19.28) g/kg, extrema(η): (4.07, -2.00) m, wall time: 16.327 seconds 
[ Info: time: 3990 days, iteration: 287280, Δt: 20 minutes,max|u|: (1.94e+00, 2.38e+00, 6.83e-03) m s⁻¹, extrema(T): (31.28, -1.90) ᵒC, extrema(S): (39.96, 19.30) g/kg, extrema(η): (3.28, -2.03) m, wall time: 11.620 seconds 
[ Info: time: 3991 days, iteration: 287352, Δt: 20 minutes,max|u|: (2.04e+00, 2.29e+00, 6.85e-03) m s⁻¹, extrema(T): (31.30, -1.92) ᵒC, extrema(S): (39.95, 19.29) g/kg, extrema(η): (1.74, -2.01) m, wall time: 11.609 seconds 
[ Info: time: 3992 days, iteration: 287424, Δt: 20 minutes,max|u|: (1.89e+00, 2.15e+00, 6.82e-03) m s⁻¹, extrema(T): (31.35, -1.92) ᵒC, extrema(S): (39.95, 19.28) g/kg, extrema(η): (1.99, -3.24) m, wall time: 11.712 seconds 
[ Info: time: 3993 days, iteration: 287496, Δt: 20 minutes,max|u|: (1.81e+00, 2.83e+00, 6.86e-03) m s⁻¹, extrema(T): (31.44, -1.91) ᵒC, extrema(S): (39.95, 19.41) g/kg, extrema(η): (1.36, -2.19) m, wall time: 11.608 seconds 
[ Info: time: 3994 days, iteration: 287568, Δt: 20 minutes,max|u|: (1.89e+00, 2.07e+00, 6.86e-03) m s⁻¹, extrema(T): (31.53, -1.92) ᵒC, extrema(S): (39.96, 19.50) g/kg, extrema(η): (3.39, -1.93) m, wall time: 11.596 seconds 
[ Info: time: 3995 days, iteration: 287640, Δt: 20 minutes,max|u|: (1.91e+00, 1.85e+00, 6.87e-03) m s⁻¹, extrema(T): (31.48, -1.91) ᵒC, extrema(S): (39.96, 19.57) g/kg, extrema(η): (3.94, -1.94) m, wall time: 11.668 seconds 
[ Info: time: 3996 days, iteration: 287712, Δt: 20 minutes,max|u|: (2.00e+00, 2.24e+00, 6.88e-03) m s⁻¹, extrema(T): (31.42, -1.91) ᵒC, extrema(S): (39.96, 19.63) g/kg, extrema(η): (3.27, -1.97) m, wall time: 11.601 seconds 
[ Info: time: 3997 days, iteration: 287784, Δt: 20 minutes,max|u|: (2.00e+00, 1.52e+00, 6.80e-03) m s⁻¹, extrema(T): (31.38, -1.91) ᵒC, extrema(S): (39.96, 19.65) g/kg, extrema(η): (1.47, -2.89) m, wall time: 11.610 seconds 
[ Info: time: 3998 days, iteration: 287856, Δt: 20 minutes,max|u|: (1.97e+00, 1.52e+00, 6.82e-03) m s⁻¹, extrema(T): (31.40, -1.92) ᵒC, extrema(S): (39.95, 19.69) g/kg, extrema(η): (1.35, -1.96) m, wall time: 11.587 seconds 
[ Info: time: 3999 days, iteration: 287928, Δt: 20 minutes,max|u|: (1.97e+00, 2.63e+00, 6.71e-03) m s⁻¹, extrema(T): (31.33, -1.91) ᵒC, extrema(S): (39.95, 19.81) g/kg, extrema(η): (2.77, -1.84) m, wall time: 11.647 seconds 
[ Info: time: 4000 days, iteration: 288000, Δt: 20 minutes,max|u|: (1.91e+00, 1.59e+00, 6.74e-03) m s⁻¹, extrema(T): (31.25, -1.92) ᵒC, extrema(S): (39.95, 19.88) g/kg, extrema(η): (4.18, -1.93) m, wall time: 11.644 seconds 
[ Info: time: 4001 days, iteration: 288072, Δt: 20 minutes,max|u|: (1.85e+00, 2.55e+00, 6.78e-03) m s⁻¹, extrema(T): (31.18, -1.91) ᵒC, extrema(S): (39.95, 19.93) g/kg, extrema(η): (1.89, -2.09) m, wall time: 16.304 seconds 
[ Info: time: 4002 days, iteration: 288144, Δt: 20 minutes,max|u|: (1.92e+00, 1.89e+00, 6.72e-03) m s⁻¹, extrema(T): (31.06, -1.91) ᵒC, extrema(S): (39.95, 19.98) g/kg, extrema(η): (2.40, -3.46) m, wall time: 11.701 seconds 
[ Info: time: 4003 days, iteration: 288216, Δt: 20 minutes,max|u|: (1.85e+00, 1.67e+00, 6.83e-03) m s⁻¹, extrema(T): (31.08, -1.91) ᵒC, extrema(S): (39.95, 20.06) g/kg, extrema(η): (2.83, -2.31) m, wall time: 11.606 seconds 
[ Info: time: 4004 days, iteration: 288288, Δt: 20 minutes,max|u|: (1.88e+00, 1.63e+00, 6.82e-03) m s⁻¹, extrema(T): (31.16, -1.91) ᵒC, extrema(S): (39.95, 20.10) g/kg, extrema(η): (3.07, -2.11) m, wall time: 11.568 seconds 
[ Info: time: 4005 days, iteration: 288360, Δt: 20 minutes,max|u|: (1.90e+00, 1.67e+00, 6.83e-03) m s⁻¹, extrema(T): (31.20, -1.91) ᵒC, extrema(S): (39.95, 20.08) g/kg, extrema(η): (3.79, -2.12) m, wall time: 11.611 seconds 
[ Info: time: 4006 days, iteration: 288432, Δt: 20 minutes,max|u|: (1.90e+00, 1.93e+00, 6.82e-03) m s⁻¹, extrema(T): (31.15, -1.90) ᵒC, extrema(S): (39.94, 20.07) g/kg, extrema(η): (2.98, -2.05) m, wall time: 11.613 seconds 
[ Info: time: 4007 days, iteration: 288504, Δt: 20 minutes,max|u|: (1.95e+00, 2.19e+00, 6.79e-03) m s⁻¹, extrema(T): (31.10, -1.90) ᵒC, extrema(S): (39.94, 20.05) g/kg, extrema(η): (2.71, -2.09) m, wall time: 11.698 seconds 
[ Info: time: 4008 days, iteration: 288576, Δt: 20 minutes,max|u|: (1.96e+00, 2.32e+00, 6.82e-03) m s⁻¹, extrema(T): (31.27, -1.90) ᵒC, extrema(S): (39.94, 20.02) g/kg, extrema(η): (2.54, -3.70) m, wall time: 11.567 seconds 
[ Info: time: 4009 days, iteration: 288648, Δt: 20 minutes,max|u|: (2.00e+00, 2.34e+00, 6.67e-03) m s⁻¹, extrema(T): (31.45, -1.91) ᵒC, extrema(S): (39.94, 20.00) g/kg, extrema(η): (2.12, -3.17) m, wall time: 11.628 seconds 
[ Info: time: 4010 days, iteration: 288720, Δt: 20 minutes,max|u|: (2.01e+00, 2.29e+00, 6.70e-03) m s⁻¹, extrema(T): (31.55, -1.92) ᵒC, extrema(S): (39.94, 20.04) g/kg, extrema(η): (3.78, -2.01) m, wall time: 11.591 seconds 
[ Info: time: 4011 days, iteration: 288792, Δt: 20 minutes,max|u|: (2.01e+00, 2.22e+00, 6.77e-03) m s⁻¹, extrema(T): (31.59, -1.92) ᵒC, extrema(S): (39.95, 19.96) g/kg, extrema(η): (3.04, -2.09) m, wall time: 12.437 seconds 
[ Info: time: 4012 days, iteration: 288864, Δt: 20 minutes,max|u|: (2.02e+00, 2.12e+00, 6.78e-03) m s⁻¹, extrema(T): (31.65, -1.92) ᵒC, extrema(S): (39.95, 19.87) g/kg, extrema(η): (1.67, -3.14) m, wall time: 11.525 seconds 
[ Info: time: 4013 days, iteration: 288936, Δt: 20 minutes,max|u|: (2.02e+00, 1.97e+00, 6.84e-03) m s⁻¹, extrema(T): (31.60, -1.92) ᵒC, extrema(S): (39.94, 19.77) g/kg, extrema(η): (1.20, -3.36) m, wall time: 11.596 seconds 
[ Info: time: 4014 days, iteration: 289008, Δt: 20 minutes,max|u|: (2.02e+00, 1.88e+00, 6.86e-03) m s⁻¹, extrema(T): (31.75, -1.92) ᵒC, extrema(S): (39.94, 19.70) g/kg, extrema(η): (1.28, -2.19) m, wall time: 16.885 seconds 
[ Info: time: 4015 days, iteration: 289080, Δt: 20 minutes,max|u|: (2.01e+00, 1.72e+00, 6.93e-03) m s⁻¹, extrema(T): (31.81, -1.92) ᵒC, extrema(S): (39.94, 19.78) g/kg, extrema(η): (3.69, -2.01) m, wall time: 11.529 seconds 
[ Info: time: 4016 days, iteration: 289152, Δt: 20 minutes,max|u|: (2.21e+00, 2.60e+00, 6.98e-03) m s⁻¹, extrema(T): (31.69, -1.93) ᵒC, extrema(S): (39.93, 19.72) g/kg, extrema(η): (3.24, -2.07) m, wall time: 11.599 seconds 
[ Info: time: 4017 days, iteration: 289224, Δt: 20 minutes,max|u|: (2.04e+00, 1.68e+00, 6.95e-03) m s⁻¹, extrema(T): (31.67, -1.93) ᵒC, extrema(S): (39.93, 19.64) g/kg, extrema(η): (1.24, -2.02) m, wall time: 11.613 seconds 
[ Info: time: 4018 days, iteration: 289296, Δt: 20 minutes,max|u|: (1.99e+00, 1.72e+00, 6.98e-03) m s⁻¹, extrema(T): (31.71, -1.94) ᵒC, extrema(S): (39.93, 19.54) g/kg, extrema(η): (1.27, -3.38) m, wall time: 11.550 seconds 
[ Info: time: 4019 days, iteration: 289368, Δt: 20 minutes,max|u|: (1.97e+00, 1.63e+00, 6.98e-03) m s⁻¹, extrema(T): (31.63, -1.94) ᵒC, extrema(S): (39.92, 19.49) g/kg, extrema(η): (1.35, -2.22) m, wall time: 11.569 seconds 
[ Info: time: 4020 days, iteration: 289440, Δt: 20 minutes,max|u|: (1.91e+00, 1.78e+00, 6.95e-03) m s⁻¹, extrema(T): (31.66, -1.94) ᵒC, extrema(S): (39.92, 19.44) g/kg, extrema(η): (2.50, -2.24) m, wall time: 11.587 seconds 
[ Info: time: 4021 days, iteration: 289512, Δt: 20 minutes,max|u|: (1.88e+00, 1.82e+00, 6.94e-03) m s⁻¹, extrema(T): (31.59, -1.94) ᵒC, extrema(S): (39.92, 19.40) g/kg, extrema(η): (3.78, -2.12) m, wall time: 11.697 seconds 
[ Info: time: 4022 days, iteration: 289584, Δt: 20 minutes,max|u|: (1.77e+00, 2.05e+00, 7.00e-03) m s⁻¹, extrema(T): (31.38, -1.93) ᵒC, extrema(S): (39.92, 19.40) g/kg, extrema(η): (1.21, -2.04) m, wall time: 11.557 seconds 
[ Info: time: 4023 days, iteration: 289656, Δt: 20 minutes,max|u|: (1.87e+00, 2.02e+00, 7.03e-03) m s⁻¹, extrema(T): (31.27, -1.93) ᵒC, extrema(S): (39.92, 19.34) g/kg, extrema(η): (1.21, -3.18) m, wall time: 11.620 seconds 
[ Info: time: 4024 days, iteration: 289728, Δt: 20 minutes,max|u|: (1.83e+00, 2.18e+00, 7.06e-03) m s⁻¹, extrema(T): (31.20, -1.93) ᵒC, extrema(S): (39.91, 19.27) g/kg, extrema(η): (1.43, -2.20) m, wall time: 11.627 seconds 
[ Info: time: 4025 days, iteration: 289800, Δt: 20 minutes,max|u|: (1.59e+00, 2.10e+00, 7.11e-03) m s⁻¹, extrema(T): (31.16, -1.94) ᵒC, extrema(S): (39.91, 19.21) g/kg, extrema(η): (2.13, -2.17) m, wall time: 11.569 seconds 
[ Info: time: 4026 days, iteration: 289872, Δt: 20 minutes,max|u|: (2.28e+00, 3.33e+00, 7.14e-03) m s⁻¹, extrema(T): (31.10, -1.94) ᵒC, extrema(S): (39.91, 19.19) g/kg, extrema(η): (4.48, -2.39) m, wall time: 16.225 seconds 
[ Info: time: 4027 days, iteration: 289944, Δt: 20 minutes,max|u|: (1.56e+00, 1.93e+00, 7.12e-03) m s⁻¹, extrema(T): (31.09, -1.95) ᵒC, extrema(S): (39.90, 19.16) g/kg, extrema(η): (3.02, -2.21) m, wall time: 11.638 seconds 
[ Info: time: 4028 days, iteration: 290016, Δt: 20 minutes,max|u|: (1.52e+00, 1.86e+00, 7.12e-03) m s⁻¹, extrema(T): (31.14, -1.94) ᵒC, extrema(S): (39.90, 19.12) g/kg, extrema(η): (3.19, -2.16) m, wall time: 11.648 seconds 
[ Info: time: 4029 days, iteration: 290088, Δt: 20 minutes,max|u|: (1.66e+00, 2.01e+00, 7.07e-03) m s⁻¹, extrema(T): (31.08, -1.94) ᵒC, extrema(S): (39.90, 19.12) g/kg, extrema(η): (3.32, -2.75) m, wall time: 11.639 seconds 
[ Info: time: 4030 days, iteration: 290160, Δt: 20 minutes,max|u|: (1.82e+00, 2.05e+00, 7.05e-03) m s⁻¹, extrema(T): (31.11, -1.94) ᵒC, extrema(S): (39.90, 19.12) g/kg, extrema(η): (3.22, -2.05) m, wall time: 11.876 seconds 
[ Info: time: 4031 days, iteration: 290232, Δt: 20 minutes,max|u|: (1.74e+00, 2.09e+00, 7.06e-03) m s⁻¹, extrema(T): (31.16, -1.94) ᵒC, extrema(S): (39.90, 19.16) g/kg, extrema(η): (4.42, -2.17) m, wall time: 11.609 seconds 
[ Info: time: 4032 days, iteration: 290304, Δt: 20 minutes,max|u|: (1.58e+00, 2.04e+00, 7.12e-03) m s⁻¹, extrema(T): (31.15, -1.95) ᵒC, extrema(S): (39.89, 19.19) g/kg, extrema(η): (2.99, -1.96) m, wall time: 11.657 seconds 
[ Info: time: 4033 days, iteration: 290376, Δt: 20 minutes,max|u|: (2.09e+00, 2.11e+00, 7.07e-03) m s⁻¹, extrema(T): (31.11, -1.94) ᵒC, extrema(S): (39.89, 19.18) g/kg, extrema(η): (2.03, -2.04) m, wall time: 11.711 seconds 
[ Info: time: 4034 days, iteration: 290448, Δt: 20 minutes,max|u|: (1.65e+00, 2.08e+00, 7.03e-03) m s⁻¹, extrema(T): (31.12, -1.95) ᵒC, extrema(S): (39.89, 19.18) g/kg, extrema(η): (1.59, -2.79) m, wall time: 11.635 seconds 
[ Info: time: 4035 days, iteration: 290520, Δt: 20 minutes,max|u|: (1.62e+00, 2.05e+00, 7.00e-03) m s⁻¹, extrema(T): (31.28, -1.95) ᵒC, extrema(S): (39.89, 19.16) g/kg, extrema(η): (1.32, -2.03) m, wall time: 11.602 seconds 
[ Info: time: 4036 days, iteration: 290592, Δt: 20 minutes,max|u|: (2.05e+00, 2.02e+00, 6.95e-03) m s⁻¹, extrema(T): (31.18, -1.95) ᵒC, extrema(S): (39.87, 19.15) g/kg, extrema(η): (2.96, -1.99) m, wall time: 11.527 seconds 
[ Info: time: 4037 days, iteration: 290664, Δt: 20 minutes,max|u|: (1.63e+00, 2.03e+00, 6.93e-03) m s⁻¹, extrema(T): (31.14, -1.95) ᵒC, extrema(S): (39.87, 19.17) g/kg, extrema(η): (3.62, -1.99) m, wall time: 11.649 seconds 
[ Info: time: 4038 days, iteration: 290736, Δt: 20 minutes,max|u|: (1.61e+00, 2.11e+00, 6.90e-03) m s⁻¹, extrema(T): (31.18, -1.96) ᵒC, extrema(S): (39.86, 19.18) g/kg, extrema(η): (1.33, -1.87) m, wall time: 11.638 seconds 
[ Info: time: 4039 days, iteration: 290808, Δt: 20 minutes,max|u|: (1.61e+00, 2.25e+00, 6.88e-03) m s⁻¹, extrema(T): (31.24, -1.96) ᵒC, extrema(S): (39.85, 19.23) g/kg, extrema(η): (1.70, -3.76) m, wall time: 16.373 seconds 
[ Info: time: 4040 days, iteration: 290880, Δt: 20 minutes,max|u|: (1.61e+00, 2.76e+00, 6.88e-03) m s⁻¹, extrema(T): (31.34, -1.96) ᵒC, extrema(S): (39.83, 19.24) g/kg, extrema(η): (2.69, -2.21) m, wall time: 11.668 seconds 
[ Info: time: 4041 days, iteration: 290952, Δt: 20 minutes,max|u|: (1.73e+00, 1.94e+00, 6.91e-03) m s⁻¹, extrema(T): (31.42, -1.96) ᵒC, extrema(S): (39.81, 19.20) g/kg, extrema(η): (2.42, -2.10) m, wall time: 15.527 seconds 
[ Info: time: 4042 days, iteration: 291024, Δt: 20 minutes,max|u|: (1.65e+00, 1.88e+00, 6.91e-03) m s⁻¹, extrema(T): (31.43, -1.96) ᵒC, extrema(S): (39.79, 19.17) g/kg, extrema(η): (4.13, -2.08) m, wall time: 13.396 seconds 
[ Info: time: 4043 days, iteration: 291096, Δt: 20 minutes,max|u|: (1.92e+00, 1.96e+00, 6.91e-03) m s⁻¹, extrema(T): (31.50, -1.96) ᵒC, extrema(S): (39.79, 19.13) g/kg, extrema(η): (1.45, -2.20) m, wall time: 11.640 seconds 
[ Info: time: 4044 days, iteration: 291168, Δt: 20 minutes,max|u|: (1.78e+00, 2.24e+00, 6.94e-03) m s⁻¹, extrema(T): (31.58, -1.96) ᵒC, extrema(S): (39.79, 19.08) g/kg, extrema(η): (1.36, -2.98) m, wall time: 11.654 seconds 
[ Info: time: 4045 days, iteration: 291240, Δt: 20 minutes,max|u|: (1.86e+00, 2.20e+00, 6.94e-03) m s⁻¹, extrema(T): (31.58, -1.96) ᵒC, extrema(S): (39.79, 19.06) g/kg, extrema(η): (1.42, -2.61) m, wall time: 11.654 seconds 
[ Info: time: 4046 days, iteration: 291312, Δt: 20 minutes,max|u|: (1.97e+00, 2.33e+00, 6.91e-03) m s⁻¹, extrema(T): (31.58, -1.96) ᵒC, extrema(S): (39.78, 19.06) g/kg, extrema(η): (2.04, -2.13) m, wall time: 11.684 seconds 
[ Info: time: 4047 days, iteration: 291384, Δt: 20 minutes,max|u|: (1.98e+00, 2.48e+00, 6.86e-03) m s⁻¹, extrema(T): (31.59, -1.97) ᵒC, extrema(S): (39.78, 19.02) g/kg, extrema(η): (4.56, -2.23) m, wall time: 11.660 seconds 
[ Info: time: 4048 days, iteration: 291456, Δt: 20 minutes,max|u|: (1.93e+00, 2.72e+00, 6.88e-03) m s⁻¹, extrema(T): (31.59, -1.97) ᵒC, extrema(S): (39.78, 18.98) g/kg, extrema(η): (1.94, -3.12) m, wall time: 11.657 seconds 
[ Info: time: 4049 days, iteration: 291528, Δt: 20 minutes,max|u|: (1.86e+00, 2.50e+00, 6.92e-03) m s⁻¹, extrema(T): (31.61, -1.98) ᵒC, extrema(S): (39.78, 18.95) g/kg, extrema(η): (2.20, -2.23) m, wall time: 11.622 seconds 
[ Info: time: 4050 days, iteration: 291600, Δt: 20 minutes,max|u|: (1.88e+00, 2.31e+00, 6.88e-03) m s⁻¹, extrema(T): (31.65, -1.97) ᵒC, extrema(S): (39.78, 18.94) g/kg, extrema(η): (2.84, -2.14) m, wall time: 11.639 seconds 
[ Info: time: 4051 days, iteration: 291672, Δt: 20 minutes,max|u|: (1.92e+00, 2.34e+00, 6.90e-03) m s⁻¹, extrema(T): (31.67, -1.96) ᵒC, extrema(S): (39.78, 18.93) g/kg, extrema(η): (3.20, -2.16) m, wall time: 16.325 seconds 
[ Info: time: 4052 days, iteration: 291744, Δt: 20 minutes,max|u|: (1.87e+00, 2.22e+00, 6.94e-03) m s⁻¹, extrema(T): (31.74, -1.96) ᵒC, extrema(S): (39.78, 19.11) g/kg, extrema(η): (4.31, -2.25) m, wall time: 11.671 seconds 
[ Info: time: 4053 days, iteration: 291816, Δt: 20 minutes,max|u|: (1.82e+00, 2.14e+00, 6.97e-03) m s⁻¹, extrema(T): (31.82, -1.95) ᵒC, extrema(S): (39.78, 19.46) g/kg, extrema(η): (3.33, -2.21) m, wall time: 11.645 seconds 
[ Info: time: 4054 days, iteration: 291888, Δt: 20 minutes,max|u|: (1.61e+00, 2.56e+00, 6.93e-03) m s⁻¹, extrema(T): (31.74, -1.95) ᵒC, extrema(S): (39.78, 19.57) g/kg, extrema(η): (3.07, -2.28) m, wall time: 11.656 seconds 
[ Info: time: 4055 days, iteration: 291960, Δt: 20 minutes,max|u|: (1.55e+00, 2.75e+00, 6.99e-03) m s⁻¹, extrema(T): (31.73, -1.95) ᵒC, extrema(S): (39.77, 19.58) g/kg, extrema(η): (2.78, -2.14) m, wall time: 11.767 seconds 
[ Info: time: 4056 days, iteration: 292032, Δt: 20 minutes,max|u|: (1.66e+00, 2.00e+00, 6.96e-03) m s⁻¹, extrema(T): (31.77, -1.95) ᵒC, extrema(S): (39.77, 19.64) g/kg, extrema(η): (2.39, -2.16) m, wall time: 11.830 seconds 
[ Info: time: 4057 days, iteration: 292104, Δt: 20 minutes,max|u|: (1.52e+00, 1.94e+00, 6.94e-03) m s⁻¹, extrema(T): (31.77, -1.95) ᵒC, extrema(S): (39.75, 19.66) g/kg, extrema(η): (4.03, -2.13) m, wall time: 11.663 seconds 
[ Info: time: 4058 days, iteration: 292176, Δt: 20 minutes,max|u|: (1.53e+00, 1.95e+00, 6.97e-03) m s⁻¹, extrema(T): (31.80, -1.95) ᵒC, extrema(S): (39.75, 19.66) g/kg, extrema(η): (3.04, -2.05) m, wall time: 11.674 seconds 
[ Info: time: 4059 days, iteration: 292248, Δt: 20 minutes,max|u|: (1.57e+00, 2.26e+00, 6.97e-03) m s⁻¹, extrema(T): (31.82, -1.95) ᵒC, extrema(S): (39.75, 19.65) g/kg, extrema(η): (1.27, -2.11) m, wall time: 11.604 seconds 
[ Info: time: 4060 days, iteration: 292320, Δt: 20 minutes,max|u|: (1.55e+00, 1.98e+00, 7.02e-03) m s⁻¹, extrema(T): (31.85, -1.95) ᵒC, extrema(S): (39.75, 19.63) g/kg, extrema(η): (1.18, -2.99) m, wall time: 11.735 seconds 
[ Info: time: 4061 days, iteration: 292392, Δt: 20 minutes,max|u|: (1.58e+00, 1.90e+00, 6.93e-03) m s⁻¹, extrema(T): (31.77, -1.95) ᵒC, extrema(S): (39.74, 19.63) g/kg, extrema(η): (1.13, -2.11) m, wall time: 11.652 seconds 
[ Info: time: 4062 days, iteration: 292464, Δt: 20 minutes,max|u|: (1.56e+00, 1.88e+00, 6.90e-03) m s⁻¹, extrema(T): (31.64, -1.95) ᵒC, extrema(S): (39.74, 19.60) g/kg, extrema(η): (3.86, -2.07) m, wall time: 11.693 seconds 
[ Info: time: 4063 days, iteration: 292536, Δt: 20 minutes,max|u|: (2.06e+00, 1.84e+00, 6.89e-03) m s⁻¹, extrema(T): (31.50, -1.96) ᵒC, extrema(S): (39.74, 19.56) g/kg, extrema(η): (3.75, -2.15) m, wall time: 16.350 seconds 
[ Info: time: 4064 days, iteration: 292608, Δt: 20 minutes,max|u|: (2.04e+00, 2.04e+00, 6.92e-03) m s⁻¹, extrema(T): (31.45, -1.96) ᵒC, extrema(S): (39.74, 19.53) g/kg, extrema(η): (1.18, -2.18) m, wall time: 11.794 seconds 
[ Info: time: 4065 days, iteration: 292680, Δt: 20 minutes,max|u|: (1.99e+00, 2.11e+00, 6.94e-03) m s⁻¹, extrema(T): (31.32, -1.96) ᵒC, extrema(S): (39.73, 19.54) g/kg, extrema(η): (1.21, -3.44) m, wall time: 11.617 seconds 
[ Info: time: 4066 days, iteration: 292752, Δt: 20 minutes,max|u|: (1.85e+00, 2.13e+00, 6.89e-03) m s⁻¹, extrema(T): (31.22, -1.96) ᵒC, extrema(S): (39.73, 19.53) g/kg, extrema(η): (1.33, -2.19) m, wall time: 11.641 seconds 
[ Info: time: 4067 days, iteration: 292824, Δt: 20 minutes,max|u|: (1.80e+00, 2.35e+00, 6.82e-03) m s⁻¹, extrema(T): (31.17, -1.96) ᵒC, extrema(S): (39.73, 19.48) g/kg, extrema(η): (3.29, -2.25) m, wall time: 11.710 seconds 
[ Info: time: 4068 days, iteration: 292896, Δt: 20 minutes,max|u|: (2.00e+00, 2.60e+00, 6.79e-03) m s⁻¹, extrema(T): (31.11, -1.97) ᵒC, extrema(S): (39.73, 19.52) g/kg, extrema(η): (3.79, -2.11) m, wall time: 11.598 seconds 
[ Info: time: 4069 days, iteration: 292968, Δt: 20 minutes,max|u|: (2.78e+00, 2.82e+00, 6.80e-03) m s⁻¹, extrema(T): (31.08, -1.97) ᵒC, extrema(S): (39.73, 19.55) g/kg, extrema(η): (1.56, -2.07) m, wall time: 11.710 seconds 
[ Info: time: 4070 days, iteration: 293040, Δt: 20 minutes,max|u|: (3.09e+00, 2.87e+00, 6.76e-03) m s⁻¹, extrema(T): (31.03, -1.96) ᵒC, extrema(S): (39.73, 19.57) g/kg, extrema(η): (1.43, -3.28) m, wall time: 11.685 seconds 
[ Info: time: 4071 days, iteration: 293112, Δt: 20 minutes,max|u|: (1.84e+00, 2.53e+00, 6.77e-03) m s⁻¹, extrema(T): (31.06, -1.96) ᵒC, extrema(S): (39.73, 19.59) g/kg, extrema(η): (1.41, -2.09) m, wall time: 11.653 seconds 
[ Info: time: 4072 days, iteration: 293184, Δt: 20 minutes,max|u|: (2.28e+00, 2.19e+00, 6.81e-03) m s⁻¹, extrema(T): (31.08, -1.96) ᵒC, extrema(S): (39.72, 19.76) g/kg, extrema(η): (2.08, -2.10) m, wall time: 11.645 seconds 
[ Info: time: 4073 days, iteration: 293256, Δt: 20 minutes,max|u|: (2.18e+00, 1.84e+00, 6.79e-03) m s⁻¹, extrema(T): (31.09, -1.95) ᵒC, extrema(S): (39.72, 19.82) g/kg, extrema(η): (4.33, -2.23) m, wall time: 12.946 seconds 
[ Info: time: 4074 days, iteration: 293328, Δt: 20 minutes,max|u|: (1.34e+00, 1.54e+00, 6.79e-03) m s⁻¹, extrema(T): (31.12, -1.95) ᵒC, extrema(S): (39.70, 19.80) g/kg, extrema(η): (2.83, -2.17) m, wall time: 11.586 seconds 
[ Info: time: 4075 days, iteration: 293400, Δt: 20 minutes,max|u|: (1.43e+00, 1.52e+00, 6.75e-03) m s⁻¹, extrema(T): (31.15, -1.95) ᵒC, extrema(S): (39.70, 19.83) g/kg, extrema(η): (3.13, -2.75) m, wall time: 11.614 seconds 
[ Info: Saving checkpoint file
[ Info: time: 4076 days, iteration: 293472, Δt: 20 minutes,max|u|: (1.74e+00, 1.49e+00, 6.71e-03) m s⁻¹, extrema(T): (31.20, -1.95) ᵒC, extrema(S): (39.70, 19.77) g/kg, extrema(η): (3.15, -2.53) m, wall time: 48.654 seconds 
[ Info: time: 4077 days, iteration: 293544, Δt: 20 minutes,max|u|: (1.38e+00, 1.73e+00, 6.69e-03) m s⁻¹, extrema(T): (31.22, -1.95) ᵒC, extrema(S): (39.70, 19.62) g/kg, extrema(η): (3.17, -2.19) m, wall time: 11.683 seconds 
[ Info: time: 4078 days, iteration: 293616, Δt: 20 minutes,max|u|: (1.28e+00, 1.48e+00, 6.73e-03) m s⁻¹, extrema(T): (31.24, -1.95) ᵒC, extrema(S): (39.70, 19.49) g/kg, extrema(η): (4.82, -1.97) m, wall time: 11.667 seconds 
[ Info: time: 4079 days, iteration: 293688, Δt: 20 minutes,max|u|: (1.63e+00, 1.50e+00, 6.72e-03) m s⁻¹, extrema(T): (31.20, -1.95) ᵒC, extrema(S): (39.70, 19.38) g/kg, extrema(η): (2.64, -2.10) m, wall time: 11.672 seconds 
[ Info: time: 4080 days, iteration: 293760, Δt: 20 minutes,max|u|: (1.30e+00, 1.56e+00, 6.72e-03) m s⁻¹, extrema(T): (31.23, -1.95) ᵒC, extrema(S): (39.69, 19.29) g/kg, extrema(η): (2.18, -2.00) m, wall time: 11.728 seconds 
[ Info: time: 4081 days, iteration: 293832, Δt: 20 minutes,max|u|: (1.53e+00, 1.63e+00, 6.70e-03) m s⁻¹, extrema(T): (31.28, -1.95) ᵒC, extrema(S): (39.69, 19.18) g/kg, extrema(η): (1.79, -3.10) m, wall time: 11.678 seconds 
[ Info: time: 4082 days, iteration: 293904, Δt: 20 minutes,max|u|: (1.33e+00, 1.87e+00, 6.70e-03) m s⁻¹, extrema(T): (31.28, -1.95) ᵒC, extrema(S): (39.69, 19.12) g/kg, extrema(η): (1.51, -2.16) m, wall time: 11.833 seconds 
[ Info: time: 4083 days, iteration: 293976, Δt: 20 minutes,max|u|: (1.34e+00, 1.52e+00, 6.81e-03) m s⁻¹, extrema(T): (31.28, -1.95) ᵒC, extrema(S): (39.69, 19.05) g/kg, extrema(η): (4.43, -1.99) m, wall time: 11.670 seconds 
[ Info: time: 4084 days, iteration: 294048, Δt: 20 minutes,max|u|: (1.37e+00, 1.52e+00, 6.88e-03) m s⁻¹, extrema(T): (31.27, -1.95) ᵒC, extrema(S): (39.69, 18.98) g/kg, extrema(η): (3.15, -2.11) m, wall time: 11.660 seconds 
[ Info: time: 4085 days, iteration: 294120, Δt: 20 minutes,max|u|: (1.49e+00, 1.77e+00, 6.90e-03) m s⁻¹, extrema(T): (31.28, -1.95) ᵒC, extrema(S): (39.69, 18.93) g/kg, extrema(η): (1.21, -2.14) m, wall time: 11.665 seconds 
[ Info: time: 4086 days, iteration: 294192, Δt: 20 minutes,max|u|: (1.39e+00, 1.59e+00, 7.00e-03) m s⁻¹, extrema(T): (31.29, -1.95) ᵒC, extrema(S): (39.69, 18.89) g/kg, extrema(η): (1.19, -3.29) m, wall time: 11.649 seconds 
[ Info: time: 4087 days, iteration: 294264, Δt: 20 minutes,max|u|: (1.39e+00, 1.76e+00, 7.02e-03) m s⁻¹, extrema(T): (31.30, -1.95) ᵒC, extrema(S): (39.69, 18.84) g/kg, extrema(η): (1.16, -2.01) m, wall time: 11.671 seconds 
[ Info: time: 4088 days, iteration: 294336, Δt: 20 minutes,max|u|: (1.58e+00, 1.84e+00, 7.07e-03) m s⁻¹, extrema(T): (31.33, -1.95) ᵒC, extrema(S): (39.69, 18.80) g/kg, extrema(η): (3.68, -1.97) m, wall time: 16.319 seconds 
[ Info: time: 4089 days, iteration: 294408, Δt: 20 minutes,max|u|: (1.45e+00, 1.65e+00, 7.11e-03) m s⁻¹, extrema(T): (31.34, -1.96) ᵒC, extrema(S): (39.69, 18.77) g/kg, extrema(η): (3.57, -1.99) m, wall time: 11.685 seconds 
[ Info: time: 4090 days, iteration: 294480, Δt: 20 minutes,max|u|: (2.80e+00, 1.85e+00, 7.09e-03) m s⁻¹, extrema(T): (31.35, -1.96) ᵒC, extrema(S): (39.69, 18.74) g/kg, extrema(η): (1.24, -1.97) m, wall time: 11.603 seconds 
[ Info: time: 4091 days, iteration: 294552, Δt: 20 minutes,max|u|: (1.44e+00, 1.58e+00, 7.12e-03) m s⁻¹, extrema(T): (31.35, -1.96) ᵒC, extrema(S): (39.69, 18.73) g/kg, extrema(η): (1.30, -3.53) m, wall time: 11.694 seconds 
[ Info: time: 4092 days, iteration: 294624, Δt: 20 minutes,max|u|: (1.44e+00, 1.54e+00, 7.12e-03) m s⁻¹, extrema(T): (31.38, -1.96) ᵒC, extrema(S): (39.69, 18.70) g/kg, extrema(η): (1.30, -2.07) m, wall time: 11.610 seconds 
[ Info: time: 4093 days, iteration: 294696, Δt: 20 minutes,max|u|: (1.48e+00, 1.55e+00, 7.16e-03) m s⁻¹, extrema(T): (31.40, -1.96) ᵒC, extrema(S): (39.69, 18.67) g/kg, extrema(η): (2.94, -1.98) m, wall time: 11.690 seconds 
[ Info: time: 4094 days, iteration: 294768, Δt: 20 minutes,max|u|: (1.50e+00, 1.56e+00, 7.24e-03) m s⁻¹, extrema(T): (31.42, -1.96) ᵒC, extrema(S): (39.69, 18.65) g/kg, extrema(η): (4.10, -2.11) m, wall time: 11.657 seconds 
[ Info: time: 4095 days, iteration: 294840, Δt: 20 minutes,max|u|: (1.57e+00, 1.63e+00, 7.16e-03) m s⁻¹, extrema(T): (31.44, -1.96) ᵒC, extrema(S): (39.68, 18.62) g/kg, extrema(η): (1.69, -2.22) m, wall time: 11.725 seconds 
[ Info: time: 4096 days, iteration: 294912, Δt: 20 minutes,max|u|: (1.52e+00, 1.57e+00, 7.19e-03) m s⁻¹, extrema(T): (31.44, -1.96) ᵒC, extrema(S): (39.68, 18.59) g/kg, extrema(η): (2.29, -3.59) m, wall time: 11.642 seconds 
[ Info: time: 4097 days, iteration: 294984, Δt: 20 minutes,max|u|: (1.56e+00, 1.58e+00, 7.22e-03) m s⁻¹, extrema(T): (31.47, -1.95) ᵒC, extrema(S): (39.68, 18.58) g/kg, extrema(η): (2.84, -2.41) m, wall time: 11.615 seconds 
[ Info: time: 4098 days, iteration: 295056, Δt: 20 minutes,max|u|: (1.60e+00, 1.66e+00, 7.17e-03) m s⁻¹, extrema(T): (31.48, -1.95) ᵒC, extrema(S): (39.68, 18.56) g/kg, extrema(η): (3.17, -2.03) m, wall time: 11.676 seconds 
[ Info: time: 4099 days, iteration: 295128, Δt: 20 minutes,max|u|: (2.72e+00, 1.57e+00, 7.23e-03) m s⁻¹, extrema(T): (31.49, -1.95) ᵒC, extrema(S): (39.68, 18.57) g/kg, extrema(η): (4.57, -2.21) m, wall time: 11.639 seconds 
[ Info: time: 4100 days, iteration: 295200, Δt: 20 minutes,max|u|: (1.67e+00, 1.65e+00, 7.21e-03) m s⁻¹, extrema(T): (31.42, -1.95) ᵒC, extrema(S): (39.68, 18.67) g/kg, extrema(η): (3.16, -2.21) m, wall time: 16.289 seconds 
[ Info: time: 4101 days, iteration: 295272, Δt: 20 minutes,max|u|: (1.81e+00, 1.56e+00, 7.25e-03) m s⁻¹, extrema(T): (31.23, -1.95) ᵒC, extrema(S): (39.68, 18.92) g/kg, extrema(η): (3.03, -2.86) m, wall time: 11.704 seconds 
[ Info: time: 4102 days, iteration: 295344, Δt: 20 minutes,max|u|: (1.68e+00, 1.80e+00, 7.25e-03) m s⁻¹, extrema(T): (31.13, -1.94) ᵒC, extrema(S): (39.68, 19.50) g/kg, extrema(η): (2.64, -2.12) m, wall time: 11.663 seconds 
[ Info: time: 4103 days, iteration: 295416, Δt: 20 minutes,max|u|: (1.70e+00, 1.65e+00, 7.21e-03) m s⁻¹, extrema(T): (31.02, -1.94) ᵒC, extrema(S): (39.67, 19.73) g/kg, extrema(η): (2.23, -2.19) m, wall time: 11.707 seconds 
[ Info: time: 4104 days, iteration: 295488, Δt: 20 minutes,max|u|: (1.72e+00, 1.52e+00, 7.18e-03) m s⁻¹, extrema(T): (31.14, -1.94) ᵒC, extrema(S): (39.67, 19.59) g/kg, extrema(η): (4.35, -2.18) m, wall time: 12.649 seconds 
[ Info: time: 4105 days, iteration: 295560, Δt: 20 minutes,max|u|: (1.97e+00, 1.52e+00, 7.21e-03) m s⁻¹, extrema(T): (31.08, -1.94) ᵒC, extrema(S): (39.67, 19.43) g/kg, extrema(η): (2.47, -2.13) m, wall time: 11.637 seconds 
[ Info: time: 4106 days, iteration: 295632, Δt: 20 minutes,max|u|: (1.77e+00, 1.64e+00, 7.22e-03) m s⁻¹, extrema(T): (31.08, -1.93) ᵒC, extrema(S): (39.67, 19.32) g/kg, extrema(η): (1.34, -2.14) m, wall time: 11.683 seconds 
[ Info: time: 4107 days, iteration: 295704, Δt: 20 minutes,max|u|: (1.77e+00, 1.73e+00, 7.20e-03) m s⁻¹, extrema(T): (31.06, -1.93) ᵒC, extrema(S): (39.67, 19.26) g/kg, extrema(η): (1.34, -3.08) m, wall time: 11.703 seconds 
[ Info: time: 4108 days, iteration: 295776, Δt: 20 minutes,max|u|: (1.78e+00, 1.70e+00, 7.19e-03) m s⁻¹, extrema(T): (31.06, -1.93) ᵒC, extrema(S): (39.67, 19.23) g/kg, extrema(η): (1.35, -2.20) m, wall time: 11.592 seconds 
[ Info: time: 4109 days, iteration: 295848, Δt: 20 minutes,max|u|: (1.79e+00, 1.58e+00, 7.17e-03) m s⁻¹, extrema(T): (31.09, -1.93) ᵒC, extrema(S): (39.67, 19.14) g/kg, extrema(η): (4.10, -2.25) m, wall time: 11.677 seconds 
[ Info: time: 4110 days, iteration: 295920, Δt: 20 minutes,max|u|: (1.90e+00, 1.58e+00, 7.15e-03) m s⁻¹, extrema(T): (31.17, -1.92) ᵒC, extrema(S): (39.67, 19.04) g/kg, extrema(η): (3.76, -2.09) m, wall time: 11.779 seconds 
[ Info: time: 4111 days, iteration: 295992, Δt: 20 minutes,max|u|: (1.82e+00, 1.60e+00, 7.16e-03) m s⁻¹, extrema(T): (31.08, -1.92) ᵒC, extrema(S): (39.67, 18.99) g/kg, extrema(η): (1.22, -2.14) m, wall time: 11.645 seconds 
[ Info: time: 4112 days, iteration: 296064, Δt: 20 minutes,max|u|: (1.81e+00, 1.57e+00, 7.13e-03) m s⁻¹, extrema(T): (31.15, -1.92) ᵒC, extrema(S): (39.66, 18.91) g/kg, extrema(η): (1.17, -3.54) m, wall time: 11.673 seconds 
[ Info: time: 4113 days, iteration: 296136, Δt: 20 minutes,max|u|: (1.85e+00, 1.58e+00, 7.10e-03) m s⁻¹, extrema(T): (31.13, -1.92) ᵒC, extrema(S): (39.66, 19.08) g/kg, extrema(η): (1.16, -1.88) m, wall time: 16.367 seconds 
[ Info: time: 4114 days, iteration: 296208, Δt: 20 minutes,max|u|: (1.89e+00, 1.56e+00, 7.11e-03) m s⁻¹, extrema(T): (31.14, -1.92) ᵒC, extrema(S): (39.66, 19.60) g/kg, extrema(η): (2.94, -2.02) m, wall time: 11.639 seconds 
[ Info: time: 4115 days, iteration: 296280, Δt: 20 minutes,max|u|: (1.92e+00, 1.55e+00, 7.11e-03) m s⁻¹, extrema(T): (31.19, -1.92) ᵒC, extrema(S): (39.66, 19.59) g/kg, extrema(η): (4.10, -2.02) m, wall time: 11.709 seconds 
[ Info: time: 4116 days, iteration: 296352, Δt: 20 minutes,max|u|: (1.93e+00, 1.80e+00, 7.13e-03) m s⁻¹, extrema(T): (31.23, -1.91) ᵒC, extrema(S): (39.66, 19.52) g/kg, extrema(η): (1.28, -2.18) m, wall time: 11.762 seconds 
[ Info: time: 4117 days, iteration: 296424, Δt: 20 minutes,max|u|: (1.93e+00, 1.51e+00, 7.17e-03) m s⁻¹, extrema(T): (31.17, -1.91) ᵒC, extrema(S): (39.66, 19.43) g/kg, extrema(η): (1.28, -3.15) m, wall time: 11.692 seconds 
[ Info: time: 4118 days, iteration: 296496, Δt: 20 minutes,max|u|: (1.91e+00, 1.50e+00, 7.11e-03) m s⁻¹, extrema(T): (31.21, -1.91) ᵒC, extrema(S): (39.66, 19.51) g/kg, extrema(η): (1.65, -2.51) m, wall time: 11.661 seconds 
[ Info: time: 4119 days, iteration: 296568, Δt: 20 minutes,max|u|: (1.95e+00, 2.10e+00, 7.06e-03) m s⁻¹, extrema(T): (31.20, -1.91) ᵒC, extrema(S): (39.66, 19.53) g/kg, extrema(η): (2.37, -2.19) m, wall time: 11.716 seconds 
[ Info: time: 4120 days, iteration: 296640, Δt: 20 minutes,max|u|: (1.94e+00, 2.25e+00, 7.06e-03) m s⁻¹, extrema(T): (31.23, -1.91) ᵒC, extrema(S): (39.66, 19.47) g/kg, extrema(η): (4.19, -2.21) m, wall time: 11.686 seconds 
[ Info: time: 4121 days, iteration: 296712, Δt: 20 minutes,max|u|: (1.94e+00, 1.47e+00, 7.09e-03) m s⁻¹, extrema(T): (31.24, -1.91) ᵒC, extrema(S): (39.66, 19.51) g/kg, extrema(η): (3.13, -2.17) m, wall time: 11.655 seconds 
[ Info: time: 4122 days, iteration: 296784, Δt: 20 minutes,max|u|: (2.06e+00, 1.48e+00, 7.01e-03) m s⁻¹, extrema(T): (31.37, -1.91) ᵒC, extrema(S): (39.66, 19.39) g/kg, extrema(η): (3.34, -2.45) m, wall time: 11.693 seconds 
[ Info: time: 4123 days, iteration: 296856, Δt: 20 minutes,max|u|: (1.98e+00, 1.65e+00, 7.01e-03) m s⁻¹, extrema(T): (31.36, -1.91) ᵒC, extrema(S): (39.66, 19.47) g/kg, extrema(η): (3.31, -3.18) m, wall time: 11.633 seconds 
[ Info: time: 4124 days, iteration: 296928, Δt: 20 minutes,max|u|: (1.98e+00, 1.73e+00, 6.98e-03) m s⁻¹, extrema(T): (31.41, -1.91) ᵒC, extrema(S): (39.65, 19.53) g/kg, extrema(η): (3.13, -1.83) m, wall time: 11.689 seconds 
[ Info: time: 4125 days, iteration: 297000, Δt: 20 minutes,max|u|: (1.98e+00, 1.51e+00, 6.96e-03) m s⁻¹, extrema(T): (31.42, -1.91) ᵒC, extrema(S): (39.65, 19.53) g/kg, extrema(η): (4.33, -1.93) m, wall time: 16.309 seconds 
[ Info: time: 4126 days, iteration: 297072, Δt: 20 minutes,max|u|: (1.98e+00, 1.51e+00, 6.93e-03) m s⁻¹, extrema(T): (31.38, -1.91) ᵒC, extrema(S): (39.65, 19.55) g/kg, extrema(η): (3.14, -1.87) m, wall time: 11.693 seconds 
[ Info: time: 4127 days, iteration: 297144, Δt: 20 minutes,max|u|: (1.96e+00, 1.53e+00, 6.87e-03) m s⁻¹, extrema(T): (31.30, -1.91) ᵒC, extrema(S): (39.65, 19.44) g/kg, extrema(η): (1.83, -1.96) m, wall time: 11.713 seconds 
[ Info: time: 4128 days, iteration: 297216, Δt: 20 minutes,max|u|: (1.92e+00, 1.52e+00, 6.94e-03) m s⁻¹, extrema(T): (31.22, -1.91) ᵒC, extrema(S): (39.65, 19.45) g/kg, extrema(η): (1.38, -3.38) m, wall time: 11.672 seconds 
[ Info: time: 4129 days, iteration: 297288, Δt: 20 minutes,max|u|: (1.89e+00, 1.63e+00, 6.89e-03) m s⁻¹, extrema(T): (31.30, -1.92) ᵒC, extrema(S): (39.65, 19.48) g/kg, extrema(η): (1.37, -1.96) m, wall time: 11.662 seconds 
[ Info: time: 4130 days, iteration: 297360, Δt: 20 minutes,max|u|: (1.91e+00, 1.52e+00, 6.85e-03) m s⁻¹, extrema(T): (31.22, -1.92) ᵒC, extrema(S): (39.66, 19.37) g/kg, extrema(η): (3.84, -1.90) m, wall time: 11.698 seconds 
[ Info: time: 4131 days, iteration: 297432, Δt: 20 minutes,max|u|: (1.95e+00, 1.51e+00, 6.85e-03) m s⁻¹, extrema(T): (31.18, -1.92) ᵒC, extrema(S): (39.66, 19.35) g/kg, extrema(η): (4.01, -2.09) m, wall time: 11.716 seconds 
[ Info: time: 4132 days, iteration: 297504, Δt: 20 minutes,max|u|: (1.98e+00, 1.58e+00, 6.86e-03) m s⁻¹, extrema(T): (31.21, -1.92) ᵒC, extrema(S): (39.66, 19.56) g/kg, extrema(η): (1.25, -1.94) m, wall time: 11.639 seconds 
[ Info: time: 4133 days, iteration: 297576, Δt: 20 minutes,max|u|: (1.96e+00, 1.49e+00, 6.90e-03) m s⁻¹, extrema(T): (31.31, -1.92) ᵒC, extrema(S): (39.67, 19.49) g/kg, extrema(η): (1.22, -3.48) m, wall time: 11.713 seconds 
[ Info: time: 4134 days, iteration: 297648, Δt: 20 minutes,max|u|: (2.05e+00, 1.57e+00, 6.88e-03) m s⁻¹, extrema(T): (31.27, -1.92) ᵒC, extrema(S): (39.67, 19.67) g/kg, extrema(η): (1.29, -1.97) m, wall time: 11.671 seconds 
[ Info: time: 4135 days, iteration: 297720, Δt: 20 minutes,max|u|: (1.90e+00, 1.54e+00, 6.88e-03) m s⁻¹, extrema(T): (31.29, -1.92) ᵒC, extrema(S): (39.66, 19.60) g/kg, extrema(η): (2.48, -2.09) m, wall time: 13.054 seconds 
[ Info: time: 4136 days, iteration: 297792, Δt: 20 minutes,max|u|: (1.91e+00, 1.47e+00, 6.90e-03) m s⁻¹, extrema(T): (31.25, -1.92) ᵒC, extrema(S): (39.66, 19.66) g/kg, extrema(η): (3.99, -2.20) m, wall time: 11.650 seconds 
[ Info: time: 4137 days, iteration: 297864, Δt: 20 minutes,max|u|: (1.90e+00, 1.50e+00, 6.96e-03) m s⁻¹, extrema(T): (31.24, -1.92) ᵒC, extrema(S): (39.65, 19.62) g/kg, extrema(η): (1.41, -2.12) m, wall time: 11.662 seconds 
[ Info: time: 4138 days, iteration: 297936, Δt: 20 minutes,max|u|: (1.88e+00, 1.46e+00, 6.96e-03) m s⁻¹, extrema(T): (31.26, -1.92) ᵒC, extrema(S): (39.65, 19.57) g/kg, extrema(η): (1.48, -2.45) m, wall time: 16.340 seconds 
[ Info: time: 4139 days, iteration: 298008, Δt: 20 minutes,max|u|: (1.83e+00, 1.47e+00, 6.96e-03) m s⁻¹, extrema(T): (31.32, -1.91) ᵒC, extrema(S): (39.65, 19.58) g/kg, extrema(η): (1.41, -3.58) m, wall time: 11.682 seconds 
[ Info: time: 4140 days, iteration: 298080, Δt: 20 minutes,max|u|: (1.77e+00, 1.74e+00, 6.90e-03) m s⁻¹, extrema(T): (31.32, -1.92) ᵒC, extrema(S): (39.66, 19.46) g/kg, extrema(η): (1.40, -2.16) m, wall time: 15.493 seconds 
[ Info: time: 4141 days, iteration: 298152, Δt: 20 minutes,max|u|: (1.76e+00, 1.47e+00, 6.89e-03) m s⁻¹, extrema(T): (31.34, -1.91) ᵒC, extrema(S): (39.66, 19.57) g/kg, extrema(η): (4.26, -2.12) m, wall time: 11.781 seconds 
[ Info: time: 4142 days, iteration: 298224, Δt: 20 minutes,max|u|: (1.76e+00, 1.47e+00, 6.91e-03) m s⁻¹, extrema(T): (31.34, -1.92) ᵒC, extrema(S): (39.66, 19.57) g/kg, extrema(η): (2.86, -2.04) m, wall time: 11.682 seconds 
[ Info: time: 4143 days, iteration: 298296, Δt: 20 minutes,max|u|: (1.80e+00, 1.49e+00, 6.87e-03) m s⁻¹, extrema(T): (31.33, -1.92) ᵒC, extrema(S): (39.67, 19.63) g/kg, extrema(η): (2.49, -1.99) m, wall time: 11.749 seconds 
[ Info: time: 4144 days, iteration: 298368, Δt: 20 minutes,max|u|: (1.83e+00, 1.47e+00, 6.88e-03) m s⁻¹, extrema(T): (31.32, -1.90) ᵒC, extrema(S): (39.66, 19.14) g/kg, extrema(η): (2.98, -3.95) m, wall time: 11.655 seconds 
[ Info: time: 4145 days, iteration: 298440, Δt: 20 minutes,max|u|: (2.07e+00, 1.74e+00, 6.86e-03) m s⁻¹, extrema(T): (31.31, -1.92) ᵒC, extrema(S): (39.66, 18.21) g/kg, extrema(η): (3.26, -2.01) m, wall time: 11.696 seconds 
[ Info: time: 4146 days, iteration: 298512, Δt: 20 minutes,max|u|: (2.10e+00, 1.90e+00, 6.88e-03) m s⁻¹, extrema(T): (31.32, -1.92) ᵒC, extrema(S): (39.66, 17.60) g/kg, extrema(η): (3.67, -2.01) m, wall time: 11.679 seconds 
[ Info: time: 4147 days, iteration: 298584, Δt: 20 minutes,max|u|: (2.33e+00, 1.47e+00, 6.96e-03) m s⁻¹, extrema(T): (31.35, -1.90) ᵒC, extrema(S): (39.66, 17.42) g/kg, extrema(η): (3.63, -2.08) m, wall time: 11.656 seconds 
[ Info: time: 4148 days, iteration: 298656, Δt: 20 minutes,max|u|: (2.45e+00, 1.57e+00, 6.96e-03) m s⁻¹, extrema(T): (31.39, -1.90) ᵒC, extrema(S): (39.65, 17.00) g/kg, extrema(η): (2.78, -2.10) m, wall time: 11.710 seconds 
[ Info: time: 4149 days, iteration: 298728, Δt: 20 minutes,max|u|: (2.17e+00, 1.45e+00, 7.01e-03) m s⁻¹, extrema(T): (31.34, -1.90) ᵒC, extrema(S): (39.66, 17.09) g/kg, extrema(η): (2.41, -4.02) m, wall time: 11.696 seconds 
[ Info: time: 4150 days, iteration: 298800, Δt: 20 minutes,max|u|: (1.73e+00, 1.56e+00, 7.07e-03) m s⁻¹, extrema(T): (31.30, -1.90) ᵒC, extrema(S): (39.66, 16.76) g/kg, extrema(η): (2.06, -2.12) m, wall time: 16.359 seconds 
[ Info: time: 4151 days, iteration: 298872, Δt: 20 minutes,max|u|: (1.59e+00, 1.45e+00, 7.15e-03) m s⁻¹, extrema(T): (31.32, -1.91) ᵒC, extrema(S): (39.66, 16.54) g/kg, extrema(η): (2.84, -2.08) m, wall time: 11.696 seconds 
[ Info: time: 4152 days, iteration: 298944, Δt: 20 minutes,max|u|: (1.57e+00, 1.43e+00, 7.10e-03) m s⁻¹, extrema(T): (31.38, -1.92) ᵒC, extrema(S): (39.66, 16.71) g/kg, extrema(η): (4.19, -2.11) m, wall time: 11.681 seconds 
[ Info: time: 4153 days, iteration: 299016, Δt: 20 minutes,max|u|: (1.96e+00, 1.68e+00, 7.12e-03) m s⁻¹, extrema(T): (31.39, -1.92) ᵒC, extrema(S): (39.67, 16.72) g/kg, extrema(η): (1.30, -2.13) m, wall time: 11.630 seconds 
[ Info: time: 4154 days, iteration: 299088, Δt: 20 minutes,max|u|: (1.59e+00, 1.43e+00, 7.16e-03) m s⁻¹, extrema(T): (31.40, -1.92) ᵒC, extrema(S): (39.68, 16.31) g/kg, extrema(η): (1.26, -3.36) m, wall time: 11.660 seconds 
[ Info: time: 4155 days, iteration: 299160, Δt: 20 minutes,max|u|: (1.57e+00, 1.43e+00, 7.14e-03) m s⁻¹, extrema(T): (31.49, -1.93) ᵒC, extrema(S): (39.68, 16.55) g/kg, extrema(η): (1.22, -2.57) m, wall time: 11.607 seconds 
[ Info: time: 4156 days, iteration: 299232, Δt: 20 minutes,max|u|: (1.71e+00, 1.69e+00, 7.19e-03) m s⁻¹, extrema(T): (31.57, -1.93) ᵒC, extrema(S): (39.68, 17.35) g/kg, extrema(η): (2.05, -2.20) m, wall time: 11.735 seconds 
[ Info: time: 4157 days, iteration: 299304, Δt: 20 minutes,max|u|: (1.65e+00, 1.80e+00, 7.22e-03) m s⁻¹, extrema(T): (31.52, -1.93) ᵒC, extrema(S): (39.68, 16.97) g/kg, extrema(η): (4.35, -2.08) m, wall time: 11.660 seconds 
[ Info: time: 4158 days, iteration: 299376, Δt: 20 minutes,max|u|: (1.50e+00, 1.65e+00, 7.18e-03) m s⁻¹, extrema(T): (31.49, -1.93) ᵒC, extrema(S): (39.68, 16.69) g/kg, extrema(η): (1.64, -2.13) m, wall time: 11.718 seconds 
[ Info: time: 4159 days, iteration: 299448, Δt: 20 minutes,max|u|: (1.50e+00, 1.47e+00, 7.14e-03) m s⁻¹, extrema(T): (31.53, -1.91) ᵒC, extrema(S): (39.69, 17.06) g/kg, extrema(η): (1.31, -3.12) m, wall time: 11.674 seconds 
[ Info: time: 4160 days, iteration: 299520, Δt: 20 minutes,max|u|: (1.59e+00, 1.42e+00, 7.09e-03) m s⁻¹, extrema(T): (31.54, -1.90) ᵒC, extrema(S): (39.69, 17.26) g/kg, extrema(η): (1.24, -3.41) m, wall time: 11.670 seconds 
[ Info: time: 4161 days, iteration: 299592, Δt: 20 minutes,max|u|: (1.47e+00, 1.70e+00, 7.06e-03) m s⁻¹, extrema(T): (31.50, -1.91) ᵒC, extrema(S): (39.69, 18.15) g/kg, extrema(η): (1.20, -1.97) m, wall time: 11.657 seconds 
[ Info: time: 4162 days, iteration: 299664, Δt: 20 minutes,max|u|: (1.51e+00, 1.41e+00, 7.01e-03) m s⁻¹, extrema(T): (31.46, -1.91) ᵒC, extrema(S): (39.69, 18.92) g/kg, extrema(η): (4.32, -2.01) m, wall time: 16.265 seconds 
[ Info: time: 4163 days, iteration: 299736, Δt: 20 minutes,max|u|: (1.49e+00, 1.51e+00, 6.98e-03) m s⁻¹, extrema(T): (31.45, -1.91) ᵒC, extrema(S): (39.69, 18.73) g/kg, extrema(η): (2.60, -2.04) m, wall time: 11.672 seconds 
[ Info: time: 4164 days, iteration: 299808, Δt: 20 minutes,max|u|: (1.45e+00, 1.41e+00, 6.96e-03) m s⁻¹, extrema(T): (31.42, -1.92) ᵒC, extrema(S): (39.69, 18.91) g/kg, extrema(η): (1.33, -2.09) m, wall time: 11.658 seconds 
[ Info: time: 4165 days, iteration: 299880, Δt: 20 minutes,max|u|: (1.42e+00, 1.40e+00, 6.89e-03) m s⁻¹, extrema(T): (31.39, -1.93) ᵒC, extrema(S): (39.69, 19.06) g/kg, extrema(η): (1.88, -3.82) m, wall time: 11.677 seconds 
[ Info: time: 4166 days, iteration: 299952, Δt: 20 minutes,max|u|: (1.57e+00, 1.76e+00, 6.86e-03) m s⁻¹, extrema(T): (31.35, -1.92) ᵒC, extrema(S): (39.69, 19.18) g/kg, extrema(η): (2.42, -2.16) m, wall time: 12.969 seconds 
[ Info: time: 4167 days, iteration: 300024, Δt: 20 minutes,max|u|: (1.40e+00, 1.48e+00, 6.87e-03) m s⁻¹, extrema(T): (31.34, -1.92) ᵒC, extrema(S): (39.69, 18.84) g/kg, extrema(η): (3.96, -2.29) m, wall time: 11.736 seconds 
[ Info: time: 4168 days, iteration: 300096, Δt: 20 minutes,max|u|: (1.63e+00, 1.39e+00, 6.89e-03) m s⁻¹, extrema(T): (31.25, -1.93) ᵒC, extrema(S): (39.70, 18.38) g/kg, extrema(η): (3.53, -2.17) m, wall time: 11.622 seconds 
[ Info: time: 4169 days, iteration: 300168, Δt: 20 minutes,max|u|: (1.40e+00, 1.63e+00, 6.89e-03) m s⁻¹, extrema(T): (31.28, -1.93) ᵒC, extrema(S): (39.70, 17.83) g/kg, extrema(η): (3.15, -1.98) m, wall time: 11.665 seconds 
[ Info: time: 4170 days, iteration: 300240, Δt: 20 minutes,max|u|: (1.41e+00, 1.41e+00, 6.88e-03) m s⁻¹, extrema(T): (31.28, -1.94) ᵒC, extrema(S): (39.71, 17.48) g/kg, extrema(η): (3.15, -3.95) m, wall time: 11.675 seconds 
[ Info: time: 4171 days, iteration: 300312, Δt: 20 minutes,max|u|: (1.43e+00, 1.72e+00, 6.85e-03) m s⁻¹, extrema(T): (31.29, -1.94) ᵒC, extrema(S): (39.71, 16.77) g/kg, extrema(η): (3.10, -2.20) m, wall time: 11.708 seconds 
[ Info: time: 4172 days, iteration: 300384, Δt: 20 minutes,max|u|: (1.46e+00, 1.45e+00, 6.82e-03) m s⁻¹, extrema(T): (31.30, -1.94) ᵒC, extrema(S): (39.71, 16.78) g/kg, extrema(η): (3.53, -2.06) m, wall time: 11.712 seconds 
[ Info: time: 4173 days, iteration: 300456, Δt: 20 minutes,max|u|: (1.48e+00, 1.42e+00, 6.78e-03) m s⁻¹, extrema(T): (31.30, -1.94) ᵒC, extrema(S): (39.71, 16.88) g/kg, extrema(η): (4.31, -2.03) m, wall time: 11.713 seconds 
[ Info: time: 4174 days, iteration: 300528, Δt: 20 minutes,max|u|: (1.53e+00, 1.69e+00, 6.73e-03) m s⁻¹, extrema(T): (31.25, -1.94) ᵒC, extrema(S): (39.71, 16.55) g/kg, extrema(η): (2.21, -2.01) m, wall time: 11.696 seconds 
[ Info: time: 4175 days, iteration: 300600, Δt: 20 minutes,max|u|: (1.71e+00, 1.42e+00, 6.77e-03) m s⁻¹, extrema(T): (31.27, -1.94) ᵒC, extrema(S): (39.72, 16.87) g/kg, extrema(η): (1.83, -3.62) m, wall time: 16.367 seconds 
[ Info: time: 4176 days, iteration: 300672, Δt: 20 minutes,max|u|: (1.99e+00, 1.50e+00, 6.82e-03) m s⁻¹, extrema(T): (31.25, -1.94) ᵒC, extrema(S): (39.72, 16.43) g/kg, extrema(η): (1.43, -2.09) m, wall time: 11.593 seconds 
[ Info: time: 4177 days, iteration: 300744, Δt: 20 minutes,max|u|: (2.18e+00, 1.66e+00, 6.88e-03) m s⁻¹, extrema(T): (31.26, -1.94) ᵒC, extrema(S): (39.72, 16.07) g/kg, extrema(η): (2.43, -2.05) m, wall time: 11.667 seconds 
[ Info: time: 4178 days, iteration: 300816, Δt: 20 minutes,max|u|: (2.06e+00, 1.39e+00, 6.86e-03) m s⁻¹, extrema(T): (31.25, -1.94) ᵒC, extrema(S): (39.72, 15.93) g/kg, extrema(η): (4.51, -1.97) m, wall time: 11.683 seconds 
[ Info: time: 4179 days, iteration: 300888, Δt: 20 minutes,max|u|: (2.00e+00, 1.66e+00, 6.96e-03) m s⁻¹, extrema(T): (31.22, -1.95) ᵒC, extrema(S): (39.73, 16.15) g/kg, extrema(η): (1.48, -1.99) m, wall time: 11.695 seconds 
[ Info: time: 4180 days, iteration: 300960, Δt: 20 minutes,max|u|: (1.92e+00, 1.38e+00, 6.94e-03) m s⁻¹, extrema(T): (31.22, -1.94) ᵒC, extrema(S): (39.73, 15.84) g/kg, extrema(η): (1.28, -3.14) m, wall time: 11.749 seconds 
[ Info: time: 4181 days, iteration: 301032, Δt: 20 minutes,max|u|: (2.01e+00, 1.37e+00, 6.94e-03) m s⁻¹, extrema(T): (31.21, -1.95) ᵒC, extrema(S): (39.74, 15.44) g/kg, extrema(η): (1.37, -3.15) m, wall time: 11.692 seconds 
[ Info: time: 4182 days, iteration: 301104, Δt: 20 minutes,max|u|: (2.49e+00, 1.69e+00, 6.94e-03) m s⁻¹, extrema(T): (31.20, -1.95) ᵒC, extrema(S): (39.73, 15.30) g/kg, extrema(η): (1.32, -1.99) m, wall time: 11.674 seconds 
[ Info: time: 4183 days, iteration: 301176, Δt: 20 minutes,max|u|: (1.57e+00, 1.36e+00, 6.96e-03) m s⁻¹, extrema(T): (31.18, -1.94) ᵒC, extrema(S): (39.75, 15.51) g/kg, extrema(η): (4.37, -2.02) m, wall time: 11.661 seconds 
[ Info: time: 4184 days, iteration: 301248, Δt: 20 minutes,max|u|: (1.70e+00, 1.49e+00, 6.92e-03) m s⁻¹, extrema(T): (31.16, -1.94) ᵒC, extrema(S): (39.75, 16.48) g/kg, extrema(η): (2.46, -2.01) m, wall time: 11.708 seconds 
[ Info: time: 4185 days, iteration: 301320, Δt: 20 minutes,max|u|: (2.25e+00, 1.53e+00, 6.81e-03) m s⁻¹, extrema(T): (31.07, -1.95) ᵒC, extrema(S): (39.75, 15.75) g/kg, extrema(η): (1.30, -2.43) m, wall time: 11.774 seconds 
[ Info: time: 4186 days, iteration: 301392, Δt: 20 minutes,max|u|: (2.12e+00, 1.40e+00, 6.84e-03) m s⁻¹, extrema(T): (30.95, -1.95) ᵒC, extrema(S): (39.75, 15.14) g/kg, extrema(η): (1.33, -3.53) m, wall time: 11.653 seconds 
[ Info: time: 4187 days, iteration: 301464, Δt: 20 minutes,max|u|: (2.34e+00, 2.14e+00, 6.87e-03) m s⁻¹, extrema(T): (30.91, -1.94) ᵒC, extrema(S): (39.75, 15.77) g/kg, extrema(η): (1.39, -2.20) m, wall time: 16.353 seconds 
[ Info: time: 4188 days, iteration: 301536, Δt: 20 minutes,max|u|: (2.28e+00, 1.41e+00, 6.89e-03) m s⁻¹, extrema(T): (30.88, -1.95) ᵒC, extrema(S): (39.75, 16.36) g/kg, extrema(η): (4.03, -2.13) m, wall time: 11.746 seconds 
[ Info: time: 4189 days, iteration: 301608, Δt: 20 minutes,max|u|: (1.78e+00, 1.53e+00, 7.01e-03) m s⁻¹, extrema(T): (31.00, -1.94) ᵒC, extrema(S): (39.75, 16.20) g/kg, extrema(η): (3.44, -2.18) m, wall time: 11.744 seconds 
[ Info: time: 4190 days, iteration: 301680, Δt: 20 minutes,max|u|: (1.63e+00, 1.55e+00, 7.04e-03) m s⁻¹, extrema(T): (30.97, -1.93) ᵒC, extrema(S): (39.75, 15.77) g/kg, extrema(η): (2.13, -2.16) m, wall time: 11.645 seconds 
[ Info: time: 4191 days, iteration: 301752, Δt: 20 minutes,max|u|: (1.56e+00, 1.46e+00, 7.02e-03) m s⁻¹, extrema(T): (30.95, -1.94) ᵒC, extrema(S): (39.75, 15.87) g/kg, extrema(η): (2.72, -3.94) m, wall time: 11.708 seconds 
[ Info: time: 4192 days, iteration: 301824, Δt: 20 minutes,max|u|: (1.70e+00, 1.68e+00, 6.97e-03) m s⁻¹, extrema(T): (31.05, -1.95) ᵒC, extrema(S): (39.75, 15.43) g/kg, extrema(η): (3.15, -2.09) m, wall time: 11.660 seconds 
[ Info: time: 4193 days, iteration: 301896, Δt: 20 minutes,max|u|: (1.81e+00, 1.45e+00, 6.87e-03) m s⁻¹, extrema(T): (31.10, -1.95) ᵒC, extrema(S): (39.76, 14.97) g/kg, extrema(η): (3.47, -1.95) m, wall time: 11.652 seconds 
[ Info: time: 4194 days, iteration: 301968, Δt: 20 minutes,max|u|: (2.07e+00, 1.47e+00, 6.88e-03) m s⁻¹, extrema(T): (31.24, -1.92) ᵒC, extrema(S): (39.76, 14.46) g/kg, extrema(η): (4.17, -2.00) m, wall time: 11.673 seconds 
[ Info: time: 4195 days, iteration: 302040, Δt: 20 minutes,max|u|: (1.86e+00, 1.65e+00, 6.90e-03) m s⁻¹, extrema(T): (31.18, -1.91) ᵒC, extrema(S): (39.77, 14.23) g/kg, extrema(η): (3.26, -2.03) m, wall time: 11.715 seconds 
[ Info: time: 4196 days, iteration: 302112, Δt: 20 minutes,max|u|: (1.57e+00, 1.47e+00, 6.91e-03) m s⁻¹, extrema(T): (31.21, -1.91) ᵒC, extrema(S): (39.77, 13.87) g/kg, extrema(η): (3.09, -3.52) m, wall time: 11.747 seconds 
[ Info: time: 4197 days, iteration: 302184, Δt: 20 minutes,max|u|: (1.74e+00, 1.50e+00, 6.95e-03) m s⁻¹, extrema(T): (31.21, -1.91) ᵒC, extrema(S): (39.77, 13.69) g/kg, extrema(η): (2.90, -2.19) m, wall time: 12.698 seconds 
[ Info: time: 4198 days, iteration: 302256, Δt: 20 minutes,max|u|: (1.61e+00, 1.67e+00, 6.90e-03) m s⁻¹, extrema(T): (31.26, -1.91) ᵒC, extrema(S): (39.77, 13.79) g/kg, extrema(η): (2.61, -2.22) m, wall time: 11.700 seconds 
[ Info: time: 4199 days, iteration: 302328, Δt: 20 minutes,max|u|: (1.84e+00, 1.45e+00, 6.90e-03) m s⁻¹, extrema(T): (31.13, -1.91) ᵒC, extrema(S): (39.78, 13.86) g/kg, extrema(η): (4.66, -2.21) m, wall time: 16.291 seconds 
[ Info: time: 4200 days, iteration: 302400, Δt: 20 minutes,max|u|: (2.06e+00, 1.67e+00, 6.91e-03) m s⁻¹, extrema(T): (31.03, -1.92) ᵒC, extrema(S): (39.78, 15.97) g/kg, extrema(η): (1.64, -2.26) m, wall time: 11.682 seconds 
[ Info: time: 4201 days, iteration: 302472, Δt: 20 minutes,max|u|: (1.84e+00, 1.44e+00, 6.95e-03) m s⁻¹, extrema(T): (31.04, -1.92) ᵒC, extrema(S): (39.78, 15.26) g/kg, extrema(η): (1.40, -3.19) m, wall time: 11.625 seconds 
[ Info: time: 4202 days, iteration: 302544, Δt: 20 minutes,max|u|: (2.29e+00, 1.42e+00, 6.93e-03) m s⁻¹, extrema(T): (31.05, -1.92) ᵒC, extrema(S): (39.78, 14.64) g/kg, extrema(η): (1.39, -2.95) m, wall time: 11.653 seconds 
[ Info: time: 4203 days, iteration: 302616, Δt: 20 minutes,max|u|: (2.26e+00, 1.71e+00, 6.93e-03) m s⁻¹, extrema(T): (31.08, -1.93) ᵒC, extrema(S): (39.79, 14.17) g/kg, extrema(η): (1.61, -2.07) m, wall time: 11.767 seconds 
[ Info: time: 4204 days, iteration: 302688, Δt: 20 minutes,max|u|: (1.97e+00, 1.41e+00, 6.90e-03) m s⁻¹, extrema(T): (31.28, -1.93) ᵒC, extrema(S): (39.79, 14.96) g/kg, extrema(η): (4.44, -2.03) m, wall time: 11.659 seconds 
[ Info: time: 4205 days, iteration: 302760, Δt: 20 minutes,max|u|: (2.15e+00, 1.62e+00, 6.98e-03) m s⁻¹, extrema(T): (31.19, -1.93) ᵒC, extrema(S): (39.79, 14.59) g/kg, extrema(η): (2.66, -2.14) m, wall time: 11.731 seconds 
[ Info: time: 4206 days, iteration: 302832, Δt: 20 minutes,max|u|: (2.68e+00, 1.41e+00, 7.04e-03) m s⁻¹, extrema(T): (31.10, -1.94) ᵒC, extrema(S): (39.79, 14.23) g/kg, extrema(η): (1.32, -2.12) m, wall time: 11.716 seconds 
[ Info: time: 4207 days, iteration: 302904, Δt: 20 minutes,max|u|: (2.12e+00, 1.41e+00, 7.13e-03) m s⁻¹, extrema(T): (31.31, -1.94) ᵒC, extrema(S): (39.80, 15.51) g/kg, extrema(η): (1.31, -3.66) m, wall time: 11.771 seconds 
[ Info: time: 4208 days, iteration: 302976, Δt: 20 minutes,max|u|: (2.15e+00, 1.74e+00, 7.13e-03) m s⁻¹, extrema(T): (31.66, -1.95) ᵒC, extrema(S): (39.80, 15.32) g/kg, extrema(η): (1.71, -2.18) m, wall time: 11.620 seconds 
[ Info: time: 4209 days, iteration: 303048, Δt: 20 minutes,max|u|: (2.29e+00, 1.40e+00, 7.15e-03) m s⁻¹, extrema(T): (31.58, -1.95) ᵒC, extrema(S): (39.80, 14.75) g/kg, extrema(η): (3.82, -2.11) m, wall time: 11.731 seconds 
[ Info: time: 4210 days, iteration: 303120, Δt: 20 minutes,max|u|: (2.65e+00, 1.41e+00, 7.06e-03) m s⁻¹, extrema(T): (31.65, -1.95) ᵒC, extrema(S): (39.80, 14.23) g/kg, extrema(η): (3.56, -2.00) m, wall time: 11.645 seconds 
[ Info: time: 4211 days, iteration: 303192, Δt: 20 minutes,max|u|: (1.93e+00, 1.61e+00, 7.06e-03) m s⁻¹, extrema(T): (31.61, -1.95) ᵒC, extrema(S): (39.80, 15.38) g/kg, extrema(η): (1.38, -2.15) m, wall time: 11.652 seconds 
[ Info: time: 4212 days, iteration: 303264, Δt: 20 minutes,max|u|: (1.88e+00, 1.43e+00, 7.02e-03) m s⁻¹, extrema(T): (31.51, -1.95) ᵒC, extrema(S): (39.81, 15.28) g/kg, extrema(η): (1.41, -3.85) m, wall time: 16.358 seconds 
[ Info: time: 4213 days, iteration: 303336, Δt: 20 minutes,max|u|: (1.81e+00, 1.72e+00, 7.05e-03) m s⁻¹, extrema(T): (31.60, -1.95) ᵒC, extrema(S): (39.81, 15.51) g/kg, extrema(η): (1.50, -2.20) m, wall time: 11.756 seconds 
[ Info: time: 4214 days, iteration: 303408, Δt: 20 minutes,max|u|: (1.81e+00, 1.49e+00, 7.05e-03) m s⁻¹, extrema(T): (31.71, -1.95) ᵒC, extrema(S): (39.81, 14.60) g/kg, extrema(η): (3.07, -2.19) m, wall time: 11.662 seconds 
[ Info: time: 4215 days, iteration: 303480, Δt: 20 minutes,max|u|: (2.24e+00, 1.72e+00, 6.99e-03) m s⁻¹, extrema(T): (31.70, -1.95) ᵒC, extrema(S): (39.81, 15.90) g/kg, extrema(η): (4.12, -2.17) m, wall time: 11.657 seconds 
[ Info: time: 4216 days, iteration: 303552, Δt: 20 minutes,max|u|: (1.67e+00, 1.68e+00, 6.93e-03) m s⁻¹, extrema(T): (31.69, -1.94) ᵒC, extrema(S): (39.82, 16.53) g/kg, extrema(η): (2.71, -2.12) m, wall time: 11.671 seconds 
[ Info: time: 4217 days, iteration: 303624, Δt: 20 minutes,max|u|: (1.68e+00, 1.44e+00, 6.88e-03) m s⁻¹, extrema(T): (31.78, -1.93) ᵒC, extrema(S): (39.82, 15.57) g/kg, extrema(η): (3.15, -3.70) m, wall time: 11.656 seconds 
[ Info: time: 4218 days, iteration: 303696, Δt: 20 minutes,max|u|: (1.93e+00, 1.46e+00, 6.84e-03) m s⁻¹, extrema(T): (32.10, -1.93) ᵒC, extrema(S): (39.82, 16.33) g/kg, extrema(η): (3.29, -2.46) m, wall time: 11.656 seconds 
[ Info: time: 4219 days, iteration: 303768, Δt: 20 minutes,max|u|: (2.15e+00, 1.68e+00, 6.79e-03) m s⁻¹, extrema(T): (32.23, -1.94) ᵒC, extrema(S): (39.82, 16.67) g/kg, extrema(η): (3.36, -2.05) m, wall time: 11.656 seconds 
[ Info: time: 4220 days, iteration: 303840, Δt: 20 minutes,max|u|: (1.92e+00, 1.44e+00, 6.82e-03) m s⁻¹, extrema(T): (32.21, -1.94) ᵒC, extrema(S): (39.82, 15.68) g/kg, extrema(η): (4.45, -2.01) m, wall time: 11.719 seconds 
[ Info: time: 4221 days, iteration: 303912, Δt: 20 minutes,max|u|: (2.02e+00, 1.65e+00, 6.76e-03) m s⁻¹, extrema(T): (32.19, -1.94) ᵒC, extrema(S): (39.83, 15.22) g/kg, extrema(η): (2.83, -2.03) m, wall time: 11.750 seconds 
[ Info: time: 4222 days, iteration: 303984, Δt: 20 minutes,max|u|: (1.92e+00, 1.47e+00, 6.74e-03) m s⁻¹, extrema(T): (32.31, -1.94) ᵒC, extrema(S): (39.82, 14.77) g/kg, extrema(η): (2.48, -2.95) m, wall time: 11.657 seconds 
[ Info: time: 4223 days, iteration: 304056, Δt: 20 minutes,max|u|: (1.74e+00, 1.67e+00, 6.71e-03) m s⁻¹, extrema(T): (32.17, -1.94) ᵒC, extrema(S): (39.83, 14.74) g/kg, extrema(η): (2.15, -3.28) m, wall time: 11.722 seconds 
[ Info: time: 4224 days, iteration: 304128, Δt: 20 minutes,max|u|: (2.04e+00, 1.70e+00, 6.67e-03) m s⁻¹, extrema(T): (32.31, -1.94) ᵒC, extrema(S): (39.84, 14.41) g/kg, extrema(η): (1.81, -2.09) m, wall time: 16.271 seconds 
[ Info: time: 4225 days, iteration: 304200, Δt: 20 minutes,max|u|: (2.25e+00, 1.54e+00, 6.66e-03) m s⁻¹, extrema(T): (32.26, -1.94) ᵒC, extrema(S): (39.84, 13.95) g/kg, extrema(η): (4.34, -2.26) m, wall time: 11.643 seconds 
[ Info: time: 4226 days, iteration: 304272, Δt: 20 minutes,max|u|: (1.92e+00, 1.47e+00, 6.67e-03) m s⁻¹, extrema(T): (32.13, -1.94) ᵒC, extrema(S): (39.84, 13.55) g/kg, extrema(η): (2.87, -2.04) m, wall time: 11.671 seconds 
[ Info: time: 4227 days, iteration: 304344, Δt: 20 minutes,max|u|: (1.66e+00, 1.54e+00, 6.63e-03) m s⁻¹, extrema(T): (32.16, -1.94) ᵒC, extrema(S): (39.84, 13.23) g/kg, extrema(η): (1.39, -2.07) m, wall time: 11.735 seconds 
[ Info: time: 4228 days, iteration: 304416, Δt: 20 minutes,max|u|: (1.54e+00, 1.42e+00, 6.64e-03) m s⁻¹, extrema(T): (32.17, -1.94) ᵒC, extrema(S): (39.84, 13.41) g/kg, extrema(η): (1.41, -3.78) m, wall time: 12.751 seconds 
[ Info: time: 4229 days, iteration: 304488, Δt: 20 minutes,max|u|: (1.66e+00, 1.65e+00, 6.66e-03) m s⁻¹, extrema(T): (32.08, -1.94) ᵒC, extrema(S): (39.84, 13.73) g/kg, extrema(η): (1.40, -1.98) m, wall time: 11.725 seconds 
[ Info: time: 4230 days, iteration: 304560, Δt: 20 minutes,max|u|: (1.54e+00, 1.56e+00, 6.72e-03) m s⁻¹, extrema(T): (32.07, -1.94) ᵒC, extrema(S): (39.85, 13.73) g/kg, extrema(η): (3.88, -2.03) m, wall time: 11.646 seconds 
[ Info: time: 4231 days, iteration: 304632, Δt: 20 minutes,max|u|: (1.54e+00, 1.62e+00, 6.74e-03) m s⁻¹, extrema(T): (32.03, -1.94) ᵒC, extrema(S): (39.85, 13.89) g/kg, extrema(η): (3.66, -2.04) m, wall time: 11.692 seconds 
[ Info: time: 4232 days, iteration: 304704, Δt: 20 minutes,max|u|: (1.62e+00, 1.64e+00, 6.71e-03) m s⁻¹, extrema(T): (31.96, -1.94) ᵒC, extrema(S): (39.85, 14.29) g/kg, extrema(η): (1.57, -2.13) m, wall time: 11.693 seconds 
[ Info: time: 4233 days, iteration: 304776, Δt: 20 minutes,max|u|: (1.47e+00, 1.65e+00, 6.77e-03) m s⁻¹, extrema(T): (31.80, -1.94) ᵒC, extrema(S): (39.86, 14.71) g/kg, extrema(η): (1.40, -3.60) m, wall time: 11.667 seconds 
[ Info: time: 4234 days, iteration: 304848, Δt: 20 minutes,max|u|: (1.62e+00, 1.63e+00, 6.83e-03) m s⁻¹, extrema(T): (31.73, -1.94) ᵒC, extrema(S): (39.86, 14.38) g/kg, extrema(η): (1.40, -2.16) m, wall time: 11.691 seconds 
[ Info: time: 4235 days, iteration: 304920, Δt: 20 minutes,max|u|: (1.68e+00, 1.62e+00, 6.83e-03) m s⁻¹, extrema(T): (31.78, -1.94) ᵒC, extrema(S): (39.87, 13.80) g/kg, extrema(η): (2.88, -2.15) m, wall time: 11.723 seconds 
[ Info: time: 4236 days, iteration: 304992, Δt: 20 minutes,max|u|: (1.78e+00, 1.60e+00, 6.72e-03) m s⁻¹, extrema(T): (31.80, -1.95) ᵒC, extrema(S): (39.87, 13.81) g/kg, extrema(η): (4.34, -2.18) m, wall time: 11.691 seconds 
[ Info: time: 4237 days, iteration: 305064, Δt: 20 minutes,max|u|: (1.72e+00, 1.64e+00, 6.71e-03) m s⁻¹, extrema(T): (31.58, -1.95) ᵒC, extrema(S): (39.87, 14.52) g/kg, extrema(η): (1.44, -2.11) m, wall time: 16.322 seconds 
[ Info: time: 4238 days, iteration: 305136, Δt: 20 minutes,max|u|: (1.81e+00, 1.50e+00, 6.73e-03) m s⁻¹, extrema(T): (31.52, -1.95) ᵒC, extrema(S): (39.88, 14.14) g/kg, extrema(η): (1.81, -3.04) m, wall time: 11.679 seconds 
[ Info: time: 4239 days, iteration: 305208, Δt: 20 minutes,max|u|: (1.90e+00, 1.50e+00, 6.74e-03) m s⁻¹, extrema(T): (31.55, -1.95) ᵒC, extrema(S): (39.87, 15.29) g/kg, extrema(η): (2.14, -3.05) m, wall time: 15.514 seconds 
[ Info: time: 4240 days, iteration: 305280, Δt: 20 minutes,max|u|: (1.92e+00, 1.72e+00, 6.66e-03) m s⁻¹, extrema(T): (31.61, -1.95) ᵒC, extrema(S): (39.87, 15.14) g/kg, extrema(η): (2.52, -1.97) m, wall time: 11.680 seconds 
[ Info: time: 4241 days, iteration: 305352, Δt: 20 minutes,max|u|: (1.62e+00, 1.86e+00, 6.75e-03) m s⁻¹, extrema(T): (31.59, -1.95) ᵒC, extrema(S): (39.87, 14.74) g/kg, extrema(η): (4.56, -2.06) m, wall time: 11.669 seconds 
[ Info: time: 4242 days, iteration: 305424, Δt: 20 minutes,max|u|: (2.07e+00, 1.49e+00, 6.88e-03) m s⁻¹, extrema(T): (31.49, -1.95) ᵒC, extrema(S): (39.87, 14.65) g/kg, extrema(η): (2.89, -2.09) m, wall time: 11.732 seconds 
[ Info: time: 4243 days, iteration: 305496, Δt: 20 minutes,max|u|: (1.83e+00, 1.43e+00, 6.92e-03) m s⁻¹, extrema(T): (31.44, -1.96) ᵒC, extrema(S): (39.87, 14.85) g/kg, extrema(η): (3.02, -2.03) m, wall time: 11.682 seconds 
[ Info: time: 4244 days, iteration: 305568, Δt: 20 minutes,max|u|: (2.43e+00, 1.46e+00, 6.94e-03) m s⁻¹, extrema(T): (31.43, -1.96) ᵒC, extrema(S): (39.87, 14.96) g/kg, extrema(η): (3.07, -3.44) m, wall time: 11.721 seconds 
[ Info: time: 4245 days, iteration: 305640, Δt: 20 minutes,max|u|: (2.31e+00, 1.72e+00, 6.94e-03) m s⁻¹, extrema(T): (31.46, -1.96) ᵒC, extrema(S): (39.88, 14.46) g/kg, extrema(η): (2.86, -2.20) m, wall time: 11.713 seconds 
[ Info: time: 4246 days, iteration: 305712, Δt: 20 minutes,max|u|: (2.34e+00, 1.40e+00, 6.94e-03) m s⁻¹, extrema(T): (31.50, -1.96) ᵒC, extrema(S): (39.87, 14.95) g/kg, extrema(η): (4.28, -2.02) m, wall time: 11.678 seconds 
[ Info: time: 4247 days, iteration: 305784, Δt: 20 minutes,max|u|: (2.08e+00, 1.39e+00, 6.95e-03) m s⁻¹, extrema(T): (31.50, -1.95) ᵒC, extrema(S): (39.88, 15.33) g/kg, extrema(η): (3.66, -2.07) m, wall time: 11.671 seconds 
[ Info: time: 4248 days, iteration: 305856, Δt: 20 minutes,max|u|: (2.37e+00, 1.58e+00, 6.96e-03) m s⁻¹, extrema(T): (31.39, -1.95) ᵒC, extrema(S): (39.88, 15.63) g/kg, extrema(η): (2.16, -1.94) m, wall time: 11.728 seconds 
[ Info: time: 4249 days, iteration: 305928, Δt: 20 minutes,max|u|: (2.10e+00, 1.52e+00, 6.99e-03) m s⁻¹, extrema(T): (31.32, -1.96) ᵒC, extrema(S): (39.88, 14.79) g/kg, extrema(η): (1.87, -3.96) m, wall time: 16.263 seconds 
[ Info: time: 4250 days, iteration: 306000, Δt: 20 minutes,max|u|: (2.12e+00, 1.64e+00, 7.06e-03) m s⁻¹, extrema(T): (31.27, -1.95) ᵒC, extrema(S): (39.88, 14.31) g/kg, extrema(η): (1.51, -1.97) m, wall time: 11.676 seconds 
[ Info: time: 4251 days, iteration: 306072, Δt: 20 minutes,max|u|: (2.85e+00, 1.46e+00, 7.04e-03) m s⁻¹, extrema(T): (31.29, -1.95) ᵒC, extrema(S): (39.88, 13.93) g/kg, extrema(η): (3.11, -2.10) m, wall time: 11.665 seconds 
[ Info: time: 4252 days, iteration: 306144, Δt: 20 minutes,max|u|: (2.11e+00, 1.42e+00, 7.13e-03) m s⁻¹, extrema(T): (31.38, -1.95) ᵒC, extrema(S): (39.88, 13.55) g/kg, extrema(η): (4.28, -2.04) m, wall time: 11.696 seconds 
[ Info: time: 4253 days, iteration: 306216, Δt: 20 minutes,max|u|: (2.22e+00, 1.71e+00, 7.19e-03) m s⁻¹, extrema(T): (31.40, -1.95) ᵒC, extrema(S): (39.88, 14.80) g/kg, extrema(η): (1.46, -1.98) m, wall time: 11.714 seconds 
[ Info: time: 4254 days, iteration: 306288, Δt: 20 minutes,max|u|: (2.29e+00, 1.57e+00, 7.15e-03) m s⁻¹, extrema(T): (31.41, -1.95) ᵒC, extrema(S): (39.88, 14.87) g/kg, extrema(η): (1.37, -3.63) m, wall time: 11.606 seconds 
[ Info: time: 4255 days, iteration: 306360, Δt: 20 minutes,max|u|: (2.26e+00, 1.89e+00, 7.15e-03) m s⁻¹, extrema(T): (31.41, -1.95) ᵒC, extrema(S): (39.88, 15.00) g/kg, extrema(η): (1.54, -2.36) m, wall time: 11.654 seconds 
[ Info: time: 4256 days, iteration: 306432, Δt: 20 minutes,max|u|: (2.11e+00, 1.65e+00, 7.12e-03) m s⁻¹, extrema(T): (31.31, -1.95) ᵒC, extrema(S): (39.89, 15.39) g/kg, extrema(η): (2.15, -1.97) m, wall time: 11.744 seconds 
[ Info: time: 4257 days, iteration: 306504, Δt: 20 minutes,max|u|: (1.84e+00, 2.57e+00, 7.15e-03) m s⁻¹, extrema(T): (31.34, -1.95) ᵒC, extrema(S): (39.89, 14.73) g/kg, extrema(η): (4.47, -1.92) m, wall time: 11.666 seconds 
[ Info: time: 4258 days, iteration: 306576, Δt: 20 minutes,max|u|: (1.98e+00, 1.76e+00, 7.12e-03) m s⁻¹, extrema(T): (31.34, -1.95) ᵒC, extrema(S): (39.89, 14.15) g/kg, extrema(η): (1.48, -1.90) m, wall time: 11.732 seconds 
[ Info: time: 4259 days, iteration: 306648, Δt: 20 minutes,max|u|: (2.18e+00, 1.81e+00, 7.10e-03) m s⁻¹, extrema(T): (31.36, -1.95) ᵒC, extrema(S): (39.89, 13.83) g/kg, extrema(η): (1.36, -3.07) m, wall time: 12.721 seconds 
[ Info: time: 4260 days, iteration: 306720, Δt: 20 minutes,max|u|: (2.27e+00, 1.39e+00, 7.06e-03) m s⁻¹, extrema(T): (31.34, -1.93) ᵒC, extrema(S): (39.89, 14.28) g/kg, extrema(η): (1.66, -3.40) m, wall time: 11.784 seconds 
[ Info: time: 4261 days, iteration: 306792, Δt: 20 minutes,max|u|: (2.32e+00, 1.69e+00, 7.04e-03) m s⁻¹, extrema(T): (31.34, -1.94) ᵒC, extrema(S): (39.89, 15.11) g/kg, extrema(η): (1.40, -2.13) m, wall time: 16.300 seconds 
[ Info: time: 4262 days, iteration: 306864, Δt: 20 minutes,max|u|: (2.16e+00, 1.64e+00, 7.07e-03) m s⁻¹, extrema(T): (31.34, -1.95) ᵒC, extrema(S): (39.90, 14.48) g/kg, extrema(η): (4.32, -2.19) m, wall time: 11.706 seconds 
[ Info: time: 4263 days, iteration: 306936, Δt: 20 minutes,max|u|: (2.22e+00, 1.42e+00, 7.07e-03) m s⁻¹, extrema(T): (31.33, -1.95) ᵒC, extrema(S): (39.89, 14.12) g/kg, extrema(η): (2.82, -2.37) m, wall time: 11.627 seconds 
[ Info: time: 4264 days, iteration: 307008, Δt: 20 minutes,max|u|: (2.30e+00, 1.94e+00, 7.01e-03) m s⁻¹, extrema(T): (31.34, -1.95) ᵒC, extrema(S): (39.90, 13.86) g/kg, extrema(η): (2.19, -2.24) m, wall time: 11.705 seconds 
[ Info: time: 4265 days, iteration: 307080, Δt: 20 minutes,max|u|: (2.04e+00, 1.65e+00, 6.94e-03) m s⁻¹, extrema(T): (31.34, -1.95) ᵒC, extrema(S): (39.89, 13.67) g/kg, extrema(η): (2.59, -3.80) m, wall time: 11.659 seconds 
[ Info: time: 4266 days, iteration: 307152, Δt: 20 minutes,max|u|: (1.88e+00, 1.80e+00, 6.89e-03) m s⁻¹, extrema(T): (31.34, -1.95) ᵒC, extrema(S): (39.89, 14.71) g/kg, extrema(η): (2.91, -2.20) m, wall time: 11.668 seconds 
[ Info: time: 4267 days, iteration: 307224, Δt: 20 minutes,max|u|: (2.09e+00, 1.52e+00, 6.91e-03) m s⁻¹, extrema(T): (31.34, -1.95) ᵒC, extrema(S): (39.89, 15.47) g/kg, extrema(η): (4.01, -2.12) m, wall time: 11.761 seconds 
[ Info: time: 4268 days, iteration: 307296, Δt: 20 minutes,max|u|: (2.38e+00, 1.53e+00, 6.89e-03) m s⁻¹, extrema(T): (31.32, -1.96) ᵒC, extrema(S): (39.89, 15.06) g/kg, extrema(η): (3.62, -2.04) m, wall time: 11.699 seconds 
[ Info: time: 4269 days, iteration: 307368, Δt: 20 minutes,max|u|: (2.44e+00, 1.57e+00, 6.84e-03) m s⁻¹, extrema(T): (31.29, -1.96) ᵒC, extrema(S): (39.90, 14.60) g/kg, extrema(η): (3.04, -2.12) m, wall time: 11.662 seconds 
[ Info: time: 4270 days, iteration: 307440, Δt: 20 minutes,max|u|: (2.38e+00, 1.50e+00, 6.85e-03) m s⁻¹, extrema(T): (31.29, -1.96) ᵒC, extrema(S): (39.90, 15.35) g/kg, extrema(η): (3.02, -3.49) m, wall time: 11.699 seconds 
[ Info: time: 4271 days, iteration: 307512, Δt: 20 minutes,max|u|: (2.21e+00, 1.51e+00, 6.80e-03) m s⁻¹, extrema(T): (31.28, -1.96) ᵒC, extrema(S): (39.91, 15.04) g/kg, extrema(η): (2.90, -2.11) m, wall time: 11.647 seconds 
[ Info: time: 4272 days, iteration: 307584, Δt: 20 minutes,max|u|: (1.93e+00, 1.44e+00, 6.81e-03) m s⁻¹, extrema(T): (31.22, -1.96) ᵒC, extrema(S): (39.92, 14.44) g/kg, extrema(η): (3.04, -2.15) m, wall time: 11.638 seconds 
[ Info: time: 4273 days, iteration: 307656, Δt: 20 minutes,max|u|: (1.91e+00, 1.48e+00, 6.78e-03) m s⁻¹, extrema(T): (31.17, -1.96) ᵒC, extrema(S): (39.90, 14.33) g/kg, extrema(η): (4.27, -2.01) m, wall time: 11.784 seconds 
[ Info: time: 4274 days, iteration: 307728, Δt: 20 minutes,max|u|: (2.30e+00, 1.69e+00, 6.76e-03) m s⁻¹, extrema(T): (31.15, -1.97) ᵒC, extrema(S): (39.90, 13.73) g/kg, extrema(η): (1.90, -2.12) m, wall time: 16.434 seconds 
[ Info: time: 4275 days, iteration: 307800, Δt: 20 minutes,max|u|: (2.24e+00, 1.58e+00, 6.75e-03) m s⁻¹, extrema(T): (31.12, -1.96) ᵒC, extrema(S): (39.91, 13.21) g/kg, extrema(η): (1.62, -2.86) m, wall time: 11.651 seconds 
[ Info: time: 4276 days, iteration: 307872, Δt: 20 minutes,max|u|: (2.51e+00, 1.55e+00, 6.71e-03) m s⁻¹, extrema(T): (31.12, -1.96) ᵒC, extrema(S): (39.90, 14.01) g/kg, extrema(η): (1.52, -2.48) m, wall time: 11.679 seconds 
[ Info: time: 4277 days, iteration: 307944, Δt: 20 minutes,max|u|: (2.48e+00, 1.74e+00, 6.64e-03) m s⁻¹, extrema(T): (31.10, -1.97) ᵒC, extrema(S): (39.91, 15.29) g/kg, extrema(η): (1.84, -2.20) m, wall time: 11.710 seconds 
[ Info: time: 4278 days, iteration: 308016, Δt: 20 minutes,max|u|: (2.25e+00, 1.74e+00, 6.60e-03) m s⁻¹, extrema(T): (31.10, -1.96) ᵒC, extrema(S): (39.90, 15.45) g/kg, extrema(η): (4.19, -2.31) m, wall time: 11.746 seconds 
[ Info: time: 4279 days, iteration: 308088, Δt: 20 minutes,max|u|: (2.12e+00, 1.48e+00, 6.57e-03) m s⁻¹, extrema(T): (31.06, -1.95) ᵒC, extrema(S): (39.90, 14.83) g/kg, extrema(η): (2.22, -2.28) m, wall time: 11.625 seconds 
[ Info: time: 4280 days, iteration: 308160, Δt: 20 minutes,max|u|: (2.24e+00, 1.53e+00, 6.61e-03) m s⁻¹, extrema(T): (31.04, -1.93) ᵒC, extrema(S): (39.90, 14.26) g/kg, extrema(η): (1.36, -2.18) m, wall time: 11.669 seconds 
[ Info: time: 4281 days, iteration: 308232, Δt: 20 minutes,max|u|: (2.34e+00, 1.64e+00, 6.70e-03) m s⁻¹, extrema(T): (31.05, -1.93) ᵒC, extrema(S): (39.90, 13.84) g/kg, extrema(η): (1.32, -3.17) m, wall time: 11.711 seconds 
[ Info: time: 4282 days, iteration: 308304, Δt: 20 minutes,max|u|: (2.29e+00, 1.73e+00, 6.76e-03) m s⁻¹, extrema(T): (31.08, -1.91) ᵒC, extrema(S): (39.90, 13.58) g/kg, extrema(η): (1.39, -2.11) m, wall time: 11.706 seconds 
[ Info: time: 4283 days, iteration: 308376, Δt: 20 minutes,max|u|: (2.19e+00, 1.54e+00, 6.77e-03) m s⁻¹, extrema(T): (31.08, -1.91) ᵒC, extrema(S): (39.91, 13.58) g/kg, extrema(η): (4.09, -2.32) m, wall time: 11.723 seconds 
[ Info: time: 4284 days, iteration: 308448, Δt: 20 minutes,max|u|: (2.10e+00, 1.52e+00, 6.73e-03) m s⁻¹, extrema(T): (31.09, -1.89) ᵒC, extrema(S): (39.91, 13.62) g/kg, extrema(η): (3.35, -2.32) m, wall time: 11.730 seconds 
[ Info: time: 4285 days, iteration: 308520, Δt: 20 minutes,max|u|: (2.01e+00, 1.51e+00, 6.77e-03) m s⁻¹, extrema(T): (31.04, -1.90) ᵒC, extrema(S): (39.91, 14.17) g/kg, extrema(η): (1.33, -2.13) m, wall time: 11.676 seconds 
[ Info: time: 4286 days, iteration: 308592, Δt: 20 minutes,max|u|: (2.18e+00, 1.44e+00, 6.79e-03) m s⁻¹, extrema(T): (31.03, -1.91) ᵒC, extrema(S): (39.91, 14.46) g/kg, extrema(η): (1.33, -3.18) m, wall time: 16.400 seconds 
[ Info: time: 4287 days, iteration: 308664, Δt: 20 minutes,max|u|: (2.28e+00, 1.60e+00, 6.80e-03) m s⁻¹, extrema(T): (31.06, -1.89) ᵒC, extrema(S): (39.91, 14.84) g/kg, extrema(η): (1.35, -2.17) m, wall time: 11.685 seconds 
[ Info: time: 4288 days, iteration: 308736, Δt: 20 minutes,max|u|: (2.20e+00, 1.50e+00, 6.76e-03) m s⁻¹, extrema(T): (31.06, -1.89) ᵒC, extrema(S): (39.92, 14.68) g/kg, extrema(η): (3.18, -2.07) m, wall time: 11.663 seconds 
[ Info: time: 4289 days, iteration: 308808, Δt: 20 minutes,max|u|: (2.06e+00, 1.46e+00, 6.74e-03) m s⁻¹, extrema(T): (31.02, -1.91) ᵒC, extrema(S): (39.91, 14.44) g/kg, extrema(η): (4.39, -2.28) m, wall time: 11.719 seconds 
[ Info: time: 4290 days, iteration: 308880, Δt: 20 minutes,max|u|: (2.05e+00, 1.67e+00, 6.74e-03) m s⁻¹, extrema(T): (30.97, -1.89) ᵒC, extrema(S): (39.91, 14.66) g/kg, extrema(η): (2.43, -2.27) m, wall time: 12.709 seconds 
[ Info: time: 4291 days, iteration: 308952, Δt: 20 minutes,max|u|: (1.79e+00, 2.19e+00, 6.76e-03) m s⁻¹, extrema(T): (30.96, -1.90) ᵒC, extrema(S): (39.92, 15.02) g/kg, extrema(η): (2.72, -3.42) m, wall time: 11.699 seconds 
[ Info: time: 4292 days, iteration: 309024, Δt: 20 minutes,max|u|: (1.73e+00, 2.26e+00, 6.73e-03) m s⁻¹, extrema(T): (30.95, -1.94) ᵒC, extrema(S): (39.92, 15.64) g/kg, extrema(η): (2.91, -2.43) m, wall time: 11.711 seconds 
[ Info: time: 4293 days, iteration: 309096, Δt: 20 minutes,max|u|: (1.74e+00, 1.70e+00, 6.68e-03) m s⁻¹, extrema(T): (30.95, -1.93) ᵒC, extrema(S): (39.92, 17.21) g/kg, extrema(η): (3.14, -2.23) m, wall time: 11.657 seconds 
[ Info: time: 4294 days, iteration: 309168, Δt: 20 minutes,max|u|: (1.91e+00, 1.66e+00, 6.66e-03) m s⁻¹, extrema(T): (30.97, -1.93) ᵒC, extrema(S): (39.93, 17.71) g/kg, extrema(η): (4.47, -2.21) m, wall time: 11.664 seconds 
[ Info: time: 4295 days, iteration: 309240, Δt: 20 minutes,max|u|: (1.52e+00, 1.74e+00, 6.67e-03) m s⁻¹, extrema(T): (31.00, -1.94) ᵒC, extrema(S): (39.92, 17.93) g/kg, extrema(η): (3.06, -2.14) m, wall time: 11.772 seconds 
[ Info: time: 4296 days, iteration: 309312, Δt: 20 minutes,max|u|: (1.57e+00, 1.54e+00, 6.64e-03) m s⁻¹, extrema(T): (31.03, -1.94) ᵒC, extrema(S): (39.93, 17.76) g/kg, extrema(η): (2.91, -2.29) m, wall time: 11.642 seconds 
[ Info: time: 4297 days, iteration: 309384, Δt: 20 minutes,max|u|: (1.52e+00, 2.12e+00, 6.56e-03) m s⁻¹, extrema(T): (31.00, -1.94) ᵒC, extrema(S): (39.93, 17.64) g/kg, extrema(η): (2.60, -3.37) m, wall time: 11.620 seconds 
[ Info: time: 4298 days, iteration: 309456, Δt: 20 minutes,max|u|: (1.62e+00, 1.74e+00, 6.45e-03) m s⁻¹, extrema(T): (31.06, -1.94) ᵒC, extrema(S): (39.93, 17.71) g/kg, extrema(η): (2.31, -2.01) m, wall time: 16.398 seconds 
[ Info: time: 4299 days, iteration: 309528, Δt: 20 minutes,max|u|: (1.58e+00, 1.53e+00, 6.40e-03) m s⁻¹, extrema(T): (31.09, -1.94) ᵒC, extrema(S): (39.93, 17.12) g/kg, extrema(η): (4.54, -2.00) m, wall time: 11.732 seconds 
[ Info: time: 4300 days, iteration: 309600, Δt: 20 minutes,max|u|: (1.86e+00, 1.66e+00, 6.40e-03) m s⁻¹, extrema(T): (31.11, -1.94) ᵒC, extrema(S): (39.93, 15.20) g/kg, extrema(η): (3.57, -2.21) m, wall time: 11.718 seconds 
[ Info: time: 4301 days, iteration: 309672, Δt: 20 minutes,max|u|: (1.59e+00, 1.52e+00, 6.52e-03) m s⁻¹, extrema(T): (31.18, -1.94) ᵒC, extrema(S): (39.94, 15.84) g/kg, extrema(η): (1.34, -2.24) m, wall time: 11.608 seconds 
[ Info: time: 4302 days, iteration: 309744, Δt: 20 minutes,max|u|: (1.62e+00, 1.57e+00, 6.59e-03) m s⁻¹, extrema(T): (31.16, -1.94) ᵒC, extrema(S): (39.94, 17.18) g/kg, extrema(η): (1.27, -3.43) m, wall time: 11.663 seconds 
[ Info: time: 4303 days, iteration: 309816, Δt: 20 minutes,max|u|: (1.60e+00, 1.62e+00, 6.65e-03) m s⁻¹, extrema(T): (31.15, -1.94) ᵒC, extrema(S): (39.95, 17.49) g/kg, extrema(η): (1.45, -2.09) m, wall time: 11.742 seconds 
[ Info: time: 4304 days, iteration: 309888, Δt: 20 minutes,max|u|: (1.53e+00, 1.51e+00, 6.68e-03) m s⁻¹, extrema(T): (31.23, -1.93) ᵒC, extrema(S): (39.96, 17.33) g/kg, extrema(η): (3.64, -1.87) m, wall time: 11.629 seconds 
[ Info: time: 4305 days, iteration: 309960, Δt: 20 minutes,max|u|: (1.57e+00, 2.10e+00, 6.72e-03) m s⁻¹, extrema(T): (31.17, -1.93) ᵒC, extrema(S): (39.98, 17.37) g/kg, extrema(η): (3.90, -2.00) m, wall time: 11.681 seconds 
[ Info: time: 4306 days, iteration: 310032, Δt: 20 minutes,max|u|: (2.46e+00, 1.92e+00, 6.77e-03) m s⁻¹, extrema(T): (31.09, -1.93) ᵒC, extrema(S): (39.99, 17.83) g/kg, extrema(η): (1.49, -1.97) m, wall time: 11.793 seconds 
[ Info: time: 4307 days, iteration: 310104, Δt: 20 minutes,max|u|: (1.98e+00, 1.53e+00, 6.77e-03) m s⁻¹, extrema(T): (31.11, -1.91) ᵒC, extrema(S): (39.98, 18.15) g/kg, extrema(η): (1.47, -3.07) m, wall time: 11.692 seconds 
[ Info: time: 4308 days, iteration: 310176, Δt: 20 minutes,max|u|: (1.56e+00, 1.47e+00, 6.85e-03) m s⁻¹, extrema(T): (31.15, -1.91) ᵒC, extrema(S): (39.98, 18.22) g/kg, extrema(η): (1.54, -2.15) m, wall time: 11.662 seconds 
[ Info: time: 4309 days, iteration: 310248, Δt: 20 minutes,max|u|: (1.57e+00, 1.64e+00, 6.86e-03) m s⁻¹, extrema(T): (31.15, -1.93) ᵒC, extrema(S): (39.97, 18.21) g/kg, extrema(η): (2.54, -2.09) m, wall time: 11.688 seconds 
[ Info: time: 4310 days, iteration: 310320, Δt: 20 minutes,max|u|: (1.59e+00, 1.50e+00, 6.90e-03) m s⁻¹, extrema(T): (31.17, -1.93) ᵒC, extrema(S): (39.97, 17.42) g/kg, extrema(η): (4.51, -2.12) m, wall time: 11.689 seconds 
[ Info: time: 4311 days, iteration: 310392, Δt: 20 minutes,max|u|: (1.56e+00, 2.60e+00, 6.92e-03) m s⁻¹, extrema(T): (31.21, -1.91) ᵒC, extrema(S): (39.96, 17.19) g/kg, extrema(η): (2.31, -2.01) m, wall time: 16.326 seconds 
[ Info: time: 4312 days, iteration: 310464, Δt: 20 minutes,max|u|: (1.73e+00, 1.52e+00, 6.91e-03) m s⁻¹, extrema(T): (31.26, -1.93) ᵒC, extrema(S): (39.95, 18.05) g/kg, extrema(η): (1.32, -2.07) m, wall time: 11.638 seconds 
[ Info: time: 4313 days, iteration: 310536, Δt: 20 minutes,max|u|: (1.59e+00, 1.89e+00, 6.93e-03) m s⁻¹, extrema(T): (31.30, -1.93) ᵒC, extrema(S): (39.95, 17.35) g/kg, extrema(η): (1.84, -2.87) m, wall time: 11.672 seconds 
[ Info: time: 4314 days, iteration: 310608, Δt: 20 minutes,max|u|: (1.91e+00, 2.58e+00, 6.92e-03) m s⁻¹, extrema(T): (31.33, -1.93) ᵒC, extrema(S): (39.95, 17.12) g/kg, extrema(η): (2.39, -2.06) m, wall time: 11.748 seconds 
[ Info: time: 4315 days, iteration: 310680, Δt: 20 minutes,max|u|: (1.98e+00, 1.98e+00, 6.95e-03) m s⁻¹, extrema(T): (31.37, -1.93) ᵒC, extrema(S): (39.95, 18.11) g/kg, extrema(η): (4.53, -2.06) m, wall time: 11.622 seconds 
[ Info: time: 4316 days, iteration: 310752, Δt: 20 minutes,max|u|: (1.70e+00, 1.55e+00, 6.94e-03) m s⁻¹, extrema(T): (31.40, -1.93) ᵒC, extrema(S): (39.95, 18.43) g/kg, extrema(η): (3.72, -2.05) m, wall time: 11.696 seconds 
[ Info: time: 4317 days, iteration: 310824, Δt: 20 minutes,max|u|: (1.64e+00, 1.48e+00, 6.91e-03) m s⁻¹, extrema(T): (31.44, -1.93) ᵒC, extrema(S): (39.95, 18.72) g/kg, extrema(η): (3.22, -2.14) m, wall time: 11.708 seconds 
[ Info: time: 4318 days, iteration: 310896, Δt: 20 minutes,max|u|: (1.59e+00, 1.47e+00, 6.86e-03) m s⁻¹, extrema(T): (31.48, -1.93) ᵒC, extrema(S): (39.95, 18.86) g/kg, extrema(η): (3.28, -3.21) m, wall time: 11.623 seconds 
[ Info: time: 4319 days, iteration: 310968, Δt: 20 minutes,max|u|: (1.67e+00, 1.65e+00, 6.87e-03) m s⁻¹, extrema(T): (31.52, -1.93) ᵒC, extrema(S): (39.95, 18.93) g/kg, extrema(η): (3.34, -2.23) m, wall time: 11.677 seconds 
[ Info: time: 4320 days, iteration: 311040, Δt: 20 minutes,max|u|: (1.66e+00, 1.93e+00, 6.83e-03) m s⁻¹, extrema(T): (31.54, -1.92) ᵒC, extrema(S): (39.96, 18.98) g/kg, extrema(η): (3.62, -2.14) m, wall time: 11.685 seconds 
[ Info: time: 4321 days, iteration: 311112, Δt: 20 minutes,max|u|: (1.48e+00, 1.70e+00, 6.86e-03) m s⁻¹, extrema(T): (31.55, -1.92) ᵒC, extrema(S): (39.96, 19.01) g/kg, extrema(η): (4.18, -2.12) m, wall time: 12.716 seconds 
[ Info: time: 4322 days, iteration: 311184, Δt: 20 minutes,max|u|: (1.49e+00, 1.51e+00, 6.85e-03) m s⁻¹, extrema(T): (31.54, -1.93) ᵒC, extrema(S): (39.96, 18.05) g/kg, extrema(η): (2.45, -2.02) m, wall time: 11.611 seconds 
[ Info: time: 4323 days, iteration: 311256, Δt: 20 minutes,max|u|: (1.53e+00, 1.51e+00, 6.88e-03) m s⁻¹, extrema(T): (31.51, -1.93) ᵒC, extrema(S): (39.96, 17.35) g/kg, extrema(η): (2.03, -3.23) m, wall time: 16.440 seconds 
[ Info: time: 4324 days, iteration: 311328, Δt: 20 minutes,max|u|: (1.56e+00, 1.48e+00, 6.89e-03) m s⁻¹, extrema(T): (31.46, -1.93) ᵒC, extrema(S): (39.96, 17.37) g/kg, extrema(η): (1.61, -2.21) m, wall time: 11.669 seconds 
[ Info: time: 4325 days, iteration: 311400, Δt: 20 minutes,max|u|: (1.57e+00, 1.53e+00, 6.91e-03) m s⁻¹, extrema(T): (31.40, -1.93) ᵒC, extrema(S): (39.96, 18.55) g/kg, extrema(η): (2.46, -1.95) m, wall time: 11.629 seconds 
[ Info: time: 4326 days, iteration: 311472, Δt: 20 minutes,max|u|: (1.56e+00, 1.67e+00, 6.89e-03) m s⁻¹, extrema(T): (31.35, -1.92) ᵒC, extrema(S): (39.96, 19.18) g/kg, extrema(η): (4.08, -2.00) m, wall time: 11.638 seconds 
[ Info: time: 4327 days, iteration: 311544, Δt: 20 minutes,max|u|: (1.58e+00, 2.08e+00, 6.88e-03) m s⁻¹, extrema(T): (31.28, -1.90) ᵒC, extrema(S): (39.96, 18.94) g/kg, extrema(η): (1.41, -2.03) m, wall time: 11.760 seconds 
[ Info: time: 4328 days, iteration: 311616, Δt: 20 minutes,max|u|: (1.78e+00, 1.50e+00, 6.84e-03) m s⁻¹, extrema(T): (31.24, -1.89) ᵒC, extrema(S): (39.96, 18.19) g/kg, extrema(η): (1.62, -2.85) m, wall time: 11.631 seconds 
[ Info: time: 4329 days, iteration: 311688, Δt: 20 minutes,max|u|: (1.72e+00, 1.81e+00, 6.83e-03) m s⁻¹, extrema(T): (31.19, -1.90) ᵒC, extrema(S): (39.97, 18.19) g/kg, extrema(η): (1.31, -2.14) m, wall time: 11.632 seconds 
[ Info: time: 4330 days, iteration: 311760, Δt: 20 minutes,max|u|: (2.28e+00, 3.56e+00, 6.87e-03) m s⁻¹, extrema(T): (30.98, -1.89) ᵒC, extrema(S): (39.97, 18.89) g/kg, extrema(η): (2.99, -2.15) m, wall time: 11.753 seconds 
[ Info: time: 4331 days, iteration: 311832, Δt: 20 minutes,max|u|: (2.00e+00, 2.54e+00, 6.87e-03) m s⁻¹, extrema(T): (30.95, -1.89) ᵒC, extrema(S): (39.96, 19.33) g/kg, extrema(η): (3.45, -2.08) m, wall time: 11.738 seconds 
[ Info: time: 4332 days, iteration: 311904, Δt: 20 minutes,max|u|: (1.73e+00, 1.51e+00, 6.89e-03) m s⁻¹, extrema(T): (30.98, -1.88) ᵒC, extrema(S): (39.96, 19.41) g/kg, extrema(η): (1.48, -2.12) m, wall time: 11.652 seconds 
[ Info: time: 4333 days, iteration: 311976, Δt: 20 minutes,max|u|: (1.74e+00, 1.51e+00, 6.88e-03) m s⁻¹, extrema(T): (31.08, -1.88) ᵒC, extrema(S): (39.96, 19.47) g/kg, extrema(η): (1.34, -2.62) m, wall time: 11.617 seconds 
[ Info: time: 4334 days, iteration: 312048, Δt: 20 minutes,max|u|: (1.66e+00, 1.94e+00, 6.89e-03) m s⁻¹, extrema(T): (31.15, -1.87) ᵒC, extrema(S): (39.96, 19.36) g/kg, extrema(η): (1.37, -2.00) m, wall time: 11.787 seconds 
[ Info: time: 4335 days, iteration: 312120, Δt: 20 minutes,max|u|: (2.36e+00, 1.65e+00, 6.90e-03) m s⁻¹, extrema(T): (31.05, -1.89) ᵒC, extrema(S): (39.96, 19.21) g/kg, extrema(η): (2.36, -2.09) m, wall time: 11.736 seconds 
[ Info: time: 4336 days, iteration: 312192, Δt: 20 minutes,max|u|: (2.65e+00, 1.88e+00, 6.93e-03) m s⁻¹, extrema(T): (30.98, -1.89) ᵒC, extrema(S): (39.96, 19.08) g/kg, extrema(η): (4.16, -2.11) m, wall time: 16.310 seconds 
[ Info: time: 4337 days, iteration: 312264, Δt: 20 minutes,max|u|: (1.72e+00, 1.84e+00, 6.95e-03) m s⁻¹, extrema(T): (31.05, -1.88) ᵒC, extrema(S): (39.97, 18.98) g/kg, extrema(η): (1.51, -1.98) m, wall time: 11.659 seconds 
[ Info: time: 4338 days, iteration: 312336, Δt: 20 minutes,max|u|: (2.76e+00, 2.68e+00, 6.94e-03) m s⁻¹, extrema(T): (31.05, -1.89) ᵒC, extrema(S): (39.97, 18.89) g/kg, extrema(η): (2.03, -2.97) m, wall time: 16.413 seconds 
[ Info: time: 4339 days, iteration: 312408, Δt: 20 minutes,max|u|: (2.13e+00, 1.48e+00, 6.92e-03) m s⁻¹, extrema(T): (31.02, -1.90) ᵒC, extrema(S): (39.97, 18.82) g/kg, extrema(η): (2.61, -2.69) m, wall time: 11.705 seconds 
[ Info: time: 4340 days, iteration: 312480, Δt: 20 minutes,max|u|: (2.04e+00, 1.72e+00, 6.90e-03) m s⁻¹, extrema(T): (31.01, -1.91) ᵒC, extrema(S): (39.97, 18.77) g/kg, extrema(η): (3.05, -1.94) m, wall time: 11.637 seconds 
[ Info: time: 4341 days, iteration: 312552, Δt: 20 minutes,max|u|: (1.79e+00, 2.29e+00, 6.90e-03) m s⁻¹, extrema(T): (31.07, -1.91) ᵒC, extrema(S): (39.97, 18.75) g/kg, extrema(η): (4.22, -2.53) m, wall time: 11.601 seconds 
[ Info: time: 4342 days, iteration: 312624, Δt: 20 minutes,max|u|: (1.97e+00, 1.64e+00, 6.87e-03) m s⁻¹, extrema(T): (31.08, -1.91) ᵒC, extrema(S): (39.97, 18.73) g/kg, extrema(η): (3.29, -2.29) m, wall time: 11.638 seconds 
[ Info: time: 4343 days, iteration: 312696, Δt: 20 minutes,max|u|: (1.82e+00, 1.64e+00, 6.87e-03) m s⁻¹, extrema(T): (31.10, -1.91) ᵒC, extrema(S): (39.97, 18.69) g/kg, extrema(η): (3.20, -2.05) m, wall time: 11.604 seconds 
[ Info: time: 4344 days, iteration: 312768, Δt: 20 minutes,max|u|: (2.45e+00, 2.79e+00, 6.90e-03) m s⁻¹, extrema(T): (31.20, -1.91) ᵒC, extrema(S): (39.97, 18.65) g/kg, extrema(η): (3.08, -2.20) m, wall time: 11.609 seconds 
[ Info: time: 4345 days, iteration: 312840, Δt: 20 minutes,max|u|: (1.75e+00, 2.13e+00, 6.91e-03) m s⁻¹, extrema(T): (31.18, -1.90) ᵒC, extrema(S): (39.97, 18.70) g/kg, extrema(η): (2.70, -1.99) m, wall time: 11.633 seconds 
[ Info: time: 4346 days, iteration: 312912, Δt: 20 minutes,max|u|: (2.16e+00, 2.06e+00, 6.90e-03) m s⁻¹, extrema(T): (31.18, -1.90) ᵒC, extrema(S): (39.97, 18.73) g/kg, extrema(η): (4.25, -2.04) m, wall time: 11.666 seconds 
[ Info: time: 4347 days, iteration: 312984, Δt: 20 minutes,max|u|: (1.99e+00, 1.59e+00, 6.93e-03) m s⁻¹, extrema(T): (31.19, -1.90) ᵒC, extrema(S): (39.97, 18.72) g/kg, extrema(η): (2.24, -2.22) m, wall time: 11.615 seconds 
[ Info: time: 4348 days, iteration: 313056, Δt: 20 minutes,max|u|: (1.62e+00, 2.03e+00, 6.93e-03) m s⁻¹, extrema(T): (31.30, -1.91) ᵒC, extrema(S): (39.97, 18.70) g/kg, extrema(η): (1.39, -2.34) m, wall time: 16.352 seconds 
[ Info: time: 4349 days, iteration: 313128, Δt: 20 minutes,max|u|: (1.61e+00, 2.22e+00, 6.95e-03) m s⁻¹, extrema(T): (31.34, -1.92) ᵒC, extrema(S): (39.97, 18.78) g/kg, extrema(η): (1.34, -2.13) m, wall time: 11.587 seconds 
[ Info: time: 4350 days, iteration: 313200, Δt: 20 minutes,max|u|: (4.47e+00, 2.02e+00, 6.93e-03) m s⁻¹, extrema(T): (31.38, -1.92) ᵒC, extrema(S): (39.98, 18.83) g/kg, extrema(η): (1.81, -2.30) m, wall time: 11.549 seconds 
[ Info: time: 4351 days, iteration: 313272, Δt: 20 minutes,max|u|: (1.64e+00, 2.28e+00, 6.94e-03) m s⁻¹, extrema(T): (31.37, -1.92) ᵒC, extrema(S): (39.96, 19.11) g/kg, extrema(η): (3.89, -2.11) m, wall time: 11.588 seconds 
[ Info: time: 4352 days, iteration: 313344, Δt: 20 minutes,max|u|: (1.67e+00, 2.16e+00, 6.96e-03) m s⁻¹, extrema(T): (31.33, -1.91) ᵒC, extrema(S): (39.97, 19.28) g/kg, extrema(η): (1.45, -1.88) m, wall time: 12.689 seconds 
[ Info: time: 4353 days, iteration: 313416, Δt: 20 minutes,max|u|: (1.94e+00, 2.22e+00, 6.95e-03) m s⁻¹, extrema(T): (31.23, -1.91) ᵒC, extrema(S): (39.97, 19.30) g/kg, extrema(η): (1.42, -2.11) m, wall time: 11.689 seconds 
[ Info: time: 4354 days, iteration: 313488, Δt: 20 minutes,max|u|: (2.50e+00, 2.22e+00, 6.90e-03) m s⁻¹, extrema(T): (31.26, -1.91) ᵒC, extrema(S): (39.97, 19.29) g/kg, extrema(η): (1.54, -2.32) m, wall time: 11.581 seconds 
[ Info: time: 4355 days, iteration: 313560, Δt: 20 minutes,max|u|: (1.94e+00, 2.38e+00, 6.85e-03) m s⁻¹, extrema(T): (31.30, -1.91) ᵒC, extrema(S): (39.96, 19.30) g/kg, extrema(η): (1.39, -2.02) m, wall time: 11.592 seconds 
[ Info: time: 4356 days, iteration: 313632, Δt: 20 minutes,max|u|: (2.06e+00, 2.29e+00, 6.87e-03) m s⁻¹, extrema(T): (31.36, -1.92) ᵒC, extrema(S): (39.96, 19.29) g/kg, extrema(η): (4.18, -1.99) m, wall time: 11.612 seconds 
[ Info: time: 4357 days, iteration: 313704, Δt: 20 minutes,max|u|: (1.89e+00, 2.14e+00, 6.84e-03) m s⁻¹, extrema(T): (31.40, -1.91) ᵒC, extrema(S): (39.96, 19.28) g/kg, extrema(η): (3.20, -2.00) m, wall time: 11.665 seconds 
[ Info: time: 4358 days, iteration: 313776, Δt: 20 minutes,max|u|: (1.80e+00, 2.83e+00, 6.89e-03) m s⁻¹, extrema(T): (31.46, -1.91) ᵒC, extrema(S): (39.96, 19.41) g/kg, extrema(η): (1.38, -2.17) m, wall time: 11.606 seconds 
[ Info: time: 4359 days, iteration: 313848, Δt: 20 minutes,max|u|: (1.87e+00, 1.93e+00, 6.88e-03) m s⁻¹, extrema(T): (31.55, -1.91) ᵒC, extrema(S): (39.96, 19.50) g/kg, extrema(η): (2.41, -3.25) m, wall time: 11.604 seconds 
[ Info: time: 4360 days, iteration: 313920, Δt: 20 minutes,max|u|: (1.93e+00, 1.85e+00, 6.90e-03) m s⁻¹, extrema(T): (31.50, -1.90) ᵒC, extrema(S): (39.96, 19.57) g/kg, extrema(η): (1.39, -1.92) m, wall time: 16.301 seconds 
[ Info: time: 4361 days, iteration: 313992, Δt: 20 minutes,max|u|: (1.94e+00, 2.07e+00, 6.90e-03) m s⁻¹, extrema(T): (31.43, -1.91) ᵒC, extrema(S): (39.96, 19.63) g/kg, extrema(η): (3.60, -1.94) m, wall time: 11.580 seconds 
[ Info: time: 4362 days, iteration: 314064, Δt: 20 minutes,max|u|: (1.95e+00, 1.50e+00, 6.81e-03) m s⁻¹, extrema(T): (31.41, -1.91) ᵒC, extrema(S): (39.96, 19.65) g/kg, extrema(η): (3.75, -1.96) m, wall time: 11.708 seconds 
[ Info: time: 4363 days, iteration: 314136, Δt: 20 minutes,max|u|: (1.90e+00, 1.60e+00, 6.82e-03) m s⁻¹, extrema(T): (31.43, -1.92) ᵒC, extrema(S): (39.95, 19.69) g/kg, extrema(η): (2.87, -1.88) m, wall time: 11.599 seconds 
[ Info: time: 4364 days, iteration: 314208, Δt: 20 minutes,max|u|: (1.89e+00, 2.63e+00, 6.74e-03) m s⁻¹, extrema(T): (31.36, -1.91) ᵒC, extrema(S): (39.95, 19.81) g/kg, extrema(η): (3.14, -3.10) m, wall time: 11.609 seconds 
[ Info: time: 4365 days, iteration: 314280, Δt: 20 minutes,max|u|: (1.90e+00, 1.50e+00, 6.77e-03) m s⁻¹, extrema(T): (31.28, -1.92) ᵒC, extrema(S): (39.96, 19.88) g/kg, extrema(η): (3.31, -1.92) m, wall time: 11.552 seconds 
[ Info: time: 4366 days, iteration: 314352, Δt: 20 minutes,max|u|: (1.88e+00, 2.01e+00, 6.77e-03) m s⁻¹, extrema(T): (31.21, -1.91) ᵒC, extrema(S): (39.95, 19.93) g/kg, extrema(η): (3.15, -2.07) m, wall time: 11.599 seconds 
[ Info: time: 4367 days, iteration: 314424, Δt: 20 minutes,max|u|: (2.04e+00, 1.92e+00, 6.72e-03) m s⁻¹, extrema(T): (31.09, -1.91) ᵒC, extrema(S): (39.95, 19.98) g/kg, extrema(η): (3.16, -1.97) m, wall time: 11.533 seconds 
[ Info: time: 4368 days, iteration: 314496, Δt: 20 minutes,max|u|: (1.94e+00, 1.57e+00, 6.85e-03) m s⁻¹, extrema(T): (31.09, -1.91) ᵒC, extrema(S): (39.95, 20.06) g/kg, extrema(η): (2.55, -2.11) m, wall time: 11.517 seconds 
[ Info: time: 4369 days, iteration: 314568, Δt: 20 minutes,max|u|: (2.03e+00, 1.62e+00, 6.85e-03) m s⁻¹, extrema(T): (31.16, -1.91) ᵒC, extrema(S): (39.95, 20.10) g/kg, extrema(η): (2.14, -3.45) m, wall time: 11.610 seconds 
[ Info: time: 4370 days, iteration: 314640, Δt: 20 minutes,max|u|: (2.05e+00, 1.66e+00, 6.84e-03) m s⁻¹, extrema(T): (31.21, -1.91) ᵒC, extrema(S): (39.95, 20.08) g/kg, extrema(η): (1.77, -2.25) m, wall time: 11.652 seconds 
[ Info: time: 4371 days, iteration: 314712, Δt: 20 minutes,max|u|: (2.02e+00, 1.93e+00, 6.81e-03) m s⁻¹, extrema(T): (31.15, -1.90) ᵒC, extrema(S): (39.95, 20.07) g/kg, extrema(η): (2.33, -2.03) m, wall time: 11.678 seconds 
[ Info: time: 4372 days, iteration: 314784, Δt: 20 minutes,max|u|: (2.01e+00, 2.20e+00, 6.74e-03) m s⁻¹, extrema(T): (31.10, -1.90) ᵒC, extrema(S): (39.95, 20.05) g/kg, extrema(η): (4.28, -2.08) m, wall time: 11.569 seconds 
[ Info: time: 4373 days, iteration: 314856, Δt: 20 minutes,max|u|: (2.03e+00, 2.32e+00, 6.77e-03) m s⁻¹, extrema(T): (31.27, -1.90) ᵒC, extrema(S): (39.95, 20.02) g/kg, extrema(η): (1.31, -2.01) m, wall time: 16.790 seconds 
[ Info: time: 4374 days, iteration: 314928, Δt: 20 minutes,max|u|: (2.08e+00, 2.34e+00, 6.60e-03) m s⁻¹, extrema(T): (31.45, -1.91) ᵒC, extrema(S): (39.95, 20.00) g/kg, extrema(η): (1.35, -3.18) m, wall time: 11.611 seconds 
[ Info: time: 4375 days, iteration: 315000, Δt: 20 minutes,max|u|: (2.08e+00, 2.30e+00, 6.58e-03) m s⁻¹, extrema(T): (31.55, -1.92) ᵒC, extrema(S): (39.95, 20.04) g/kg, extrema(η): (1.30, -3.33) m, wall time: 11.643 seconds 
[ Info: time: 4376 days, iteration: 315072, Δt: 20 minutes,max|u|: (2.06e+00, 2.25e+00, 6.66e-03) m s⁻¹, extrema(T): (31.60, -1.92) ᵒC, extrema(S): (39.95, 19.96) g/kg, extrema(η): (1.53, -2.08) m, wall time: 11.587 seconds 
[ Info: time: 4377 days, iteration: 315144, Δt: 20 minutes,max|u|: (2.05e+00, 2.13e+00, 6.66e-03) m s⁻¹, extrema(T): (31.65, -1.92) ᵒC, extrema(S): (39.95, 19.87) g/kg, extrema(η): (4.00, -3.14) m, wall time: 11.640 seconds 
[ Info: time: 4378 days, iteration: 315216, Δt: 20 minutes,max|u|: (2.08e+00, 1.97e+00, 6.78e-03) m s⁻¹, extrema(T): (31.60, -1.92) ᵒC, extrema(S): (39.95, 19.77) g/kg, extrema(η): (2.15, -2.15) m, wall time: 11.612 seconds 
[ Info: time: 4379 days, iteration: 315288, Δt: 20 minutes,max|u|: (2.07e+00, 1.84e+00, 6.78e-03) m s⁻¹, extrema(T): (31.75, -1.92) ᵒC, extrema(S): (39.95, 19.70) g/kg, extrema(η): (1.33, -2.48) m, wall time: 11.616 seconds 
[ Info: time: 4380 days, iteration: 315360, Δt: 20 minutes,max|u|: (2.06e+00, 1.71e+00, 6.85e-03) m s⁻¹, extrema(T): (31.81, -1.92) ᵒC, extrema(S): (39.94, 19.78) g/kg, extrema(η): (1.20, -3.29) m, wall time: 11.655 seconds 
[ Info: time: 4381 days, iteration: 315432, Δt: 20 minutes,max|u|: (2.21e+00, 2.59e+00, 6.85e-03) m s⁻¹, extrema(T): (31.68, -1.93) ᵒC, extrema(S): (39.94, 19.72) g/kg, extrema(η): (1.38, -2.08) m, wall time: 11.604 seconds 
[ Info: time: 4382 days, iteration: 315504, Δt: 20 minutes,max|u|: (2.05e+00, 1.67e+00, 6.86e-03) m s⁻¹, extrema(T): (31.66, -1.93) ᵒC, extrema(S): (39.94, 19.64) g/kg, extrema(η): (3.97, -2.01) m, wall time: 11.594 seconds 
[ Info: time: 4383 days, iteration: 315576, Δt: 20 minutes,max|u|: (2.04e+00, 1.72e+00, 6.89e-03) m s⁻¹, extrema(T): (31.70, -1.93) ᵒC, extrema(S): (39.93, 19.54) g/kg, extrema(η): (2.09, -2.08) m, wall time: 12.768 seconds 
[ Info: time: 4384 days, iteration: 315648, Δt: 20 minutes,max|u|: (2.02e+00, 1.63e+00, 6.89e-03) m s⁻¹, extrema(T): (31.64, -1.94) ᵒC, extrema(S): (39.93, 19.49) g/kg, extrema(η): (1.48, -2.21) m, wall time: 11.568 seconds 
[ Info: time: 4385 days, iteration: 315720, Δt: 20 minutes,max|u|: (1.95e+00, 1.78e+00, 6.90e-03) m s⁻¹, extrema(T): (31.65, -1.94) ᵒC, extrema(S): (39.92, 19.44) g/kg, extrema(η): (2.04, -3.46) m, wall time: 16.163 seconds 
[ Info: time: 4386 days, iteration: 315792, Δt: 20 minutes,max|u|: (1.92e+00, 1.81e+00, 6.91e-03) m s⁻¹, extrema(T): (31.60, -1.93) ᵒC, extrema(S): (39.92, 19.40) g/kg, extrema(η): (2.52, -2.11) m, wall time: 11.666 seconds 
[ Info: time: 4387 days, iteration: 315864, Δt: 20 minutes,max|u|: (1.80e+00, 2.04e+00, 6.94e-03) m s⁻¹, extrema(T): (31.38, -1.93) ᵒC, extrema(S): (39.92, 19.40) g/kg, extrema(η): (3.72, -2.02) m, wall time: 11.598 seconds 
[ Info: time: 4388 days, iteration: 315936, Δt: 20 minutes,max|u|: (1.87e+00, 2.01e+00, 7.03e-03) m s⁻¹, extrema(T): (31.27, -1.94) ᵒC, extrema(S): (39.92, 19.34) g/kg, extrema(η): (3.40, -2.14) m, wall time: 11.631 seconds 
[ Info: time: 4389 days, iteration: 316008, Δt: 20 minutes,max|u|: (1.81e+00, 2.17e+00, 7.06e-03) m s⁻¹, extrema(T): (31.19, -1.94) ᵒC, extrema(S): (39.91, 19.27) g/kg, extrema(η): (3.16, -2.17) m, wall time: 11.587 seconds 
[ Info: time: 4390 days, iteration: 316080, Δt: 20 minutes,max|u|: (1.60e+00, 2.09e+00, 7.08e-03) m s⁻¹, extrema(T): (31.15, -1.95) ᵒC, extrema(S): (39.91, 19.21) g/kg, extrema(η): (3.01, -3.10) m, wall time: 11.570 seconds 
[ Info: time: 4391 days, iteration: 316152, Δt: 20 minutes,max|u|: (2.27e+00, 3.34e+00, 7.11e-03) m s⁻¹, extrema(T): (31.10, -1.94) ᵒC, extrema(S): (39.91, 19.19) g/kg, extrema(η): (2.85, -2.39) m, wall time: 11.581 seconds 
[ Info: time: 4392 days, iteration: 316224, Δt: 20 minutes,max|u|: (1.60e+00, 1.94e+00, 7.09e-03) m s⁻¹, extrema(T): (31.10, -1.95) ᵒC, extrema(S): (39.91, 19.15) g/kg, extrema(η): (3.36, -2.19) m, wall time: 11.637 seconds 
[ Info: time: 4393 days, iteration: 316296, Δt: 20 minutes,max|u|: (1.62e+00, 1.88e+00, 7.10e-03) m s⁻¹, extrema(T): (31.13, -1.94) ᵒC, extrema(S): (39.91, 19.12) g/kg, extrema(η): (4.28, -2.14) m, wall time: 11.641 seconds 
[ Info: time: 4394 days, iteration: 316368, Δt: 20 minutes,max|u|: (1.67e+00, 2.03e+00, 7.08e-03) m s⁻¹, extrema(T): (31.07, -1.94) ᵒC, extrema(S): (39.90, 19.12) g/kg, extrema(η): (1.59, -2.15) m, wall time: 11.655 seconds 
[ Info: time: 4395 days, iteration: 316440, Δt: 20 minutes,max|u|: (1.81e+00, 2.07e+00, 7.11e-03) m s⁻¹, extrema(T): (31.12, -1.94) ᵒC, extrema(S): (39.90, 19.12) g/kg, extrema(η): (1.51, -2.39) m, wall time: 11.667 seconds 
[ Info: time: 4396 days, iteration: 316512, Δt: 20 minutes,max|u|: (1.73e+00, 2.11e+00, 7.12e-03) m s⁻¹, extrema(T): (31.16, -1.94) ᵒC, extrema(S): (39.90, 19.16) g/kg, extrema(η): (1.45, -2.17) m, wall time: 11.584 seconds 
[ Info: time: 4397 days, iteration: 316584, Δt: 20 minutes,max|u|: (1.65e+00, 2.06e+00, 7.15e-03) m s⁻¹, extrema(T): (31.15, -1.94) ᵒC, extrema(S): (39.90, 19.19) g/kg, extrema(η): (1.98, -1.94) m, wall time: 16.236 seconds 
[ Info: time: 4398 days, iteration: 316656, Δt: 20 minutes,max|u|: (2.04e+00, 2.12e+00, 7.12e-03) m s⁻¹, extrema(T): (31.12, -1.94) ᵒC, extrema(S): (39.90, 19.18) g/kg, extrema(η): (4.24, -2.01) m, wall time: 11.628 seconds 
[ Info: time: 4399 days, iteration: 316728, Δt: 20 minutes,max|u|: (1.66e+00, 2.09e+00, 7.09e-03) m s⁻¹, extrema(T): (31.12, -1.94) ᵒC, extrema(S): (39.89, 19.18) g/kg, extrema(η): (1.92, -2.09) m, wall time: 11.583 seconds 
[ Info: time: 4400 days, iteration: 316800, Δt: 20 minutes,max|u|: (1.65e+00, 2.06e+00, 7.06e-03) m s⁻¹, extrema(T): (31.29, -1.95) ᵒC, extrema(S): (39.89, 19.16) g/kg, extrema(η): (1.27, -2.01) m, wall time: 11.659 seconds 
[ Info: time: 4401 days, iteration: 316872, Δt: 20 minutes,max|u|: (2.05e+00, 2.04e+00, 7.01e-03) m s⁻¹, extrema(T): (31.18, -1.95) ᵒC, extrema(S): (39.88, 19.15) g/kg, extrema(η): (2.45, -3.03) m, wall time: 11.564 seconds 
[ Info: time: 4402 days, iteration: 316944, Δt: 20 minutes,max|u|: (1.70e+00, 2.04e+00, 6.99e-03) m s⁻¹, extrema(T): (31.15, -1.95) ᵒC, extrema(S): (39.87, 19.17) g/kg, extrema(η): (1.29, -1.99) m, wall time: 11.614 seconds 
[ Info: time: 4403 days, iteration: 317016, Δt: 20 minutes,max|u|: (1.72e+00, 2.12e+00, 7.03e-03) m s⁻¹, extrema(T): (31.17, -1.96) ᵒC, extrema(S): (39.86, 19.18) g/kg, extrema(η): (3.49, -1.87) m, wall time: 11.714 seconds 
[ Info: time: 4404 days, iteration: 317088, Δt: 20 minutes,max|u|: (1.69e+00, 2.26e+00, 6.99e-03) m s⁻¹, extrema(T): (31.23, -1.96) ᵒC, extrema(S): (39.85, 19.23) g/kg, extrema(η): (3.03, -1.97) m, wall time: 11.650 seconds 
[ Info: time: 4405 days, iteration: 317160, Δt: 20 minutes,max|u|: (1.68e+00, 2.77e+00, 6.96e-03) m s⁻¹, extrema(T): (31.33, -1.96) ᵒC, extrema(S): (39.84, 19.24) g/kg, extrema(η): (2.64, -1.89) m, wall time: 11.684 seconds 
[ Info: time: 4406 days, iteration: 317232, Δt: 20 minutes,max|u|: (1.72e+00, 1.94e+00, 6.99e-03) m s⁻¹, extrema(T): (31.40, -1.96) ᵒC, extrema(S): (39.81, 19.20) g/kg, extrema(η): (1.47, -3.74) m, wall time: 11.660 seconds 
[ Info: time: 4407 days, iteration: 317304, Δt: 20 minutes,max|u|: (1.65e+00, 1.87e+00, 6.97e-03) m s⁻¹, extrema(T): (31.42, -1.96) ᵒC, extrema(S): (39.79, 19.17) g/kg, extrema(η): (1.43, -2.07) m, wall time: 11.619 seconds 
[ Info: time: 4408 days, iteration: 317376, Δt: 20 minutes,max|u|: (1.92e+00, 1.95e+00, 6.98e-03) m s⁻¹, extrema(T): (31.49, -1.96) ᵒC, extrema(S): (39.79, 19.13) g/kg, extrema(η): (3.39, -2.19) m, wall time: 11.554 seconds 
[ Info: time: 4409 days, iteration: 317448, Δt: 20 minutes,max|u|: (1.77e+00, 2.23e+00, 6.95e-03) m s⁻¹, extrema(T): (31.57, -1.96) ᵒC, extrema(S): (39.79, 19.08) g/kg, extrema(η): (3.81, -2.16) m, wall time: 11.637 seconds 
[ Info: time: 4410 days, iteration: 317520, Δt: 20 minutes,max|u|: (1.85e+00, 2.19e+00, 6.90e-03) m s⁻¹, extrema(T): (31.57, -1.96) ᵒC, extrema(S): (39.79, 19.06) g/kg, extrema(η): (2.63, -2.06) m, wall time: 16.370 seconds 
[ Info: time: 4411 days, iteration: 317592, Δt: 20 minutes,max|u|: (1.96e+00, 2.32e+00, 6.89e-03) m s⁻¹, extrema(T): (31.59, -1.96) ᵒC, extrema(S): (39.79, 19.06) g/kg, extrema(η): (2.91, -2.89) m, wall time: 11.674 seconds 
[ Info: time: 4412 days, iteration: 317664, Δt: 20 minutes,max|u|: (2.01e+00, 2.49e+00, 6.87e-03) m s⁻¹, extrema(T): (31.59, -1.97) ᵒC, extrema(S): (39.78, 19.02) g/kg, extrema(η): (3.10, -2.42) m, wall time: 11.654 seconds 
[ Info: time: 4413 days, iteration: 317736, Δt: 20 minutes,max|u|: (1.94e+00, 2.72e+00, 6.85e-03) m s⁻¹, extrema(T): (31.59, -1.97) ᵒC, extrema(S): (39.78, 18.98) g/kg, extrema(η): (3.65, -3.11) m, wall time: 11.663 seconds 
[ Info: time: 4414 days, iteration: 317808, Δt: 20 minutes,max|u|: (1.87e+00, 2.50e+00, 6.86e-03) m s⁻¹, extrema(T): (31.59, -1.98) ᵒC, extrema(S): (39.79, 18.95) g/kg, extrema(η): (3.95, -2.08) m, wall time: 12.723 seconds 
[ Info: time: 4415 days, iteration: 317880, Δt: 20 minutes,max|u|: (1.88e+00, 2.31e+00, 6.86e-03) m s⁻¹, extrema(T): (31.63, -1.96) ᵒC, extrema(S): (39.78, 18.93) g/kg, extrema(η): (2.72, -2.13) m, wall time: 11.570 seconds 
[ Info: time: 4416 days, iteration: 317952, Δt: 20 minutes,max|u|: (1.91e+00, 2.34e+00, 6.86e-03) m s⁻¹, extrema(T): (31.66, -1.96) ᵒC, extrema(S): (39.78, 18.92) g/kg, extrema(η): (2.33, -2.71) m, wall time: 11.592 seconds 
[ Info: time: 4417 days, iteration: 318024, Δt: 20 minutes,max|u|: (1.86e+00, 2.22e+00, 6.88e-03) m s⁻¹, extrema(T): (31.72, -1.96) ᵒC, extrema(S): (39.78, 19.11) g/kg, extrema(η): (1.93, -2.23) m, wall time: 11.671 seconds 
[ Info: time: 4418 days, iteration: 318096, Δt: 20 minutes,max|u|: (1.82e+00, 2.15e+00, 6.89e-03) m s⁻¹, extrema(T): (31.80, -1.95) ᵒC, extrema(S): (39.77, 19.46) g/kg, extrema(η): (2.93, -2.19) m, wall time: 11.643 seconds 
[ Info: time: 4419 days, iteration: 318168, Δt: 20 minutes,max|u|: (1.66e+00, 2.55e+00, 6.86e-03) m s⁻¹, extrema(T): (31.72, -1.95) ᵒC, extrema(S): (39.77, 19.56) g/kg, extrema(η): (3.69, -2.05) m, wall time: 11.702 seconds 
[ Info: time: 4420 days, iteration: 318240, Δt: 20 minutes,max|u|: (1.55e+00, 2.75e+00, 6.90e-03) m s⁻¹, extrema(T): (31.72, -1.95) ᵒC, extrema(S): (39.76, 19.58) g/kg, extrema(η): (1.93, -2.15) m, wall time: 11.662 seconds 
[ Info: time: 4421 days, iteration: 318312, Δt: 20 minutes,max|u|: (1.65e+00, 2.02e+00, 6.88e-03) m s⁻¹, extrema(T): (31.76, -1.95) ᵒC, extrema(S): (39.76, 19.64) g/kg, extrema(η): (1.24, -2.38) m, wall time: 11.633 seconds 
[ Info: time: 4422 days, iteration: 318384, Δt: 20 minutes,max|u|: (1.51e+00, 1.95e+00, 6.92e-03) m s⁻¹, extrema(T): (31.75, -1.95) ᵒC, extrema(S): (39.75, 19.66) g/kg, extrema(η): (1.20, -2.13) m, wall time: 16.236 seconds 
[ Info: time: 4423 days, iteration: 318456, Δt: 20 minutes,max|u|: (1.53e+00, 1.97e+00, 6.93e-03) m s⁻¹, extrema(T): (31.76, -1.95) ᵒC, extrema(S): (39.75, 19.65) g/kg, extrema(η): (1.78, -2.04) m, wall time: 11.605 seconds 
[ Info: time: 4424 days, iteration: 318528, Δt: 20 minutes,max|u|: (1.57e+00, 2.25e+00, 6.93e-03) m s⁻¹, extrema(T): (31.79, -1.95) ᵒC, extrema(S): (39.75, 19.65) g/kg, extrema(η): (4.53, -2.09) m, wall time: 11.663 seconds 
[ Info: time: 4425 days, iteration: 318600, Δt: 20 minutes,max|u|: (1.55e+00, 1.98e+00, 6.96e-03) m s⁻¹, extrema(T): (31.82, -1.95) ᵒC, extrema(S): (39.75, 19.63) g/kg, extrema(η): (2.44, -2.08) m, wall time: 11.638 seconds 
[ Info: time: 4426 days, iteration: 318672, Δt: 20 minutes,max|u|: (1.57e+00, 1.90e+00, 6.93e-03) m s⁻¹, extrema(T): (31.72, -1.95) ᵒC, extrema(S): (39.75, 19.63) g/kg, extrema(η): (1.13, -2.12) m, wall time: 11.658 seconds 
[ Info: time: 4427 days, iteration: 318744, Δt: 20 minutes,max|u|: (1.56e+00, 1.88e+00, 6.88e-03) m s⁻¹, extrema(T): (31.60, -1.95) ᵒC, extrema(S): (39.74, 19.60) g/kg, extrema(η): (1.18, -3.26) m, wall time: 11.748 seconds 
[ Info: time: 4428 days, iteration: 318816, Δt: 20 minutes,max|u|: (2.03e+00, 1.84e+00, 6.85e-03) m s⁻¹, extrema(T): (31.47, -1.96) ᵒC, extrema(S): (39.74, 19.56) g/kg, extrema(η): (1.23, -2.16) m, wall time: 11.665 seconds 
[ Info: time: 4429 days, iteration: 318888, Δt: 20 minutes,max|u|: (2.03e+00, 2.05e+00, 6.90e-03) m s⁻¹, extrema(T): (31.41, -1.96) ᵒC, extrema(S): (39.74, 19.53) g/kg, extrema(η): (4.24, -2.19) m, wall time: 11.589 seconds 
[ Info: time: 4430 days, iteration: 318960, Δt: 20 minutes,max|u|: (2.00e+00, 2.11e+00, 6.91e-03) m s⁻¹, extrema(T): (31.30, -1.96) ᵒC, extrema(S): (39.74, 19.54) g/kg, extrema(η): (3.25, -2.17) m, wall time: 11.671 seconds 
[ Info: time: 4431 days, iteration: 319032, Δt: 20 minutes,max|u|: (1.80e+00, 2.13e+00, 6.88e-03) m s⁻¹, extrema(T): (31.22, -1.96) ᵒC, extrema(S): (39.74, 19.53) g/kg, extrema(η): (1.48, -2.20) m, wall time: 11.620 seconds 
[ Info: time: 4432 days, iteration: 319104, Δt: 20 minutes,max|u|: (1.81e+00, 2.32e+00, 6.85e-03) m s⁻¹, extrema(T): (31.17, -1.96) ᵒC, extrema(S): (39.74, 19.48) g/kg, extrema(η): (2.04, -3.14) m, wall time: 11.589 seconds 
[ Info: time: 4433 days, iteration: 319176, Δt: 20 minutes,max|u|: (2.01e+00, 2.58e+00, 6.83e-03) m s⁻¹, extrema(T): (31.12, -1.96) ᵒC, extrema(S): (39.73, 19.51) g/kg, extrema(η): (2.61, -2.08) m, wall time: 11.669 seconds 
[ Info: time: 4434 days, iteration: 319248, Δt: 20 minutes,max|u|: (2.85e+00, 2.81e+00, 6.82e-03) m s⁻¹, extrema(T): (31.09, -1.96) ᵒC, extrema(S): (39.73, 19.54) g/kg, extrema(η): (3.61, -2.04) m, wall time: 11.683 seconds 
[ Info: time: 4435 days, iteration: 319320, Δt: 20 minutes,max|u|: (3.12e+00, 2.86e+00, 6.82e-03) m s⁻¹, extrema(T): (31.03, -1.96) ᵒC, extrema(S): (39.73, 19.57) g/kg, extrema(η): (3.70, -2.05) m, wall time: 16.394 seconds 
[ Info: time: 4436 days, iteration: 319392, Δt: 20 minutes,max|u|: (1.85e+00, 2.52e+00, 6.83e-03) m s⁻¹, extrema(T): (31.07, -1.96) ᵒC, extrema(S): (39.73, 19.59) g/kg, extrema(η): (3.07, -2.08) m, wall time: 11.720 seconds 
[ Info: time: 4437 days, iteration: 319464, Δt: 20 minutes,max|u|: (2.30e+00, 2.19e+00, 6.82e-03) m s⁻¹, extrema(T): (31.09, -1.96) ᵒC, extrema(S): (39.73, 19.76) g/kg, extrema(η): (2.97, -3.64) m, wall time: 15.508 seconds 
[ Info: time: 4438 days, iteration: 319536, Δt: 20 minutes,max|u|: (2.19e+00, 1.84e+00, 6.82e-03) m s⁻¹, extrema(T): (31.11, -1.96) ᵒC, extrema(S): (39.72, 19.82) g/kg, extrema(η): (2.76, -2.21) m, wall time: 11.688 seconds 
[ Info: time: 4439 days, iteration: 319608, Δt: 20 minutes,max|u|: (1.36e+00, 1.55e+00, 6.83e-03) m s⁻¹, extrema(T): (31.14, -1.96) ᵒC, extrema(S): (39.72, 19.80) g/kg, extrema(η): (3.19, -2.15) m, wall time: 11.865 seconds 
[ Info: time: 4440 days, iteration: 319680, Δt: 20 minutes,max|u|: (1.38e+00, 1.53e+00, 6.77e-03) m s⁻¹, extrema(T): (31.19, -1.96) ᵒC, extrema(S): (39.72, 19.83) g/kg, extrema(η): (4.47, -2.21) m, wall time: 11.649 seconds 
[ Info: Saving checkpoint file
[ Info: time: 4441 days, iteration: 319752, Δt: 20 minutes,max|u|: (1.74e+00, 1.69e+00, 6.76e-03) m s⁻¹, extrema(T): (31.24, -1.96) ᵒC, extrema(S): (39.72, 19.76) g/kg, extrema(η): (1.31, -1.95) m, wall time: 22.675 seconds 
[ Info: time: 4442 days, iteration: 319824, Δt: 20 minutes,max|u|: (1.35e+00, 1.50e+00, 6.73e-03) m s⁻¹, extrema(T): (31.25, -1.96) ᵒC, extrema(S): (39.71, 19.62) g/kg, extrema(η): (1.18, -3.23) m, wall time: 11.743 seconds 
[ Info: time: 4443 days, iteration: 319896, Δt: 20 minutes,max|u|: (1.28e+00, 1.50e+00, 6.78e-03) m s⁻¹, extrema(T): (31.26, -1.96) ᵒC, extrema(S): (39.71, 19.49) g/kg, extrema(η): (1.15, -1.95) m, wall time: 11.673 seconds 
[ Info: time: 4444 days, iteration: 319968, Δt: 20 minutes,max|u|: (1.53e+00, 1.65e+00, 6.74e-03) m s⁻¹, extrema(T): (31.23, -1.95) ᵒC, extrema(S): (39.71, 19.38) g/kg, extrema(η): (2.42, -2.08) m, wall time: 11.677 seconds 
[ Info: time: 4445 days, iteration: 320040, Δt: 20 minutes,max|u|: (1.31e+00, 1.57e+00, 6.74e-03) m s⁻¹, extrema(T): (31.26, -1.95) ᵒC, extrema(S): (39.70, 19.29) g/kg, extrema(η): (4.47, -1.99) m, wall time: 12.694 seconds 
[ Info: time: 4446 days, iteration: 320112, Δt: 20 minutes,max|u|: (1.54e+00, 1.75e+00, 6.71e-03) m s⁻¹, extrema(T): (31.31, -1.95) ᵒC, extrema(S): (39.70, 19.18) g/kg, extrema(η): (1.72, -2.08) m, wall time: 11.627 seconds 
[ Info: time: 4447 days, iteration: 320184, Δt: 20 minutes,max|u|: (1.32e+00, 1.55e+00, 6.69e-03) m s⁻¹, extrema(T): (31.30, -1.95) ᵒC, extrema(S): (39.70, 19.12) g/kg, extrema(η): (1.51, -2.85) m, wall time: 16.290 seconds 
[ Info: time: 4448 days, iteration: 320256, Δt: 20 minutes,max|u|: (1.44e+00, 1.52e+00, 6.80e-03) m s⁻¹, extrema(T): (31.30, -1.95) ᵒC, extrema(S): (39.70, 19.04) g/kg, extrema(η): (1.19, -3.11) m, wall time: 11.703 seconds 
[ Info: time: 4449 days, iteration: 320328, Δt: 20 minutes,max|u|: (1.35e+00, 1.67e+00, 6.86e-03) m s⁻¹, extrema(T): (31.29, -1.95) ᵒC, extrema(S): (39.70, 18.98) g/kg, extrema(η): (1.58, -2.09) m, wall time: 11.659 seconds 
[ Info: time: 4450 days, iteration: 320400, Δt: 20 minutes,max|u|: (1.50e+00, 1.72e+00, 6.90e-03) m s⁻¹, extrema(T): (31.30, -1.95) ᵒC, extrema(S): (39.70, 18.93) g/kg, extrema(η): (4.29, -2.13) m, wall time: 11.718 seconds 
[ Info: time: 4451 days, iteration: 320472, Δt: 20 minutes,max|u|: (1.38e+00, 1.59e+00, 6.99e-03) m s⁻¹, extrema(T): (31.29, -1.95) ᵒC, extrema(S): (39.70, 18.89) g/kg, extrema(η): (2.08, -2.19) m, wall time: 11.651 seconds 
[ Info: time: 4452 days, iteration: 320544, Δt: 20 minutes,max|u|: (1.38e+00, 1.60e+00, 7.04e-03) m s⁻¹, extrema(T): (31.30, -1.95) ᵒC, extrema(S): (39.70, 18.84) g/kg, extrema(η): (1.21, -2.40) m, wall time: 11.675 seconds 
[ Info: time: 4453 days, iteration: 320616, Δt: 20 minutes,max|u|: (1.57e+00, 1.82e+00, 7.08e-03) m s⁻¹, extrema(T): (31.32, -1.95) ᵒC, extrema(S): (39.70, 18.80) g/kg, extrema(η): (1.75, -3.17) m, wall time: 11.682 seconds 
[ Info: time: 4454 days, iteration: 320688, Δt: 20 minutes,max|u|: (1.42e+00, 1.67e+00, 7.11e-03) m s⁻¹, extrema(T): (31.34, -1.95) ᵒC, extrema(S): (39.70, 18.77) g/kg, extrema(η): (1.70, -1.97) m, wall time: 11.614 seconds 
[ Info: time: 4455 days, iteration: 320760, Δt: 20 minutes,max|u|: (2.69e+00, 1.84e+00, 7.08e-03) m s⁻¹, extrema(T): (31.36, -1.96) ᵒC, extrema(S): (39.70, 18.74) g/kg, extrema(η): (4.14, -1.96) m, wall time: 11.745 seconds 
[ Info: time: 4456 days, iteration: 320832, Δt: 20 minutes,max|u|: (1.41e+00, 1.56e+00, 7.10e-03) m s⁻¹, extrema(T): (31.37, -1.96) ᵒC, extrema(S): (39.70, 18.73) g/kg, extrema(η): (3.03, -2.02) m, wall time: 11.668 seconds 
[ Info: time: 4457 days, iteration: 320904, Δt: 20 minutes,max|u|: (1.43e+00, 1.52e+00, 7.12e-03) m s⁻¹, extrema(T): (31.39, -1.96) ᵒC, extrema(S): (39.69, 18.70) g/kg, extrema(η): (3.14, -2.05) m, wall time: 11.714 seconds 
[ Info: time: 4458 days, iteration: 320976, Δt: 20 minutes,max|u|: (1.47e+00, 1.55e+00, 7.17e-03) m s⁻¹, extrema(T): (31.38, -1.96) ᵒC, extrema(S): (39.69, 18.67) g/kg, extrema(η): (3.41, -3.54) m, wall time: 11.615 seconds 
[ Info: time: 4459 days, iteration: 321048, Δt: 20 minutes,max|u|: (1.50e+00, 1.69e+00, 7.22e-03) m s⁻¹, extrema(T): (31.41, -1.96) ᵒC, extrema(S): (39.69, 18.65) g/kg, extrema(η): (3.49, -2.09) m, wall time: 16.318 seconds 
[ Info: time: 4460 days, iteration: 321120, Δt: 20 minutes,max|u|: (1.51e+00, 1.57e+00, 7.15e-03) m s⁻¹, extrema(T): (31.42, -1.96) ᵒC, extrema(S): (39.69, 18.62) g/kg, extrema(η): (3.91, -2.17) m, wall time: 11.688 seconds 
[ Info: time: 4461 days, iteration: 321192, Δt: 20 minutes,max|u|: (1.52e+00, 1.58e+00, 7.18e-03) m s⁻¹, extrema(T): (31.42, -1.96) ᵒC, extrema(S): (39.69, 18.59) g/kg, extrema(η): (3.76, -1.99) m, wall time: 11.683 seconds 
[ Info: time: 4462 days, iteration: 321264, Δt: 20 minutes,max|u|: (1.55e+00, 1.59e+00, 7.27e-03) m s⁻¹, extrema(T): (31.44, -1.96) ᵒC, extrema(S): (39.69, 18.58) g/kg, extrema(η): (2.44, -1.94) m, wall time: 11.646 seconds 
[ Info: time: 4463 days, iteration: 321336, Δt: 20 minutes,max|u|: (1.59e+00, 1.58e+00, 7.26e-03) m s⁻¹, extrema(T): (31.47, -1.96) ᵒC, extrema(S): (39.69, 18.56) g/kg, extrema(η): (1.94, -3.79) m, wall time: 11.734 seconds 
[ Info: time: 4464 days, iteration: 321408, Δt: 20 minutes,max|u|: (2.72e+00, 1.58e+00, 7.31e-03) m s⁻¹, extrema(T): (31.45, -1.96) ᵒC, extrema(S): (39.69, 18.56) g/kg, extrema(η): (1.46, -2.19) m, wall time: 11.720 seconds 
[ Info: time: 4465 days, iteration: 321480, Δt: 20 minutes,max|u|: (1.63e+00, 1.56e+00, 7.27e-03) m s⁻¹, extrema(T): (31.37, -1.95) ᵒC, extrema(S): (39.68, 18.67) g/kg, extrema(η): (3.46, -2.19) m, wall time: 11.695 seconds 
[ Info: time: 4466 days, iteration: 321552, Δt: 20 minutes,max|u|: (1.77e+00, 1.56e+00, 7.27e-03) m s⁻¹, extrema(T): (31.22, -1.95) ᵒC, extrema(S): (39.68, 18.92) g/kg, extrema(η): (4.07, -2.06) m, wall time: 11.660 seconds 
[ Info: time: 4467 days, iteration: 321624, Δt: 20 minutes,max|u|: (1.67e+00, 1.84e+00, 7.27e-03) m s⁻¹, extrema(T): (31.14, -1.95) ᵒC, extrema(S): (39.68, 19.50) g/kg, extrema(η): (1.32, -2.01) m, wall time: 11.663 seconds 
[ Info: time: 4468 days, iteration: 321696, Δt: 20 minutes,max|u|: (1.70e+00, 1.54e+00, 7.27e-03) m s⁻¹, extrema(T): (31.10, -1.94) ᵒC, extrema(S): (39.68, 19.73) g/kg, extrema(η): (1.37, -3.08) m, wall time: 11.585 seconds 
[ Info: time: 4469 days, iteration: 321768, Δt: 20 minutes,max|u|: (1.71e+00, 1.54e+00, 7.22e-03) m s⁻¹, extrema(T): (31.14, -1.94) ᵒC, extrema(S): (39.68, 19.59) g/kg, extrema(η): (1.43, -2.49) m, wall time: 11.656 seconds 
[ Info: time: 4470 days, iteration: 321840, Δt: 20 minutes,max|u|: (1.96e+00, 1.64e+00, 7.22e-03) m s⁻¹, extrema(T): (31.08, -1.94) ᵒC, extrema(S): (39.68, 19.43) g/kg, extrema(η): (2.11, -2.11) m, wall time: 11.705 seconds 
[ Info: time: 4471 days, iteration: 321912, Δt: 20 minutes,max|u|: (1.73e+00, 1.66e+00, 7.27e-03) m s⁻¹, extrema(T): (31.07, -1.93) ᵒC, extrema(S): (39.68, 19.32) g/kg, extrema(η): (4.52, -2.12) m, wall time: 11.664 seconds 
[ Info: time: 4472 days, iteration: 321984, Δt: 20 minutes,max|u|: (1.76e+00, 1.74e+00, 7.22e-03) m s⁻¹, extrema(T): (31.06, -1.93) ᵒC, extrema(S): (39.68, 19.26) g/kg, extrema(η): (1.81, -2.15) m, wall time: 16.356 seconds 
[ Info: time: 4473 days, iteration: 322056, Δt: 20 minutes,max|u|: (1.78e+00, 1.64e+00, 7.19e-03) m s⁻¹, extrema(T): (31.06, -1.93) ᵒC, extrema(S): (39.68, 19.23) g/kg, extrema(η): (1.30, -2.19) m, wall time: 11.705 seconds 
[ Info: time: 4474 days, iteration: 322128, Δt: 20 minutes,max|u|: (1.80e+00, 1.58e+00, 7.16e-03) m s⁻¹, extrema(T): (31.09, -1.93) ᵒC, extrema(S): (39.67, 19.14) g/kg, extrema(η): (1.32, -2.78) m, wall time: 11.647 seconds 
[ Info: time: 4475 days, iteration: 322200, Δt: 20 minutes,max|u|: (1.82e+00, 1.68e+00, 7.11e-03) m s⁻¹, extrema(T): (31.17, -1.92) ᵒC, extrema(S): (39.67, 19.04) g/kg, extrema(η): (1.32, -2.09) m, wall time: 11.681 seconds 
[ Info: time: 4476 days, iteration: 322272, Δt: 20 minutes,max|u|: (1.82e+00, 1.58e+00, 7.13e-03) m s⁻¹, extrema(T): (31.08, -1.92) ᵒC, extrema(S): (39.67, 18.99) g/kg, extrema(η): (4.28, -2.12) m, wall time: 12.754 seconds 
[ Info: time: 4477 days, iteration: 322344, Δt: 20 minutes,max|u|: (1.83e+00, 1.57e+00, 7.02e-03) m s⁻¹, extrema(T): (31.15, -1.92) ᵒC, extrema(S): (39.67, 18.91) g/kg, extrema(η): (3.24, -1.98) m, wall time: 11.714 seconds 
[ Info: time: 4478 days, iteration: 322416, Δt: 20 minutes,max|u|: (1.86e+00, 1.56e+00, 7.05e-03) m s⁻¹, extrema(T): (31.13, -1.92) ᵒC, extrema(S): (39.67, 19.08) g/kg, extrema(η): (1.91, -1.87) m, wall time: 11.721 seconds 
[ Info: time: 4479 days, iteration: 322488, Δt: 20 minutes,max|u|: (1.91e+00, 1.55e+00, 7.10e-03) m s⁻¹, extrema(T): (31.12, -1.92) ᵒC, extrema(S): (39.67, 19.60) g/kg, extrema(η): (2.46, -3.65) m, wall time: 11.716 seconds 
[ Info: time: 4480 days, iteration: 322560, Δt: 20 minutes,max|u|: (1.94e+00, 1.69e+00, 7.08e-03) m s⁻¹, extrema(T): (31.17, -1.92) ᵒC, extrema(S): (39.67, 19.59) g/kg, extrema(η): (3.02, -2.01) m, wall time: 11.748 seconds 
[ Info: time: 4481 days, iteration: 322632, Δt: 20 minutes,max|u|: (1.93e+00, 1.53e+00, 7.09e-03) m s⁻¹, extrema(T): (31.21, -1.91) ᵒC, extrema(S): (39.67, 19.52) g/kg, extrema(η): (3.88, -2.16) m, wall time: 11.750 seconds 
[ Info: time: 4482 days, iteration: 322704, Δt: 20 minutes,max|u|: (1.94e+00, 1.50e+00, 7.16e-03) m s⁻¹, extrema(T): (31.16, -1.91) ᵒC, extrema(S): (39.67, 19.43) g/kg, extrema(η): (4.19, -2.16) m, wall time: 11.707 seconds 
[ Info: time: 4483 days, iteration: 322776, Δt: 20 minutes,max|u|: (1.91e+00, 1.62e+00, 7.12e-03) m s⁻¹, extrema(T): (31.20, -1.91) ᵒC, extrema(S): (39.67, 19.51) g/kg, extrema(η): (3.08, -2.17) m, wall time: 11.642 seconds 
[ Info: time: 4484 days, iteration: 322848, Δt: 20 minutes,max|u|: (1.94e+00, 2.10e+00, 7.10e-03) m s⁻¹, extrema(T): (31.18, -1.91) ᵒC, extrema(S): (39.67, 19.53) g/kg, extrema(η): (2.92, -3.37) m, wall time: 16.373 seconds 
[ Info: time: 4485 days, iteration: 322920, Δt: 20 minutes,max|u|: (1.92e+00, 2.25e+00, 7.09e-03) m s⁻¹, extrema(T): (31.21, -1.91) ᵒC, extrema(S): (39.66, 19.47) g/kg, extrema(η): (2.61, -2.19) m, wall time: 11.809 seconds 
[ Info: time: 4486 days, iteration: 322992, Δt: 20 minutes,max|u|: (1.93e+00, 1.56e+00, 7.10e-03) m s⁻¹, extrema(T): (31.23, -1.91) ᵒC, extrema(S): (39.66, 19.51) g/kg, extrema(η): (2.70, -2.14) m, wall time: 11.621 seconds 
[ Info: time: 4487 days, iteration: 323064, Δt: 20 minutes,max|u|: (2.05e+00, 1.47e+00, 7.02e-03) m s⁻¹, extrema(T): (31.36, -1.92) ᵒC, extrema(S): (39.66, 19.39) g/kg, extrema(η): (4.41, -2.04) m, wall time: 11.788 seconds 
[ Info: time: 4488 days, iteration: 323136, Δt: 20 minutes,max|u|: (1.99e+00, 1.66e+00, 7.03e-03) m s⁻¹, extrema(T): (31.29, -1.92) ᵒC, extrema(S): (39.66, 19.47) g/kg, extrema(η): (1.33, -1.93) m, wall time: 11.719 seconds 
[ Info: time: 4489 days, iteration: 323208, Δt: 20 minutes,max|u|: (2.00e+00, 1.48e+00, 7.00e-03) m s⁻¹, extrema(T): (31.32, -1.91) ᵒC, extrema(S): (39.66, 19.53) g/kg, extrema(η): (1.19, -3.28) m, wall time: 11.722 seconds 
[ Info: time: 4490 days, iteration: 323280, Δt: 20 minutes,max|u|: (2.00e+00, 1.49e+00, 6.96e-03) m s⁻¹, extrema(T): (31.41, -1.91) ᵒC, extrema(S): (39.66, 19.53) g/kg, extrema(η): (1.50, -2.72) m, wall time: 11.635 seconds 
[ Info: time: 4491 days, iteration: 323352, Δt: 20 minutes,max|u|: (2.00e+00, 1.67e+00, 6.92e-03) m s⁻¹, extrema(T): (31.32, -1.92) ᵒC, extrema(S): (39.66, 19.55) g/kg, extrema(η): (1.62, -1.86) m, wall time: 11.671 seconds 
[ Info: time: 4492 days, iteration: 323424, Δt: 20 minutes,max|u|: (1.99e+00, 1.51e+00, 6.88e-03) m s⁻¹, extrema(T): (31.25, -1.91) ᵒC, extrema(S): (39.66, 19.44) g/kg, extrema(η): (4.43, -1.94) m, wall time: 11.684 seconds 
[ Info: time: 4493 days, iteration: 323496, Δt: 20 minutes,max|u|: (1.94e+00, 1.56e+00, 6.91e-03) m s⁻¹, extrema(T): (31.19, -1.92) ᵒC, extrema(S): (39.66, 19.45) g/kg, extrema(η): (2.53, -1.99) m, wall time: 11.631 seconds 
[ Info: time: 4494 days, iteration: 323568, Δt: 20 minutes,max|u|: (1.94e+00, 1.51e+00, 6.90e-03) m s⁻¹, extrema(T): (31.29, -1.92) ᵒC, extrema(S): (39.66, 19.47) g/kg, extrema(η): (1.44, -2.12) m, wall time: 11.690 seconds 
[ Info: time: 4495 days, iteration: 323640, Δt: 20 minutes,max|u|: (1.92e+00, 1.51e+00, 6.81e-03) m s⁻¹, extrema(T): (31.22, -1.92) ᵒC, extrema(S): (39.66, 19.37) g/kg, extrema(η): (1.37, -3.48) m, wall time: 11.656 seconds 
[ Info: time: 4496 days, iteration: 323712, Δt: 20 minutes,max|u|: (1.97e+00, 1.63e+00, 6.80e-03) m s⁻¹, extrema(T): (31.17, -1.92) ᵒC, extrema(S): (39.67, 19.35) g/kg, extrema(η): (1.28, -2.05) m, wall time: 16.426 seconds 
[ Info: time: 4497 days, iteration: 323784, Δt: 20 minutes,max|u|: (1.99e+00, 1.49e+00, 6.82e-03) m s⁻¹, extrema(T): (31.20, -1.92) ᵒC, extrema(S): (39.67, 19.56) g/kg, extrema(η): (3.81, -1.93) m, wall time: 11.702 seconds 
[ Info: time: 4498 days, iteration: 323856, Δt: 20 minutes,max|u|: (1.97e+00, 1.48e+00, 6.81e-03) m s⁻¹, extrema(T): (31.30, -1.92) ᵒC, extrema(S): (39.67, 19.49) g/kg, extrema(η): (3.48, -2.07) m, wall time: 11.660 seconds 
[ Info: time: 4499 days, iteration: 323928, Δt: 20 minutes,max|u|: (2.06e+00, 1.82e+00, 6.77e-03) m s⁻¹, extrema(T): (31.27, -1.92) ᵒC, extrema(S): (39.67, 19.67) g/kg, extrema(η): (1.33, -1.96) m, wall time: 11.706 seconds 
[ Info: time: 4500 days, iteration: 324000, Δt: 20 minutes,max|u|: (1.91e+00, 1.45e+00, 6.74e-03) m s⁻¹, extrema(T): (31.29, -1.92) ᵒC, extrema(S): (39.67, 19.60) g/kg, extrema(η): (1.35, -3.43) m, wall time: 11.634 seconds 
[ Info: time: 4501 days, iteration: 324072, Δt: 20 minutes,max|u|: (1.90e+00, 1.60e+00, 6.73e-03) m s⁻¹, extrema(T): (31.24, -1.92) ᵒC, extrema(S): (39.66, 19.66) g/kg, extrema(η): (1.88, -2.18) m, wall time: 11.679 seconds 
[ Info: time: 4502 days, iteration: 324144, Δt: 20 minutes,max|u|: (1.91e+00, 1.62e+00, 6.77e-03) m s⁻¹, extrema(T): (31.21, -1.92) ᵒC, extrema(S): (39.65, 19.62) g/kg, extrema(η): (3.03, -2.09) m, wall time: 11.646 seconds 
[ Info: time: 4503 days, iteration: 324216, Δt: 20 minutes,max|u|: (1.89e+00, 1.45e+00, 6.78e-03) m s⁻¹, extrema(T): (31.26, -1.93) ᵒC, extrema(S): (39.66, 19.57) g/kg, extrema(η): (4.65, -2.09) m, wall time: 11.710 seconds 
[ Info: time: 4504 days, iteration: 324288, Δt: 20 minutes,max|u|: (1.86e+00, 1.74e+00, 6.80e-03) m s⁻¹, extrema(T): (31.32, -1.91) ᵒC, extrema(S): (39.66, 19.58) g/kg, extrema(η): (2.88, -2.21) m, wall time: 11.691 seconds 
[ Info: time: 4505 days, iteration: 324360, Δt: 20 minutes,max|u|: (1.80e+00, 1.45e+00, 6.79e-03) m s⁻¹, extrema(T): (31.31, -1.93) ᵒC, extrema(S): (39.66, 19.46) g/kg, extrema(η): (3.30, -3.77) m, wall time: 11.716 seconds 
[ Info: time: 4506 days, iteration: 324432, Δt: 20 minutes,max|u|: (1.80e+00, 1.56e+00, 6.79e-03) m s⁻¹, extrema(T): (31.34, -1.91) ᵒC, extrema(S): (39.67, 19.57) g/kg, extrema(η): (3.23, -2.08) m, wall time: 11.700 seconds 
[ Info: time: 4507 days, iteration: 324504, Δt: 20 minutes,max|u|: (1.80e+00, 1.60e+00, 6.80e-03) m s⁻¹, extrema(T): (31.34, -1.92) ᵒC, extrema(S): (39.67, 19.57) g/kg, extrema(η): (3.04, -1.99) m, wall time: 12.933 seconds 
[ Info: time: 4508 days, iteration: 324576, Δt: 20 minutes,max|u|: (1.89e+00, 1.46e+00, 6.75e-03) m s⁻¹, extrema(T): (31.33, -1.92) ᵒC, extrema(S): (39.67, 19.63) g/kg, extrema(η): (4.18, -1.95) m, wall time: 11.642 seconds 
[ Info: time: 4509 days, iteration: 324648, Δt: 20 minutes,max|u|: (1.93e+00, 1.63e+00, 6.75e-03) m s⁻¹, extrema(T): (31.33, -1.92) ᵒC, extrema(S): (39.67, 19.29) g/kg, extrema(η): (2.26, -1.91) m, wall time: 16.338 seconds 
[ Info: time: 4510 days, iteration: 324720, Δt: 20 minutes,max|u|: (2.20e+00, 1.58e+00, 6.75e-03) m s⁻¹, extrema(T): (31.31, -1.92) ᵒC, extrema(S): (39.67, 18.33) g/kg, extrema(η): (1.75, -3.35) m, wall time: 11.633 seconds 
[ Info: time: 4511 days, iteration: 324792, Δt: 20 minutes,max|u|: (2.15e+00, 1.90e+00, 6.79e-03) m s⁻¹, extrema(T): (31.32, -1.91) ᵒC, extrema(S): (39.66, 17.69) g/kg, extrema(η): (1.45, -3.05) m, wall time: 11.690 seconds 
[ Info: time: 4512 days, iteration: 324864, Δt: 20 minutes,max|u|: (2.36e+00, 1.72e+00, 6.85e-03) m s⁻¹, extrema(T): (31.35, -1.90) ᵒC, extrema(S): (39.66, 17.42) g/kg, extrema(η): (1.82, -2.06) m, wall time: 11.661 seconds 
[ Info: time: 4513 days, iteration: 324936, Δt: 20 minutes,max|u|: (2.49e+00, 1.51e+00, 6.88e-03) m s⁻¹, extrema(T): (31.38, -1.89) ᵒC, extrema(S): (39.66, 16.86) g/kg, extrema(η): (4.29, -2.08) m, wall time: 11.724 seconds 
[ Info: time: 4514 days, iteration: 325008, Δt: 20 minutes,max|u|: (2.23e+00, 1.58e+00, 6.94e-03) m s⁻¹, extrema(T): (31.33, -1.90) ᵒC, extrema(S): (39.67, 16.85) g/kg, extrema(η): (1.95, -2.08) m, wall time: 11.623 seconds 
[ Info: time: 4515 days, iteration: 325080, Δt: 20 minutes,max|u|: (1.82e+00, 1.44e+00, 7.01e-03) m s⁻¹, extrema(T): (31.31, -1.90) ᵒC, extrema(S): (39.67, 16.38) g/kg, extrema(η): (1.22, -2.91) m, wall time: 11.658 seconds 
[ Info: time: 4516 days, iteration: 325152, Δt: 20 minutes,max|u|: (1.68e+00, 1.43e+00, 7.06e-03) m s⁻¹, extrema(T): (31.30, -1.91) ᵒC, extrema(S): (39.67, 16.15) g/kg, extrema(η): (1.52, -3.76) m, wall time: 11.679 seconds 
[ Info: time: 4517 days, iteration: 325224, Δt: 20 minutes,max|u|: (1.57e+00, 1.64e+00, 6.98e-03) m s⁻¹, extrema(T): (31.34, -1.92) ᵒC, extrema(S): (39.67, 16.39) g/kg, extrema(η): (1.40, -2.10) m, wall time: 11.604 seconds 
[ Info: time: 4518 days, iteration: 325296, Δt: 20 minutes,max|u|: (1.96e+00, 1.45e+00, 6.95e-03) m s⁻¹, extrema(T): (31.35, -1.92) ᵒC, extrema(S): (39.68, 16.44) g/kg, extrema(η): (4.04, -2.12) m, wall time: 11.637 seconds 
[ Info: time: 4519 days, iteration: 325368, Δt: 20 minutes,max|u|: (1.60e+00, 1.43e+00, 6.98e-03) m s⁻¹, extrema(T): (31.34, -1.92) ᵒC, extrema(S): (39.68, 16.02) g/kg, extrema(η): (3.01, -1.88) m, wall time: 11.679 seconds 
[ Info: time: 4520 days, iteration: 325440, Δt: 20 minutes,max|u|: (1.58e+00, 1.63e+00, 6.98e-03) m s⁻¹, extrema(T): (31.43, -1.93) ᵒC, extrema(S): (39.68, 16.32) g/kg, extrema(η): (1.24, -2.23) m, wall time: 11.722 seconds 
[ Info: time: 4521 days, iteration: 325512, Δt: 20 minutes,max|u|: (1.74e+00, 1.52e+00, 7.05e-03) m s⁻¹, extrema(T): (31.50, -1.93) ᵒC, extrema(S): (39.68, 17.21) g/kg, extrema(η): (1.36, -3.83) m, wall time: 16.368 seconds 
[ Info: time: 4522 days, iteration: 325584, Δt: 20 minutes,max|u|: (1.67e+00, 1.80e+00, 7.05e-03) m s⁻¹, extrema(T): (31.51, -1.93) ᵒC, extrema(S): (39.69, 16.98) g/kg, extrema(η): (1.23, -2.05) m, wall time: 11.628 seconds 
[ Info: time: 4523 days, iteration: 325656, Δt: 20 minutes,max|u|: (1.51e+00, 1.42e+00, 7.00e-03) m s⁻¹, extrema(T): (31.49, -1.93) ᵒC, extrema(S): (39.69, 16.81) g/kg, extrema(η): (3.47, -2.10) m, wall time: 11.711 seconds 
[ Info: time: 4524 days, iteration: 325728, Δt: 20 minutes,max|u|: (1.50e+00, 1.47e+00, 7.01e-03) m s⁻¹, extrema(T): (31.50, -1.93) ᵒC, extrema(S): (39.69, 17.23) g/kg, extrema(η): (3.72, -2.01) m, wall time: 11.658 seconds 
[ Info: time: 4525 days, iteration: 325800, Δt: 20 minutes,max|u|: (1.57e+00, 1.66e+00, 7.00e-03) m s⁻¹, extrema(T): (31.50, -1.93) ᵒC, extrema(S): (39.69, 17.41) g/kg, extrema(η): (2.46, -1.87) m, wall time: 11.709 seconds 
[ Info: time: 4526 days, iteration: 325872, Δt: 20 minutes,max|u|: (1.60e+00, 1.40e+00, 6.98e-03) m s⁻¹, extrema(T): (31.45, -1.93) ᵒC, extrema(S): (39.69, 18.28) g/kg, extrema(η): (2.99, -3.69) m, wall time: 11.624 seconds 
[ Info: time: 4527 days, iteration: 325944, Δt: 20 minutes,max|u|: (1.66e+00, 1.50e+00, 6.91e-03) m s⁻¹, extrema(T): (31.40, -1.92) ᵒC, extrema(S): (39.69, 18.92) g/kg, extrema(η): (3.31, -2.01) m, wall time: 11.747 seconds 
[ Info: time: 4528 days, iteration: 326016, Δt: 20 minutes,max|u|: (1.51e+00, 1.61e+00, 6.91e-03) m s⁻¹, extrema(T): (31.39, -1.92) ᵒC, extrema(S): (39.69, 18.73) g/kg, extrema(η): (3.47, -2.00) m, wall time: 11.706 seconds 
[ Info: time: 4529 days, iteration: 326088, Δt: 20 minutes,max|u|: (1.56e+00, 1.38e+00, 6.89e-03) m s⁻¹, extrema(T): (31.36, -1.93) ᵒC, extrema(S): (39.69, 18.91) g/kg, extrema(η): (4.55, -2.07) m, wall time: 11.668 seconds 
[ Info: time: 4530 days, iteration: 326160, Δt: 20 minutes,max|u|: (1.43e+00, 1.65e+00, 6.90e-03) m s⁻¹, extrema(T): (31.33, -1.94) ᵒC, extrema(S): (39.69, 19.06) g/kg, extrema(η): (3.12, -2.04) m, wall time: 11.706 seconds 
[ Info: time: 4531 days, iteration: 326232, Δt: 20 minutes,max|u|: (1.57e+00, 1.37e+00, 6.91e-03) m s⁻¹, extrema(T): (31.30, -1.94) ᵒC, extrema(S): (39.69, 19.18) g/kg, extrema(η): (2.79, -3.04) m, wall time: 11.686 seconds 
[ Info: time: 4532 days, iteration: 326304, Δt: 20 minutes,max|u|: (1.41e+00, 1.47e+00, 6.89e-03) m s⁻¹, extrema(T): (31.30, -1.94) ᵒC, extrema(S): (39.70, 18.84) g/kg, extrema(η): (2.38, -2.95) m, wall time: 11.678 seconds 
[ Info: time: 4533 days, iteration: 326376, Δt: 20 minutes,max|u|: (1.66e+00, 1.69e+00, 6.86e-03) m s⁻¹, extrema(T): (31.25, -1.94) ᵒC, extrema(S): (39.70, 18.38) g/kg, extrema(η): (1.96, -2.12) m, wall time: 11.644 seconds 
[ Info: time: 4534 days, iteration: 326448, Δt: 20 minutes,max|u|: (1.39e+00, 1.37e+00, 6.82e-03) m s⁻¹, extrema(T): (31.26, -1.94) ᵒC, extrema(S): (39.70, 17.83) g/kg, extrema(η): (4.63, -1.95) m, wall time: 16.300 seconds 
[ Info: time: 4535 days, iteration: 326520, Δt: 20 minutes,max|u|: (1.41e+00, 1.60e+00, 6.86e-03) m s⁻¹, extrema(T): (31.25, -1.92) ᵒC, extrema(S): (39.71, 17.48) g/kg, extrema(η): (2.26, -1.94) m, wall time: 11.713 seconds 
[ Info: time: 4536 days, iteration: 326592, Δt: 20 minutes,max|u|: (1.43e+00, 1.40e+00, 6.84e-03) m s⁻¹, extrema(T): (31.27, -1.93) ᵒC, extrema(S): (39.71, 16.50) g/kg, extrema(η): (1.26, -2.60) m, wall time: 15.566 seconds 
[ Info: time: 4537 days, iteration: 326664, Δt: 20 minutes,max|u|: (1.47e+00, 1.39e+00, 6.78e-03) m s⁻¹, extrema(T): (31.27, -1.94) ᵒC, extrema(S): (39.71, 16.49) g/kg, extrema(η): (1.24, -3.40) m, wall time: 11.646 seconds 
[ Info: time: 4538 days, iteration: 326736, Δt: 20 minutes,max|u|: (1.48e+00, 1.72e+00, 6.69e-03) m s⁻¹, extrema(T): (31.27, -1.94) ᵒC, extrema(S): (39.72, 16.89) g/kg, extrema(η): (1.25, -2.01) m, wall time: 12.753 seconds 
[ Info: time: 4539 days, iteration: 326808, Δt: 20 minutes,max|u|: (1.52e+00, 1.40e+00, 6.66e-03) m s⁻¹, extrema(T): (31.26, -1.94) ᵒC, extrema(S): (39.72, 16.55) g/kg, extrema(η): (4.21, -2.00) m, wall time: 11.701 seconds 
[ Info: time: 4540 days, iteration: 326880, Δt: 20 minutes,max|u|: (1.75e+00, 1.40e+00, 6.68e-03) m s⁻¹, extrema(T): (31.26, -1.94) ᵒC, extrema(S): (39.72, 16.87) g/kg, extrema(η): (3.13, -2.00) m, wall time: 11.666 seconds 
[ Info: time: 4541 days, iteration: 326952, Δt: 20 minutes,max|u|: (2.05e+00, 1.60e+00, 6.76e-03) m s⁻¹, extrema(T): (31.25, -1.94) ᵒC, extrema(S): (39.72, 16.43) g/kg, extrema(η): (1.25, -1.98) m, wall time: 11.753 seconds 
[ Info: time: 4542 days, iteration: 327024, Δt: 20 minutes,max|u|: (2.25e+00, 1.38e+00, 6.81e-03) m s⁻¹, extrema(T): (31.25, -1.94) ᵒC, extrema(S): (39.73, 16.07) g/kg, extrema(η): (1.30, -3.84) m, wall time: 11.744 seconds 
[ Info: time: 4543 days, iteration: 327096, Δt: 20 minutes,max|u|: (2.11e+00, 1.75e+00, 6.78e-03) m s⁻¹, extrema(T): (31.26, -1.94) ᵒC, extrema(S): (39.73, 15.93) g/kg, extrema(η): (1.33, -1.96) m, wall time: 11.616 seconds 
[ Info: time: 4544 days, iteration: 327168, Δt: 20 minutes,max|u|: (2.03e+00, 1.38e+00, 6.85e-03) m s⁻¹, extrema(T): (31.21, -1.94) ᵒC, extrema(S): (39.73, 16.15) g/kg, extrema(η): (3.59, -1.97) m, wall time: 11.723 seconds 
[ Info: time: 4545 days, iteration: 327240, Δt: 20 minutes,max|u|: (1.95e+00, 1.37e+00, 6.81e-03) m s⁻¹, extrema(T): (31.20, -1.94) ᵒC, extrema(S): (39.73, 15.84) g/kg, extrema(η): (3.65, -1.88) m, wall time: 11.666 seconds 
[ Info: time: 4546 days, iteration: 327312, Δt: 20 minutes,max|u|: (2.05e+00, 1.67e+00, 6.80e-03) m s⁻¹, extrema(T): (31.18, -1.95) ᵒC, extrema(S): (39.74, 15.44) g/kg, extrema(η): (1.42, -1.99) m, wall time: 16.300 seconds 
[ Info: time: 4547 days, iteration: 327384, Δt: 20 minutes,max|u|: (2.45e+00, 1.63e+00, 6.80e-03) m s⁻¹, extrema(T): (31.15, -1.95) ᵒC, extrema(S): (39.74, 15.31) g/kg, extrema(η): (1.46, -3.69) m, wall time: 11.913 seconds 
[ Info: time: 4548 days, iteration: 327456, Δt: 20 minutes,max|u|: (1.68e+00, 1.60e+00, 6.83e-03) m s⁻¹, extrema(T): (31.15, -1.95) ᵒC, extrema(S): (39.75, 15.51) g/kg, extrema(η): (1.92, -2.03) m, wall time: 11.651 seconds 
[ Info: time: 4549 days, iteration: 327528, Δt: 20 minutes,max|u|: (1.70e+00, 1.53e+00, 6.76e-03) m s⁻¹, extrema(T): (31.14, -1.95) ᵒC, extrema(S): (39.75, 16.48) g/kg, extrema(η): (2.79, -1.98) m, wall time: 11.769 seconds 
[ Info: time: 4550 days, iteration: 327600, Δt: 20 minutes,max|u|: (2.25e+00, 1.38e+00, 6.65e-03) m s⁻¹, extrema(T): (31.08, -1.94) ᵒC, extrema(S): (39.75, 15.75) g/kg, extrema(η): (4.19, -2.02) m, wall time: 11.695 seconds 
[ Info: time: 4551 days, iteration: 327672, Δt: 20 minutes,max|u|: (2.20e+00, 1.72e+00, 6.74e-03) m s⁻¹, extrema(T): (30.95, -1.95) ᵒC, extrema(S): (39.75, 15.14) g/kg, extrema(η): (3.10, -2.12) m, wall time: 11.671 seconds 
[ Info: time: 4552 days, iteration: 327744, Δt: 20 minutes,max|u|: (2.40e+00, 2.14e+00, 6.80e-03) m s⁻¹, extrema(T): (30.92, -1.95) ᵒC, extrema(S): (39.75, 15.77) g/kg, extrema(η): (3.27, -3.16) m, wall time: 11.760 seconds 
[ Info: time: 4553 days, iteration: 327816, Δt: 20 minutes,max|u|: (2.30e+00, 1.40e+00, 6.80e-03) m s⁻¹, extrema(T): (30.93, -1.95) ᵒC, extrema(S): (39.75, 16.36) g/kg, extrema(η): (3.24, -2.61) m, wall time: 11.668 seconds 
[ Info: time: 4554 days, iteration: 327888, Δt: 20 minutes,max|u|: (1.79e+00, 1.74e+00, 6.92e-03) m s⁻¹, extrema(T): (31.00, -1.95) ᵒC, extrema(S): (39.75, 16.20) g/kg, extrema(η): (3.17, -2.15) m, wall time: 11.666 seconds 
[ Info: time: 4555 days, iteration: 327960, Δt: 20 minutes,max|u|: (1.65e+00, 1.57e+00, 6.93e-03) m s⁻¹, extrema(T): (30.98, -1.95) ᵒC, extrema(S): (39.76, 15.77) g/kg, extrema(η): (4.61, -2.13) m, wall time: 11.705 seconds 
[ Info: time: 4556 days, iteration: 328032, Δt: 20 minutes,max|u|: (1.57e+00, 1.56e+00, 6.93e-03) m s⁻¹, extrema(T): (30.96, -1.95) ᵒC, extrema(S): (39.76, 15.87) g/kg, extrema(η): (2.46, -2.06) m, wall time: 11.678 seconds 
[ Info: time: 4557 days, iteration: 328104, Δt: 20 minutes,max|u|: (1.78e+00, 1.55e+00, 6.95e-03) m s⁻¹, extrema(T): (31.05, -1.95) ᵒC, extrema(S): (39.76, 15.43) g/kg, extrema(η): (2.07, -2.58) m, wall time: 11.705 seconds 
[ Info: time: 4558 days, iteration: 328176, Δt: 20 minutes,max|u|: (1.89e+00, 1.44e+00, 6.89e-03) m s⁻¹, extrema(T): (31.10, -1.95) ᵒC, extrema(S): (39.76, 14.97) g/kg, extrema(η): (1.67, -3.30) m, wall time: 16.289 seconds 
[ Info: time: 4559 days, iteration: 328248, Δt: 20 minutes,max|u|: (2.09e+00, 1.72e+00, 6.87e-03) m s⁻¹, extrema(T): (31.23, -1.95) ᵒC, extrema(S): (39.76, 14.46) g/kg, extrema(η): (1.36, -1.97) m, wall time: 11.758 seconds 
[ Info: time: 4560 days, iteration: 328320, Δt: 20 minutes,max|u|: (1.86e+00, 1.47e+00, 6.89e-03) m s⁻¹, extrema(T): (31.18, -1.93) ᵒC, extrema(S): (39.77, 14.24) g/kg, extrema(η): (4.24, -1.99) m, wall time: 11.732 seconds 
[ Info: time: 4561 days, iteration: 328392, Δt: 20 minutes,max|u|: (1.58e+00, 1.46e+00, 6.91e-03) m s⁻¹, extrema(T): (31.21, -1.91) ᵒC, extrema(S): (39.77, 13.88) g/kg, extrema(η): (3.32, -2.12) m, wall time: 11.646 seconds 
[ Info: time: 4562 days, iteration: 328464, Δt: 20 minutes,max|u|: (1.75e+00, 1.51e+00, 6.93e-03) m s⁻¹, extrema(T): (31.21, -1.91) ᵒC, extrema(S): (39.78, 13.69) g/kg, extrema(η): (1.56, -2.20) m, wall time: 11.750 seconds 
[ Info: time: 4563 days, iteration: 328536, Δt: 20 minutes,max|u|: (1.64e+00, 1.46e+00, 6.85e-03) m s⁻¹, extrema(T): (31.26, -1.91) ᵒC, extrema(S): (39.78, 13.79) g/kg, extrema(η): (1.47, -3.86) m, wall time: 11.661 seconds 
[ Info: time: 4564 days, iteration: 328608, Δt: 20 minutes,max|u|: (1.84e+00, 1.67e+00, 6.81e-03) m s⁻¹, extrema(T): (31.12, -1.91) ᵒC, extrema(S): (39.78, 13.86) g/kg, extrema(η): (1.49, -2.21) m, wall time: 11.710 seconds 
[ Info: time: 4565 days, iteration: 328680, Δt: 20 minutes,max|u|: (2.01e+00, 1.45e+00, 6.84e-03) m s⁻¹, extrema(T): (31.07, -1.92) ᵒC, extrema(S): (39.79, 15.97) g/kg, extrema(η): (3.63, -2.25) m, wall time: 11.609 seconds 
[ Info: time: 4566 days, iteration: 328752, Δt: 20 minutes,max|u|: (1.78e+00, 1.44e+00, 6.91e-03) m s⁻¹, extrema(T): (31.08, -1.92) ᵒC, extrema(S): (39.78, 15.26) g/kg, extrema(η): (3.78, -2.16) m, wall time: 11.720 seconds 
[ Info: time: 4567 days, iteration: 328824, Δt: 20 minutes,max|u|: (2.29e+00, 1.79e+00, 6.91e-03) m s⁻¹, extrema(T): (31.08, -1.93) ᵒC, extrema(S): (39.79, 14.64) g/kg, extrema(η): (1.46, -2.01) m, wall time: 11.942 seconds 
[ Info: time: 4568 days, iteration: 328896, Δt: 20 minutes,max|u|: (2.25e+00, 1.42e+00, 6.91e-03) m s⁻¹, extrema(T): (31.08, -1.93) ᵒC, extrema(S): (39.79, 14.17) g/kg, extrema(η): (1.49, -3.72) m, wall time: 11.667 seconds 
[ Info: time: 4569 days, iteration: 328968, Δt: 20 minutes,max|u|: (1.93e+00, 1.54e+00, 6.89e-03) m s⁻¹, extrema(T): (31.28, -1.93) ᵒC, extrema(S): (39.79, 14.96) g/kg, extrema(η): (1.40, -2.02) m, wall time: 13.445 seconds 
[ Info: time: 4570 days, iteration: 329040, Δt: 20 minutes,max|u|: (2.15e+00, 1.57e+00, 6.94e-03) m s⁻¹, extrema(T): (31.19, -1.93) ᵒC, extrema(S): (39.79, 14.59) g/kg, extrema(η): (2.88, -2.13) m, wall time: 11.750 seconds 
[ Info: time: 4571 days, iteration: 329112, Δt: 20 minutes,max|u|: (2.65e+00, 1.41e+00, 6.97e-03) m s⁻¹, extrema(T): (31.10, -1.94) ᵒC, extrema(S): (39.80, 14.23) g/kg, extrema(η): (4.47, -2.11) m, wall time: 16.284 seconds 
[ Info: time: 4572 days, iteration: 329184, Δt: 20 minutes,max|u|: (2.25e+00, 1.64e+00, 7.07e-03) m s⁻¹, extrema(T): (31.31, -1.94) ᵒC, extrema(S): (39.80, 15.51) g/kg, extrema(η): (2.25, -2.10) m, wall time: 11.761 seconds 
[ Info: time: 4573 days, iteration: 329256, Δt: 20 minutes,max|u|: (2.14e+00, 1.61e+00, 7.08e-03) m s⁻¹, extrema(T): (31.65, -1.94) ᵒC, extrema(S): (39.81, 15.32) g/kg, extrema(η): (2.73, -3.23) m, wall time: 11.737 seconds 
[ Info: time: 4574 days, iteration: 329328, Δt: 20 minutes,max|u|: (2.24e+00, 1.42e+00, 7.09e-03) m s⁻¹, extrema(T): (31.59, -1.95) ᵒC, extrema(S): (39.80, 14.75) g/kg, extrema(η): (3.09, -2.88) m, wall time: 11.755 seconds 
[ Info: time: 4575 days, iteration: 329400, Δt: 20 minutes,max|u|: (2.59e+00, 1.73e+00, 7.03e-03) m s⁻¹, extrema(T): (31.65, -1.95) ᵒC, extrema(S): (39.80, 14.23) g/kg, extrema(η): (3.33, -1.99) m, wall time: 11.783 seconds 
[ Info: time: 4576 days, iteration: 329472, Δt: 20 minutes,max|u|: (1.85e+00, 1.43e+00, 7.03e-03) m s⁻¹, extrema(T): (31.61, -1.95) ᵒC, extrema(S): (39.80, 15.38) g/kg, extrema(η): (4.52, -2.12) m, wall time: 11.648 seconds 
[ Info: time: 4577 days, iteration: 329544, Δt: 20 minutes,max|u|: (1.85e+00, 1.50e+00, 7.01e-03) m s⁻¹, extrema(T): (31.51, -1.96) ᵒC, extrema(S): (39.81, 15.28) g/kg, extrema(η): (3.28, -2.07) m, wall time: 11.728 seconds 
[ Info: time: 4578 days, iteration: 329616, Δt: 20 minutes,max|u|: (1.80e+00, 1.45e+00, 7.06e-03) m s⁻¹, extrema(T): (31.60, -1.96) ᵒC, extrema(S): (39.81, 15.51) g/kg, extrema(η): (3.02, -2.36) m, wall time: 11.654 seconds 
[ Info: time: 4579 days, iteration: 329688, Δt: 20 minutes,max|u|: (1.79e+00, 1.46e+00, 7.09e-03) m s⁻¹, extrema(T): (31.71, -1.96) ᵒC, extrema(S): (39.81, 14.60) g/kg, extrema(η): (2.77, -3.49) m, wall time: 11.656 seconds 
[ Info: time: 4580 days, iteration: 329760, Δt: 20 minutes,max|u|: (2.23e+00, 1.74e+00, 7.02e-03) m s⁻¹, extrema(T): (31.69, -1.96) ᵒC, extrema(S): (39.82, 15.90) g/kg, extrema(η): (2.48, -2.14) m, wall time: 11.681 seconds 
[ Info: time: 4581 days, iteration: 329832, Δt: 20 minutes,max|u|: (1.60e+00, 1.47e+00, 6.95e-03) m s⁻¹, extrema(T): (31.69, -1.94) ᵒC, extrema(S): (39.82, 16.53) g/kg, extrema(η): (4.22, -2.10) m, wall time: 11.739 seconds 
[ Info: time: 4582 days, iteration: 329904, Δt: 20 minutes,max|u|: (1.62e+00, 1.46e+00, 6.89e-03) m s⁻¹, extrema(T): (31.77, -1.94) ᵒC, extrema(S): (39.82, 15.57) g/kg, extrema(η): (3.27, -2.06) m, wall time: 11.704 seconds 
[ Info: time: 4583 days, iteration: 329976, Δt: 20 minutes,max|u|: (1.87e+00, 1.59e+00, 6.87e-03) m s⁻¹, extrema(T): (32.10, -1.94) ᵒC, extrema(S): (39.82, 16.33) g/kg, extrema(η): (1.42, -1.89) m, wall time: 16.379 seconds 
[ Info: time: 4584 days, iteration: 330048, Δt: 20 minutes,max|u|: (2.04e+00, 1.46e+00, 6.81e-03) m s⁻¹, extrema(T): (32.23, -1.94) ᵒC, extrema(S): (39.82, 16.67) g/kg, extrema(η): (1.55, -3.83) m, wall time: 11.823 seconds 
[ Info: time: 4585 days, iteration: 330120, Δt: 20 minutes,max|u|: (1.85e+00, 1.61e+00, 6.78e-03) m s⁻¹, extrema(T): (32.20, -1.94) ᵒC, extrema(S): (39.83, 15.68) g/kg, extrema(η): (1.54, -1.98) m, wall time: 11.711 seconds 
[ Info: time: 4586 days, iteration: 330192, Δt: 20 minutes,max|u|: (1.94e+00, 1.45e+00, 6.73e-03) m s⁻¹, extrema(T): (32.19, -1.95) ᵒC, extrema(S): (39.83, 15.22) g/kg, extrema(η): (3.50, -1.99) m, wall time: 11.608 seconds 
[ Info: time: 4587 days, iteration: 330264, Δt: 20 minutes,max|u|: (1.84e+00, 1.44e+00, 6.70e-03) m s⁻¹, extrema(T): (32.31, -1.93) ᵒC, extrema(S): (39.83, 14.77) g/kg, extrema(η): (3.94, -2.05) m, wall time: 11.755 seconds 
[ Info: time: 4588 days, iteration: 330336, Δt: 20 minutes,max|u|: (1.64e+00, 1.71e+00, 6.69e-03) m s⁻¹, extrema(T): (32.16, -1.94) ᵒC, extrema(S): (39.83, 14.75) g/kg, extrema(η): (1.42, -2.14) m, wall time: 11.636 seconds 
[ Info: time: 4589 days, iteration: 330408, Δt: 20 minutes,max|u|: (1.97e+00, 1.46e+00, 6.66e-03) m s⁻¹, extrema(T): (32.30, -1.94) ᵒC, extrema(S): (39.84, 14.41) g/kg, extrema(η): (1.40, -3.74) m, wall time: 11.770 seconds 
[ Info: time: 4590 days, iteration: 330480, Δt: 20 minutes,max|u|: (2.25e+00, 1.51e+00, 6.62e-03) m s⁻¹, extrema(T): (32.25, -1.94) ᵒC, extrema(S): (39.85, 13.95) g/kg, extrema(η): (1.51, -2.26) m, wall time: 11.611 seconds 
[ Info: time: 4591 days, iteration: 330552, Δt: 20 minutes,max|u|: (1.92e+00, 1.56e+00, 6.62e-03) m s⁻¹, extrema(T): (32.12, -1.94) ᵒC, extrema(S): (39.84, 13.55) g/kg, extrema(η): (2.45, -2.04) m, wall time: 11.740 seconds 
[ Info: time: 4592 days, iteration: 330624, Δt: 20 minutes,max|u|: (1.66e+00, 1.41e+00, 6.63e-03) m s⁻¹, extrema(T): (32.16, -1.94) ᵒC, extrema(S): (39.84, 13.23) g/kg, extrema(η): (4.23, -2.07) m, wall time: 11.725 seconds 
[ Info: time: 4593 days, iteration: 330696, Δt: 20 minutes,max|u|: (1.55e+00, 1.65e+00, 6.63e-03) m s⁻¹, extrema(T): (32.16, -1.94) ᵒC, extrema(S): (39.84, 13.41) g/kg, extrema(η): (1.42, -2.01) m, wall time: 11.614 seconds 
[ Info: time: 4594 days, iteration: 330768, Δt: 20 minutes,max|u|: (1.57e+00, 1.50e+00, 6.73e-03) m s⁻¹, extrema(T): (32.06, -1.94) ᵒC, extrema(S): (39.85, 13.73) g/kg, extrema(η): (1.43, -3.13) m, wall time: 11.643 seconds 
[ Info: time: 4595 days, iteration: 330840, Δt: 20 minutes,max|u|: (1.54e+00, 1.56e+00, 6.77e-03) m s⁻¹, extrema(T): (32.05, -1.94) ᵒC, extrema(S): (39.85, 13.73) g/kg, extrema(η): (1.69, -2.98) m, wall time: 16.291 seconds 
[ Info: time: 4596 days, iteration: 330912, Δt: 20 minutes,max|u|: (1.54e+00, 1.78e+00, 6.78e-03) m s⁻¹, extrema(T): (32.02, -1.94) ᵒC, extrema(S): (39.86, 13.89) g/kg, extrema(η): (2.35, -2.03) m, wall time: 11.719 seconds 
[ Info: time: 4597 days, iteration: 330984, Δt: 20 minutes,max|u|: (1.62e+00, 1.64e+00, 6.76e-03) m s⁻¹, extrema(T): (31.94, -1.94) ᵒC, extrema(S): (39.85, 14.29) g/kg, extrema(η): (4.39, -2.11) m, wall time: 11.670 seconds 
[ Info: time: 4598 days, iteration: 331056, Δt: 20 minutes,max|u|: (1.48e+00, 1.65e+00, 6.78e-03) m s⁻¹, extrema(T): (31.79, -1.94) ᵒC, extrema(S): (39.87, 14.71) g/kg, extrema(η): (3.17, -2.07) m, wall time: 11.739 seconds 
[ Info: time: 4599 days, iteration: 331128, Δt: 20 minutes,max|u|: (1.55e+00, 1.62e+00, 6.85e-03) m s⁻¹, extrema(T): (31.72, -1.94) ᵒC, extrema(S): (39.86, 14.38) g/kg, extrema(η): (3.42, -2.15) m, wall time: 11.684 seconds 
[ Info: time: 4600 days, iteration: 331200, Δt: 20 minutes,max|u|: (1.64e+00, 1.60e+00, 6.85e-03) m s⁻¹, extrema(T): (31.77, -1.95) ᵒC, extrema(S): (39.87, 13.80) g/kg, extrema(η): (3.52, -3.56) m, wall time: 12.673 seconds 
[ Info: time: 4601 days, iteration: 331272, Δt: 20 minutes,max|u|: (1.70e+00, 1.77e+00, 6.77e-03) m s⁻¹, extrema(T): (31.79, -1.95) ᵒC, extrema(S): (39.88, 13.81) g/kg, extrema(η): (3.52, -2.18) m, wall time: 11.621 seconds 
[ Info: time: 4602 days, iteration: 331344, Δt: 20 minutes,max|u|: (1.64e+00, 1.54e+00, 6.79e-03) m s⁻¹, extrema(T): (31.58, -1.95) ᵒC, extrema(S): (39.88, 14.52) g/kg, extrema(η): (3.93, -2.09) m, wall time: 11.697 seconds 
[ Info: time: 4603 days, iteration: 331416, Δt: 20 minutes,max|u|: (1.74e+00, 1.51e+00, 6.76e-03) m s⁻¹, extrema(T): (31.51, -1.95) ᵒC, extrema(S): (39.88, 14.14) g/kg, extrema(η): (3.98, -1.92) m, wall time: 11.705 seconds 
[ Info: time: 4604 days, iteration: 331488, Δt: 20 minutes,max|u|: (1.86e+00, 1.70e+00, 6.76e-03) m s⁻¹, extrema(T): (31.54, -1.96) ᵒC, extrema(S): (39.87, 15.29) g/kg, extrema(η): (2.37, -1.87) m, wall time: 11.656 seconds 
[ Info: time: 4605 days, iteration: 331560, Δt: 20 minutes,max|u|: (1.88e+00, 1.49e+00, 6.74e-03) m s⁻¹, extrema(T): (31.60, -1.96) ᵒC, extrema(S): (39.87, 15.14) g/kg, extrema(η): (1.95, -3.76) m, wall time: 11.676 seconds 
[ Info: time: 4606 days, iteration: 331632, Δt: 20 minutes,max|u|: (1.61e+00, 1.86e+00, 6.77e-03) m s⁻¹, extrema(T): (31.59, -1.96) ᵒC, extrema(S): (39.88, 14.74) g/kg, extrema(η): (1.56, -2.05) m, wall time: 11.769 seconds 
[ Info: time: 4607 days, iteration: 331704, Δt: 20 minutes,max|u|: (1.97e+00, 1.50e+00, 6.87e-03) m s⁻¹, extrema(T): (31.48, -1.96) ᵒC, extrema(S): (39.87, 14.64) g/kg, extrema(η): (3.08, -2.07) m, wall time: 11.652 seconds 
[ Info: time: 4608 days, iteration: 331776, Δt: 20 minutes,max|u|: (1.75e+00, 1.43e+00, 6.94e-03) m s⁻¹, extrema(T): (31.43, -1.96) ᵒC, extrema(S): (39.87, 14.84) g/kg, extrema(η): (4.48, -2.00) m, wall time: 16.325 seconds 
[ Info: time: 4609 days, iteration: 331848, Δt: 20 minutes,max|u|: (2.35e+00, 1.65e+00, 6.98e-03) m s⁻¹, extrema(T): (31.42, -1.96) ᵒC, extrema(S): (39.88, 14.96) g/kg, extrema(η): (1.68, -2.17) m, wall time: 11.687 seconds 
[ Info: time: 4610 days, iteration: 331920, Δt: 20 minutes,max|u|: (2.22e+00, 1.57e+00, 6.99e-03) m s⁻¹, extrema(T): (31.45, -1.96) ᵒC, extrema(S): (39.88, 14.45) g/kg, extrema(η): (1.59, -3.19) m, wall time: 11.667 seconds 
[ Info: time: 4611 days, iteration: 331992, Δt: 20 minutes,max|u|: (2.25e+00, 1.41e+00, 6.99e-03) m s⁻¹, extrema(T): (31.49, -1.95) ᵒC, extrema(S): (39.88, 14.95) g/kg, extrema(η): (1.49, -2.53) m, wall time: 11.749 seconds 
[ Info: time: 4612 days, iteration: 332064, Δt: 20 minutes,max|u|: (1.99e+00, 1.68e+00, 7.01e-03) m s⁻¹, extrema(T): (31.49, -1.95) ᵒC, extrema(S): (39.88, 15.33) g/kg, extrema(η): (1.79, -2.05) m, wall time: 11.709 seconds 
[ Info: time: 4613 days, iteration: 332136, Δt: 20 minutes,max|u|: (2.17e+00, 1.40e+00, 7.00e-03) m s⁻¹, extrema(T): (31.38, -1.94) ᵒC, extrema(S): (39.88, 15.63) g/kg, extrema(η): (4.42, -1.91) m, wall time: 11.742 seconds 
[ Info: time: 4614 days, iteration: 332208, Δt: 20 minutes,max|u|: (2.02e+00, 1.62e+00, 7.06e-03) m s⁻¹, extrema(T): (31.37, -1.94) ᵒC, extrema(S): (39.88, 14.79) g/kg, extrema(η): (1.87, -2.08) m, wall time: 11.691 seconds 
[ Info: time: 4615 days, iteration: 332280, Δt: 20 minutes,max|u|: (2.06e+00, 1.42e+00, 7.14e-03) m s⁻¹, extrema(T): (31.41, -1.93) ᵒC, extrema(S): (39.88, 14.31) g/kg, extrema(η): (1.35, -2.82) m, wall time: 11.693 seconds 
[ Info: time: 4616 days, iteration: 332352, Δt: 20 minutes,max|u|: (2.34e+00, 1.42e+00, 7.11e-03) m s⁻¹, extrema(T): (31.42, -1.93) ᵒC, extrema(S): (39.88, 13.93) g/kg, extrema(η): (1.40, -3.75) m, wall time: 11.651 seconds 
[ Info: time: 4617 days, iteration: 332424, Δt: 20 minutes,max|u|: (2.04e+00, 1.80e+00, 7.18e-03) m s⁻¹, extrema(T): (31.44, -1.94) ᵒC, extrema(S): (39.89, 13.55) g/kg, extrema(η): (1.37, -2.04) m, wall time: 11.746 seconds 
[ Info: time: 4618 days, iteration: 332496, Δt: 20 minutes,max|u|: (2.07e+00, 1.42e+00, 7.29e-03) m s⁻¹, extrema(T): (31.46, -1.95) ᵒC, extrema(S): (39.88, 14.80) g/kg, extrema(η): (4.23, -1.98) m, wall time: 11.640 seconds 
[ Info: time: 4619 days, iteration: 332568, Δt: 20 minutes,max|u|: (2.27e+00, 1.57e+00, 7.16e-03) m s⁻¹, extrema(T): (31.46, -1.95) ᵒC, extrema(S): (39.88, 14.87) g/kg, extrema(η): (3.06, -1.98) m, wall time: 11.682 seconds 
[ Info: time: 4620 days, iteration: 332640, Δt: 20 minutes,max|u|: (2.24e+00, 1.90e+00, 7.09e-03) m s⁻¹, extrema(T): (31.47, -1.95) ᵒC, extrema(S): (39.89, 15.00) g/kg, extrema(η): (2.30, -2.13) m, wall time: 16.393 seconds 
[ Info: time: 4621 days, iteration: 332712, Δt: 20 minutes,max|u|: (2.07e+00, 1.41e+00, 7.10e-03) m s⁻¹, extrema(T): (31.49, -1.95) ᵒC, extrema(S): (39.89, 15.39) g/kg, extrema(η): (2.72, -3.99) m, wall time: 11.740 seconds 
[ Info: time: 4622 days, iteration: 332784, Δt: 20 minutes,max|u|: (1.80e+00, 2.58e+00, 7.12e-03) m s⁻¹, extrema(T): (31.49, -1.95) ᵒC, extrema(S): (39.89, 14.73) g/kg, extrema(η): (3.21, -1.91) m, wall time: 11.643 seconds 
[ Info: time: 4623 days, iteration: 332856, Δt: 20 minutes,max|u|: (1.95e+00, 1.74e+00, 7.05e-03) m s⁻¹, extrema(T): (31.50, -1.95) ᵒC, extrema(S): (39.89, 14.15) g/kg, extrema(η): (3.71, -1.89) m, wall time: 11.777 seconds 
[ Info: time: 4624 days, iteration: 332928, Δt: 20 minutes,max|u|: (2.17e+00, 1.77e+00, 7.06e-03) m s⁻¹, extrema(T): (31.53, -1.95) ᵒC, extrema(S): (39.89, 13.82) g/kg, extrema(η): (4.03, -2.01) m, wall time: 11.697 seconds 
[ Info: time: 4625 days, iteration: 333000, Δt: 20 minutes,max|u|: (2.27e+00, 1.69e+00, 7.07e-03) m s⁻¹, extrema(T): (31.54, -1.95) ᵒC, extrema(S): (39.89, 14.28) g/kg, extrema(η): (3.29, -2.07) m, wall time: 11.717 seconds 
[ Info: time: 4626 days, iteration: 333072, Δt: 20 minutes,max|u|: (2.31e+00, 1.40e+00, 7.04e-03) m s⁻¹, extrema(T): (31.55, -1.95) ᵒC, extrema(S): (39.90, 15.10) g/kg, extrema(η): (3.14, -3.59) m, wall time: 11.614 seconds 
[ Info: time: 4627 days, iteration: 333144, Δt: 20 minutes,max|u|: (2.14e+00, 1.65e+00, 7.00e-03) m s⁻¹, extrema(T): (31.54, -1.95) ᵒC, extrema(S): (39.90, 14.48) g/kg, extrema(η): (3.00, -2.18) m, wall time: 11.759 seconds 
[ Info: time: 4628 days, iteration: 333216, Δt: 20 minutes,max|u|: (2.19e+00, 1.54e+00, 6.99e-03) m s⁻¹, extrema(T): (31.52, -1.95) ᵒC, extrema(S): (39.89, 14.12) g/kg, extrema(η): (2.86, -2.36) m, wall time: 11.719 seconds 
[ Info: time: 4629 days, iteration: 333288, Δt: 20 minutes,max|u|: (2.23e+00, 1.89e+00, 6.97e-03) m s⁻¹, extrema(T): (31.50, -1.95) ᵒC, extrema(S): (39.90, 13.86) g/kg, extrema(η): (4.32, -2.20) m, wall time: 11.683 seconds 
[ Info: time: 4630 days, iteration: 333360, Δt: 20 minutes,max|u|: (2.07e+00, 1.70e+00, 6.95e-03) m s⁻¹, extrema(T): (31.49, -1.96) ᵒC, extrema(S): (39.90, 13.67) g/kg, extrema(η): (1.84, -2.26) m, wall time: 11.722 seconds 
[ Info: time: 4631 days, iteration: 333432, Δt: 20 minutes,max|u|: (1.89e+00, 1.76e+00, 6.89e-03) m s⁻¹, extrema(T): (31.47, -1.96) ᵒC, extrema(S): (39.89, 14.71) g/kg, extrema(η): (1.39, -3.48) m, wall time: 12.775 seconds 
[ Info: time: 4632 days, iteration: 333504, Δt: 20 minutes,max|u|: (2.05e+00, 1.48e+00, 6.92e-03) m s⁻¹, extrema(T): (31.45, -1.96) ᵒC, extrema(S): (39.90, 15.47) g/kg, extrema(η): (1.28, -2.50) m, wall time: 11.711 seconds 
[ Info: time: 4633 days, iteration: 333576, Δt: 20 minutes,max|u|: (2.33e+00, 1.62e+00, 6.87e-03) m s⁻¹, extrema(T): (31.44, -1.96) ᵒC, extrema(S): (39.90, 15.06) g/kg, extrema(η): (1.77, -2.03) m, wall time: 16.353 seconds 
[ Info: time: 4634 days, iteration: 333648, Δt: 20 minutes,max|u|: (2.41e+00, 1.46e+00, 6.83e-03) m s⁻¹, extrema(T): (31.44, -1.96) ᵒC, extrema(S): (39.90, 14.60) g/kg, extrema(η): (4.38, -2.11) m, wall time: 11.688 seconds 
[ Info: time: 4635 days, iteration: 333720, Δt: 20 minutes,max|u|: (2.38e+00, 1.56e+00, 6.83e-03) m s⁻¹, extrema(T): (31.43, -1.96) ᵒC, extrema(S): (39.90, 15.35) g/kg, extrema(η): (2.17, -2.13) m, wall time: 15.556 seconds 
[ Info: time: 4636 days, iteration: 333792, Δt: 20 minutes,max|u|: (2.20e+00, 1.48e+00, 6.75e-03) m s⁻¹, extrema(T): (31.41, -1.96) ᵒC, extrema(S): (39.91, 15.05) g/kg, extrema(η): (1.29, -2.32) m, wall time: 11.690 seconds 
[ Info: time: 4637 days, iteration: 333864, Δt: 20 minutes,max|u|: (1.95e+00, 1.41e+00, 6.78e-03) m s⁻¹, extrema(T): (31.34, -1.96) ᵒC, extrema(S): (39.92, 14.44) g/kg, extrema(η): (1.32, -3.11) m, wall time: 11.714 seconds 
[ Info: time: 4638 days, iteration: 333936, Δt: 20 minutes,max|u|: (1.90e+00, 1.63e+00, 6.79e-03) m s⁻¹, extrema(T): (31.28, -1.96) ᵒC, extrema(S): (39.90, 14.33) g/kg, extrema(η): (1.42, -2.00) m, wall time: 11.670 seconds 
[ Info: time: 4639 days, iteration: 334008, Δt: 20 minutes,max|u|: (2.28e+00, 1.47e+00, 6.77e-03) m s⁻¹, extrema(T): (31.25, -1.96) ᵒC, extrema(S): (39.90, 13.73) g/kg, extrema(η): (3.88, -2.11) m, wall time: 11.706 seconds 
[ Info: time: 4640 days, iteration: 334080, Δt: 20 minutes,max|u|: (2.25e+00, 1.49e+00, 6.75e-03) m s⁻¹, extrema(T): (31.22, -1.96) ᵒC, extrema(S): (39.91, 13.21) g/kg, extrema(η): (3.41, -2.00) m, wall time: 11.635 seconds 
[ Info: time: 4641 days, iteration: 334152, Δt: 20 minutes,max|u|: (2.53e+00, 1.52e+00, 6.72e-03) m s⁻¹, extrema(T): (31.19, -1.95) ᵒC, extrema(S): (39.91, 14.01) g/kg, extrema(η): (1.52, -2.05) m, wall time: 12.224 seconds 
[ Info: time: 4642 days, iteration: 334224, Δt: 20 minutes,max|u|: (2.49e+00, 1.74e+00, 6.65e-03) m s⁻¹, extrema(T): (31.14, -1.96) ᵒC, extrema(S): (39.91, 15.29) g/kg, extrema(η): (1.39, -3.22) m, wall time: 11.685 seconds 
[ Info: time: 4643 days, iteration: 334296, Δt: 20 minutes,max|u|: (2.25e+00, 1.50e+00, 6.61e-03) m s⁻¹, extrema(T): (31.10, -1.96) ᵒC, extrema(S): (39.91, 15.45) g/kg, extrema(η): (1.75, -2.31) m, wall time: 11.652 seconds 
[ Info: time: 4644 days, iteration: 334368, Δt: 20 minutes,max|u|: (2.14e+00, 1.46e+00, 6.54e-03) m s⁻¹, extrema(T): (31.06, -1.95) ᵒC, extrema(S): (39.91, 14.83) g/kg, extrema(η): (2.65, -2.27) m, wall time: 11.719 seconds 
[ Info: time: 4645 days, iteration: 334440, Δt: 20 minutes,max|u|: (2.27e+00, 1.53e+00, 6.60e-03) m s⁻¹, extrema(T): (31.04, -1.96) ᵒC, extrema(S): (39.90, 14.26) g/kg, extrema(η): (4.54, -2.17) m, wall time: 16.368 seconds 
[ Info: time: 4646 days, iteration: 334512, Δt: 20 minutes,max|u|: (2.40e+00, 1.62e+00, 6.71e-03) m s⁻¹, extrema(T): (31.05, -1.95) ᵒC, extrema(S): (39.90, 13.84) g/kg, extrema(η): (3.00, -2.07) m, wall time: 11.732 seconds 
[ Info: time: 4647 days, iteration: 334584, Δt: 20 minutes,max|u|: (2.33e+00, 1.54e+00, 6.74e-03) m s⁻¹, extrema(T): (31.09, -1.96) ᵒC, extrema(S): (39.91, 13.59) g/kg, extrema(η): (3.23, -3.06) m, wall time: 11.640 seconds 
[ Info: time: 4648 days, iteration: 334656, Δt: 20 minutes,max|u|: (2.22e+00, 1.52e+00, 6.74e-03) m s⁻¹, extrema(T): (31.08, -1.95) ᵒC, extrema(S): (39.91, 13.57) g/kg, extrema(η): (3.47, -2.64) m, wall time: 11.697 seconds 
[ Info: time: 4649 days, iteration: 334728, Δt: 20 minutes,max|u|: (2.12e+00, 1.72e+00, 6.70e-03) m s⁻¹, extrema(T): (31.09, -1.94) ᵒC, extrema(S): (39.91, 13.61) g/kg, extrema(η): (3.38, -2.31) m, wall time: 11.648 seconds 
[ Info: time: 4650 days, iteration: 334800, Δt: 20 minutes,max|u|: (2.04e+00, 1.44e+00, 6.71e-03) m s⁻¹, extrema(T): (31.04, -1.93) ᵒC, extrema(S): (39.91, 14.17) g/kg, extrema(η): (4.57, -2.10) m, wall time: 11.653 seconds 
[ Info: time: 4651 days, iteration: 334872, Δt: 20 minutes,max|u|: (2.23e+00, 1.51e+00, 6.72e-03) m s⁻¹, extrema(T): (31.03, -1.94) ᵒC, extrema(S): (39.91, 14.46) g/kg, extrema(η): (3.07, -2.06) m, wall time: 11.630 seconds 
[ Info: time: 4652 days, iteration: 334944, Δt: 20 minutes,max|u|: (2.32e+00, 1.45e+00, 6.75e-03) m s⁻¹, extrema(T): (31.06, -1.94) ᵒC, extrema(S): (39.91, 14.84) g/kg, extrema(η): (2.69, -2.14) m, wall time: 11.755 seconds 
[ Info: time: 4653 days, iteration: 335016, Δt: 20 minutes,max|u|: (2.22e+00, 1.47e+00, 6.74e-03) m s⁻¹, extrema(T): (31.07, -1.93) ᵒC, extrema(S): (39.92, 14.68) g/kg, extrema(η): (2.29, -3.27) m, wall time: 11.718 seconds 
[ Info: time: 4654 days, iteration: 335088, Δt: 20 minutes,max|u|: (2.05e+00, 1.77e+00, 6.71e-03) m s⁻¹, extrema(T): (31.03, -1.92) ᵒC, extrema(S): (39.91, 14.43) g/kg, extrema(η): (1.91, -2.27) m, wall time: 11.723 seconds 
[ Info: time: 4655 days, iteration: 335160, Δt: 20 minutes,max|u|: (2.05e+00, 1.48e+00, 6.69e-03) m s⁻¹, extrema(T): (30.98, -1.91) ᵒC, extrema(S): (39.92, 14.66) g/kg, extrema(η): (4.36, -2.25) m, wall time: 11.692 seconds 
[ Info: time: 4656 days, iteration: 335232, Δt: 20 minutes,max|u|: (1.81e+00, 2.18e+00, 6.76e-03) m s⁻¹, extrema(T): (30.97, -1.90) ᵒC, extrema(S): (39.92, 15.02) g/kg, extrema(η): (3.49, -2.21) m, wall time: 11.698 seconds 
[ Info: time: 4657 days, iteration: 335304, Δt: 20 minutes,max|u|: (1.79e+00, 2.26e+00, 6.75e-03) m s⁻¹, extrema(T): (30.95, -1.93) ᵒC, extrema(S): (39.92, 15.64) g/kg, extrema(η): (2.10, -2.28) m, wall time: 16.292 seconds 
[ Info: time: 4658 days, iteration: 335376, Δt: 20 minutes,max|u|: (1.82e+00, 1.69e+00, 6.72e-03) m s⁻¹, extrema(T): (30.95, -1.93) ᵒC, extrema(S): (39.93, 17.21) g/kg, extrema(η): (1.87, -3.65) m, wall time: 11.645 seconds 
[ Info: time: 4659 days, iteration: 335448, Δt: 20 minutes,max|u|: (1.91e+00, 1.66e+00, 6.63e-03) m s⁻¹, extrema(T): (30.97, -1.93) ᵒC, extrema(S): (39.93, 17.71) g/kg, extrema(η): (1.54, -2.20) m, wall time: 11.840 seconds 
[ Info: time: 4660 days, iteration: 335520, Δt: 20 minutes,max|u|: (1.53e+00, 1.51e+00, 6.66e-03) m s⁻¹, extrema(T): (30.99, -1.93) ᵒC, extrema(S): (39.93, 17.93) g/kg, extrema(η): (3.83, -2.13) m, wall time: 11.727 seconds 
[ Info: time: 4661 days, iteration: 335592, Δt: 20 minutes,max|u|: (1.54e+00, 1.53e+00, 6.63e-03) m s⁻¹, extrema(T): (31.02, -1.94) ᵒC, extrema(S): (39.93, 17.76) g/kg, extrema(η): (4.27, -2.19) m, wall time: 11.770 seconds 
[ Info: time: 4662 days, iteration: 335664, Δt: 20 minutes,max|u|: (1.52e+00, 2.14e+00, 6.56e-03) m s⁻¹, extrema(T): (30.99, -1.94) ᵒC, extrema(S): (39.93, 17.64) g/kg, extrema(η): (1.31, -2.04) m, wall time: 12.773 seconds 
[ Info: time: 4663 days, iteration: 335736, Δt: 20 minutes,max|u|: (1.63e+00, 1.51e+00, 6.42e-03) m s⁻¹, extrema(T): (31.05, -1.94) ᵒC, extrema(S): (39.93, 17.71) g/kg, extrema(η): (1.32, -3.61) m, wall time: 11.722 seconds 
[ Info: time: 4664 days, iteration: 335808, Δt: 20 minutes,max|u|: (1.58e+00, 1.54e+00, 6.38e-03) m s⁻¹, extrema(T): (31.08, -1.93) ᵒC, extrema(S): (39.94, 17.08) g/kg, extrema(η): (1.30, -1.99) m, wall time: 11.716 seconds 
[ Info: time: 4665 days, iteration: 335880, Δt: 20 minutes,max|u|: (1.87e+00, 1.66e+00, 6.43e-03) m s⁻¹, extrema(T): (31.10, -1.93) ᵒC, extrema(S): (39.94, 15.11) g/kg, extrema(η): (2.52, -2.21) m, wall time: 11.660 seconds 
[ Info: time: 4666 days, iteration: 335952, Δt: 20 minutes,max|u|: (1.59e+00, 1.53e+00, 6.50e-03) m s⁻¹, extrema(T): (31.18, -1.93) ᵒC, extrema(S): (39.94, 15.81) g/kg, extrema(η): (4.40, -2.25) m, wall time: 11.640 seconds 
[ Info: time: 4667 days, iteration: 336024, Δt: 20 minutes,max|u|: (1.66e+00, 1.59e+00, 6.56e-03) m s⁻¹, extrema(T): (31.16, -1.93) ᵒC, extrema(S): (39.94, 17.18) g/kg, extrema(η): (1.62, -2.08) m, wall time: 11.779 seconds 
[ Info: time: 4668 days, iteration: 336096, Δt: 20 minutes,max|u|: (1.62e+00, 1.63e+00, 6.62e-03) m s⁻¹, extrema(T): (31.15, -1.93) ᵒC, extrema(S): (39.95, 17.38) g/kg, extrema(η): (1.67, -2.66) m, wall time: 11.701 seconds 
[ Info: time: 4669 days, iteration: 336168, Δt: 20 minutes,max|u|: (1.51e+00, 1.55e+00, 6.67e-03) m s⁻¹, extrema(T): (31.22, -1.93) ᵒC, extrema(S): (39.96, 17.21) g/kg, extrema(η): (2.19, -2.86) m, wall time: 11.792 seconds 
[ Info: time: 4670 days, iteration: 336240, Δt: 20 minutes,max|u|: (1.57e+00, 2.10e+00, 6.68e-03) m s⁻¹, extrema(T): (31.17, -1.93) ᵒC, extrema(S): (39.98, 17.65) g/kg, extrema(η): (2.69, -2.00) m, wall time: 16.414 seconds 
[ Info: time: 4671 days, iteration: 336312, Δt: 20 minutes,max|u|: (2.46e+00, 1.93e+00, 6.73e-03) m s⁻¹, extrema(T): (31.09, -1.92) ᵒC, extrema(S): (39.99, 17.94) g/kg, extrema(η): (4.31, -1.96) m, wall time: 11.636 seconds 
[ Info: time: 4672 days, iteration: 336384, Δt: 20 minutes,max|u|: (1.97e+00, 1.55e+00, 6.74e-03) m s⁻¹, extrema(T): (31.12, -1.93) ᵒC, extrema(S): (39.99, 18.19) g/kg, extrema(η): (3.36, -2.03) m, wall time: 11.795 seconds 
[ Info: time: 4673 days, iteration: 336456, Δt: 20 minutes,max|u|: (1.55e+00, 1.49e+00, 6.79e-03) m s⁻¹, extrema(T): (31.15, -1.92) ᵒC, extrema(S): (39.98, 18.22) g/kg, extrema(η): (3.37, -2.14) m, wall time: 11.679 seconds 
[ Info: time: 4674 days, iteration: 336528, Δt: 20 minutes,max|u|: (1.57e+00, 1.53e+00, 6.81e-03) m s⁻¹, extrema(T): (31.14, -1.93) ᵒC, extrema(S): (39.97, 18.21) g/kg, extrema(η): (3.39, -3.08) m, wall time: 11.764 seconds 
[ Info: time: 4675 days, iteration: 336600, Δt: 20 minutes,max|u|: (1.58e+00, 1.65e+00, 6.85e-03) m s⁻¹, extrema(T): (31.17, -1.93) ᵒC, extrema(S): (39.97, 17.71) g/kg, extrema(η): (3.24, -2.10) m, wall time: 11.689 seconds 
[ Info: time: 4676 days, iteration: 336672, Δt: 20 minutes,max|u|: (1.56e+00, 2.57e+00, 6.90e-03) m s⁻¹, extrema(T): (31.20, -1.93) ᵒC, extrema(S): (39.97, 17.44) g/kg, extrema(η): (4.06, -1.98) m, wall time: 11.717 seconds 
[ Info: time: 4677 days, iteration: 336744, Δt: 20 minutes,max|u|: (1.73e+00, 1.53e+00, 6.93e-03) m s⁻¹, extrema(T): (31.24, -1.92) ᵒC, extrema(S): (39.96, 18.09) g/kg, extrema(η): (4.43, -1.94) m, wall time: 11.642 seconds 
[ Info: time: 4678 days, iteration: 336816, Δt: 20 minutes,max|u|: (1.60e+00, 1.89e+00, 6.97e-03) m s⁻¹, extrema(T): (31.28, -1.93) ᵒC, extrema(S): (39.95, 17.38) g/kg, extrema(η): (2.02, -2.11) m, wall time: 11.748 seconds 
[ Info: time: 4679 days, iteration: 336888, Δt: 20 minutes,max|u|: (1.76e+00, 2.58e+00, 6.97e-03) m s⁻¹, extrema(T): (31.30, -1.93) ᵒC, extrema(S): (39.96, 17.15) g/kg, extrema(η): (1.61, -2.87) m, wall time: 11.627 seconds 
[ Info: time: 4680 days, iteration: 336960, Δt: 20 minutes,max|u|: (1.95e+00, 1.98e+00, 6.99e-03) m s⁻¹, extrema(T): (31.34, -1.93) ᵒC, extrema(S): (39.95, 18.11) g/kg, extrema(η): (1.32, -2.04) m, wall time: 11.784 seconds 
[ Info: time: 4681 days, iteration: 337032, Δt: 20 minutes,max|u|: (1.67e+00, 1.55e+00, 6.97e-03) m s⁻¹, extrema(T): (31.38, -1.93) ᵒC, extrema(S): (39.95, 18.44) g/kg, extrema(η): (2.66, -2.04) m, wall time: 11.692 seconds 
[ Info: time: 4682 days, iteration: 337104, Δt: 20 minutes,max|u|: (1.64e+00, 1.50e+00, 6.96e-03) m s⁻¹, extrema(T): (31.42, -1.93) ᵒC, extrema(S): (39.95, 18.72) g/kg, extrema(η): (4.37, -2.11) m, wall time: 16.388 seconds 
[ Info: time: 4683 days, iteration: 337176, Δt: 20 minutes,max|u|: (1.60e+00, 1.63e+00, 6.87e-03) m s⁻¹, extrema(T): (31.47, -1.93) ᵒC, extrema(S): (39.95, 18.86) g/kg, extrema(η): (2.11, -2.08) m, wall time: 11.727 seconds 
[ Info: time: 4684 days, iteration: 337248, Δt: 20 minutes,max|u|: (1.61e+00, 1.48e+00, 6.91e-03) m s⁻¹, extrema(T): (31.50, -1.93) ᵒC, extrema(S): (39.96, 18.93) g/kg, extrema(η): (1.49, -2.40) m, wall time: 11.697 seconds 
[ Info: time: 4685 days, iteration: 337320, Δt: 20 minutes,max|u|: (1.64e+00, 1.93e+00, 6.87e-03) m s⁻¹, extrema(T): (31.54, -1.93) ᵒC, extrema(S): (39.96, 18.98) g/kg, extrema(η): (1.30, -2.91) m, wall time: 11.710 seconds 
[ Info: time: 4686 days, iteration: 337392, Δt: 20 minutes,max|u|: (1.48e+00, 1.70e+00, 6.88e-03) m s⁻¹, extrema(T): (31.55, -1.92) ᵒC, extrema(S): (39.96, 19.01) g/kg, extrema(η): (1.34, -2.11) m, wall time: 11.675 seconds 
[ Info: time: 4687 days, iteration: 337464, Δt: 20 minutes,max|u|: (1.49e+00, 1.50e+00, 6.85e-03) m s⁻¹, extrema(T): (31.56, -1.92) ᵒC, extrema(S): (39.96, 17.78) g/kg, extrema(η): (4.03, -2.00) m, wall time: 11.767 seconds 
[ Info: time: 4688 days, iteration: 337536, Δt: 20 minutes,max|u|: (1.52e+00, 1.51e+00, 6.89e-03) m s⁻¹, extrema(T): (31.54, -1.93) ᵒC, extrema(S): (39.96, 17.03) g/kg, extrema(η): (2.82, -2.01) m, wall time: 11.664 seconds 
[ Info: time: 4689 days, iteration: 337608, Δt: 20 minutes,max|u|: (1.56e+00, 1.49e+00, 6.90e-03) m s⁻¹, extrema(T): (31.51, -1.93) ᵒC, extrema(S): (39.96, 17.10) g/kg, extrema(η): (1.32, -1.93) m, wall time: 11.764 seconds 
[ Info: time: 4690 days, iteration: 337680, Δt: 20 minutes,max|u|: (1.57e+00, 1.49e+00, 6.95e-03) m s⁻¹, extrema(T): (31.45, -1.92) ᵒC, extrema(S): (39.96, 18.38) g/kg, extrema(η): (1.42, -3.32) m, wall time: 11.663 seconds 
[ Info: time: 4691 days, iteration: 337752, Δt: 20 minutes,max|u|: (1.57e+00, 1.70e+00, 6.89e-03) m s⁻¹, extrema(T): (31.40, -1.93) ᵒC, extrema(S): (39.96, 19.18) g/kg, extrema(η): (1.28, -2.01) m, wall time: 11.784 seconds 
[ Info: time: 4692 days, iteration: 337824, Δt: 20 minutes,max|u|: (1.58e+00, 2.06e+00, 6.87e-03) m s⁻¹, extrema(T): (31.34, -1.91) ᵒC, extrema(S): (39.96, 18.93) g/kg, extrema(η): (3.77, -2.03) m, wall time: 11.720 seconds 
[ Info: time: 4693 days, iteration: 337896, Δt: 20 minutes,max|u|: (1.79e+00, 1.50e+00, 6.86e-03) m s⁻¹, extrema(T): (31.29, -1.91) ᵒC, extrema(S): (39.97, 18.24) g/kg, extrema(η): (2.58, -2.18) m, wall time: 12.651 seconds 
[ Info: time: 4694 days, iteration: 337968, Δt: 20 minutes,max|u|: (1.72e+00, 1.81e+00, 6.85e-03) m s⁻¹, extrema(T): (31.23, -1.91) ᵒC, extrema(S): (39.97, 18.27) g/kg, extrema(η): (2.69, -2.13) m, wall time: 16.328 seconds 
[ Info: time: 4695 days, iteration: 338040, Δt: 20 minutes,max|u|: (2.27e+00, 3.56e+00, 6.88e-03) m s⁻¹, extrema(T): (31.04, -1.89) ᵒC, extrema(S): (39.97, 19.07) g/kg, extrema(η): (2.98, -2.31) m, wall time: 11.716 seconds 
[ Info: time: 4696 days, iteration: 338112, Δt: 20 minutes,max|u|: (2.00e+00, 2.52e+00, 6.88e-03) m s⁻¹, extrema(T): (30.95, -1.89) ᵒC, extrema(S): (39.96, 19.33) g/kg, extrema(η): (3.22, -2.07) m, wall time: 11.696 seconds 
[ Info: time: 4697 days, iteration: 338184, Δt: 20 minutes,max|u|: (1.74e+00, 1.51e+00, 6.86e-03) m s⁻¹, extrema(T): (30.97, -1.88) ᵒC, extrema(S): (39.96, 19.41) g/kg, extrema(η): (4.26, -2.10) m, wall time: 11.625 seconds 
[ Info: time: 4698 days, iteration: 338256, Δt: 20 minutes,max|u|: (1.73e+00, 1.53e+00, 6.87e-03) m s⁻¹, extrema(T): (31.08, -1.88) ᵒC, extrema(S): (39.97, 19.47) g/kg, extrema(η): (3.18, -2.10) m, wall time: 11.741 seconds 
[ Info: time: 4699 days, iteration: 338328, Δt: 20 minutes,max|u|: (1.64e+00, 1.94e+00, 6.87e-03) m s⁻¹, extrema(T): (31.15, -1.89) ᵒC, extrema(S): (39.97, 19.36) g/kg, extrema(η): (2.97, -2.01) m, wall time: 11.683 seconds 
[ Info: time: 4700 days, iteration: 338400, Δt: 20 minutes,max|u|: (2.36e+00, 1.62e+00, 6.92e-03) m s⁻¹, extrema(T): (31.05, -1.88) ᵒC, extrema(S): (39.97, 19.21) g/kg, extrema(η): (2.73, -3.11) m, wall time: 11.718 seconds 
[ Info: time: 4701 days, iteration: 338472, Δt: 20 minutes,max|u|: (2.65e+00, 1.89e+00, 6.94e-03) m s⁻¹, extrema(T): (30.98, -1.88) ᵒC, extrema(S): (39.97, 19.08) g/kg, extrema(η): (2.36, -2.08) m, wall time: 11.622 seconds 
[ Info: time: 4702 days, iteration: 338544, Δt: 20 minutes,max|u|: (1.73e+00, 1.52e+00, 6.98e-03) m s⁻¹, extrema(T): (31.05, -1.88) ᵒC, extrema(S): (39.97, 18.98) g/kg, extrema(η): (3.69, -1.96) m, wall time: 11.777 seconds 
[ Info: time: 4703 days, iteration: 338616, Δt: 20 minutes,max|u|: (2.91e+00, 2.68e+00, 6.98e-03) m s⁻¹, extrema(T): (31.05, -1.89) ᵒC, extrema(S): (39.97, 18.89) g/kg, extrema(η): (3.96, -1.98) m, wall time: 11.651 seconds 
[ Info: time: 4704 days, iteration: 338688, Δt: 20 minutes,max|u|: (2.15e+00, 1.68e+00, 7.00e-03) m s⁻¹, extrema(T): (31.02, -1.90) ᵒC, extrema(S): (39.97, 18.82) g/kg, extrema(η): (1.52, -2.03) m, wall time: 11.633 seconds 
[ Info: time: 4705 days, iteration: 338760, Δt: 20 minutes,max|u|: (2.03e+00, 1.72e+00, 6.97e-03) m s⁻¹, extrema(T): (31.01, -1.91) ᵒC, extrema(S): (39.97, 18.77) g/kg, extrema(η): (1.44, -3.49) m, wall time: 11.685 seconds 
[ Info: time: 4706 days, iteration: 338832, Δt: 20 minutes,max|u|: (1.80e+00, 2.29e+00, 6.94e-03) m s⁻¹, extrema(T): (31.07, -1.91) ᵒC, extrema(S): (39.97, 18.75) g/kg, extrema(η): (1.41, -2.54) m, wall time: 11.648 seconds 
[ Info: time: 4707 days, iteration: 338904, Δt: 20 minutes,max|u|: (1.97e+00, 1.65e+00, 6.92e-03) m s⁻¹, extrema(T): (31.08, -1.91) ᵒC, extrema(S): (39.97, 18.73) g/kg, extrema(η): (3.60, -2.30) m, wall time: 16.415 seconds 
[ Info: time: 4708 days, iteration: 338976, Δt: 20 minutes,max|u|: (1.83e+00, 1.64e+00, 6.92e-03) m s⁻¹, extrema(T): (31.10, -1.91) ᵒC, extrema(S): (39.97, 18.70) g/kg, extrema(η): (3.72, -1.95) m, wall time: 11.672 seconds 
[ Info: time: 4709 days, iteration: 339048, Δt: 20 minutes,max|u|: (2.45e+00, 2.96e+00, 6.92e-03) m s⁻¹, extrema(T): (31.20, -1.91) ᵒC, extrema(S): (39.97, 18.65) g/kg, extrema(η): (2.54, -1.91) m, wall time: 11.639 seconds 
[ Info: time: 4710 days, iteration: 339120, Δt: 20 minutes,max|u|: (1.74e+00, 2.13e+00, 6.94e-03) m s⁻¹, extrema(T): (31.18, -1.90) ᵒC, extrema(S): (39.97, 18.70) g/kg, extrema(η): (1.44, -3.12) m, wall time: 11.774 seconds 
[ Info: time: 4711 days, iteration: 339192, Δt: 20 minutes,max|u|: (2.16e+00, 2.07e+00, 6.91e-03) m s⁻¹, extrema(T): (31.19, -1.90) ᵒC, extrema(S): (39.97, 18.73) g/kg, extrema(η): (1.42, -2.04) m, wall time: 11.628 seconds 
[ Info: time: 4712 days, iteration: 339264, Δt: 20 minutes,max|u|: (1.98e+00, 1.59e+00, 6.95e-03) m s⁻¹, extrema(T): (31.20, -1.90) ᵒC, extrema(S): (39.97, 18.72) g/kg, extrema(η): (2.89, -2.21) m, wall time: 11.712 seconds 
[ Info: time: 4713 days, iteration: 339336, Δt: 20 minutes,max|u|: (1.62e+00, 2.03e+00, 6.97e-03) m s⁻¹, extrema(T): (31.28, -1.91) ᵒC, extrema(S): (39.98, 18.71) g/kg, extrema(η): (3.21, -2.06) m, wall time: 11.619 seconds 
[ Info: time: 4714 days, iteration: 339408, Δt: 20 minutes,max|u|: (1.61e+00, 2.26e+00, 6.98e-03) m s⁻¹, extrema(T): (31.33, -1.92) ᵒC, extrema(S): (39.97, 18.78) g/kg, extrema(η): (1.30, -2.12) m, wall time: 11.706 seconds 
[ Info: time: 4715 days, iteration: 339480, Δt: 20 minutes,max|u|: (4.50e+00, 2.01e+00, 6.97e-03) m s⁻¹, extrema(T): (31.37, -1.92) ᵒC, extrema(S): (39.98, 18.83) g/kg, extrema(η): (1.41, -3.28) m, wall time: 11.605 seconds 
[ Info: time: 4716 days, iteration: 339552, Δt: 20 minutes,max|u|: (1.64e+00, 2.26e+00, 6.92e-03) m s⁻¹, extrema(T): (31.37, -1.92) ᵒC, extrema(S): (39.97, 19.11) g/kg, extrema(η): (1.58, -2.10) m, wall time: 11.605 seconds 
[ Info: time: 4717 days, iteration: 339624, Δt: 20 minutes,max|u|: (1.66e+00, 2.14e+00, 6.93e-03) m s⁻¹, extrema(T): (31.34, -1.91) ᵒC, extrema(S): (39.97, 19.28) g/kg, extrema(η): (4.23, -1.88) m, wall time: 11.676 seconds 
[ Info: time: 4718 days, iteration: 339696, Δt: 20 minutes,max|u|: (1.95e+00, 2.20e+00, 6.95e-03) m s⁻¹, extrema(T): (31.22, -1.91) ᵒC, extrema(S): (39.97, 19.30) g/kg, extrema(η): (3.17, -2.07) m, wall time: 11.616 seconds 
[ Info: time: 4719 days, iteration: 339768, Δt: 20 minutes,max|u|: (2.47e+00, 2.20e+00, 6.91e-03) m s⁻¹, extrema(T): (31.26, -1.91) ᵒC, extrema(S): (39.97, 19.29) g/kg, extrema(η): (3.22, -1.98) m, wall time: 16.280 seconds 
[ Info: time: 4720 days, iteration: 339840, Δt: 20 minutes,max|u|: (1.94e+00, 2.36e+00, 6.88e-03) m s⁻¹, extrema(T): (31.30, -1.90) ᵒC, extrema(S): (39.96, 19.30) g/kg, extrema(η): (3.48, -3.01) m, wall time: 11.659 seconds 
[ Info: time: 4721 days, iteration: 339912, Δt: 20 minutes,max|u|: (2.03e+00, 2.27e+00, 6.87e-03) m s⁻¹, extrema(T): (31.33, -1.92) ᵒC, extrema(S): (39.96, 19.29) g/kg, extrema(η): (3.56, -1.98) m, wall time: 11.618 seconds 
[ Info: time: 4722 days, iteration: 339984, Δt: 20 minutes,max|u|: (1.88e+00, 2.12e+00, 6.88e-03) m s⁻¹, extrema(T): (31.38, -1.91) ᵒC, extrema(S): (39.96, 19.29) g/kg, extrema(η): (3.73, -1.96) m, wall time: 11.701 seconds 
[ Info: time: 4723 days, iteration: 340056, Δt: 20 minutes,max|u|: (1.79e+00, 2.82e+00, 6.89e-03) m s⁻¹, extrema(T): (31.44, -1.91) ᵒC, extrema(S): (39.96, 19.41) g/kg, extrema(η): (4.03, -2.14) m, wall time: 11.665 seconds 
[ Info: time: 4724 days, iteration: 340128, Δt: 20 minutes,max|u|: (1.88e+00, 2.09e+00, 6.89e-03) m s⁻¹, extrema(T): (31.53, -1.92) ᵒC, extrema(S): (39.96, 19.50) g/kg, extrema(η): (2.76, -1.92) m, wall time: 12.692 seconds 
[ Info: time: 4725 days, iteration: 340200, Δt: 20 minutes,max|u|: (1.93e+00, 1.85e+00, 6.88e-03) m s⁻¹, extrema(T): (31.49, -1.91) ᵒC, extrema(S): (39.96, 19.57) g/kg, extrema(η): (2.36, -2.81) m, wall time: 11.603 seconds 
[ Info: time: 4726 days, iteration: 340272, Δt: 20 minutes,max|u|: (1.93e+00, 1.98e+00, 6.86e-03) m s⁻¹, extrema(T): (31.43, -1.91) ᵒC, extrema(S): (39.96, 19.63) g/kg, extrema(η): (3.29, -1.91) m, wall time: 11.526 seconds 
[ Info: time: 4727 days, iteration: 340344, Δt: 20 minutes,max|u|: (1.95e+00, 1.50e+00, 6.78e-03) m s⁻¹, extrema(T): (31.41, -1.91) ᵒC, extrema(S): (39.96, 19.65) g/kg, extrema(η): (2.40, -1.94) m, wall time: 11.582 seconds 
[ Info: time: 4728 days, iteration: 340416, Δt: 20 minutes,max|u|: (1.89e+00, 1.51e+00, 6.75e-03) m s⁻¹, extrema(T): (31.43, -1.92) ᵒC, extrema(S): (39.96, 19.69) g/kg, extrema(η): (4.33, -1.86) m, wall time: 11.659 seconds 
[ Info: time: 4729 days, iteration: 340488, Δt: 20 minutes,max|u|: (1.90e+00, 2.63e+00, 6.72e-03) m s⁻¹, extrema(T): (31.36, -1.91) ᵒC, extrema(S): (39.96, 19.81) g/kg, extrema(η): (2.77, -1.83) m, wall time: 11.557 seconds 
[ Info: time: 4730 days, iteration: 340560, Δt: 20 minutes,max|u|: (1.91e+00, 1.51e+00, 6.77e-03) m s⁻¹, extrema(T): (31.27, -1.92) ᵒC, extrema(S): (39.96, 19.88) g/kg, extrema(η): (1.22, -2.74) m, wall time: 11.668 seconds 
[ Info: time: 4731 days, iteration: 340632, Δt: 20 minutes,max|u|: (1.90e+00, 2.01e+00, 6.75e-03) m s⁻¹, extrema(T): (31.21, -1.91) ᵒC, extrema(S): (39.95, 19.93) g/kg, extrema(η): (1.28, -2.31) m, wall time: 11.631 seconds 
[ Info: time: 4732 days, iteration: 340704, Δt: 20 minutes,max|u|: (1.90e+00, 1.93e+00, 6.71e-03) m s⁻¹, extrema(T): (31.09, -1.91) ᵒC, extrema(S): (39.95, 19.99) g/kg, extrema(η): (1.71, -1.95) m, wall time: 16.353 seconds 
[ Info: time: 4733 days, iteration: 340776, Δt: 20 minutes,max|u|: (1.96e+00, 1.55e+00, 6.82e-03) m s⁻¹, extrema(T): (31.07, -1.91) ᵒC, extrema(S): (39.95, 20.06) g/kg, extrema(η): (3.81, -2.08) m, wall time: 11.586 seconds 
[ Info: time: 4734 days, iteration: 340848, Δt: 20 minutes,max|u|: (2.06e+00, 1.64e+00, 6.81e-03) m s⁻¹, extrema(T): (31.15, -1.91) ᵒC, extrema(S): (39.95, 20.10) g/kg, extrema(η): (1.29, -2.05) m, wall time: 16.199 seconds 
[ Info: time: 4735 days, iteration: 340920, Δt: 20 minutes,max|u|: (2.08e+00, 1.68e+00, 6.83e-03) m s⁻¹, extrema(T): (31.20, -1.90) ᵒC, extrema(S): (39.95, 20.08) g/kg, extrema(η): (1.37, -2.94) m, wall time: 11.623 seconds 
[ Info: time: 4736 days, iteration: 340992, Δt: 20 minutes,max|u|: (2.04e+00, 1.94e+00, 6.77e-03) m s⁻¹, extrema(T): (31.14, -1.90) ᵒC, extrema(S): (39.95, 20.07) g/kg, extrema(η): (1.51, -3.26) m, wall time: 11.538 seconds 
[ Info: time: 4737 days, iteration: 341064, Δt: 20 minutes,max|u|: (2.00e+00, 2.20e+00, 6.71e-03) m s⁻¹, extrema(T): (31.08, -1.90) ᵒC, extrema(S): (39.95, 20.05) g/kg, extrema(η): (1.36, -2.08) m, wall time: 11.672 seconds 
[ Info: time: 4738 days, iteration: 341136, Δt: 20 minutes,max|u|: (2.03e+00, 2.32e+00, 6.74e-03) m s⁻¹, extrema(T): (31.27, -1.90) ᵒC, extrema(S): (39.95, 20.02) g/kg, extrema(η): (4.03, -2.00) m, wall time: 11.593 seconds 
[ Info: time: 4739 days, iteration: 341208, Δt: 20 minutes,max|u|: (2.08e+00, 2.35e+00, 6.59e-03) m s⁻¹, extrema(T): (31.45, -1.91) ᵒC, extrema(S): (39.95, 20.00) g/kg, extrema(η): (2.52, -3.18) m, wall time: 11.628 seconds 
[ Info: time: 4740 days, iteration: 341280, Δt: 20 minutes,max|u|: (2.08e+00, 2.30e+00, 6.61e-03) m s⁻¹, extrema(T): (31.55, -1.91) ᵒC, extrema(S): (39.95, 20.05) g/kg, extrema(η): (1.60, -2.57) m, wall time: 11.608 seconds 
[ Info: time: 4741 days, iteration: 341352, Δt: 20 minutes,max|u|: (2.06e+00, 2.24e+00, 6.70e-03) m s⁻¹, extrema(T): (31.58, -1.91) ᵒC, extrema(S): (39.95, 19.96) g/kg, extrema(η): (2.35, -3.85) m, wall time: 11.595 seconds 
[ Info: time: 4742 days, iteration: 341424, Δt: 20 minutes,max|u|: (2.08e+00, 2.13e+00, 6.73e-03) m s⁻¹, extrema(T): (31.65, -1.92) ᵒC, extrema(S): (39.96, 19.87) g/kg, extrema(η): (2.93, -3.14) m, wall time: 11.637 seconds 
[ Info: time: 4743 days, iteration: 341496, Δt: 20 minutes,max|u|: (2.11e+00, 1.96e+00, 6.79e-03) m s⁻¹, extrema(T): (31.60, -1.92) ᵒC, extrema(S): (39.95, 19.78) g/kg, extrema(η): (4.17, -2.13) m, wall time: 11.668 seconds 
[ Info: time: 4744 days, iteration: 341568, Δt: 20 minutes,max|u|: (2.10e+00, 1.83e+00, 6.83e-03) m s⁻¹, extrema(T): (31.75, -1.92) ᵒC, extrema(S): (39.95, 19.70) g/kg, extrema(η): (3.32, -2.21) m, wall time: 16.929 seconds 
[ Info: time: 4745 days, iteration: 341640, Δt: 20 minutes,max|u|: (2.08e+00, 1.70e+00, 6.90e-03) m s⁻¹, extrema(T): (31.81, -1.92) ᵒC, extrema(S): (39.95, 19.78) g/kg, extrema(η): (3.31, -2.03) m, wall time: 11.604 seconds 
[ Info: time: 4746 days, iteration: 341712, Δt: 20 minutes,max|u|: (2.20e+00, 2.60e+00, 6.90e-03) m s⁻¹, extrema(T): (31.68, -1.92) ᵒC, extrema(S): (39.94, 19.72) g/kg, extrema(η): (3.16, -3.33) m, wall time: 11.578 seconds 
[ Info: time: 4747 days, iteration: 341784, Δt: 20 minutes,max|u|: (2.06e+00, 1.68e+00, 6.90e-03) m s⁻¹, extrema(T): (31.67, -1.93) ᵒC, extrema(S): (39.94, 19.64) g/kg, extrema(η): (2.89, -2.00) m, wall time: 11.640 seconds 
[ Info: time: 4748 days, iteration: 341856, Δt: 20 minutes,max|u|: (2.05e+00, 1.71e+00, 6.96e-03) m s⁻¹, extrema(T): (31.71, -1.93) ᵒC, extrema(S): (39.93, 19.54) g/kg, extrema(η): (3.36, -2.05) m, wall time: 11.601 seconds 
[ Info: time: 4749 days, iteration: 341928, Δt: 20 minutes,max|u|: (2.04e+00, 1.63e+00, 6.97e-03) m s⁻¹, extrema(T): (31.65, -1.93) ᵒC, extrema(S): (39.93, 19.49) g/kg, extrema(η): (3.40, -2.17) m, wall time: 11.610 seconds 
[ Info: time: 4750 days, iteration: 342000, Δt: 20 minutes,max|u|: (1.97e+00, 1.78e+00, 6.95e-03) m s⁻¹, extrema(T): (31.66, -1.93) ᵒC, extrema(S): (39.92, 19.44) g/kg, extrema(η): (1.37, -2.19) m, wall time: 11.544 seconds 
[ Info: time: 4751 days, iteration: 342072, Δt: 20 minutes,max|u|: (1.94e+00, 1.82e+00, 6.99e-03) m s⁻¹, extrema(T): (31.61, -1.93) ᵒC, extrema(S): (39.93, 19.40) g/kg, extrema(η): (1.24, -3.58) m, wall time: 11.526 seconds 
[ Info: time: 4752 days, iteration: 342144, Δt: 20 minutes,max|u|: (1.83e+00, 2.05e+00, 7.03e-03) m s⁻¹, extrema(T): (31.38, -1.93) ᵒC, extrema(S): (39.92, 19.40) g/kg, extrema(η): (1.15, -2.01) m, wall time: 11.555 seconds 
[ Info: time: 4753 days, iteration: 342216, Δt: 20 minutes,max|u|: (1.87e+00, 2.02e+00, 7.05e-03) m s⁻¹, extrema(T): (31.27, -1.93) ᵒC, extrema(S): (39.92, 19.34) g/kg, extrema(η): (2.98, -2.13) m, wall time: 11.637 seconds 
[ Info: time: 4754 days, iteration: 342288, Δt: 20 minutes,max|u|: (1.83e+00, 2.19e+00, 7.09e-03) m s⁻¹, extrema(T): (31.20, -1.94) ᵒC, extrema(S): (39.91, 19.27) g/kg, extrema(η): (4.03, -2.14) m, wall time: 11.790 seconds 
[ Info: time: 4755 days, iteration: 342360, Δt: 20 minutes,max|u|: (1.62e+00, 2.12e+00, 7.13e-03) m s⁻¹, extrema(T): (31.16, -1.94) ᵒC, extrema(S): (39.92, 19.21) g/kg, extrema(η): (1.33, -2.12) m, wall time: 12.528 seconds 
[ Info: time: 4756 days, iteration: 342432, Δt: 20 minutes,max|u|: (2.27e+00, 3.34e+00, 7.13e-03) m s⁻¹, extrema(T): (31.11, -1.94) ᵒC, extrema(S): (39.92, 19.19) g/kg, extrema(η): (1.29, -2.79) m, wall time: 16.350 seconds 
[ Info: time: 4757 days, iteration: 342504, Δt: 20 minutes,max|u|: (1.60e+00, 1.97e+00, 7.11e-03) m s⁻¹, extrema(T): (31.11, -1.95) ᵒC, extrema(S): (39.91, 19.15) g/kg, extrema(η): (1.34, -2.17) m, wall time: 11.683 seconds 
[ Info: time: 4758 days, iteration: 342576, Δt: 20 minutes,max|u|: (1.62e+00, 1.90e+00, 7.13e-03) m s⁻¹, extrema(T): (31.15, -1.94) ᵒC, extrema(S): (39.91, 19.12) g/kg, extrema(η): (1.85, -2.12) m, wall time: 11.592 seconds 
[ Info: time: 4759 days, iteration: 342648, Δt: 20 minutes,max|u|: (1.67e+00, 2.04e+00, 7.07e-03) m s⁻¹, extrema(T): (31.09, -1.94) ᵒC, extrema(S): (39.91, 19.12) g/kg, extrema(η): (4.00, -2.12) m, wall time: 11.671 seconds 
[ Info: time: 4760 days, iteration: 342720, Δt: 20 minutes,max|u|: (1.81e+00, 2.08e+00, 7.07e-03) m s⁻¹, extrema(T): (31.13, -1.94) ᵒC, extrema(S): (39.90, 19.12) g/kg, extrema(η): (1.79, -2.06) m, wall time: 11.745 seconds 
[ Info: time: 4761 days, iteration: 342792, Δt: 20 minutes,max|u|: (1.73e+00, 2.10e+00, 7.11e-03) m s⁻¹, extrema(T): (31.17, -1.95) ᵒC, extrema(S): (39.90, 19.16) g/kg, extrema(η): (1.40, -2.18) m, wall time: 11.626 seconds 
[ Info: time: 4762 days, iteration: 342864, Δt: 20 minutes,max|u|: (1.65e+00, 2.05e+00, 7.13e-03) m s⁻¹, extrema(T): (31.16, -1.95) ᵒC, extrema(S): (39.89, 19.19) g/kg, extrema(η): (1.42, -2.38) m, wall time: 11.695 seconds 
[ Info: time: 4763 days, iteration: 342936, Δt: 20 minutes,max|u|: (1.93e+00, 2.11e+00, 7.09e-03) m s⁻¹, extrema(T): (31.13, -1.95) ᵒC, extrema(S): (39.89, 19.18) g/kg, extrema(η): (1.45, -2.01) m, wall time: 11.683 seconds 
[ Info: time: 4764 days, iteration: 343008, Δt: 20 minutes,max|u|: (1.67e+00, 2.08e+00, 7.05e-03) m s⁻¹, extrema(T): (31.16, -1.95) ᵒC, extrema(S): (39.88, 19.18) g/kg, extrema(η): (3.75, -2.10) m, wall time: 11.627 seconds 
[ Info: time: 4765 days, iteration: 343080, Δt: 20 minutes,max|u|: (1.65e+00, 2.05e+00, 7.01e-03) m s⁻¹, extrema(T): (31.32, -1.95) ᵒC, extrema(S): (39.88, 19.16) g/kg, extrema(η): (3.02, -2.01) m, wall time: 11.599 seconds 
[ Info: time: 4766 days, iteration: 343152, Δt: 20 minutes,max|u|: (2.04e+00, 2.02e+00, 6.99e-03) m s⁻¹, extrema(T): (31.20, -1.95) ᵒC, extrema(S): (39.88, 19.15) g/kg, extrema(η): (3.09, -1.98) m, wall time: 11.694 seconds 
[ Info: time: 4767 days, iteration: 343224, Δt: 20 minutes,max|u|: (1.68e+00, 2.02e+00, 6.96e-03) m s⁻¹, extrema(T): (31.17, -1.95) ᵒC, extrema(S): (39.87, 19.17) g/kg, extrema(η): (3.35, -3.27) m, wall time: 11.676 seconds 
[ Info: time: 4768 days, iteration: 343296, Δt: 20 minutes,max|u|: (1.71e+00, 2.09e+00, 6.98e-03) m s⁻¹, extrema(T): (31.20, -1.96) ᵒC, extrema(S): (39.87, 19.18) g/kg, extrema(η): (3.36, -1.85) m, wall time: 11.704 seconds 
[ Info: time: 4769 days, iteration: 343368, Δt: 20 minutes,max|u|: (1.68e+00, 2.23e+00, 6.99e-03) m s⁻¹, extrema(T): (31.25, -1.96) ᵒC, extrema(S): (39.87, 19.23) g/kg, extrema(η): (3.29, -1.95) m, wall time: 16.406 seconds 
[ Info: time: 4770 days, iteration: 343440, Δt: 20 minutes,max|u|: (1.66e+00, 2.72e+00, 6.99e-03) m s⁻¹, extrema(T): (31.35, -1.96) ᵒC, extrema(S): (39.86, 19.24) g/kg, extrema(η): (3.81, -1.86) m, wall time: 11.694 seconds 
[ Info: time: 4771 days, iteration: 343512, Δt: 20 minutes,max|u|: (1.72e+00, 1.92e+00, 7.01e-03) m s⁻¹, extrema(T): (31.41, -1.96) ᵒC, extrema(S): (39.85, 19.20) g/kg, extrema(η): (2.51, -2.06) m, wall time: 11.773 seconds 
[ Info: time: 4772 days, iteration: 343584, Δt: 20 minutes,max|u|: (1.65e+00, 1.86e+00, 7.01e-03) m s⁻¹, extrema(T): (31.43, -1.96) ᵒC, extrema(S): (39.80, 19.17) g/kg, extrema(η): (2.11, -3.46) m, wall time: 11.691 seconds 
[ Info: time: 4773 days, iteration: 343656, Δt: 20 minutes,max|u|: (1.91e+00, 1.94e+00, 7.03e-03) m s⁻¹, extrema(T): (31.50, -1.96) ᵒC, extrema(S): (39.80, 19.13) g/kg, extrema(η): (1.61, -2.17) m, wall time: 11.654 seconds 
[ Info: time: 4774 days, iteration: 343728, Δt: 20 minutes,max|u|: (1.77e+00, 2.23e+00, 7.00e-03) m s⁻¹, extrema(T): (31.56, -1.96) ᵒC, extrema(S): (39.80, 19.08) g/kg, extrema(η): (2.66, -2.13) m, wall time: 11.764 seconds 
[ Info: time: 4775 days, iteration: 343800, Δt: 20 minutes,max|u|: (1.86e+00, 2.20e+00, 6.92e-03) m s⁻¹, extrema(T): (31.56, -1.96) ᵒC, extrema(S): (39.79, 19.06) g/kg, extrema(η): (4.04, -2.03) m, wall time: 11.604 seconds 
[ Info: time: 4776 days, iteration: 343872, Δt: 20 minutes,max|u|: (1.96e+00, 2.34e+00, 6.91e-03) m s⁻¹, extrema(T): (31.59, -1.96) ᵒC, extrema(S): (39.79, 19.05) g/kg, extrema(η): (1.39, -2.11) m, wall time: 11.691 seconds 
[ Info: time: 4777 days, iteration: 343944, Δt: 20 minutes,max|u|: (2.00e+00, 2.47e+00, 6.91e-03) m s⁻¹, extrema(T): (31.59, -1.97) ᵒC, extrema(S): (39.79, 19.02) g/kg, extrema(η): (1.37, -2.30) m, wall time: 11.773 seconds 
[ Info: time: 4778 days, iteration: 344016, Δt: 20 minutes,max|u|: (1.93e+00, 2.70e+00, 6.88e-03) m s⁻¹, extrema(T): (31.58, -1.97) ᵒC, extrema(S): (39.79, 18.98) g/kg, extrema(η): (1.45, -3.12) m, wall time: 11.698 seconds 
[ Info: time: 4779 days, iteration: 344088, Δt: 20 minutes,max|u|: (1.86e+00, 2.52e+00, 6.86e-03) m s⁻¹, extrema(T): (31.58, -1.98) ᵒC, extrema(S): (39.79, 18.95) g/kg, extrema(η): (2.74, -2.05) m, wall time: 11.715 seconds 
[ Info: time: 4780 days, iteration: 344160, Δt: 20 minutes,max|u|: (1.90e+00, 2.34e+00, 6.85e-03) m s⁻¹, extrema(T): (31.62, -1.97) ᵒC, extrema(S): (39.79, 18.93) g/kg, extrema(η): (4.29, -2.13) m, wall time: 11.732 seconds 
[ Info: time: 4781 days, iteration: 344232, Δt: 20 minutes,max|u|: (1.93e+00, 2.36e+00, 6.85e-03) m s⁻¹, extrema(T): (31.66, -1.96) ᵒC, extrema(S): (39.79, 18.92) g/kg, extrema(η): (1.37, -2.16) m, wall time: 16.326 seconds 
[ Info: time: 4782 days, iteration: 344304, Δt: 20 minutes,max|u|: (1.89e+00, 2.24e+00, 6.85e-03) m s⁻¹, extrema(T): (31.72, -1.96) ᵒC, extrema(S): (39.79, 19.11) g/kg, extrema(η): (1.35, -2.49) m, wall time: 11.730 seconds 
[ Info: time: 4783 days, iteration: 344376, Δt: 20 minutes,max|u|: (1.82e+00, 2.17e+00, 6.89e-03) m s⁻¹, extrema(T): (31.80, -1.95) ᵒC, extrema(S): (39.79, 19.46) g/kg, extrema(η): (1.36, -2.20) m, wall time: 11.659 seconds 
[ Info: time: 4784 days, iteration: 344448, Δt: 20 minutes,max|u|: (1.61e+00, 2.56e+00, 6.84e-03) m s⁻¹, extrema(T): (31.72, -1.95) ᵒC, extrema(S): (39.78, 19.56) g/kg, extrema(η): (1.78, -2.04) m, wall time: 11.649 seconds 
[ Info: time: 4785 days, iteration: 344520, Δt: 20 minutes,max|u|: (1.54e+00, 2.75e+00, 6.88e-03) m s⁻¹, extrema(T): (31.72, -1.95) ᵒC, extrema(S): (39.78, 19.58) g/kg, extrema(η): (3.93, -2.14) m, wall time: 11.731 seconds 
[ Info: time: 4786 days, iteration: 344592, Δt: 20 minutes,max|u|: (1.65e+00, 2.02e+00, 6.86e-03) m s⁻¹, extrema(T): (31.75, -1.95) ᵒC, extrema(S): (39.78, 19.64) g/kg, extrema(η): (2.36, -2.14) m, wall time: 12.595 seconds 
[ Info: time: 4787 days, iteration: 344664, Δt: 20 minutes,max|u|: (1.51e+00, 1.95e+00, 6.87e-03) m s⁻¹, extrema(T): (31.74, -1.95) ᵒC, extrema(S): (39.76, 19.66) g/kg, extrema(η): (1.98, -2.11) m, wall time: 11.677 seconds 
[ Info: time: 4788 days, iteration: 344736, Δt: 20 minutes,max|u|: (1.53e+00, 1.96e+00, 6.90e-03) m s⁻¹, extrema(T): (31.75, -1.95) ᵒC, extrema(S): (39.75, 19.65) g/kg, extrema(η): (2.49, -3.09) m, wall time: 11.701 seconds 
[ Info: time: 4789 days, iteration: 344808, Δt: 20 minutes,max|u|: (1.57e+00, 2.25e+00, 6.85e-03) m s⁻¹, extrema(T): (31.76, -1.95) ᵒC, extrema(S): (39.75, 19.65) g/kg, extrema(η): (2.93, -2.08) m, wall time: 11.689 seconds 
[ Info: time: 4790 days, iteration: 344880, Δt: 20 minutes,max|u|: (1.56e+00, 1.97e+00, 6.85e-03) m s⁻¹, extrema(T): (31.79, -1.95) ᵒC, extrema(S): (39.75, 19.63) g/kg, extrema(η): (4.33, -2.06) m, wall time: 11.632 seconds 
[ Info: time: 4791 days, iteration: 344952, Δt: 20 minutes,max|u|: (1.56e+00, 1.89e+00, 6.85e-03) m s⁻¹, extrema(T): (31.70, -1.95) ᵒC, extrema(S): (39.75, 19.63) g/kg, extrema(η): (3.54, -2.11) m, wall time: 11.804 seconds 
[ Info: time: 4792 days, iteration: 345024, Δt: 20 minutes,max|u|: (1.56e+00, 1.87e+00, 6.84e-03) m s⁻¹, extrema(T): (31.54, -1.95) ᵒC, extrema(S): (39.75, 19.60) g/kg, extrema(η): (3.18, -2.06) m, wall time: 11.744 seconds 
[ Info: time: 4793 days, iteration: 345096, Δt: 20 minutes,max|u|: (2.08e+00, 1.83e+00, 6.85e-03) m s⁻¹, extrema(T): (31.43, -1.96) ᵒC, extrema(S): (39.74, 19.56) g/kg, extrema(η): (3.05, -3.48) m, wall time: 16.418 seconds 
[ Info: time: 4794 days, iteration: 345168, Δt: 20 minutes,max|u|: (2.03e+00, 2.04e+00, 6.85e-03) m s⁻¹, extrema(T): (31.34, -1.96) ᵒC, extrema(S): (39.74, 19.53) g/kg, extrema(η): (2.69, -2.17) m, wall time: 11.702 seconds 
[ Info: time: 4795 days, iteration: 345240, Δt: 20 minutes,max|u|: (1.98e+00, 2.10e+00, 6.88e-03) m s⁻¹, extrema(T): (31.24, -1.96) ᵒC, extrema(S): (39.74, 19.54) g/kg, extrema(η): (3.92, -2.14) m, wall time: 11.695 seconds 
[ Info: time: 4796 days, iteration: 345312, Δt: 20 minutes,max|u|: (1.81e+00, 2.12e+00, 6.86e-03) m s⁻¹, extrema(T): (31.11, -1.96) ᵒC, extrema(S): (39.74, 19.53) g/kg, extrema(η): (3.95, -2.16) m, wall time: 11.746 seconds 
[ Info: time: 4797 days, iteration: 345384, Δt: 20 minutes,max|u|: (1.79e+00, 2.34e+00, 6.83e-03) m s⁻¹, extrema(T): (31.12, -1.96) ᵒC, extrema(S): (39.74, 19.48) g/kg, extrema(η): (1.38, -2.22) m, wall time: 11.631 seconds 
[ Info: time: 4798 days, iteration: 345456, Δt: 20 minutes,max|u|: (1.99e+00, 2.59e+00, 6.82e-03) m s⁻¹, extrema(T): (31.11, -1.96) ᵒC, extrema(S): (39.74, 19.51) g/kg, extrema(η): (1.36, -3.01) m, wall time: 11.692 seconds 
[ Info: time: 4799 days, iteration: 345528, Δt: 20 minutes,max|u|: (2.78e+00, 2.83e+00, 6.79e-03) m s⁻¹, extrema(T): (31.09, -1.97) ᵒC, extrema(S): (39.74, 19.54) g/kg, extrema(η): (1.59, -2.04) m, wall time: 11.694 seconds 
[ Info: time: 4800 days, iteration: 345600, Δt: 20 minutes,max|u|: (3.10e+00, 2.89e+00, 6.75e-03) m s⁻¹, extrema(T): (31.03, -1.96) ᵒC, extrema(S): (39.73, 19.57) g/kg, extrema(η): (2.87, -2.03) m, wall time: 11.711 seconds 
[ Info: time: 4801 days, iteration: 345672, Δt: 20 minutes,max|u|: (1.85e+00, 2.55e+00, 6.74e-03) m s⁻¹, extrema(T): (30.96, -1.96) ᵒC, extrema(S): (39.73, 19.59) g/kg, extrema(η): (4.25, -2.07) m, wall time: 11.676 seconds 
[ Info: time: 4802 days, iteration: 345744, Δt: 20 minutes,max|u|: (2.29e+00, 2.22e+00, 6.79e-03) m s⁻¹, extrema(T): (30.99, -1.96) ᵒC, extrema(S): (39.73, 19.75) g/kg, extrema(η): (1.36, -2.06) m, wall time: 11.712 seconds 
[ Info: time: 4803 days, iteration: 345816, Δt: 20 minutes,max|u|: (2.19e+00, 1.86e+00, 6.77e-03) m s⁻¹, extrema(T): (31.01, -1.95) ᵒC, extrema(S): (39.73, 19.82) g/kg, extrema(η): (2.12, -3.41) m, wall time: 11.685 seconds 
[ Info: time: 4804 days, iteration: 345888, Δt: 20 minutes,max|u|: (1.36e+00, 1.56e+00, 6.82e-03) m s⁻¹, extrema(T): (31.06, -1.95) ᵒC, extrema(S): (39.71, 19.80) g/kg, extrema(η): (1.19, -2.55) m, wall time: 11.673 seconds 
[ Info: time: 4805 days, iteration: 345960, Δt: 20 minutes,max|u|: (1.41e+00, 1.65e+00, 6.76e-03) m s⁻¹, extrema(T): (31.11, -1.95) ᵒC, extrema(S): (39.71, 19.83) g/kg, extrema(η): (2.15, -2.19) m, wall time: 11.699 seconds 
[ Info: Saving checkpoint file
[ Info: time: 4806 days, iteration: 346032, Δt: 20 minutes,max|u|: (1.70e+00, 1.49e+00, 6.76e-03) m s⁻¹, extrema(T): (31.16, -1.95) ᵒC, extrema(S): (39.71, 19.76) g/kg, extrema(η): (4.61, -1.94) m, wall time: 30.328 seconds 
[ Info: time: 4807 days, iteration: 346104, Δt: 20 minutes,max|u|: (1.38e+00, 1.62e+00, 6.74e-03) m s⁻¹, extrema(T): (31.19, -1.95) ᵒC, extrema(S): (39.71, 19.62) g/kg, extrema(η): (1.56, -2.19) m, wall time: 11.981 seconds 
[ Info: time: 4808 days, iteration: 346176, Δt: 20 minutes,max|u|: (1.29e+00, 1.49e+00, 6.76e-03) m s⁻¹, extrema(T): (31.20, -1.95) ᵒC, extrema(S): (39.71, 19.49) g/kg, extrema(η): (1.12, -2.70) m, wall time: 11.974 seconds 
[ Info: time: 4809 days, iteration: 346248, Δt: 20 minutes,max|u|: (1.43e+00, 1.49e+00, 6.75e-03) m s⁻¹, extrema(T): (31.18, -1.95) ᵒC, extrema(S): (39.71, 19.38) g/kg, extrema(η): (1.20, -3.05) m, wall time: 11.948 seconds 
[ Info: time: 4810 days, iteration: 346320, Δt: 20 minutes,max|u|: (1.32e+00, 1.69e+00, 6.75e-03) m s⁻¹, extrema(T): (31.20, -1.95) ᵒC, extrema(S): (39.70, 19.29) g/kg, extrema(η): (1.89, -1.99) m, wall time: 12.011 seconds 
[ Info: time: 4811 days, iteration: 346392, Δt: 20 minutes,max|u|: (1.52e+00, 1.56e+00, 6.74e-03) m s⁻¹, extrema(T): (31.26, -1.95) ᵒC, extrema(S): (39.70, 19.18) g/kg, extrema(η): (4.47, -2.08) m, wall time: 11.891 seconds 
[ Info: time: 4812 days, iteration: 346464, Δt: 20 minutes,max|u|: (1.32e+00, 1.54e+00, 6.74e-03) m s⁻¹, extrema(T): (31.26, -1.95) ᵒC, extrema(S): (39.70, 19.12) g/kg, extrema(η): (3.02, -2.14) m, wall time: 11.998 seconds 
[ Info: time: 4813 days, iteration: 346536, Δt: 20 minutes,max|u|: (1.33e+00, 1.52e+00, 6.83e-03) m s⁻¹, extrema(T): (31.26, -1.95) ᵒC, extrema(S): (39.70, 19.04) g/kg, extrema(η): (3.29, -2.22) m, wall time: 12.033 seconds 
[ Info: time: 4814 days, iteration: 346608, Δt: 20 minutes,max|u|: (1.35e+00, 1.52e+00, 6.90e-03) m s⁻¹, extrema(T): (31.26, -1.95) ᵒC, extrema(S): (39.70, 18.98) g/kg, extrema(η): (3.43, -3.24) m, wall time: 12.078 seconds 
[ Info: time: 4815 days, iteration: 346680, Δt: 20 minutes,max|u|: (1.50e+00, 1.70e+00, 6.93e-03) m s⁻¹, extrema(T): (31.27, -1.95) ᵒC, extrema(S): (39.70, 18.93) g/kg, extrema(η): (3.42, -2.10) m, wall time: 11.961 seconds 
[ Info: time: 4816 days, iteration: 346752, Δt: 20 minutes,max|u|: (1.37e+00, 1.56e+00, 6.98e-03) m s⁻¹, extrema(T): (31.27, -1.95) ᵒC, extrema(S): (39.70, 18.89) g/kg, extrema(η): (4.32, -2.16) m, wall time: 11.950 seconds 
[ Info: time: 4817 days, iteration: 346824, Δt: 20 minutes,max|u|: (1.38e+00, 1.59e+00, 6.99e-03) m s⁻¹, extrema(T): (31.22, -1.95) ᵒC, extrema(S): (39.70, 18.84) g/kg, extrema(η): (3.17, -2.00) m, wall time: 12.920 seconds 
[ Info: time: 4818 days, iteration: 346896, Δt: 20 minutes,max|u|: (1.67e+00, 1.71e+00, 7.03e-03) m s⁻¹, extrema(T): (31.22, -1.95) ᵒC, extrema(S): (39.70, 18.80) g/kg, extrema(η): (2.50, -1.96) m, wall time: 16.943 seconds 
[ Info: time: 4819 days, iteration: 346968, Δt: 20 minutes,max|u|: (1.46e+00, 1.63e+00, 7.06e-03) m s⁻¹, extrema(T): (31.26, -1.96) ᵒC, extrema(S): (39.70, 18.76) g/kg, extrema(η): (1.99, -3.31) m, wall time: 11.906 seconds 
[ Info: time: 4820 days, iteration: 347040, Δt: 20 minutes,max|u|: (2.74e+00, 1.87e+00, 7.02e-03) m s⁻¹, extrema(T): (31.28, -1.96) ᵒC, extrema(S): (39.70, 18.74) g/kg, extrema(η): (1.39, -1.93) m, wall time: 11.978 seconds 
[ Info: time: 4821 days, iteration: 347112, Δt: 20 minutes,max|u|: (1.41e+00, 1.57e+00, 7.04e-03) m s⁻¹, extrema(T): (31.30, -1.96) ᵒC, extrema(S): (39.70, 18.73) g/kg, extrema(η): (3.81, -1.99) m, wall time: 12.051 seconds 
[ Info: time: 4822 days, iteration: 347184, Δt: 20 minutes,max|u|: (1.42e+00, 1.54e+00, 7.06e-03) m s⁻¹, extrema(T): (31.32, -1.96) ᵒC, extrema(S): (39.70, 18.70) g/kg, extrema(η): (3.89, -2.01) m, wall time: 11.929 seconds 
[ Info: time: 4823 days, iteration: 347256, Δt: 20 minutes,max|u|: (1.47e+00, 1.62e+00, 7.11e-03) m s⁻¹, extrema(T): (31.33, -1.96) ᵒC, extrema(S): (39.70, 18.67) g/kg, extrema(η): (1.24, -1.92) m, wall time: 11.934 seconds 
[ Info: time: 4824 days, iteration: 347328, Δt: 20 minutes,max|u|: (1.50e+00, 1.57e+00, 7.22e-03) m s⁻¹, extrema(T): (31.34, -1.96) ᵒC, extrema(S): (39.70, 18.65) g/kg, extrema(η): (1.22, -3.74) m, wall time: 11.940 seconds 
[ Info: time: 4825 days, iteration: 347400, Δt: 20 minutes,max|u|: (1.51e+00, 1.61e+00, 7.12e-03) m s⁻¹, extrema(T): (31.34, -1.96) ᵒC, extrema(S): (39.70, 18.62) g/kg, extrema(η): (1.21, -2.17) m, wall time: 11.979 seconds 
[ Info: time: 4826 days, iteration: 347472, Δt: 20 minutes,max|u|: (1.52e+00, 1.58e+00, 7.13e-03) m s⁻¹, extrema(T): (31.33, -1.96) ᵒC, extrema(S): (39.69, 18.59) g/kg, extrema(η): (3.15, -1.99) m, wall time: 12.011 seconds 
[ Info: time: 4827 days, iteration: 347544, Δt: 20 minutes,max|u|: (1.54e+00, 1.59e+00, 7.20e-03) m s⁻¹, extrema(T): (31.36, -1.95) ᵒC, extrema(S): (39.69, 18.58) g/kg, extrema(η): (3.88, -1.95) m, wall time: 12.014 seconds 
[ Info: time: 4828 days, iteration: 347616, Δt: 20 minutes,max|u|: (1.58e+00, 1.67e+00, 7.19e-03) m s⁻¹, extrema(T): (31.38, -1.95) ᵒC, extrema(S): (39.69, 18.56) g/kg, extrema(η): (1.23, -2.03) m, wall time: 12.050 seconds 
[ Info: time: 4829 days, iteration: 347688, Δt: 20 minutes,max|u|: (2.71e+00, 1.58e+00, 7.27e-03) m s⁻¹, extrema(T): (31.35, -1.95) ᵒC, extrema(S): (39.69, 18.57) g/kg, extrema(η): (1.41, -3.61) m, wall time: 11.957 seconds 
[ Info: time: 4830 days, iteration: 347760, Δt: 20 minutes,max|u|: (1.61e+00, 1.58e+00, 7.23e-03) m s⁻¹, extrema(T): (31.26, -1.95) ᵒC, extrema(S): (39.69, 18.67) g/kg, extrema(η): (1.42, -2.23) m, wall time: 12.014 seconds 
[ Info: time: 4831 days, iteration: 347832, Δt: 20 minutes,max|u|: (1.72e+00, 1.56e+00, 7.25e-03) m s⁻¹, extrema(T): (31.07, -1.95) ᵒC, extrema(S): (39.69, 18.92) g/kg, extrema(η): (2.12, -2.05) m, wall time: 16.901 seconds 
[ Info: time: 4832 days, iteration: 347904, Δt: 20 minutes,max|u|: (1.67e+00, 1.80e+00, 7.25e-03) m s⁻¹, extrema(T): (31.05, -1.94) ᵒC, extrema(S): (39.69, 19.50) g/kg, extrema(η): (4.76, -1.99) m, wall time: 12.129 seconds 
[ Info: time: 4833 days, iteration: 347976, Δt: 20 minutes,max|u|: (1.70e+00, 1.54e+00, 7.25e-03) m s⁻¹, extrema(T): (31.03, -1.94) ᵒC, extrema(S): (39.69, 19.73) g/kg, extrema(η): (1.81, -2.14) m, wall time: 16.162 seconds 
[ Info: time: 4834 days, iteration: 348048, Δt: 20 minutes,max|u|: (1.70e+00, 1.53e+00, 7.22e-03) m s⁻¹, extrema(T): (31.14, -1.94) ᵒC, extrema(S): (39.69, 19.59) g/kg, extrema(η): (2.00, -2.87) m, wall time: 11.931 seconds 
[ Info: time: 4835 days, iteration: 348120, Δt: 20 minutes,max|u|: (1.97e+00, 1.53e+00, 7.18e-03) m s⁻¹, extrema(T): (31.08, -1.94) ᵒC, extrema(S): (39.68, 19.43) g/kg, extrema(η): (2.55, -3.24) m, wall time: 12.065 seconds 
[ Info: time: 4836 days, iteration: 348192, Δt: 20 minutes,max|u|: (1.83e+00, 1.76e+00, 7.20e-03) m s⁻¹, extrema(T): (31.07, -1.93) ᵒC, extrema(S): (39.68, 19.32) g/kg, extrema(η): (2.89, -2.12) m, wall time: 12.004 seconds 
[ Info: time: 4837 days, iteration: 348264, Δt: 20 minutes,max|u|: (1.76e+00, 1.71e+00, 7.15e-03) m s⁻¹, extrema(T): (31.05, -1.93) ᵒC, extrema(S): (39.68, 19.26) g/kg, extrema(η): (4.44, -2.15) m, wall time: 12.027 seconds 
[ Info: time: 4838 days, iteration: 348336, Δt: 20 minutes,max|u|: (1.78e+00, 1.62e+00, 7.19e-03) m s⁻¹, extrema(T): (31.06, -1.93) ᵒC, extrema(S): (39.68, 19.23) g/kg, extrema(η): (3.19, -2.18) m, wall time: 12.042 seconds 
[ Info: time: 4839 days, iteration: 348408, Δt: 20 minutes,max|u|: (1.80e+00, 1.59e+00, 7.19e-03) m s⁻¹, extrema(T): (31.08, -1.93) ᵒC, extrema(S): (39.68, 19.14) g/kg, extrema(η): (3.06, -2.25) m, wall time: 12.081 seconds 
[ Info: time: 4840 days, iteration: 348480, Δt: 20 minutes,max|u|: (1.87e+00, 1.58e+00, 7.18e-03) m s⁻¹, extrema(T): (31.17, -1.92) ᵒC, extrema(S): (39.68, 19.04) g/kg, extrema(η): (2.81, -3.09) m, wall time: 12.103 seconds 
[ Info: time: 4841 days, iteration: 348552, Δt: 20 minutes,max|u|: (1.82e+00, 1.64e+00, 7.13e-03) m s⁻¹, extrema(T): (31.07, -1.92) ᵒC, extrema(S): (39.68, 18.99) g/kg, extrema(η): (2.42, -2.08) m, wall time: 11.952 seconds 
[ Info: time: 4842 days, iteration: 348624, Δt: 20 minutes,max|u|: (1.82e+00, 1.58e+00, 7.12e-03) m s⁻¹, extrema(T): (31.14, -1.92) ᵒC, extrema(S): (39.68, 18.91) g/kg, extrema(η): (4.11, -1.94) m, wall time: 11.929 seconds 
[ Info: time: 4843 days, iteration: 348696, Δt: 20 minutes,max|u|: (1.85e+00, 1.56e+00, 7.07e-03) m s⁻¹, extrema(T): (31.13, -1.92) ᵒC, extrema(S): (39.68, 19.08) g/kg, extrema(η): (4.11, -1.83) m, wall time: 16.932 seconds 
[ Info: time: 4844 days, iteration: 348768, Δt: 20 minutes,max|u|: (1.88e+00, 1.59e+00, 7.11e-03) m s⁻¹, extrema(T): (31.12, -1.92) ᵒC, extrema(S): (39.67, 19.60) g/kg, extrema(η): (1.22, -1.98) m, wall time: 11.899 seconds 
[ Info: time: 4845 days, iteration: 348840, Δt: 20 minutes,max|u|: (1.92e+00, 1.55e+00, 7.13e-03) m s⁻¹, extrema(T): (31.17, -1.91) ᵒC, extrema(S): (39.67, 19.59) g/kg, extrema(η): (1.22, -3.64) m, wall time: 12.003 seconds 
[ Info: time: 4846 days, iteration: 348912, Δt: 20 minutes,max|u|: (1.91e+00, 1.68e+00, 7.13e-03) m s⁻¹, extrema(T): (31.21, -1.91) ᵒC, extrema(S): (39.67, 19.52) g/kg, extrema(η): (1.19, -2.14) m, wall time: 12.045 seconds 
[ Info: time: 4847 days, iteration: 348984, Δt: 20 minutes,max|u|: (1.91e+00, 1.52e+00, 7.16e-03) m s⁻¹, extrema(T): (31.16, -1.91) ᵒC, extrema(S): (39.67, 19.43) g/kg, extrema(η): (3.16, -2.14) m, wall time: 11.969 seconds 
[ Info: time: 4848 days, iteration: 349056, Δt: 20 minutes,max|u|: (1.90e+00, 1.51e+00, 7.12e-03) m s⁻¹, extrema(T): (31.20, -1.91) ᵒC, extrema(S): (39.67, 19.51) g/kg, extrema(η): (4.32, -2.14) m, wall time: 13.009 seconds 
[ Info: time: 4849 days, iteration: 349128, Δt: 20 minutes,max|u|: (1.94e+00, 2.11e+00, 7.14e-03) m s⁻¹, extrema(T): (31.18, -1.91) ᵒC, extrema(S): (39.67, 19.53) g/kg, extrema(η): (1.33, -2.16) m, wall time: 11.978 seconds 
[ Info: time: 4850 days, iteration: 349200, Δt: 20 minutes,max|u|: (1.92e+00, 2.24e+00, 7.15e-03) m s⁻¹, extrema(T): (31.21, -1.91) ᵒC, extrema(S): (39.67, 19.47) g/kg, extrema(η): (1.34, -3.05) m, wall time: 11.846 seconds 
[ Info: time: 4851 days, iteration: 349272, Δt: 20 minutes,max|u|: (1.92e+00, 1.48e+00, 7.17e-03) m s⁻¹, extrema(T): (31.23, -1.91) ᵒC, extrema(S): (39.67, 19.51) g/kg, extrema(η): (1.43, -2.58) m, wall time: 11.919 seconds 
[ Info: time: 4852 days, iteration: 349344, Δt: 20 minutes,max|u|: (2.03e+00, 1.63e+00, 7.05e-03) m s⁻¹, extrema(T): (31.37, -1.91) ᵒC, extrema(S): (39.67, 19.39) g/kg, extrema(η): (1.61, -2.02) m, wall time: 12.026 seconds 
[ Info: time: 4853 days, iteration: 349416, Δt: 20 minutes,max|u|: (1.99e+00, 1.62e+00, 7.06e-03) m s⁻¹, extrema(T): (31.29, -1.91) ᵒC, extrema(S): (39.67, 19.46) g/kg, extrema(η): (4.46, -1.93) m, wall time: 12.008 seconds 
[ Info: time: 4854 days, iteration: 349488, Δt: 20 minutes,max|u|: (2.00e+00, 1.57e+00, 7.04e-03) m s⁻¹, extrema(T): (31.32, -1.91) ᵒC, extrema(S): (39.67, 19.53) g/kg, extrema(η): (1.71, -1.83) m, wall time: 11.950 seconds 
[ Info: time: 4855 days, iteration: 349560, Δt: 20 minutes,max|u|: (2.00e+00, 1.51e+00, 7.02e-03) m s⁻¹, extrema(T): (31.41, -1.91) ᵒC, extrema(S): (39.67, 19.53) g/kg, extrema(η): (1.59, -2.66) m, wall time: 17.035 seconds 
[ Info: time: 4856 days, iteration: 349632, Δt: 20 minutes,max|u|: (2.00e+00, 1.52e+00, 7.02e-03) m s⁻¹, extrema(T): (31.31, -1.91) ᵒC, extrema(S): (39.66, 19.54) g/kg, extrema(η): (1.41, -3.25) m, wall time: 11.901 seconds 
[ Info: time: 4857 days, iteration: 349704, Δt: 20 minutes,max|u|: (1.99e+00, 1.71e+00, 6.97e-03) m s⁻¹, extrema(T): (31.25, -1.91) ᵒC, extrema(S): (39.66, 19.44) g/kg, extrema(η): (2.04, -1.92) m, wall time: 12.013 seconds 
[ Info: time: 4858 days, iteration: 349776, Δt: 20 minutes,max|u|: (1.95e+00, 1.52e+00, 7.02e-03) m s⁻¹, extrema(T): (31.19, -1.91) ᵒC, extrema(S): (39.66, 19.45) g/kg, extrema(η): (4.39, -1.98) m, wall time: 12.174 seconds 
[ Info: time: 4859 days, iteration: 349848, Δt: 20 minutes,max|u|: (1.94e+00, 1.52e+00, 6.95e-03) m s⁻¹, extrema(T): (31.29, -1.92) ᵒC, extrema(S): (39.66, 19.47) g/kg, extrema(η): (3.26, -1.93) m, wall time: 12.161 seconds 
[ Info: time: 4860 days, iteration: 349920, Δt: 20 minutes,max|u|: (1.93e+00, 1.55e+00, 6.90e-03) m s⁻¹, extrema(T): (31.21, -1.92) ᵒC, extrema(S): (39.67, 19.37) g/kg, extrema(η): (3.16, -1.87) m, wall time: 11.916 seconds 
[ Info: time: 4861 days, iteration: 349992, Δt: 20 minutes,max|u|: (1.96e+00, 1.50e+00, 6.90e-03) m s⁻¹, extrema(T): (31.17, -1.92) ᵒC, extrema(S): (39.67, 19.35) g/kg, extrema(η): (3.19, -3.29) m, wall time: 12.024 seconds 
[ Info: time: 4862 days, iteration: 350064, Δt: 20 minutes,max|u|: (1.98e+00, 1.68e+00, 6.85e-03) m s⁻¹, extrema(T): (31.19, -1.92) ᵒC, extrema(S): (39.67, 19.56) g/kg, extrema(η): (3.13, -1.92) m, wall time: 12.079 seconds 
[ Info: time: 4863 days, iteration: 350136, Δt: 20 minutes,max|u|: (1.96e+00, 1.49e+00, 6.86e-03) m s⁻¹, extrema(T): (31.30, -1.92) ᵒC, extrema(S): (39.68, 19.49) g/kg, extrema(η): (3.78, -2.06) m, wall time: 12.127 seconds 
[ Info: time: 4864 days, iteration: 350208, Δt: 20 minutes,max|u|: (1.99e+00, 1.53e+00, 6.82e-03) m s⁻¹, extrema(T): (31.27, -1.93) ᵒC, extrema(S): (39.68, 19.67) g/kg, extrema(η): (4.09, -1.93) m, wall time: 12.131 seconds 
[ Info: time: 4865 days, iteration: 350280, Δt: 20 minutes,max|u|: (1.93e+00, 1.53e+00, 6.80e-03) m s⁻¹, extrema(T): (31.29, -1.93) ᵒC, extrema(S): (39.67, 19.60) g/kg, extrema(η): (2.10, -2.06) m, wall time: 12.041 seconds 
[ Info: time: 4866 days, iteration: 350352, Δt: 20 minutes,max|u|: (1.90e+00, 1.47e+00, 6.81e-03) m s⁻¹, extrema(T): (31.24, -1.93) ᵒC, extrema(S): (39.67, 19.66) g/kg, extrema(η): (1.64, -3.67) m, wall time: 11.955 seconds 
[ Info: time: 4867 days, iteration: 350424, Δt: 20 minutes,max|u|: (1.90e+00, 1.53e+00, 6.86e-03) m s⁻¹, extrema(T): (31.20, -1.93) ᵒC, extrema(S): (39.66, 19.62) g/kg, extrema(η): (1.31, -2.05) m, wall time: 11.996 seconds 
[ Info: time: 4868 days, iteration: 350496, Δt: 20 minutes,max|u|: (1.89e+00, 1.46e+00, 6.87e-03) m s⁻¹, extrema(T): (31.26, -1.93) ᵒC, extrema(S): (39.66, 19.57) g/kg, extrema(η): (3.53, -2.05) m, wall time: 16.938 seconds 
[ Info: time: 4869 days, iteration: 350568, Δt: 20 minutes,max|u|: (1.86e+00, 1.47e+00, 6.87e-03) m s⁻¹, extrema(T): (31.32, -1.93) ᵒC, extrema(S): (39.66, 19.58) g/kg, extrema(η): (4.04, -2.18) m, wall time: 11.926 seconds 
[ Info: time: 4870 days, iteration: 350640, Δt: 20 minutes,max|u|: (1.81e+00, 1.69e+00, 6.86e-03) m s⁻¹, extrema(T): (31.31, -1.93) ᵒC, extrema(S): (39.67, 19.46) g/kg, extrema(η): (1.34, -2.12) m, wall time: 12.064 seconds 
[ Info: time: 4871 days, iteration: 350712, Δt: 20 minutes,max|u|: (1.81e+00, 1.46e+00, 6.84e-03) m s⁻¹, extrema(T): (31.34, -1.92) ᵒC, extrema(S): (39.67, 19.56) g/kg, extrema(η): (1.33, -3.71) m, wall time: 11.960 seconds 
[ Info: time: 4872 days, iteration: 350784, Δt: 20 minutes,max|u|: (1.81e+00, 1.46e+00, 6.81e-03) m s⁻¹, extrema(T): (31.34, -1.93) ᵒC, extrema(S): (39.67, 19.57) g/kg, extrema(η): (1.24, -2.16) m, wall time: 11.959 seconds 
[ Info: time: 4873 days, iteration: 350856, Δt: 20 minutes,max|u|: (1.89e+00, 1.55e+00, 6.75e-03) m s⁻¹, extrema(T): (31.33, -1.92) ᵒC, extrema(S): (39.68, 19.63) g/kg, extrema(η): (2.22, -1.93) m, wall time: 12.046 seconds 
[ Info: time: 4874 days, iteration: 350928, Δt: 20 minutes,max|u|: (1.91e+00, 1.47e+00, 6.78e-03) m s⁻¹, extrema(T): (31.34, -1.91) ᵒC, extrema(S): (39.67, 18.95) g/kg, extrema(η): (4.11, -1.88) m, wall time: 12.048 seconds 
[ Info: time: 4875 days, iteration: 351000, Δt: 20 minutes,max|u|: (2.16e+00, 1.64e+00, 6.79e-03) m s⁻¹, extrema(T): (31.32, -1.92) ᵒC, extrema(S): (39.67, 17.77) g/kg, extrema(η): (1.36, -1.96) m, wall time: 12.016 seconds 
[ Info: time: 4876 days, iteration: 351072, Δt: 20 minutes,max|u|: (2.14e+00, 1.90e+00, 6.83e-03) m s⁻¹, extrema(T): (31.33, -1.91) ᵒC, extrema(S): (39.67, 17.05) g/kg, extrema(η): (1.55, -3.54) m, wall time: 11.938 seconds 
[ Info: time: 4877 days, iteration: 351144, Δt: 20 minutes,max|u|: (2.35e+00, 1.46e+00, 6.89e-03) m s⁻¹, extrema(T): (31.35, -1.91) ᵒC, extrema(S): (39.67, 16.82) g/kg, extrema(η): (1.76, -3.31) m, wall time: 12.094 seconds 
[ Info: time: 4878 days, iteration: 351216, Δt: 20 minutes,max|u|: (2.50e+00, 1.77e+00, 6.91e-03) m s⁻¹, extrema(T): (31.38, -1.90) ᵒC, extrema(S): (39.66, 16.38) g/kg, extrema(η): (1.30, -2.06) m, wall time: 12.012 seconds 
[ Info: time: 4879 days, iteration: 351288, Δt: 20 minutes,max|u|: (2.25e+00, 1.44e+00, 6.92e-03) m s⁻¹, extrema(T): (31.34, -1.90) ᵒC, extrema(S): (39.67, 16.53) g/kg, extrema(η): (4.04, -2.06) m, wall time: 13.295 seconds 
[ Info: time: 4880 days, iteration: 351360, Δt: 20 minutes,max|u|: (1.76e+00, 1.54e+00, 6.97e-03) m s⁻¹, extrema(T): (31.32, -1.90) ᵒC, extrema(S): (39.67, 16.24) g/kg, extrema(η): (1.80, -2.06) m, wall time: 16.932 seconds 
[ Info: time: 4881 days, iteration: 351432, Δt: 20 minutes,max|u|: (1.66e+00, 1.43e+00, 7.02e-03) m s⁻¹, extrema(T): (31.29, -1.91) ᵒC, extrema(S): (39.67, 16.18) g/kg, extrema(η): (2.36, -2.84) m, wall time: 11.955 seconds 
[ Info: time: 4882 days, iteration: 351504, Δt: 20 minutes,max|u|: (1.57e+00, 1.42e+00, 6.95e-03) m s⁻¹, extrema(T): (31.35, -1.92) ᵒC, extrema(S): (39.67, 16.57) g/kg, extrema(η): (2.89, -3.60) m, wall time: 11.967 seconds 
[ Info: time: 4883 days, iteration: 351576, Δt: 20 minutes,max|u|: (1.96e+00, 1.71e+00, 6.96e-03) m s⁻¹, extrema(T): (31.36, -1.92) ᵒC, extrema(S): (39.68, 16.80) g/kg, extrema(η): (3.26, -2.11) m, wall time: 12.020 seconds 
[ Info: time: 4884 days, iteration: 351648, Δt: 20 minutes,max|u|: (1.60e+00, 1.43e+00, 7.00e-03) m s⁻¹, extrema(T): (31.35, -1.93) ᵒC, extrema(S): (39.68, 16.48) g/kg, extrema(η): (4.12, -1.89) m, wall time: 11.924 seconds 
[ Info: time: 4885 days, iteration: 351720, Δt: 20 minutes,max|u|: (1.58e+00, 1.43e+00, 7.00e-03) m s⁻¹, extrema(T): (31.45, -1.93) ᵒC, extrema(S): (39.68, 16.74) g/kg, extrema(η): (3.32, -2.19) m, wall time: 11.970 seconds 
[ Info: time: 4886 days, iteration: 351792, Δt: 20 minutes,max|u|: (1.67e+00, 1.52e+00, 7.06e-03) m s⁻¹, extrema(T): (31.53, -1.93) ᵒC, extrema(S): (39.69, 17.52) g/kg, extrema(η): (3.15, -2.17) m, wall time: 11.982 seconds 
[ Info: time: 4887 days, iteration: 351864, Δt: 20 minutes,max|u|: (1.58e+00, 1.80e+00, 7.10e-03) m s⁻¹, extrema(T): (31.50, -1.93) ᵒC, extrema(S): (39.69, 17.34) g/kg, extrema(η): (2.88, -3.86) m, wall time: 12.007 seconds 
[ Info: time: 4888 days, iteration: 351936, Δt: 20 minutes,max|u|: (1.52e+00, 1.68e+00, 7.06e-03) m s⁻¹, extrema(T): (31.48, -1.93) ᵒC, extrema(S): (39.69, 17.11) g/kg, extrema(η): (2.56, -2.07) m, wall time: 11.961 seconds 
[ Info: time: 4889 days, iteration: 352008, Δt: 20 minutes,max|u|: (1.50e+00, 1.46e+00, 7.05e-03) m s⁻¹, extrema(T): (31.50, -1.93) ᵒC, extrema(S): (39.69, 17.43) g/kg, extrema(η): (3.57, -1.99) m, wall time: 12.051 seconds 
[ Info: time: 4890 days, iteration: 352080, Δt: 20 minutes,max|u|: (1.52e+00, 1.41e+00, 6.99e-03) m s⁻¹, extrema(T): (31.50, -1.93) ᵒC, extrema(S): (39.69, 17.48) g/kg, extrema(η): (3.98, -1.84) m, wall time: 11.972 seconds 
[ Info: time: 4891 days, iteration: 352152, Δt: 20 minutes,max|u|: (1.64e+00, 1.72e+00, 6.98e-03) m s⁻¹, extrema(T): (31.44, -1.93) ᵒC, extrema(S): (39.70, 18.21) g/kg, extrema(η): (1.24, -1.95) m, wall time: 11.866 seconds 
[ Info: time: 4892 days, iteration: 352224, Δt: 20 minutes,max|u|: (1.71e+00, 1.40e+00, 6.94e-03) m s⁻¹, extrema(T): (31.40, -1.91) ᵒC, extrema(S): (39.70, 18.92) g/kg, extrema(η): (1.23, -3.68) m, wall time: 16.793 seconds 
[ Info: time: 4893 days, iteration: 352296, Δt: 20 minutes,max|u|: (1.55e+00, 1.41e+00, 6.96e-03) m s⁻¹, extrema(T): (31.38, -1.90) ᵒC, extrema(S): (39.70, 18.72) g/kg, extrema(η): (1.21, -1.97) m, wall time: 11.838 seconds 
[ Info: time: 4894 days, iteration: 352368, Δt: 20 minutes,max|u|: (1.54e+00, 1.58e+00, 6.92e-03) m s⁻¹, extrema(T): (31.35, -1.93) ᵒC, extrema(S): (39.69, 18.91) g/kg, extrema(η): (2.61, -2.04) m, wall time: 11.986 seconds 
[ Info: time: 4895 days, iteration: 352440, Δt: 20 minutes,max|u|: (1.43e+00, 1.38e+00, 6.91e-03) m s⁻¹, extrema(T): (31.31, -1.93) ᵒC, extrema(S): (39.70, 19.06) g/kg, extrema(η): (4.37, -2.01) m, wall time: 12.036 seconds 
[ Info: time: 4896 days, iteration: 352512, Δt: 20 minutes,max|u|: (1.57e+00, 1.72e+00, 6.92e-03) m s⁻¹, extrema(T): (31.27, -1.93) ᵒC, extrema(S): (39.70, 19.18) g/kg, extrema(η): (1.45, -2.12) m, wall time: 11.971 seconds 
[ Info: time: 4897 days, iteration: 352584, Δt: 20 minutes,max|u|: (1.43e+00, 1.48e+00, 6.90e-03) m s⁻¹, extrema(T): (31.27, -1.92) ᵒC, extrema(S): (39.70, 18.84) g/kg, extrema(η): (1.53, -3.40) m, wall time: 11.864 seconds 
[ Info: time: 4898 days, iteration: 352656, Δt: 20 minutes,max|u|: (1.59e+00, 1.37e+00, 6.86e-03) m s⁻¹, extrema(T): (31.25, -1.92) ᵒC, extrema(S): (39.70, 18.38) g/kg, extrema(η): (1.37, -3.19) m, wall time: 11.936 seconds 
[ Info: time: 4899 days, iteration: 352728, Δt: 20 minutes,max|u|: (1.40e+00, 1.70e+00, 6.85e-03) m s⁻¹, extrema(T): (31.26, -1.92) ᵒC, extrema(S): (39.70, 17.83) g/kg, extrema(η): (1.43, -1.95) m, wall time: 12.015 seconds 
[ Info: time: 4900 days, iteration: 352800, Δt: 20 minutes,max|u|: (1.41e+00, 1.38e+00, 6.85e-03) m s⁻¹, extrema(T): (31.29, -1.91) ᵒC, extrema(S): (39.71, 17.21) g/kg, extrema(η): (4.30, -1.94) m, wall time: 12.093 seconds 
[ Info: time: 4901 days, iteration: 352872, Δt: 20 minutes,max|u|: (1.43e+00, 1.56e+00, 6.84e-03) m s⁻¹, extrema(T): (31.31, -1.92) ᵒC, extrema(S): (39.71, 16.25) g/kg, extrema(η): (2.10, -2.20) m, wall time: 11.955 seconds 
[ Info: time: 4902 days, iteration: 352944, Δt: 20 minutes,max|u|: (1.46e+00, 1.39e+00, 6.81e-03) m s⁻¹, extrema(T): (31.33, -1.93) ᵒC, extrema(S): (39.72, 16.35) g/kg, extrema(η): (1.26, -2.49) m, wall time: 11.972 seconds 
[ Info: time: 4903 days, iteration: 353016, Δt: 20 minutes,max|u|: (1.48e+00, 1.40e+00, 6.73e-03) m s⁻¹, extrema(T): (31.32, -1.93) ᵒC, extrema(S): (39.72, 16.88) g/kg, extrema(η): (1.77, -3.59) m, wall time: 11.910 seconds 
[ Info: time: 4904 days, iteration: 353088, Δt: 20 minutes,max|u|: (1.53e+00, 1.84e+00, 6.70e-03) m s⁻¹, extrema(T): (31.29, -1.94) ᵒC, extrema(S): (39.72, 16.55) g/kg, extrema(η): (2.39, -1.99) m, wall time: 11.889 seconds 
[ Info: time: 4905 days, iteration: 353160, Δt: 20 minutes,max|u|: (1.72e+00, 1.40e+00, 6.71e-03) m s⁻¹, extrema(T): (31.27, -1.94) ᵒC, extrema(S): (39.72, 16.87) g/kg, extrema(η): (4.18, -1.98) m, wall time: 16.980 seconds 
[ Info: time: 4906 days, iteration: 353232, Δt: 20 minutes,max|u|: (2.14e+00, 1.47e+00, 6.78e-03) m s⁻¹, extrema(T): (31.25, -1.94) ᵒC, extrema(S): (39.73, 16.43) g/kg, extrema(η): (3.32, -1.97) m, wall time: 12.056 seconds 
[ Info: time: 4907 days, iteration: 353304, Δt: 20 minutes,max|u|: (2.30e+00, 1.50e+00, 6.86e-03) m s⁻¹, extrema(T): (31.25, -1.94) ᵒC, extrema(S): (39.73, 16.07) g/kg, extrema(η): (3.54, -2.02) m, wall time: 12.116 seconds 
[ Info: time: 4908 days, iteration: 353376, Δt: 20 minutes,max|u|: (2.17e+00, 1.37e+00, 6.80e-03) m s⁻¹, extrema(T): (31.26, -1.94) ᵒC, extrema(S): (39.73, 15.93) g/kg, extrema(η): (3.60, -3.74) m, wall time: 12.039 seconds 
[ Info: time: 4909 days, iteration: 353448, Δt: 20 minutes,max|u|: (2.09e+00, 1.73e+00, 6.88e-03) m s⁻¹, extrema(T): (31.20, -1.95) ᵒC, extrema(S): (39.74, 16.15) g/kg, extrema(η): (3.52, -1.97) m, wall time: 12.045 seconds 
[ Info: time: 4910 days, iteration: 353520, Δt: 20 minutes,max|u|: (1.97e+00, 1.37e+00, 6.88e-03) m s⁻¹, extrema(T): (31.18, -1.95) ᵒC, extrema(S): (39.74, 15.85) g/kg, extrema(η): (3.54, -1.87) m, wall time: 13.220 seconds 
[ Info: time: 4911 days, iteration: 353592, Δt: 20 minutes,max|u|: (2.08e+00, 1.37e+00, 6.93e-03) m s⁻¹, extrema(T): (31.18, -1.95) ᵒC, extrema(S): (39.74, 15.44) g/kg, extrema(η): (4.03, -1.95) m, wall time: 11.897 seconds 
[ Info: time: 4912 days, iteration: 353664, Δt: 20 minutes,max|u|: (2.47e+00, 1.62e+00, 6.96e-03) m s⁻¹, extrema(T): (31.17, -1.95) ᵒC, extrema(S): (39.74, 15.31) g/kg, extrema(η): (2.29, -1.96) m, wall time: 11.935 seconds 
[ Info: time: 4913 days, iteration: 353736, Δt: 20 minutes,max|u|: (1.72e+00, 1.37e+00, 7.00e-03) m s⁻¹, extrema(T): (31.17, -1.95) ᵒC, extrema(S): (39.75, 15.52) g/kg, extrema(η): (1.71, -3.50) m, wall time: 12.018 seconds 
[ Info: time: 4914 days, iteration: 353808, Δt: 20 minutes,max|u|: (1.81e+00, 1.55e+00, 6.94e-03) m s⁻¹, extrema(T): (31.15, -1.95) ᵒC, extrema(S): (39.75, 16.48) g/kg, extrema(η): (1.33, -1.94) m, wall time: 12.039 seconds 
[ Info: time: 4915 days, iteration: 353880, Δt: 20 minutes,max|u|: (2.31e+00, 1.50e+00, 6.82e-03) m s⁻¹, extrema(T): (31.08, -1.95) ᵒC, extrema(S): (39.75, 15.75) g/kg, extrema(η): (2.68, -1.99) m, wall time: 11.977 seconds 
[ Info: time: 4916 days, iteration: 353952, Δt: 20 minutes,max|u|: (2.22e+00, 1.40e+00, 6.84e-03) m s⁻¹, extrema(T): (30.99, -1.95) ᵒC, extrema(S): (39.75, 15.13) g/kg, extrema(η): (4.50, -2.08) m, wall time: 12.000 seconds 
[ Info: time: 4917 days, iteration: 354024, Δt: 20 minutes,max|u|: (2.42e+00, 2.14e+00, 6.90e-03) m s⁻¹, extrema(T): (30.94, -1.95) ᵒC, extrema(S): (39.75, 15.77) g/kg, extrema(η): (1.42, -2.15) m, wall time: 16.955 seconds 
[ Info: time: 4918 days, iteration: 354096, Δt: 20 minutes,max|u|: (2.35e+00, 1.41e+00, 6.88e-03) m s⁻¹, extrema(T): (30.92, -1.95) ᵒC, extrema(S): (39.76, 16.35) g/kg, extrema(η): (1.50, -3.17) m, wall time: 11.914 seconds 
[ Info: time: 4919 days, iteration: 354168, Δt: 20 minutes,max|u|: (1.81e+00, 1.51e+00, 7.00e-03) m s⁻¹, extrema(T): (31.00, -1.95) ᵒC, extrema(S): (39.76, 16.20) g/kg, extrema(η): (1.47, -2.87) m, wall time: 11.969 seconds 
[ Info: time: 4920 days, iteration: 354240, Δt: 20 minutes,max|u|: (1.68e+00, 1.72e+00, 7.01e-03) m s⁻¹, extrema(T): (30.98, -1.94) ᵒC, extrema(S): (39.76, 15.77) g/kg, extrema(η): (1.65, -2.11) m, wall time: 11.989 seconds 
[ Info: time: 4921 days, iteration: 354312, Δt: 20 minutes,max|u|: (1.57e+00, 1.46e+00, 6.98e-03) m s⁻¹, extrema(T): (30.96, -1.95) ᵒC, extrema(S): (39.76, 15.87) g/kg, extrema(η): (4.28, -2.04) m, wall time: 11.931 seconds 
[ Info: time: 4922 days, iteration: 354384, Δt: 20 minutes,max|u|: (1.78e+00, 1.56e+00, 6.94e-03) m s⁻¹, extrema(T): (31.05, -1.94) ᵒC, extrema(S): (39.76, 15.42) g/kg, extrema(η): (1.99, -2.08) m, wall time: 11.935 seconds 
[ Info: time: 4923 days, iteration: 354456, Δt: 20 minutes,max|u|: (1.90e+00, 1.44e+00, 6.86e-03) m s⁻¹, extrema(T): (31.10, -1.93) ᵒC, extrema(S): (39.76, 14.97) g/kg, extrema(η): (1.57, -2.58) m, wall time: 11.968 seconds 
[ Info: time: 4924 days, iteration: 354528, Δt: 20 minutes,max|u|: (2.11e+00, 1.46e+00, 6.83e-03) m s⁻¹, extrema(T): (31.23, -1.91) ᵒC, extrema(S): (39.77, 14.46) g/kg, extrema(η): (1.46, -3.62) m, wall time: 12.049 seconds 
[ Info: time: 4925 days, iteration: 354600, Δt: 20 minutes,max|u|: (1.87e+00, 1.84e+00, 6.79e-03) m s⁻¹, extrema(T): (31.18, -1.93) ᵒC, extrema(S): (39.77, 14.24) g/kg, extrema(η): (1.53, -1.99) m, wall time: 11.939 seconds 
[ Info: time: 4926 days, iteration: 354672, Δt: 20 minutes,max|u|: (1.57e+00, 1.47e+00, 6.86e-03) m s⁻¹, extrema(T): (31.21, -1.92) ᵒC, extrema(S): (39.78, 13.88) g/kg, extrema(η): (4.25, -2.12) m, wall time: 12.073 seconds 
[ Info: time: 4927 days, iteration: 354744, Δt: 20 minutes,max|u|: (1.73e+00, 1.47e+00, 6.87e-03) m s⁻¹, extrema(T): (31.21, -1.91) ᵒC, extrema(S): (39.78, 13.70) g/kg, extrema(η): (3.29, -2.20) m, wall time: 12.129 seconds 
[ Info: time: 4928 days, iteration: 354816, Δt: 20 minutes,max|u|: (1.63e+00, 1.46e+00, 6.82e-03) m s⁻¹, extrema(T): (31.26, -1.91) ᵒC, extrema(S): (39.78, 13.80) g/kg, extrema(η): (2.38, -2.24) m, wall time: 12.072 seconds 
[ Info: time: 4929 days, iteration: 354888, Δt: 20 minutes,max|u|: (1.86e+00, 1.45e+00, 6.80e-03) m s⁻¹, extrema(T): (31.12, -1.91) ᵒC, extrema(S): (39.78, 13.86) g/kg, extrema(η): (2.90, -3.70) m, wall time: 12.009 seconds 
[ Info: time: 4930 days, iteration: 354960, Δt: 20 minutes,max|u|: (2.04e+00, 1.79e+00, 6.88e-03) m s⁻¹, extrema(T): (31.05, -1.91) ᵒC, extrema(S): (39.79, 15.97) g/kg, extrema(η): (3.32, -2.25) m, wall time: 17.140 seconds 
[ Info: time: 4931 days, iteration: 355032, Δt: 20 minutes,max|u|: (1.81e+00, 1.44e+00, 6.92e-03) m s⁻¹, extrema(T): (31.06, -1.92) ᵒC, extrema(S): (39.79, 15.26) g/kg, extrema(η): (3.60, -2.14) m, wall time: 12.059 seconds 
[ Info: time: 4932 days, iteration: 355104, Δt: 20 minutes,max|u|: (2.34e+00, 1.42e+00, 6.92e-03) m s⁻¹, extrema(T): (31.06, -1.92) ᵒC, extrema(S): (39.79, 14.64) g/kg, extrema(η): (4.04, -1.98) m, wall time: 16.231 seconds 
[ Info: time: 4933 days, iteration: 355176, Δt: 20 minutes,max|u|: (2.30e+00, 1.65e+00, 6.92e-03) m s⁻¹, extrema(T): (31.08, -1.92) ᵒC, extrema(S): (39.79, 14.18) g/kg, extrema(η): (3.39, -2.03) m, wall time: 11.888 seconds 
[ Info: time: 4934 days, iteration: 355248, Δt: 20 minutes,max|u|: (1.99e+00, 1.41e+00, 6.88e-03) m s⁻¹, extrema(T): (31.28, -1.93) ᵒC, extrema(S): (39.80, 14.96) g/kg, extrema(η): (3.18, -3.62) m, wall time: 11.927 seconds 
[ Info: time: 4935 days, iteration: 355320, Δt: 20 minutes,max|u|: (2.16e+00, 1.60e+00, 6.90e-03) m s⁻¹, extrema(T): (31.20, -1.93) ᵒC, extrema(S): (39.80, 14.59) g/kg, extrema(η): (2.91, -2.11) m, wall time: 11.947 seconds 
[ Info: time: 4936 days, iteration: 355392, Δt: 20 minutes,max|u|: (2.66e+00, 1.59e+00, 6.95e-03) m s⁻¹, extrema(T): (31.11, -1.94) ᵒC, extrema(S): (39.80, 14.24) g/kg, extrema(η): (2.93, -2.09) m, wall time: 11.926 seconds 
[ Info: time: 4937 days, iteration: 355464, Δt: 20 minutes,max|u|: (1.98e+00, 1.41e+00, 7.08e-03) m s⁻¹, extrema(T): (31.31, -1.94) ᵒC, extrema(S): (39.81, 15.51) g/kg, extrema(η): (4.40, -2.07) m, wall time: 12.013 seconds 
[ Info: time: 4938 days, iteration: 355536, Δt: 20 minutes,max|u|: (2.07e+00, 1.64e+00, 7.13e-03) m s⁻¹, extrema(T): (31.66, -1.94) ᵒC, extrema(S): (39.81, 15.32) g/kg, extrema(η): (1.66, -2.17) m, wall time: 12.137 seconds 
[ Info: time: 4939 days, iteration: 355608, Δt: 20 minutes,max|u|: (2.18e+00, 1.42e+00, 7.15e-03) m s⁻¹, extrema(T): (31.59, -1.95) ᵒC, extrema(S): (39.81, 14.75) g/kg, extrema(η): (1.34, -3.21) m, wall time: 11.983 seconds 
[ Info: time: 4940 days, iteration: 355680, Δt: 20 minutes,max|u|: (2.57e+00, 1.43e+00, 7.11e-03) m s⁻¹, extrema(T): (31.65, -1.95) ᵒC, extrema(S): (39.81, 14.24) g/kg, extrema(η): (1.28, -2.62) m, wall time: 11.917 seconds 
[ Info: time: 4941 days, iteration: 355752, Δt: 20 minutes,max|u|: (1.90e+00, 1.67e+00, 7.08e-03) m s⁻¹, extrema(T): (31.61, -1.95) ᵒC, extrema(S): (39.81, 15.38) g/kg, extrema(η): (1.65, -2.09) m, wall time: 13.211 seconds 
[ Info: time: 4942 days, iteration: 355824, Δt: 20 minutes,max|u|: (1.84e+00, 1.44e+00, 7.06e-03) m s⁻¹, extrema(T): (31.51, -1.95) ᵒC, extrema(S): (39.81, 15.28) g/kg, extrema(η): (4.40, -2.07) m, wall time: 16.812 seconds 
[ Info: time: 4943 days, iteration: 355896, Δt: 20 minutes,max|u|: (1.81e+00, 1.51e+00, 7.08e-03) m s⁻¹, extrema(T): (31.60, -1.95) ᵒC, extrema(S): (39.81, 15.51) g/kg, extrema(η): (2.27, -2.20) m, wall time: 11.973 seconds 
[ Info: time: 4944 days, iteration: 355968, Δt: 20 minutes,max|u|: (1.81e+00, 1.45e+00, 7.10e-03) m s⁻¹, extrema(T): (31.71, -1.95) ᵒC, extrema(S): (39.82, 14.60) g/kg, extrema(η): (1.44, -2.46) m, wall time: 12.019 seconds 
[ Info: time: 4945 days, iteration: 356040, Δt: 20 minutes,max|u|: (2.01e+00, 1.72e+00, 7.07e-03) m s⁻¹, extrema(T): (31.69, -1.94) ᵒC, extrema(S): (39.82, 15.90) g/kg, extrema(η): (1.49, -3.80) m, wall time: 12.099 seconds 
[ Info: time: 4946 days, iteration: 356112, Δt: 20 minutes,max|u|: (1.61e+00, 1.74e+00, 7.01e-03) m s⁻¹, extrema(T): (31.69, -1.93) ᵒC, extrema(S): (39.83, 16.53) g/kg, extrema(η): (1.49, -2.10) m, wall time: 11.990 seconds 
[ Info: time: 4947 days, iteration: 356184, Δt: 20 minutes,max|u|: (1.63e+00, 1.46e+00, 6.94e-03) m s⁻¹, extrema(T): (31.77, -1.93) ᵒC, extrema(S): (39.82, 15.57) g/kg, extrema(η): (3.97, -2.05) m, wall time: 11.913 seconds 
[ Info: time: 4948 days, iteration: 356256, Δt: 20 minutes,max|u|: (1.87e+00, 1.47e+00, 6.90e-03) m s⁻¹, extrema(T): (32.10, -1.93) ᵒC, extrema(S): (39.83, 16.33) g/kg, extrema(η): (3.16, -1.88) m, wall time: 12.051 seconds 
[ Info: time: 4949 days, iteration: 356328, Δt: 20 minutes,max|u|: (2.08e+00, 1.61e+00, 6.81e-03) m s⁻¹, extrema(T): (32.23, -1.94) ᵒC, extrema(S): (39.83, 16.67) g/kg, extrema(η): (1.62, -2.05) m, wall time: 12.189 seconds 
[ Info: time: 4950 days, iteration: 356400, Δt: 20 minutes,max|u|: (1.84e+00, 1.45e+00, 6.79e-03) m s⁻¹, extrema(T): (32.20, -1.94) ᵒC, extrema(S): (39.83, 15.68) g/kg, extrema(η): (1.61, -4.01) m, wall time: 12.014 seconds 
[ Info: time: 4951 days, iteration: 356472, Δt: 20 minutes,max|u|: (1.93e+00, 1.70e+00, 6.71e-03) m s⁻¹, extrema(T): (32.19, -1.94) ᵒC, extrema(S): (39.83, 15.22) g/kg, extrema(η): (1.57, -1.98) m, wall time: 12.021 seconds 
[ Info: time: 4952 days, iteration: 356544, Δt: 20 minutes,max|u|: (1.86e+00, 1.44e+00, 6.66e-03) m s⁻¹, extrema(T): (32.30, -1.93) ᵒC, extrema(S): (39.83, 14.78) g/kg, extrema(η): (3.29, -2.04) m, wall time: 12.077 seconds 
[ Info: time: 4953 days, iteration: 356616, Δt: 20 minutes,max|u|: (1.63e+00, 1.63e+00, 6.66e-03) m s⁻¹, extrema(T): (32.16, -1.93) ᵒC, extrema(S): (39.83, 14.75) g/kg, extrema(η): (3.87, -2.13) m, wall time: 11.990 seconds 
[ Info: time: 4954 days, iteration: 356688, Δt: 20 minutes,max|u|: (1.93e+00, 1.63e+00, 6.64e-03) m s⁻¹, extrema(T): (32.30, -1.93) ᵒC, extrema(S): (39.85, 14.42) g/kg, extrema(η): (2.88, -2.06) m, wall time: 16.778 seconds 
[ Info: time: 4955 days, iteration: 356760, Δt: 20 minutes,max|u|: (2.24e+00, 1.54e+00, 6.61e-03) m s⁻¹, extrema(T): (32.25, -1.93) ᵒC, extrema(S): (39.85, 13.95) g/kg, extrema(η): (3.22, -3.57) m, wall time: 12.004 seconds 
[ Info: time: 4956 days, iteration: 356832, Δt: 20 minutes,max|u|: (1.92e+00, 1.50e+00, 6.60e-03) m s⁻¹, extrema(T): (32.12, -1.93) ᵒC, extrema(S): (39.85, 13.55) g/kg, extrema(η): (3.39, -2.24) m, wall time: 12.070 seconds 
[ Info: time: 4957 days, iteration: 356904, Δt: 20 minutes,max|u|: (1.66e+00, 1.65e+00, 6.61e-03) m s⁻¹, extrema(T): (32.16, -1.94) ᵒC, extrema(S): (39.85, 13.23) g/kg, extrema(η): (3.47, -2.04) m, wall time: 12.063 seconds 
[ Info: time: 4958 days, iteration: 356976, Δt: 20 minutes,max|u|: (1.57e+00, 1.44e+00, 6.62e-03) m s⁻¹, extrema(T): (32.16, -1.94) ᵒC, extrema(S): (39.85, 13.41) g/kg, extrema(η): (4.46, -1.98) m, wall time: 11.958 seconds 
[ Info: time: 4959 days, iteration: 357048, Δt: 20 minutes,max|u|: (1.58e+00, 1.66e+00, 6.71e-03) m s⁻¹, extrema(T): (32.06, -1.94) ᵒC, extrema(S): (39.85, 13.73) g/kg, extrema(η): (3.00, -1.92) m, wall time: 11.992 seconds 
[ Info: time: 4960 days, iteration: 357120, Δt: 20 minutes,max|u|: (1.56e+00, 1.57e+00, 6.73e-03) m s⁻¹, extrema(T): (32.05, -1.94) ᵒC, extrema(S): (39.85, 13.73) g/kg, extrema(η): (2.73, -2.67) m, wall time: 12.151 seconds 
[ Info: time: 4961 days, iteration: 357192, Δt: 20 minutes,max|u|: (1.55e+00, 1.63e+00, 6.76e-03) m s⁻¹, extrema(T): (32.01, -1.94) ᵒC, extrema(S): (39.86, 13.89) g/kg, extrema(η): (2.46, -3.01) m, wall time: 12.040 seconds 
[ Info: time: 4962 days, iteration: 357264, Δt: 20 minutes,max|u|: (1.60e+00, 1.72e+00, 6.72e-03) m s⁻¹, extrema(T): (31.94, -1.94) ᵒC, extrema(S): (39.86, 14.29) g/kg, extrema(η): (2.11, -2.09) m, wall time: 12.080 seconds 
[ Info: time: 4963 days, iteration: 357336, Δt: 20 minutes,max|u|: (1.49e+00, 1.66e+00, 6.75e-03) m s⁻¹, extrema(T): (31.78, -1.94) ᵒC, extrema(S): (39.87, 14.71) g/kg, extrema(η): (4.45, -2.05) m, wall time: 12.080 seconds 
[ Info: time: 4964 days, iteration: 357408, Δt: 20 minutes,max|u|: (1.55e+00, 1.64e+00, 6.82e-03) m s⁻¹, extrema(T): (31.71, -1.94) ᵒC, extrema(S): (39.86, 14.38) g/kg, extrema(η): (2.92, -2.11) m, wall time: 11.901 seconds 
[ Info: time: 4965 days, iteration: 357480, Δt: 20 minutes,max|u|: (1.65e+00, 1.60e+00, 6.87e-03) m s⁻¹, extrema(T): (31.76, -1.95) ᵒC, extrema(S): (39.87, 13.80) g/kg, extrema(η): (1.46, -2.10) m, wall time: 11.841 seconds 
[ Info: time: 4966 days, iteration: 357552, Δt: 20 minutes,max|u|: (1.72e+00, 1.58e+00, 6.82e-03) m s⁻¹, extrema(T): (31.79, -1.95) ᵒC, extrema(S): (39.88, 13.82) g/kg, extrema(η): (1.37, -3.55) m, wall time: 11.892 seconds 
[ Info: time: 4967 days, iteration: 357624, Δt: 20 minutes,max|u|: (1.62e+00, 1.75e+00, 6.85e-03) m s⁻¹, extrema(T): (31.57, -1.95) ᵒC, extrema(S): (39.88, 14.52) g/kg, extrema(η): (1.38, -2.05) m, wall time: 16.855 seconds 
[ Info: time: 4968 days, iteration: 357696, Δt: 20 minutes,max|u|: (1.71e+00, 1.50e+00, 6.80e-03) m s⁻¹, extrema(T): (31.50, -1.95) ᵒC, extrema(S): (39.88, 14.14) g/kg, extrema(η): (3.83, -1.92) m, wall time: 11.967 seconds 
[ Info: time: 4969 days, iteration: 357768, Δt: 20 minutes,max|u|: (1.83e+00, 1.50e+00, 6.79e-03) m s⁻¹, extrema(T): (31.54, -1.95) ᵒC, extrema(S): (39.87, 15.29) g/kg, extrema(η): (3.62, -1.96) m, wall time: 11.967 seconds 
[ Info: time: 4970 days, iteration: 357840, Δt: 20 minutes,max|u|: (1.85e+00, 1.72e+00, 6.76e-03) m s⁻¹, extrema(T): (31.60, -1.95) ᵒC, extrema(S): (39.88, 15.14) g/kg, extrema(η): (1.59, -1.93) m, wall time: 11.886 seconds 
[ Info: time: 4971 days, iteration: 357912, Δt: 20 minutes,max|u|: (1.58e+00, 1.86e+00, 6.80e-03) m s⁻¹, extrema(T): (31.58, -1.95) ᵒC, extrema(S): (39.88, 14.74) g/kg, extrema(η): (1.55, -3.84) m, wall time: 12.149 seconds 
[ Info: time: 4972 days, iteration: 357984, Δt: 20 minutes,max|u|: (1.55e+00, 1.65e+00, 6.93e-03) m s⁻¹, extrema(T): (31.48, -1.95) ᵒC, extrema(S): (39.87, 14.64) g/kg, extrema(η): (1.44, -2.10) m, wall time: 13.033 seconds 
[ Info: time: 4973 days, iteration: 358056, Δt: 20 minutes,max|u|: (1.69e+00, 1.46e+00, 6.95e-03) m s⁻¹, extrema(T): (31.43, -1.95) ᵒC, extrema(S): (39.87, 14.85) g/kg, extrema(η): (3.17, -1.99) m, wall time: 11.929 seconds 
[ Info: time: 4974 days, iteration: 358128, Δt: 20 minutes,max|u|: (2.35e+00, 1.42e+00, 7.00e-03) m s⁻¹, extrema(T): (31.42, -1.95) ᵒC, extrema(S): (39.88, 14.96) g/kg, extrema(η): (4.09, -2.18) m, wall time: 12.042 seconds 
[ Info: time: 4975 days, iteration: 358200, Δt: 20 minutes,max|u|: (2.23e+00, 1.64e+00, 7.00e-03) m s⁻¹, extrema(T): (31.45, -1.95) ᵒC, extrema(S): (39.88, 14.46) g/kg, extrema(η): (1.60, -2.15) m, wall time: 12.046 seconds 
[ Info: time: 4976 days, iteration: 358272, Δt: 20 minutes,max|u|: (2.26e+00, 1.41e+00, 7.02e-03) m s⁻¹, extrema(T): (31.49, -1.94) ᵒC, extrema(S): (39.88, 14.95) g/kg, extrema(η): (1.54, -3.27) m, wall time: 11.978 seconds 
[ Info: time: 4977 days, iteration: 358344, Δt: 20 minutes,max|u|: (1.98e+00, 1.40e+00, 7.02e-03) m s⁻¹, extrema(T): (31.49, -1.95) ᵒC, extrema(S): (39.88, 15.32) g/kg, extrema(η): (1.98, -2.69) m, wall time: 11.987 seconds 
[ Info: time: 4978 days, iteration: 358416, Δt: 20 minutes,max|u|: (1.79e+00, 1.78e+00, 7.00e-03) m s⁻¹, extrema(T): (31.37, -1.94) ᵒC, extrema(S): (39.88, 15.63) g/kg, extrema(η): (2.58, -1.89) m, wall time: 11.986 seconds 
[ Info: time: 4979 days, iteration: 358488, Δt: 20 minutes,max|u|: (2.02e+00, 1.52e+00, 7.04e-03) m s⁻¹, extrema(T): (31.35, -1.94) ᵒC, extrema(S): (39.89, 14.79) g/kg, extrema(η): (4.39, -2.06) m, wall time: 16.867 seconds 
[ Info: time: 4980 days, iteration: 358560, Δt: 20 minutes,max|u|: (2.07e+00, 1.62e+00, 7.14e-03) m s⁻¹, extrema(T): (31.39, -1.95) ᵒC, extrema(S): (39.88, 14.31) g/kg, extrema(η): (3.22, -1.94) m, wall time: 12.004 seconds 
[ Info: time: 4981 days, iteration: 358632, Δt: 20 minutes,max|u|: (2.19e+00, 1.42e+00, 7.10e-03) m s⁻¹, extrema(T): (31.41, -1.95) ᵒC, extrema(S): (39.88, 13.93) g/kg, extrema(η): (3.42, -2.95) m, wall time: 12.045 seconds 
[ Info: time: 4982 days, iteration: 358704, Δt: 20 minutes,max|u|: (2.03e+00, 1.43e+00, 7.21e-03) m s⁻¹, extrema(T): (31.42, -1.95) ᵒC, extrema(S): (39.89, 13.55) g/kg, extrema(η): (3.49, -3.33) m, wall time: 11.897 seconds 
[ Info: time: 4983 days, iteration: 358776, Δt: 20 minutes,max|u|: (2.05e+00, 1.78e+00, 7.22e-03) m s⁻¹, extrema(T): (31.45, -1.95) ᵒC, extrema(S): (39.89, 14.80) g/kg, extrema(η): (3.43, -1.97) m, wall time: 12.118 seconds 
[ Info: time: 4984 days, iteration: 358848, Δt: 20 minutes,max|u|: (2.25e+00, 1.57e+00, 7.20e-03) m s⁻¹, extrema(T): (31.45, -1.95) ᵒC, extrema(S): (39.89, 14.87) g/kg, extrema(η): (4.45, -1.95) m, wall time: 11.997 seconds 
[ Info: time: 4985 days, iteration: 358920, Δt: 20 minutes,max|u|: (2.23e+00, 1.90e+00, 7.21e-03) m s⁻¹, extrema(T): (31.47, -1.95) ᵒC, extrema(S): (39.89, 15.00) g/kg, extrema(η): (3.12, -2.09) m, wall time: 11.905 seconds 
[ Info: time: 4986 days, iteration: 358992, Δt: 20 minutes,max|u|: (2.06e+00, 1.55e+00, 7.20e-03) m s⁻¹, extrema(T): (31.48, -1.96) ᵒC, extrema(S): (39.89, 15.38) g/kg, extrema(η): (2.53, -1.92) m, wall time: 11.949 seconds 
[ Info: time: 4987 days, iteration: 359064, Δt: 20 minutes,max|u|: (1.83e+00, 2.56e+00, 7.21e-03) m s⁻¹, extrema(T): (31.49, -1.96) ᵒC, extrema(S): (39.90, 14.73) g/kg, extrema(η): (2.22, -3.79) m, wall time: 12.067 seconds 
[ Info: time: 4988 days, iteration: 359136, Δt: 20 minutes,max|u|: (1.90e+00, 1.77e+00, 7.14e-03) m s⁻¹, extrema(T): (31.51, -1.96) ᵒC, extrema(S): (39.89, 14.15) g/kg, extrema(η): (1.75, -1.96) m, wall time: 11.989 seconds 
[ Info: time: 4989 days, iteration: 359208, Δt: 20 minutes,max|u|: (2.13e+00, 1.75e+00, 7.18e-03) m s⁻¹, extrema(T): (31.53, -1.96) ᵒC, extrema(S): (39.89, 13.82) g/kg, extrema(η): (3.99, -2.01) m, wall time: 11.979 seconds 
[ Info: time: 4990 days, iteration: 359280, Δt: 20 minutes,max|u|: (2.23e+00, 1.40e+00, 7.19e-03) m s⁻¹, extrema(T): (31.55, -1.95) ᵒC, extrema(S): (39.89, 14.28) g/kg, extrema(η): (3.66, -2.08) m, wall time: 11.992 seconds 
[ Info: time: 4991 days, iteration: 359352, Δt: 20 minutes,max|u|: (2.27e+00, 1.65e+00, 7.15e-03) m s⁻¹, extrema(T): (31.56, -1.95) ᵒC, extrema(S): (39.90, 15.10) g/kg, extrema(η): (1.34, -2.07) m, wall time: 16.913 seconds 
[ Info: time: 4992 days, iteration: 359424, Δt: 20 minutes,max|u|: (2.12e+00, 1.63e+00, 7.15e-03) m s⁻¹, extrema(T): (31.57, -1.95) ᵒC, extrema(S): (39.90, 14.48) g/kg, extrema(η): (1.33, -3.78) m, wall time: 12.042 seconds 
[ Info: time: 4993 days, iteration: 359496, Δt: 20 minutes,max|u|: (2.13e+00, 1.55e+00, 7.17e-03) m s⁻¹, extrema(T): (31.56, -1.95) ᵒC, extrema(S): (39.90, 14.12) g/kg, extrema(η): (1.30, -2.33) m, wall time: 11.953 seconds 
[ Info: time: 4994 days, iteration: 359568, Δt: 20 minutes,max|u|: (2.09e+00, 1.81e+00, 7.17e-03) m s⁻¹, extrema(T): (31.32, -1.95) ᵒC, extrema(S): (39.90, 13.86) g/kg, extrema(η): (2.95, -2.17) m, wall time: 11.959 seconds 
[ Info: time: 4995 days, iteration: 359640, Δt: 20 minutes,max|u|: (2.06e+00, 1.65e+00, 7.07e-03) m s⁻¹, extrema(T): (31.32, -1.95) ᵒC, extrema(S): (39.90, 13.67) g/kg, extrema(η): (4.25, -2.22) m, wall time: 11.972 seconds 
[ Info: time: 4996 days, iteration: 359712, Δt: 20 minutes,max|u|: (1.83e+00, 1.77e+00, 7.02e-03) m s⁻¹, extrema(T): (31.32, -1.95) ᵒC, extrema(S): (39.90, 14.71) g/kg, extrema(η): (1.32, -2.13) m, wall time: 11.972 seconds 
[ Info: time: 4997 days, iteration: 359784, Δt: 20 minutes,max|u|: (2.01e+00, 1.49e+00, 7.02e-03) m s⁻¹, extrema(T): (31.32, -1.95) ᵒC, extrema(S): (39.90, 15.47) g/kg, extrema(η): (1.28, -3.41) m, wall time: 11.949 seconds 
[ Info: time: 4998 days, iteration: 359856, Δt: 20 minutes,max|u|: (2.31e+00, 1.50e+00, 6.96e-03) m s⁻¹, extrema(T): (31.31, -1.95) ᵒC, extrema(S): (39.90, 15.06) g/kg, extrema(η): (1.36, -2.64) m, wall time: 12.077 seconds 
[ Info: time: 4999 days, iteration: 359928, Δt: 20 minutes,max|u|: (2.38e+00, 1.72e+00, 6.90e-03) m s⁻¹, extrema(T): (31.25, -1.95) ᵒC, extrema(S): (39.91, 14.60) g/kg, extrema(η): (1.80, -2.13) m, wall time: 11.961 seconds 
[ Info: time: 5000 days, iteration: 360000, Δt: 20 minutes,max|u|: (2.37e+00, 1.47e+00, 6.86e-03) m s⁻¹, extrema(T): (31.28, -1.95) ᵒC, extrema(S): (39.90, 15.35) g/kg, extrema(η): (4.40, -2.12) m, wall time: 11.951 seconds 
[ Info: time: 5001 days, iteration: 360072, Δt: 20 minutes,max|u|: (2.22e+00, 1.54e+00, 6.79e-03) m s⁻¹, extrema(T): (31.26, -1.95) ᵒC, extrema(S): (39.92, 15.05) g/kg, extrema(η): (1.91, -2.07) m, wall time: 12.098 seconds 
[ Info: time: 5002 days, iteration: 360144, Δt: 20 minutes,max|u|: (1.91e+00, 1.43e+00, 6.81e-03) m s⁻¹, extrema(T): (31.21, -1.95) ᵒC, extrema(S): (39.92, 14.44) g/kg, extrema(η): (1.97, -2.16) m, wall time: 11.992 seconds 
[ Info: time: 5003 days, iteration: 360216, Δt: 20 minutes,max|u|: (1.88e+00, 1.43e+00, 6.80e-03) m s⁻¹, extrema(T): (31.21, -1.96) ᵒC, extrema(S): (39.91, 14.33) g/kg, extrema(η): (2.53, -3.17) m, wall time: 13.055 seconds 
[ Info: time: 5004 days, iteration: 360288, Δt: 20 minutes,max|u|: (2.26e+00, 1.66e+00, 6.78e-03) m s⁻¹, extrema(T): (31.18, -1.96) ᵒC, extrema(S): (39.90, 13.73) g/kg, extrema(η): (2.99, -2.11) m, wall time: 17.058 seconds 
[ Info: time: 5005 days, iteration: 360360, Δt: 20 minutes,max|u|: (2.24e+00, 1.43e+00, 6.78e-03) m s⁻¹, extrema(T): (31.14, -1.96) ᵒC, extrema(S): (39.91, 13.21) g/kg, extrema(η): (3.97, -2.01) m, wall time: 12.008 seconds 
[ Info: time: 5006 days, iteration: 360432, Δt: 20 minutes,max|u|: (2.54e+00, 1.42e+00, 6.73e-03) m s⁻¹, extrema(T): (31.14, -1.96) ᵒC, extrema(S): (39.91, 14.01) g/kg, extrema(η): (3.55, -2.03) m, wall time: 12.025 seconds 
[ Info: time: 5007 days, iteration: 360504, Δt: 20 minutes,max|u|: (2.51e+00, 1.86e+00, 6.67e-03) m s⁻¹, extrema(T): (31.12, -1.96) ᵒC, extrema(S): (39.91, 15.28) g/kg, extrema(η): (3.61, -2.16) m, wall time: 12.034 seconds 
[ Info: time: 5008 days, iteration: 360576, Δt: 20 minutes,max|u|: (2.27e+00, 1.72e+00, 6.63e-03) m s⁻¹, extrema(T): (31.11, -1.96) ᵒC, extrema(S): (39.91, 15.45) g/kg, extrema(η): (3.56, -3.26) m, wall time: 11.942 seconds 
[ Info: time: 5009 days, iteration: 360648, Δt: 20 minutes,max|u|: (2.13e+00, 1.47e+00, 6.60e-03) m s⁻¹, extrema(T): (31.07, -1.96) ᵒC, extrema(S): (39.91, 14.82) g/kg, extrema(η): (3.35, -2.25) m, wall time: 11.858 seconds 
[ Info: time: 5010 days, iteration: 360720, Δt: 20 minutes,max|u|: (2.25e+00, 1.56e+00, 6.67e-03) m s⁻¹, extrema(T): (31.05, -1.96) ᵒC, extrema(S): (39.90, 14.22) g/kg, extrema(η): (3.24, -2.14) m, wall time: 11.991 seconds 
[ Info: time: 5011 days, iteration: 360792, Δt: 20 minutes,max|u|: (2.40e+00, 1.64e+00, 6.79e-03) m s⁻¹, extrema(T): (31.05, -1.96) ᵒC, extrema(S): (39.91, 13.77) g/kg, extrema(η): (4.60, -2.06) m, wall time: 11.951 seconds 
[ Info: time: 5012 days, iteration: 360864, Δt: 20 minutes,max|u|: (2.33e+00, 1.66e+00, 6.82e-03) m s⁻¹, extrema(T): (31.09, -1.95) ᵒC, extrema(S): (39.91, 13.53) g/kg, extrema(η): (2.22, -2.06) m, wall time: 11.994 seconds 
[ Info: time: 5013 days, iteration: 360936, Δt: 20 minutes,max|u|: (2.20e+00, 1.50e+00, 6.79e-03) m s⁻¹, extrema(T): (31.08, -1.96) ᵒC, extrema(S): (39.91, 13.52) g/kg, extrema(η): (1.86, -3.26) m, wall time: 11.987 seconds 
[ Info: time: 5014 days, iteration: 361008, Δt: 20 minutes,max|u|: (2.08e+00, 1.49e+00, 6.76e-03) m s⁻¹, extrema(T): (31.09, -1.94) ᵒC, extrema(S): (39.91, 13.57) g/kg, extrema(η): (1.38, -2.46) m, wall time: 11.940 seconds 
[ Info: time: 5015 days, iteration: 361080, Δt: 20 minutes,max|u|: (2.01e+00, 1.54e+00, 6.76e-03) m s⁻¹, extrema(T): (31.04, -1.91) ᵒC, extrema(S): (39.92, 14.14) g/kg, extrema(η): (2.02, -2.07) m, wall time: 11.904 seconds 
[ Info: time: 5016 days, iteration: 361152, Δt: 20 minutes,max|u|: (2.20e+00, 1.44e+00, 6.75e-03) m s⁻¹, extrema(T): (31.02, -1.90) ᵒC, extrema(S): (39.92, 14.44) g/kg, extrema(η): (4.77, -2.03) m, wall time: 17.172 seconds 
[ Info: time: 5017 days, iteration: 361224, Δt: 20 minutes,max|u|: (2.30e+00, 1.54e+00, 6.76e-03) m s⁻¹, extrema(T): (31.05, -1.89) ᵒC, extrema(S): (39.92, 14.82) g/kg, extrema(η): (2.51, -2.11) m, wall time: 12.000 seconds 
[ Info: time: 5018 days, iteration: 361296, Δt: 20 minutes,max|u|: (2.20e+00, 1.46e+00, 6.75e-03) m s⁻¹, extrema(T): (31.06, -1.89) ᵒC, extrema(S): (39.92, 14.67) g/kg, extrema(η): (1.34, -2.28) m, wall time: 12.018 seconds 
[ Info: time: 5019 days, iteration: 361368, Δt: 20 minutes,max|u|: (2.03e+00, 1.47e+00, 6.74e-03) m s⁻¹, extrema(T): (31.02, -1.89) ᵒC, extrema(S): (39.92, 14.42) g/kg, extrema(η): (1.32, -3.41) m, wall time: 11.929 seconds 
[ Info: time: 5020 days, iteration: 361440, Δt: 20 minutes,max|u|: (2.03e+00, 1.73e+00, 6.74e-03) m s⁻¹, extrema(T): (30.96, -1.88) ᵒC, extrema(S): (39.92, 14.64) g/kg, extrema(η): (1.30, -2.26) m, wall time: 12.039 seconds 
[ Info: time: 5021 days, iteration: 361512, Δt: 20 minutes,max|u|: (1.79e+00, 2.19e+00, 6.78e-03) m s⁻¹, extrema(T): (30.95, -1.90) ᵒC, extrema(S): (39.92, 15.00) g/kg, extrema(η): (4.32, -2.21) m, wall time: 12.004 seconds 
[ Info: time: 5022 days, iteration: 361584, Δt: 20 minutes,max|u|: (1.73e+00, 2.26e+00, 6.76e-03) m s⁻¹, extrema(T): (30.94, -1.93) ᵒC, extrema(S): (39.92, 15.63) g/kg, extrema(η): (3.14, -2.29) m, wall time: 11.966 seconds 
[ Info: time: 5023 days, iteration: 361656, Δt: 20 minutes,max|u|: (1.76e+00, 1.69e+00, 6.77e-03) m s⁻¹, extrema(T): (30.95, -1.93) ᵒC, extrema(S): (39.93, 17.20) g/kg, extrema(η): (1.86, -2.25) m, wall time: 11.999 seconds 
[ Info: time: 5024 days, iteration: 361728, Δt: 20 minutes,max|u|: (1.91e+00, 1.66e+00, 6.70e-03) m s⁻¹, extrema(T): (30.96, -1.92) ᵒC, extrema(S): (39.93, 17.71) g/kg, extrema(η): (1.54, -3.85) m, wall time: 12.050 seconds 
[ Info: time: 5025 days, iteration: 361800, Δt: 20 minutes,max|u|: (1.55e+00, 1.80e+00, 6.72e-03) m s⁻¹, extrema(T): (30.99, -1.93) ᵒC, extrema(S): (39.93, 17.93) g/kg, extrema(η): (1.40, -2.15) m, wall time: 11.832 seconds 
[ Info: time: 5026 days, iteration: 361872, Δt: 20 minutes,max|u|: (1.53e+00, 1.46e+00, 6.65e-03) m s⁻¹, extrema(T): (31.02, -1.93) ᵒC, extrema(S): (39.93, 17.75) g/kg, extrema(η): (3.78, -2.20) m, wall time: 11.938 seconds 
[ Info: time: 5027 days, iteration: 361944, Δt: 20 minutes,max|u|: (1.52e+00, 2.14e+00, 6.58e-03) m s⁻¹, extrema(T): (30.99, -1.93) ᵒC, extrema(S): (39.94, 17.63) g/kg, extrema(η): (3.85, -2.05) m, wall time: 11.960 seconds 
[ Info: time: 5028 days, iteration: 362016, Δt: 20 minutes,max|u|: (1.63e+00, 1.57e+00, 6.48e-03) m s⁻¹, extrema(T): (31.05, -1.93) ᵒC, extrema(S): (39.94, 17.70) g/kg, extrema(η): (2.48, -2.05) m, wall time: 11.944 seconds 
[ Info: time: 5029 days, iteration: 362088, Δt: 20 minutes,max|u|: (1.58e+00, 1.49e+00, 6.46e-03) m s⁻¹, extrema(T): (31.08, -1.93) ᵒC, extrema(S): (39.94, 17.23) g/kg, extrema(η): (2.91, -2.76) m, wall time: 16.932 seconds 
[ Info: time: 5030 days, iteration: 362160, Δt: 20 minutes,max|u|: (1.86e+00, 1.66e+00, 6.50e-03) m s⁻¹, extrema(T): (31.10, -1.93) ᵒC, extrema(S): (39.94, 15.40) g/kg, extrema(η): (3.18, -2.21) m, wall time: 12.059 seconds 
[ Info: time: 5031 days, iteration: 362232, Δt: 20 minutes,max|u|: (1.60e+00, 1.53e+00, 6.60e-03) m s⁻¹, extrema(T): (31.17, -1.94) ᵒC, extrema(S): (39.95, 16.00) g/kg, extrema(η): (3.41, -2.23) m, wall time: 16.960 seconds 
[ Info: time: 5032 days, iteration: 362304, Δt: 20 minutes,max|u|: (1.65e+00, 1.51e+00, 6.69e-03) m s⁻¹, extrema(T): (31.16, -1.93) ᵒC, extrema(S): (39.95, 17.18) g/kg, extrema(η): (4.54, -2.07) m, wall time: 11.990 seconds 
[ Info: time: 5033 days, iteration: 362376, Δt: 20 minutes,max|u|: (1.64e+00, 1.63e+00, 6.73e-03) m s⁻¹, extrema(T): (31.14, -1.94) ᵒC, extrema(S): (39.95, 17.48) g/kg, extrema(η): (3.21, -2.11) m, wall time: 12.040 seconds 
[ Info: time: 5034 days, iteration: 362448, Δt: 20 minutes,max|u|: (1.53e+00, 1.50e+00, 6.77e-03) m s⁻¹, extrema(T): (31.22, -1.94) ᵒC, extrema(S): (39.97, 17.40) g/kg, extrema(η): (3.01, -2.55) m, wall time: 13.055 seconds 
[ Info: time: 5035 days, iteration: 362520, Δt: 20 minutes,max|u|: (1.59e+00, 2.10e+00, 6.76e-03) m s⁻¹, extrema(T): (31.16, -1.94) ᵒC, extrema(S): (39.98, 17.65) g/kg, extrema(η): (2.72, -2.66) m, wall time: 12.165 seconds 
[ Info: time: 5036 days, iteration: 362592, Δt: 20 minutes,max|u|: (2.46e+00, 1.93e+00, 6.75e-03) m s⁻¹, extrema(T): (31.08, -1.93) ᵒC, extrema(S): (39.99, 17.93) g/kg, extrema(η): (2.42, -1.94) m, wall time: 12.104 seconds 
[ Info: time: 5037 days, iteration: 362664, Δt: 20 minutes,max|u|: (1.98e+00, 1.47e+00, 6.76e-03) m s⁻¹, extrema(T): (31.11, -1.93) ᵒC, extrema(S): (39.99, 18.19) g/kg, extrema(η): (4.46, -2.02) m, wall time: 11.984 seconds 
[ Info: time: 5038 days, iteration: 362736, Δt: 20 minutes,max|u|: (1.56e+00, 1.48e+00, 6.84e-03) m s⁻¹, extrema(T): (31.13, -1.93) ᵒC, extrema(S): (39.98, 18.22) g/kg, extrema(η): (2.88, -2.11) m, wall time: 11.973 seconds 
[ Info: time: 5039 days, iteration: 362808, Δt: 20 minutes,max|u|: (1.57e+00, 1.49e+00, 6.83e-03) m s⁻¹, extrema(T): (31.13, -1.93) ᵒC, extrema(S): (39.98, 18.21) g/kg, extrema(η): (1.33, -2.10) m, wall time: 12.040 seconds 
[ Info: time: 5040 days, iteration: 362880, Δt: 20 minutes,max|u|: (1.57e+00, 1.50e+00, 6.90e-03) m s⁻¹, extrema(T): (31.16, -1.93) ᵒC, extrema(S): (39.97, 17.57) g/kg, extrema(η): (1.30, -3.07) m, wall time: 12.001 seconds 
[ Info: time: 5041 days, iteration: 362952, Δt: 20 minutes,max|u|: (1.55e+00, 2.57e+00, 6.93e-03) m s⁻¹, extrema(T): (31.20, -1.93) ᵒC, extrema(S): (39.97, 17.29) g/kg, extrema(η): (1.79, -1.97) m, wall time: 16.976 seconds 
[ Info: time: 5042 days, iteration: 363024, Δt: 20 minutes,max|u|: (1.73e+00, 1.53e+00, 6.94e-03) m s⁻¹, extrema(T): (31.24, -1.93) ᵒC, extrema(S): (39.96, 18.07) g/kg, extrema(η): (4.05, -1.94) m, wall time: 11.997 seconds 
[ Info: time: 5043 days, iteration: 363096, Δt: 20 minutes,max|u|: (1.59e+00, 1.89e+00, 7.01e-03) m s⁻¹, extrema(T): (31.28, -1.93) ᵒC, extrema(S): (39.96, 17.35) g/kg, extrema(η): (4.02, -2.12) m, wall time: 11.976 seconds 
[ Info: time: 5044 days, iteration: 363168, Δt: 20 minutes,max|u|: (1.74e+00, 2.59e+00, 7.04e-03) m s⁻¹, extrema(T): (31.31, -1.93) ᵒC, extrema(S): (39.96, 17.11) g/kg, extrema(η): (1.34, -2.01) m, wall time: 12.078 seconds 
[ Info: time: 5045 days, iteration: 363240, Δt: 20 minutes,max|u|: (1.95e+00, 1.98e+00, 7.08e-03) m s⁻¹, extrema(T): (31.35, -1.93) ᵒC, extrema(S): (39.95, 18.08) g/kg, extrema(η): (1.29, -2.78) m, wall time: 12.090 seconds 
[ Info: time: 5046 days, iteration: 363312, Δt: 20 minutes,max|u|: (1.67e+00, 1.56e+00, 7.05e-03) m s⁻¹, extrema(T): (31.40, -1.93) ᵒC, extrema(S): (39.95, 18.43) g/kg, extrema(η): (1.33, -2.05) m, wall time: 12.099 seconds 
[ Info: time: 5047 days, iteration: 363384, Δt: 20 minutes,max|u|: (1.62e+00, 1.53e+00, 7.05e-03) m s⁻¹, extrema(T): (31.44, -1.93) ᵒC, extrema(S): (39.96, 18.72) g/kg, extrema(η): (2.27, -2.10) m, wall time: 11.986 seconds 
[ Info: time: 5048 days, iteration: 363456, Δt: 20 minutes,max|u|: (1.61e+00, 1.49e+00, 6.98e-03) m s⁻¹, extrema(T): (31.49, -1.93) ᵒC, extrema(S): (39.96, 18.86) g/kg, extrema(η): (4.59, -2.07) m, wall time: 11.973 seconds 
[ Info: time: 5049 days, iteration: 363528, Δt: 20 minutes,max|u|: (1.56e+00, 1.59e+00, 7.00e-03) m s⁻¹, extrema(T): (31.53, -1.93) ᵒC, extrema(S): (39.96, 18.93) g/kg, extrema(η): (1.61, -2.18) m, wall time: 12.178 seconds 
[ Info: time: 5050 days, iteration: 363600, Δt: 20 minutes,max|u|: (1.54e+00, 1.93e+00, 6.96e-03) m s⁻¹, extrema(T): (31.56, -1.93) ᵒC, extrema(S): (39.96, 18.98) g/kg, extrema(η): (1.34, -2.74) m, wall time: 12.044 seconds 
[ Info: time: 5051 days, iteration: 363672, Δt: 20 minutes,max|u|: (1.48e+00, 1.69e+00, 6.97e-03) m s⁻¹, extrema(T): (31.57, -1.93) ᵒC, extrema(S): (39.96, 19.01) g/kg, extrema(η): (1.80, -2.79) m, wall time: 12.091 seconds 
[ Info: time: 5052 days, iteration: 363744, Δt: 20 minutes,max|u|: (1.48e+00, 1.70e+00, 6.91e-03) m s⁻¹, extrema(T): (31.58, -1.92) ᵒC, extrema(S): (39.96, 17.92) g/kg, extrema(η): (2.35, -1.99) m, wall time: 12.075 seconds 
[ Info: time: 5053 days, iteration: 363816, Δt: 20 minutes,max|u|: (1.51e+00, 1.50e+00, 6.93e-03) m s⁻¹, extrema(T): (31.55, -1.93) ᵒC, extrema(S): (39.96, 17.27) g/kg, extrema(η): (4.17, -1.99) m, wall time: 16.991 seconds 
[ Info: time: 5054 days, iteration: 363888, Δt: 20 minutes,max|u|: (1.55e+00, 1.49e+00, 6.96e-03) m s⁻¹, extrema(T): (31.51, -1.93) ᵒC, extrema(S): (39.96, 17.32) g/kg, extrema(η): (3.12, -1.93) m, wall time: 12.205 seconds 
[ Info: time: 5055 days, iteration: 363960, Δt: 20 minutes,max|u|: (1.55e+00, 1.50e+00, 6.98e-03) m s⁻¹, extrema(T): (31.44, -1.93) ᵒC, extrema(S): (39.96, 18.60) g/kg, extrema(η): (3.37, -1.93) m, wall time: 11.847 seconds 
[ Info: time: 5056 days, iteration: 364032, Δt: 20 minutes,max|u|: (1.56e+00, 1.67e+00, 6.95e-03) m s⁻¹, extrema(T): (31.38, -1.93) ᵒC, extrema(S): (39.96, 19.18) g/kg, extrema(η): (3.31, -3.26) m, wall time: 11.854 seconds 
[ Info: time: 5057 days, iteration: 364104, Δt: 20 minutes,max|u|: (1.57e+00, 2.08e+00, 6.91e-03) m s⁻¹, extrema(T): (31.31, -1.92) ᵒC, extrema(S): (39.97, 19.11) g/kg, extrema(η): (3.16, -2.02) m, wall time: 11.929 seconds 
[ Info: time: 5058 days, iteration: 364176, Δt: 20 minutes,max|u|: (1.78e+00, 1.51e+00, 6.89e-03) m s⁻¹, extrema(T): (31.26, -1.91) ᵒC, extrema(S): (39.97, 18.48) g/kg, extrema(η): (4.01, -2.17) m, wall time: 11.866 seconds 
[ Info: time: 5059 days, iteration: 364248, Δt: 20 minutes,max|u|: (1.71e+00, 1.81e+00, 6.89e-03) m s⁻¹, extrema(T): (31.20, -1.91) ᵒC, extrema(S): (39.97, 18.49) g/kg, extrema(η): (2.74, -2.11) m, wall time: 11.992 seconds 
[ Info: time: 5060 days, iteration: 364320, Δt: 20 minutes,max|u|: (2.27e+00, 3.56e+00, 6.91e-03) m s⁻¹, extrema(T): (30.99, -1.91) ᵒC, extrema(S): (39.98, 19.15) g/kg, extrema(η): (2.97, -2.31) m, wall time: 11.974 seconds 
[ Info: time: 5061 days, iteration: 364392, Δt: 20 minutes,max|u|: (2.00e+00, 2.52e+00, 6.88e-03) m s⁻¹, extrema(T): (30.96, -1.89) ᵒC, extrema(S): (39.96, 19.33) g/kg, extrema(η): (1.98, -2.03) m, wall time: 11.830 seconds 
[ Info: time: 5062 days, iteration: 364464, Δt: 20 minutes,max|u|: (1.72e+00, 1.51e+00, 6.88e-03) m s⁻¹, extrema(T): (30.98, -1.88) ᵒC, extrema(S): (39.97, 19.41) g/kg, extrema(η): (2.30, -2.06) m, wall time: 11.948 seconds 
[ Info: time: 5063 days, iteration: 364536, Δt: 20 minutes,max|u|: (1.73e+00, 1.57e+00, 6.86e-03) m s⁻¹, extrema(T): (31.08, -1.88) ᵒC, extrema(S): (39.97, 19.47) g/kg, extrema(η): (4.58, -2.11) m, wall time: 11.954 seconds 
[ Info: time: 5064 days, iteration: 364608, Δt: 20 minutes,max|u|: (1.55e+00, 1.94e+00, 6.88e-03) m s⁻¹, extrema(T): (31.16, -1.89) ᵒC, extrema(S): (39.97, 19.36) g/kg, extrema(η): (2.73, -2.02) m, wall time: 12.080 seconds 
[ Info: time: 5065 days, iteration: 364680, Δt: 20 minutes,max|u|: (2.36e+00, 1.64e+00, 6.95e-03) m s⁻¹, extrema(T): (31.05, -1.90) ᵒC, extrema(S): (39.97, 19.21) g/kg, extrema(η): (1.31, -2.10) m, wall time: 12.637 seconds 
[ Info: time: 5066 days, iteration: 364752, Δt: 20 minutes,max|u|: (2.73e+00, 1.89e+00, 6.97e-03) m s⁻¹, extrema(T): (30.99, -1.90) ᵒC, extrema(S): (39.97, 19.08) g/kg, extrema(η): (1.27, -3.33) m, wall time: 17.080 seconds 
[ Info: time: 5067 days, iteration: 364824, Δt: 20 minutes,max|u|: (1.63e+00, 2.36e+00, 7.00e-03) m s⁻¹, extrema(T): (31.05, -1.90) ᵒC, extrema(S): (39.97, 18.98) g/kg, extrema(η): (1.31, -1.96) m, wall time: 11.977 seconds 
[ Info: time: 5068 days, iteration: 364896, Δt: 20 minutes,max|u|: (2.89e+00, 2.70e+00, 7.02e-03) m s⁻¹, extrema(T): (31.06, -1.90) ᵒC, extrema(S): (39.97, 18.89) g/kg, extrema(η): (4.20, -1.95) m, wall time: 11.922 seconds 
[ Info: time: 5069 days, iteration: 364968, Δt: 20 minutes,max|u|: (2.15e+00, 1.58e+00, 6.99e-03) m s⁻¹, extrema(T): (31.02, -1.91) ᵒC, extrema(S): (39.98, 18.82) g/kg, extrema(η): (3.16, -2.01) m, wall time: 11.903 seconds 
[ Info: time: 5070 days, iteration: 365040, Δt: 20 minutes,max|u|: (2.03e+00, 1.72e+00, 6.97e-03) m s⁻¹, extrema(T): (31.01, -1.91) ᵒC, extrema(S): (39.98, 18.77) g/kg, extrema(η): (1.42, -1.93) m, wall time: 11.868 seconds 
[ Info: time: 5071 days, iteration: 365112, Δt: 20 minutes,max|u|: (1.80e+00, 2.29e+00, 6.92e-03) m s⁻¹, extrema(T): (31.07, -1.91) ᵒC, extrema(S): (39.97, 18.75) g/kg, extrema(η): (1.38, -3.46) m, wall time: 12.004 seconds 
[ Info: time: 5072 days, iteration: 365184, Δt: 20 minutes,max|u|: (1.97e+00, 1.69e+00, 6.89e-03) m s⁻¹, extrema(T): (31.08, -1.89) ᵒC, extrema(S): (39.97, 18.74) g/kg, extrema(η): (1.54, -2.30) m, wall time: 11.999 seconds 
[ Info: time: 5073 days, iteration: 365256, Δt: 20 minutes,max|u|: (1.83e+00, 1.64e+00, 6.90e-03) m s⁻¹, extrema(T): (31.09, -1.91) ᵒC, extrema(S): (39.97, 18.70) g/kg, extrema(η): (3.62, -1.95) m, wall time: 12.017 seconds 
[ Info: time: 5074 days, iteration: 365328, Δt: 20 minutes,max|u|: (2.46e+00, 2.89e+00, 6.88e-03) m s⁻¹, extrema(T): (31.18, -1.91) ᵒC, extrema(S): (39.97, 18.65) g/kg, extrema(η): (3.68, -1.91) m, wall time: 11.976 seconds 
[ Info: time: 5075 days, iteration: 365400, Δt: 20 minutes,max|u|: (1.75e+00, 2.13e+00, 6.91e-03) m s⁻¹, extrema(T): (31.16, -1.90) ᵒC, extrema(S): (39.97, 18.70) g/kg, extrema(η): (1.44, -1.96) m, wall time: 11.982 seconds 
[ Info: time: 5076 days, iteration: 365472, Δt: 20 minutes,max|u|: (2.16e+00, 2.07e+00, 6.87e-03) m s⁻¹, extrema(T): (31.19, -1.90) ᵒC, extrema(S): (39.97, 18.73) g/kg, extrema(η): (1.84, -3.38) m, wall time: 11.957 seconds 
[ Info: time: 5077 days, iteration: 365544, Δt: 20 minutes,max|u|: (1.98e+00, 1.80e+00, 6.89e-03) m s⁻¹, extrema(T): (31.19, -1.90) ᵒC, extrema(S): (39.97, 18.72) g/kg, extrema(η): (2.38, -2.19) m, wall time: 12.030 seconds 
[ Info: time: 5078 days, iteration: 365616, Δt: 20 minutes,max|u|: (1.61e+00, 2.03e+00, 6.92e-03) m s⁻¹, extrema(T): (31.28, -1.91) ᵒC, extrema(S): (39.98, 18.71) g/kg, extrema(η): (3.34, -2.04) m, wall time: 16.934 seconds 
[ Info: time: 5079 days, iteration: 365688, Δt: 20 minutes,max|u|: (1.60e+00, 2.29e+00, 6.92e-03) m s⁻¹, extrema(T): (31.32, -1.92) ᵒC, extrema(S): (39.98, 18.78) g/kg, extrema(η): (3.03, -2.13) m, wall time: 11.970 seconds 
[ Info: time: 5080 days, iteration: 365760, Δt: 20 minutes,max|u|: (4.61e+00, 2.00e+00, 6.93e-03) m s⁻¹, extrema(T): (31.35, -1.92) ᵒC, extrema(S): (39.98, 18.83) g/kg, extrema(η): (3.15, -2.27) m, wall time: 11.846 seconds 
[ Info: time: 5081 days, iteration: 365832, Δt: 20 minutes,max|u|: (1.64e+00, 2.25e+00, 6.89e-03) m s⁻¹, extrema(T): (31.33, -1.92) ᵒC, extrema(S): (39.97, 19.11) g/kg, extrema(η): (3.13, -2.08) m, wall time: 11.971 seconds 
[ Info: time: 5082 days, iteration: 365904, Δt: 20 minutes,max|u|: (1.66e+00, 2.15e+00, 6.92e-03) m s⁻¹, extrema(T): (31.30, -1.91) ᵒC, extrema(S): (39.97, 19.28) g/kg, extrema(η): (3.10, -1.88) m, wall time: 11.985 seconds 
[ Info: time: 5083 days, iteration: 365976, Δt: 20 minutes,max|u|: (1.95e+00, 2.21e+00, 6.91e-03) m s⁻¹, extrema(T): (31.19, -1.91) ᵒC, extrema(S): (39.97, 19.30) g/kg, extrema(η): (4.38, -2.05) m, wall time: 12.052 seconds 
[ Info: time: 5084 days, iteration: 366048, Δt: 20 minutes,max|u|: (2.44e+00, 2.21e+00, 6.88e-03) m s⁻¹, extrema(T): (31.23, -1.91) ᵒC, extrema(S): (39.97, 19.29) g/kg, extrema(η): (3.18, -1.94) m, wall time: 11.966 seconds 
[ Info: time: 5085 days, iteration: 366120, Δt: 20 minutes,max|u|: (1.94e+00, 2.37e+00, 6.87e-03) m s⁻¹, extrema(T): (31.27, -1.91) ᵒC, extrema(S): (39.96, 19.30) g/kg, extrema(η): (2.08, -1.98) m, wall time: 12.046 seconds 
[ Info: time: 5086 days, iteration: 366192, Δt: 20 minutes,max|u|: (2.03e+00, 2.28e+00, 6.90e-03) m s⁻¹, extrema(T): (31.32, -1.92) ᵒC, extrema(S): (39.96, 19.29) g/kg, extrema(η): (1.73, -3.03) m, wall time: 11.805 seconds 
[ Info: time: 5087 days, iteration: 366264, Δt: 20 minutes,max|u|: (1.88e+00, 2.13e+00, 6.87e-03) m s⁻¹, extrema(T): (31.37, -1.91) ᵒC, extrema(S): (39.96, 19.29) g/kg, extrema(η): (1.99, -1.94) m, wall time: 11.991 seconds 
[ Info: time: 5088 days, iteration: 366336, Δt: 20 minutes,max|u|: (1.79e+00, 2.82e+00, 6.89e-03) m s⁻¹, extrema(T): (31.43, -1.91) ᵒC, extrema(S): (39.96, 19.41) g/kg, extrema(η): (3.64, -2.11) m, wall time: 12.052 seconds 
[ Info: time: 5089 days, iteration: 366408, Δt: 20 minutes,max|u|: (1.88e+00, 2.09e+00, 6.89e-03) m s⁻¹, extrema(T): (31.51, -1.91) ᵒC, extrema(S): (39.96, 19.51) g/kg, extrema(η): (3.81, -1.91) m, wall time: 12.125 seconds 
[ Info: time: 5090 days, iteration: 366480, Δt: 20 minutes,max|u|: (1.93e+00, 1.85e+00, 6.91e-03) m s⁻¹, extrema(T): (31.47, -1.90) ᵒC, extrema(S): (39.96, 19.57) g/kg, extrema(η): (1.29, -1.90) m, wall time: 17.031 seconds 
[ Info: time: 5091 days, iteration: 366552, Δt: 20 minutes,max|u|: (1.99e+00, 2.18e+00, 6.88e-03) m s⁻¹, extrema(T): (31.41, -1.91) ᵒC, extrema(S): (39.96, 19.63) g/kg, extrema(η): (3.27, -2.91) m, wall time: 11.966 seconds 
[ Info: time: 5092 days, iteration: 366624, Δt: 20 minutes,max|u|: (2.00e+00, 1.55e+00, 6.81e-03) m s⁻¹, extrema(T): (31.39, -1.91) ᵒC, extrema(S): (39.96, 19.65) g/kg, extrema(η): (1.41, -1.94) m, wall time: 11.821 seconds 
[ Info: time: 5093 days, iteration: 366696, Δt: 20 minutes,max|u|: (1.90e+00, 1.59e+00, 6.81e-03) m s⁻¹, extrema(T): (31.41, -1.91) ᵒC, extrema(S): (39.96, 19.70) g/kg, extrema(η): (2.67, -1.85) m, wall time: 11.934 seconds 
[ Info: time: 5094 days, iteration: 366768, Δt: 20 minutes,max|u|: (1.89e+00, 2.63e+00, 6.73e-03) m s⁻¹, extrema(T): (31.35, -1.91) ᵒC, extrema(S): (39.96, 19.81) g/kg, extrema(η): (4.22, -1.82) m, wall time: 11.984 seconds 
[ Info: time: 5095 days, iteration: 366840, Δt: 20 minutes,max|u|: (1.93e+00, 1.68e+00, 6.75e-03) m s⁻¹, extrema(T): (31.28, -1.91) ᵒC, extrema(S): (39.96, 19.88) g/kg, extrema(η): (1.22, -1.91) m, wall time: 12.039 seconds 
[ Info: time: 5096 days, iteration: 366912, Δt: 20 minutes,max|u|: (1.90e+00, 2.36e+00, 6.79e-03) m s⁻¹, extrema(T): (31.19, -1.91) ᵒC, extrema(S): (39.95, 19.93) g/kg, extrema(η): (1.25, -3.33) m, wall time: 13.389 seconds 
[ Info: time: 5097 days, iteration: 366984, Δt: 20 minutes,max|u|: (1.91e+00, 1.89e+00, 6.73e-03) m s⁻¹, extrema(T): (31.08, -1.91) ᵒC, extrema(S): (39.96, 19.99) g/kg, extrema(η): (1.30, -2.29) m, wall time: 11.881 seconds 
[ Info: time: 5098 days, iteration: 367056, Δt: 20 minutes,max|u|: (1.97e+00, 1.73e+00, 6.82e-03) m s⁻¹, extrema(T): (31.07, -1.91) ᵒC, extrema(S): (39.96, 20.06) g/kg, extrema(η): (1.76, -2.08) m, wall time: 11.837 seconds 
[ Info: time: 5099 days, iteration: 367128, Δt: 20 minutes,max|u|: (2.07e+00, 1.64e+00, 6.81e-03) m s⁻¹, extrema(T): (31.15, -1.91) ᵒC, extrema(S): (39.96, 20.10) g/kg, extrema(η): (3.48, -2.04) m, wall time: 11.869 seconds 
[ Info: time: 5100 days, iteration: 367200, Δt: 20 minutes,max|u|: (2.09e+00, 1.68e+00, 6.81e-03) m s⁻¹, extrema(T): (31.20, -1.91) ᵒC, extrema(S): (39.95, 20.08) g/kg, extrema(η): (1.51, -2.10) m, wall time: 11.835 seconds 
[ Info: time: 5101 days, iteration: 367272, Δt: 20 minutes,max|u|: (2.05e+00, 1.94e+00, 6.77e-03) m s⁻¹, extrema(T): (31.14, -1.90) ᵒC, extrema(S): (39.95, 20.07) g/kg, extrema(η): (1.94, -2.34) m, wall time: 11.824 seconds 
[ Info: time: 5102 days, iteration: 367344, Δt: 20 minutes,max|u|: (2.00e+00, 2.19e+00, 6.73e-03) m s⁻¹, extrema(T): (31.08, -1.90) ᵒC, extrema(S): (39.95, 20.05) g/kg, extrema(η): (2.44, -3.45) m, wall time: 12.024 seconds 
[ Info: time: 5103 days, iteration: 367416, Δt: 20 minutes,max|u|: (2.02e+00, 2.32e+00, 6.78e-03) m s⁻¹, extrema(T): (31.27, -1.90) ᵒC, extrema(S): (39.95, 20.02) g/kg, extrema(η): (3.00, -1.99) m, wall time: 17.625 seconds 
[ Info: time: 5104 days, iteration: 367488, Δt: 20 minutes,max|u|: (2.09e+00, 2.34e+00, 6.61e-03) m s⁻¹, extrema(T): (31.45, -1.91) ᵒC, extrema(S): (39.95, 20.00) g/kg, extrema(η): (4.16, -3.18) m, wall time: 11.825 seconds 
[ Info: time: 5105 days, iteration: 367560, Δt: 20 minutes,max|u|: (2.08e+00, 2.29e+00, 6.63e-03) m s⁻¹, extrema(T): (31.55, -1.91) ᵒC, extrema(S): (39.95, 20.05) g/kg, extrema(η): (3.15, -1.99) m, wall time: 11.896 seconds 
[ Info: time: 5106 days, iteration: 367632, Δt: 20 minutes,max|u|: (2.07e+00, 2.23e+00, 6.72e-03) m s⁻¹, extrema(T): (31.58, -1.92) ᵒC, extrema(S): (39.96, 19.96) g/kg, extrema(η): (3.16, -2.07) m, wall time: 11.820 seconds 
[ Info: time: 5107 days, iteration: 367704, Δt: 20 minutes,max|u|: (2.08e+00, 2.12e+00, 6.72e-03) m s⁻¹, extrema(T): (31.64, -1.92) ᵒC, extrema(S): (39.96, 19.87) g/kg, extrema(η): (3.00, -3.48) m, wall time: 11.886 seconds 
[ Info: time: 5108 days, iteration: 367776, Δt: 20 minutes,max|u|: (2.11e+00, 1.96e+00, 6.77e-03) m s⁻¹, extrema(T): (31.59, -1.92) ᵒC, extrema(S): (39.95, 19.77) g/kg, extrema(η): (2.57, -2.10) m, wall time: 11.895 seconds 
[ Info: time: 5109 days, iteration: 367848, Δt: 20 minutes,max|u|: (2.10e+00, 1.83e+00, 6.79e-03) m s⁻¹, extrema(T): (31.75, -1.92) ᵒC, extrema(S): (39.95, 19.70) g/kg, extrema(η): (4.06, -2.17) m, wall time: 11.906 seconds 
[ Info: time: 5110 days, iteration: 367920, Δt: 20 minutes,max|u|: (2.08e+00, 1.71e+00, 6.86e-03) m s⁻¹, extrema(T): (31.80, -1.92) ᵒC, extrema(S): (39.95, 19.78) g/kg, extrema(η): (3.20, -1.99) m, wall time: 11.908 seconds 
[ Info: time: 5111 days, iteration: 367992, Δt: 20 minutes,max|u|: (2.20e+00, 2.61e+00, 6.89e-03) m s⁻¹, extrema(T): (31.68, -1.92) ᵒC, extrema(S): (39.94, 19.72) g/kg, extrema(η): (1.38, -2.06) m, wall time: 11.890 seconds 
[ Info: time: 5112 days, iteration: 368064, Δt: 20 minutes,max|u|: (2.07e+00, 1.68e+00, 6.90e-03) m s⁻¹, extrema(T): (31.66, -1.93) ᵒC, extrema(S): (39.94, 19.64) g/kg, extrema(η): (1.28, -2.98) m, wall time: 11.881 seconds 
[ Info: time: 5113 days, iteration: 368136, Δt: 20 minutes,max|u|: (2.06e+00, 1.71e+00, 6.94e-03) m s⁻¹, extrema(T): (31.70, -1.93) ᵒC, extrema(S): (39.94, 19.54) g/kg, extrema(η): (1.23, -2.03) m, wall time: 12.066 seconds 
[ Info: time: 5114 days, iteration: 368208, Δt: 20 minutes,max|u|: (2.04e+00, 1.64e+00, 6.98e-03) m s⁻¹, extrema(T): (31.64, -1.93) ᵒC, extrema(S): (39.93, 19.49) g/kg, extrema(η): (3.11, -2.15) m, wall time: 11.968 seconds 
[ Info: time: 5115 days, iteration: 368280, Δt: 20 minutes,max|u|: (1.98e+00, 1.78e+00, 6.96e-03) m s⁻¹, extrema(T): (31.65, -1.93) ᵒC, extrema(S): (39.93, 19.44) g/kg, extrema(η): (3.76, -2.17) m, wall time: 16.808 seconds 
[ Info: time: 5116 days, iteration: 368352, Δt: 20 minutes,max|u|: (1.94e+00, 1.83e+00, 6.99e-03) m s⁻¹, extrema(T): (31.60, -1.93) ᵒC, extrema(S): (39.93, 19.40) g/kg, extrema(η): (1.24, -2.05) m, wall time: 11.962 seconds 
[ Info: time: 5117 days, iteration: 368424, Δt: 20 minutes,max|u|: (1.84e+00, 2.06e+00, 7.02e-03) m s⁻¹, extrema(T): (31.37, -1.93) ᵒC, extrema(S): (39.92, 19.40) g/kg, extrema(η): (1.17, -3.36) m, wall time: 11.912 seconds 
[ Info: time: 5118 days, iteration: 368496, Δt: 20 minutes,max|u|: (1.86e+00, 2.03e+00, 7.05e-03) m s⁻¹, extrema(T): (31.27, -1.93) ᵒC, extrema(S): (39.92, 19.34) g/kg, extrema(η): (1.21, -2.11) m, wall time: 12.094 seconds 
[ Info: time: 5119 days, iteration: 368568, Δt: 20 minutes,max|u|: (1.84e+00, 2.19e+00, 7.06e-03) m s⁻¹, extrema(T): (31.19, -1.94) ᵒC, extrema(S): (39.92, 19.27) g/kg, extrema(η): (2.57, -2.13) m, wall time: 11.958 seconds 
[ Info: time: 5120 days, iteration: 368640, Δt: 20 minutes,max|u|: (1.62e+00, 2.12e+00, 7.08e-03) m s⁻¹, extrema(T): (31.15, -1.94) ᵒC, extrema(S): (39.91, 19.21) g/kg, extrema(η): (4.14, -2.10) m, wall time: 12.020 seconds 
[ Info: time: 5121 days, iteration: 368712, Δt: 20 minutes,max|u|: (2.27e+00, 3.33e+00, 7.09e-03) m s⁻¹, extrema(T): (31.10, -1.94) ᵒC, extrema(S): (39.92, 19.19) g/kg, extrema(η): (1.45, -2.39) m, wall time: 11.932 seconds 
[ Info: time: 5122 days, iteration: 368784, Δt: 20 minutes,max|u|: (1.60e+00, 1.95e+00, 7.08e-03) m s⁻¹, extrema(T): (31.11, -1.95) ᵒC, extrema(S): (39.92, 19.15) g/kg, extrema(η): (1.33, -2.24) m, wall time: 11.825 seconds 
[ Info: time: 5123 days, iteration: 368856, Δt: 20 minutes,max|u|: (1.62e+00, 1.88e+00, 7.08e-03) m s⁻¹, extrema(T): (31.15, -1.94) ᵒC, extrema(S): (39.91, 19.12) g/kg, extrema(η): (1.35, -2.70) m, wall time: 11.949 seconds 
[ Info: time: 5124 days, iteration: 368928, Δt: 20 minutes,max|u|: (1.67e+00, 2.03e+00, 7.04e-03) m s⁻¹, extrema(T): (31.09, -1.94) ᵒC, extrema(S): (39.91, 19.12) g/kg, extrema(η): (1.68, -2.11) m, wall time: 11.934 seconds 
[ Info: time: 5125 days, iteration: 369000, Δt: 20 minutes,max|u|: (1.82e+00, 2.06e+00, 7.02e-03) m s⁻¹, extrema(T): (31.13, -1.94) ᵒC, extrema(S): (39.91, 19.12) g/kg, extrema(η): (3.95, -2.04) m, wall time: 11.810 seconds 
[ Info: time: 5126 days, iteration: 369072, Δt: 20 minutes,max|u|: (1.73e+00, 2.09e+00, 7.05e-03) m s⁻¹, extrema(T): (31.17, -1.95) ᵒC, extrema(S): (39.91, 19.16) g/kg, extrema(η): (2.80, -2.16) m, wall time: 12.096 seconds 
[ Info: time: 5127 days, iteration: 369144, Δt: 20 minutes,max|u|: (1.65e+00, 2.04e+00, 7.08e-03) m s⁻¹, extrema(T): (31.16, -1.95) ᵒC, extrema(S): (39.90, 19.19) g/kg, extrema(η): (3.05, -1.94) m, wall time: 13.526 seconds 
[ Info: time: 5128 days, iteration: 369216, Δt: 20 minutes,max|u|: (2.08e+00, 2.10e+00, 7.06e-03) m s⁻¹, extrema(T): (31.13, -1.95) ᵒC, extrema(S): (39.90, 19.18) g/kg, extrema(η): (3.27, -2.72) m, wall time: 17.068 seconds 
[ Info: time: 5129 days, iteration: 369288, Δt: 20 minutes,max|u|: (1.66e+00, 2.07e+00, 7.03e-03) m s⁻¹, extrema(T): (31.15, -1.95) ᵒC, extrema(S): (39.89, 19.18) g/kg, extrema(η): (3.33, -2.07) m, wall time: 11.863 seconds 
[ Info: time: 5130 days, iteration: 369360, Δt: 20 minutes,max|u|: (1.65e+00, 2.04e+00, 7.01e-03) m s⁻¹, extrema(T): (31.31, -1.95) ᵒC, extrema(S): (39.89, 19.16) g/kg, extrema(η): (3.25, -1.97) m, wall time: 16.018 seconds 
[ Info: time: 5131 days, iteration: 369432, Δt: 20 minutes,max|u|: (2.04e+00, 2.01e+00, 6.99e-03) m s⁻¹, extrema(T): (31.21, -1.95) ᵒC, extrema(S): (39.89, 19.15) g/kg, extrema(η): (3.55, -1.93) m, wall time: 12.069 seconds 
[ Info: time: 5132 days, iteration: 369504, Δt: 20 minutes,max|u|: (1.68e+00, 2.02e+00, 6.98e-03) m s⁻¹, extrema(T): (31.16, -1.95) ᵒC, extrema(S): (39.88, 19.17) g/kg, extrema(η): (2.46, -1.93) m, wall time: 11.936 seconds 
[ Info: time: 5133 days, iteration: 369576, Δt: 20 minutes,max|u|: (1.70e+00, 2.09e+00, 7.00e-03) m s⁻¹, extrema(T): (31.18, -1.96) ᵒC, extrema(S): (39.87, 19.18) g/kg, extrema(η): (1.93, -3.39) m, wall time: 11.935 seconds 
[ Info: time: 5134 days, iteration: 369648, Δt: 20 minutes,max|u|: (1.68e+00, 2.24e+00, 6.97e-03) m s⁻¹, extrema(T): (31.25, -1.96) ᵒC, extrema(S): (39.87, 19.23) g/kg, extrema(η): (1.77, -1.95) m, wall time: 11.888 seconds 
[ Info: time: 5135 days, iteration: 369720, Δt: 20 minutes,max|u|: (1.66e+00, 2.74e+00, 6.93e-03) m s⁻¹, extrema(T): (31.34, -1.96) ᵒC, extrema(S): (39.85, 19.24) g/kg, extrema(η): (2.75, -1.83) m, wall time: 11.998 seconds 
[ Info: time: 5136 days, iteration: 369792, Δt: 20 minutes,max|u|: (1.72e+00, 1.93e+00, 6.96e-03) m s⁻¹, extrema(T): (31.43, -1.96) ᵒC, extrema(S): (39.84, 19.20) g/kg, extrema(η): (4.12, -2.03) m, wall time: 11.979 seconds 
[ Info: time: 5137 days, iteration: 369864, Δt: 20 minutes,max|u|: (1.65e+00, 1.86e+00, 6.98e-03) m s⁻¹, extrema(T): (31.44, -1.96) ᵒC, extrema(S): (39.80, 19.16) g/kg, extrema(η): (1.33, -2.06) m, wall time: 11.872 seconds 
[ Info: time: 5138 days, iteration: 369936, Δt: 20 minutes,max|u|: (1.91e+00, 1.94e+00, 7.01e-03) m s⁻¹, extrema(T): (31.50, -1.96) ᵒC, extrema(S): (39.80, 19.13) g/kg, extrema(η): (1.38, -2.91) m, wall time: 11.913 seconds 
[ Info: time: 5139 days, iteration: 370008, Δt: 20 minutes,max|u|: (1.77e+00, 2.24e+00, 6.98e-03) m s⁻¹, extrema(T): (31.56, -1.96) ᵒC, extrema(S): (39.80, 19.08) g/kg, extrema(η): (1.29, -2.60) m, wall time: 12.093 seconds 
[ Info: time: 5140 days, iteration: 370080, Δt: 20 minutes,max|u|: (1.86e+00, 2.19e+00, 6.96e-03) m s⁻¹, extrema(T): (31.56, -1.96) ᵒC, extrema(S): (39.79, 19.06) g/kg, extrema(η): (1.84, -2.00) m, wall time: 16.856 seconds 
[ Info: time: 5141 days, iteration: 370152, Δt: 20 minutes,max|u|: (1.97e+00, 2.33e+00, 6.96e-03) m s⁻¹, extrema(T): (31.61, -1.96) ᵒC, extrema(S): (39.79, 19.05) g/kg, extrema(η): (4.27, -2.09) m, wall time: 11.937 seconds 
[ Info: time: 5142 days, iteration: 370224, Δt: 20 minutes,max|u|: (2.00e+00, 2.47e+00, 6.93e-03) m s⁻¹, extrema(T): (31.59, -1.97) ᵒC, extrema(S): (39.79, 19.02) g/kg, extrema(η): (1.90, -2.24) m, wall time: 12.013 seconds 
[ Info: time: 5143 days, iteration: 370296, Δt: 20 minutes,max|u|: (1.92e+00, 2.70e+00, 6.95e-03) m s⁻¹, extrema(T): (31.59, -1.97) ᵒC, extrema(S): (39.79, 18.98) g/kg, extrema(η): (1.42, -3.13) m, wall time: 11.933 seconds 
[ Info: time: 5144 days, iteration: 370368, Δt: 20 minutes,max|u|: (1.86e+00, 2.51e+00, 6.91e-03) m s⁻¹, extrema(T): (31.58, -1.98) ᵒC, extrema(S): (39.79, 18.95) g/kg, extrema(η): (1.44, -2.12) m, wall time: 11.986 seconds 
[ Info: time: 5145 days, iteration: 370440, Δt: 20 minutes,max|u|: (1.90e+00, 2.32e+00, 6.89e-03) m s⁻¹, extrema(T): (31.63, -1.97) ᵒC, extrema(S): (39.79, 18.94) g/kg, extrema(η): (2.06, -2.12) m, wall time: 11.947 seconds 
[ Info: time: 5146 days, iteration: 370512, Δt: 20 minutes,max|u|: (1.93e+00, 2.35e+00, 6.89e-03) m s⁻¹, extrema(T): (31.66, -1.96) ᵒC, extrema(S): (39.79, 18.93) g/kg, extrema(η): (4.25, -2.15) m, wall time: 12.027 seconds 
[ Info: time: 5147 days, iteration: 370584, Δt: 20 minutes,max|u|: (1.88e+00, 2.23e+00, 6.93e-03) m s⁻¹, extrema(T): (31.73, -1.96) ᵒC, extrema(S): (39.79, 19.11) g/kg, extrema(η): (1.71, -2.24) m, wall time: 12.131 seconds 
[ Info: time: 5148 days, iteration: 370656, Δt: 20 minutes,max|u|: (1.82e+00, 2.15e+00, 6.98e-03) m s⁻¹, extrema(T): (31.80, -1.95) ᵒC, extrema(S): (39.79, 19.46) g/kg, extrema(η): (2.16, -2.64) m, wall time: 11.992 seconds 
[ Info: time: 5149 days, iteration: 370728, Δt: 20 minutes,max|u|: (1.60e+00, 2.56e+00, 6.93e-03) m s⁻¹, extrema(T): (31.72, -1.95) ᵒC, extrema(S): (39.79, 19.56) g/kg, extrema(η): (2.63, -2.23) m, wall time: 12.089 seconds 
[ Info: time: 5150 days, iteration: 370800, Δt: 20 minutes,max|u|: (1.55e+00, 2.75e+00, 6.96e-03) m s⁻¹, extrema(T): (31.71, -1.95) ᵒC, extrema(S): (39.78, 19.58) g/kg, extrema(η): (3.06, -2.12) m, wall time: 12.023 seconds 
[ Info: time: 5151 days, iteration: 370872, Δt: 20 minutes,max|u|: (1.68e+00, 2.00e+00, 6.93e-03) m s⁻¹, extrema(T): (31.76, -1.95) ᵒC, extrema(S): (39.78, 19.64) g/kg, extrema(η): (4.46, -2.11) m, wall time: 11.944 seconds 
[ Info: time: 5152 days, iteration: 370944, Δt: 20 minutes,max|u|: (1.51e+00, 1.93e+00, 6.94e-03) m s⁻¹, extrema(T): (31.75, -1.95) ᵒC, extrema(S): (39.78, 19.66) g/kg, extrema(η): (3.27, -2.08) m, wall time: 16.857 seconds 
[ Info: time: 5153 days, iteration: 371016, Δt: 20 minutes,max|u|: (1.52e+00, 1.94e+00, 7.00e-03) m s⁻¹, extrema(T): (31.76, -1.95) ᵒC, extrema(S): (39.76, 19.66) g/kg, extrema(η): (3.11, -2.00) m, wall time: 11.936 seconds 
[ Info: time: 5154 days, iteration: 371088, Δt: 20 minutes,max|u|: (1.56e+00, 2.24e+00, 6.97e-03) m s⁻¹, extrema(T): (31.79, -1.95) ᵒC, extrema(S): (39.75, 19.65) g/kg, extrema(η): (2.89, -3.02) m, wall time: 11.889 seconds 
[ Info: time: 5155 days, iteration: 371160, Δt: 20 minutes,max|u|: (1.56e+00, 1.96e+00, 6.97e-03) m s⁻¹, extrema(T): (31.82, -1.95) ᵒC, extrema(S): (39.75, 19.63) g/kg, extrema(η): (2.59, -2.04) m, wall time: 11.855 seconds 
[ Info: time: 5156 days, iteration: 371232, Δt: 20 minutes,max|u|: (1.56e+00, 1.89e+00, 6.94e-03) m s⁻¹, extrema(T): (31.75, -1.95) ᵒC, extrema(S): (39.75, 19.63) g/kg, extrema(η): (4.29, -2.08) m, wall time: 11.948 seconds 
[ Info: time: 5157 days, iteration: 371304, Δt: 20 minutes,max|u|: (1.56e+00, 1.87e+00, 6.90e-03) m s⁻¹, extrema(T): (31.57, -1.95) ᵒC, extrema(S): (39.75, 19.60) g/kg, extrema(η): (3.61, -2.02) m, wall time: 12.100 seconds 
[ Info: time: 5158 days, iteration: 371376, Δt: 20 minutes,max|u|: (2.08e+00, 1.83e+00, 6.91e-03) m s⁻¹, extrema(T): (31.48, -1.96) ᵒC, extrema(S): (39.75, 19.56) g/kg, extrema(η): (1.20, -2.10) m, wall time: 13.197 seconds 
[ Info: time: 5159 days, iteration: 371448, Δt: 20 minutes,max|u|: (2.03e+00, 2.04e+00, 6.91e-03) m s⁻¹, extrema(T): (31.38, -1.96) ᵒC, extrema(S): (39.75, 19.53) g/kg, extrema(η): (1.18, -3.42) m, wall time: 11.965 seconds 
[ Info: time: 5160 days, iteration: 371520, Δt: 20 minutes,max|u|: (1.97e+00, 2.10e+00, 6.95e-03) m s⁻¹, extrema(T): (31.29, -1.96) ᵒC, extrema(S): (39.75, 19.54) g/kg, extrema(η): (1.25, -2.11) m, wall time: 11.785 seconds 
[ Info: time: 5161 days, iteration: 371592, Δt: 20 minutes,max|u|: (1.84e+00, 2.12e+00, 6.88e-03) m s⁻¹, extrema(T): (31.18, -1.96) ᵒC, extrema(S): (39.74, 19.53) g/kg, extrema(η): (3.63, -2.15) m, wall time: 11.810 seconds 
[ Info: time: 5162 days, iteration: 371664, Δt: 20 minutes,max|u|: (1.79e+00, 2.35e+00, 6.83e-03) m s⁻¹, extrema(T): (31.12, -1.97) ᵒC, extrema(S): (39.74, 19.48) g/kg, extrema(η): (3.73, -2.22) m, wall time: 11.967 seconds 
[ Info: time: 5163 days, iteration: 371736, Δt: 20 minutes,max|u|: (1.99e+00, 2.60e+00, 6.84e-03) m s⁻¹, extrema(T): (31.11, -1.96) ᵒC, extrema(S): (39.74, 19.51) g/kg, extrema(η): (1.33, -2.09) m, wall time: 11.985 seconds 
[ Info: time: 5164 days, iteration: 371808, Δt: 20 minutes,max|u|: (2.80e+00, 2.84e+00, 6.83e-03) m s⁻¹, extrema(T): (31.09, -1.96) ᵒC, extrema(S): (39.74, 19.54) g/kg, extrema(η): (1.55, -3.17) m, wall time: 12.010 seconds 
[ Info: time: 5165 days, iteration: 371880, Δt: 20 minutes,max|u|: (3.11e+00, 2.89e+00, 6.82e-03) m s⁻¹, extrema(T): (31.03, -1.96) ᵒC, extrema(S): (39.74, 19.57) g/kg, extrema(η): (1.42, -2.01) m, wall time: 16.907 seconds 
[ Info: time: 5166 days, iteration: 371952, Δt: 20 minutes,max|u|: (1.87e+00, 2.55e+00, 6.80e-03) m s⁻¹, extrema(T): (30.96, -1.96) ᵒC, extrema(S): (39.73, 19.59) g/kg, extrema(η): (2.69, -2.05) m, wall time: 11.904 seconds 
[ Info: time: 5167 days, iteration: 372024, Δt: 20 minutes,max|u|: (2.28e+00, 2.22e+00, 6.84e-03) m s⁻¹, extrema(T): (30.99, -1.96) ᵒC, extrema(S): (39.73, 19.75) g/kg, extrema(η): (4.01, -2.03) m, wall time: 11.946 seconds 
[ Info: time: 5168 days, iteration: 372096, Δt: 20 minutes,max|u|: (2.18e+00, 1.85e+00, 6.84e-03) m s⁻¹, extrema(T): (31.01, -1.96) ᵒC, extrema(S): (39.73, 19.82) g/kg, extrema(η): (2.15, -2.21) m, wall time: 11.838 seconds 
[ Info: time: 5169 days, iteration: 372168, Δt: 20 minutes,max|u|: (1.37e+00, 1.55e+00, 6.88e-03) m s⁻¹, extrema(T): (31.05, -1.96) ᵒC, extrema(S): (39.72, 19.80) g/kg, extrema(η): (1.19, -3.31) m, wall time: 12.018 seconds 
[ Info: time: 5170 days, iteration: 372240, Δt: 20 minutes,max|u|: (1.38e+00, 1.53e+00, 6.81e-03) m s⁻¹, extrema(T): (31.10, -1.95) ᵒC, extrema(S): (39.72, 19.83) g/kg, extrema(η): (1.29, -2.44) m, wall time: 12.000 seconds 
[ Info: Saving checkpoint file
[ Info: time: 5171 days, iteration: 372312, Δt: 20 minutes,max|u|: (1.76e+00, 1.65e+00, 6.79e-03) m s⁻¹, extrema(T): (31.15, -1.95) ᵒC, extrema(S): (39.72, 19.76) g/kg, extrema(η): (2.30, -1.94) m, wall time: 22.870 seconds 
[ Info: time: 5172 days, iteration: 372384, Δt: 20 minutes,max|u|: (1.36e+00, 1.48e+00, 6.77e-03) m s⁻¹, extrema(T): (31.18, -1.95) ᵒC, extrema(S): (39.72, 19.62) g/kg, extrema(η): (4.53, -2.18) m, wall time: 11.957 seconds 
[ Info: time: 5173 days, iteration: 372456, Δt: 20 minutes,max|u|: (1.29e+00, 1.56e+00, 6.79e-03) m s⁻¹, extrema(T): (31.19, -1.95) ᵒC, extrema(S): (39.72, 19.48) g/kg, extrema(η): (2.80, -1.97) m, wall time: 12.052 seconds 
[ Info: time: 5174 days, iteration: 372528, Δt: 20 minutes,max|u|: (1.57e+00, 1.48e+00, 6.78e-03) m s⁻¹, extrema(T): (31.17, -1.95) ᵒC, extrema(S): (39.71, 19.38) g/kg, extrema(η): (3.11, -2.67) m, wall time: 12.040 seconds 
[ Info: time: 5175 days, iteration: 372600, Δt: 20 minutes,max|u|: (1.32e+00, 1.56e+00, 6.76e-03) m s⁻¹, extrema(T): (31.19, -1.95) ᵒC, extrema(S): (39.71, 19.29) g/kg, extrema(η): (3.35, -2.86) m, wall time: 11.929 seconds 
[ Info: time: 5176 days, iteration: 372672, Δt: 20 minutes,max|u|: (1.53e+00, 1.70e+00, 6.71e-03) m s⁻¹, extrema(T): (31.27, -1.95) ᵒC, extrema(S): (39.71, 19.18) g/kg, extrema(η): (3.45, -2.05) m, wall time: 11.993 seconds 
[ Info: time: 5177 days, iteration: 372744, Δt: 20 minutes,max|u|: (1.33e+00, 1.53e+00, 6.71e-03) m s⁻¹, extrema(T): (31.25, -1.95) ᵒC, extrema(S): (39.71, 19.12) g/kg, extrema(η): (4.61, -2.10) m, wall time: 17.125 seconds 
[ Info: time: 5178 days, iteration: 372816, Δt: 20 minutes,max|u|: (1.40e+00, 1.57e+00, 6.82e-03) m s⁻¹, extrema(T): (31.25, -1.95) ᵒC, extrema(S): (39.71, 19.04) g/kg, extrema(η): (2.91, -1.96) m, wall time: 11.980 seconds 
[ Info: time: 5179 days, iteration: 372888, Δt: 20 minutes,max|u|: (1.36e+00, 1.51e+00, 6.84e-03) m s⁻¹, extrema(T): (31.25, -1.95) ᵒC, extrema(S): (39.71, 18.98) g/kg, extrema(η): (2.47, -2.07) m, wall time: 11.944 seconds 
[ Info: time: 5180 days, iteration: 372960, Δt: 20 minutes,max|u|: (1.51e+00, 1.78e+00, 6.88e-03) m s⁻¹, extrema(T): (31.25, -1.95) ᵒC, extrema(S): (39.71, 18.93) g/kg, extrema(η): (2.02, -3.16) m, wall time: 12.045 seconds 
[ Info: time: 5181 days, iteration: 373032, Δt: 20 minutes,max|u|: (1.38e+00, 1.66e+00, 6.94e-03) m s⁻¹, extrema(T): (31.26, -1.95) ᵒC, extrema(S): (39.71, 18.89) g/kg, extrema(η): (1.55, -2.15) m, wall time: 11.994 seconds 
[ Info: time: 5182 days, iteration: 373104, Δt: 20 minutes,max|u|: (1.39e+00, 1.61e+00, 6.98e-03) m s⁻¹, extrema(T): (31.21, -1.95) ᵒC, extrema(S): (39.71, 18.84) g/kg, extrema(η): (4.17, -1.98) m, wall time: 11.966 seconds 
[ Info: time: 5183 days, iteration: 373176, Δt: 20 minutes,max|u|: (1.62e+00, 1.73e+00, 6.99e-03) m s⁻¹, extrema(T): (31.22, -1.95) ᵒC, extrema(S): (39.71, 18.80) g/kg, extrema(η): (3.12, -1.95) m, wall time: 11.913 seconds 
[ Info: time: 5184 days, iteration: 373248, Δt: 20 minutes,max|u|: (1.42e+00, 1.65e+00, 7.06e-03) m s⁻¹, extrema(T): (31.23, -1.95) ᵒC, extrema(S): (39.71, 18.76) g/kg, extrema(η): (1.17, -1.95) m, wall time: 11.970 seconds 
[ Info: time: 5185 days, iteration: 373320, Δt: 20 minutes,max|u|: (2.76e+00, 1.87e+00, 7.06e-03) m s⁻¹, extrema(T): (31.25, -1.96) ᵒC, extrema(S): (39.71, 18.74) g/kg, extrema(η): (1.17, -3.57) m, wall time: 12.039 seconds 
[ Info: time: 5186 days, iteration: 373392, Δt: 20 minutes,max|u|: (1.41e+00, 1.58e+00, 7.10e-03) m s⁻¹, extrema(T): (31.27, -1.96) ᵒC, extrema(S): (39.71, 18.73) g/kg, extrema(η): (1.23, -1.97) m, wall time: 11.940 seconds 
[ Info: time: 5187 days, iteration: 373464, Δt: 20 minutes,max|u|: (1.42e+00, 1.55e+00, 7.13e-03) m s⁻¹, extrema(T): (31.29, -1.96) ᵒC, extrema(S): (39.70, 18.70) g/kg, extrema(η): (3.69, -1.99) m, wall time: 11.969 seconds 
[ Info: time: 5188 days, iteration: 373536, Δt: 20 minutes,max|u|: (1.47e+00, 1.56e+00, 7.20e-03) m s⁻¹, extrema(T): (31.29, -1.96) ᵒC, extrema(S): (39.70, 18.67) g/kg, extrema(η): (3.75, -1.89) m, wall time: 11.853 seconds 
[ Info: time: 5189 days, iteration: 373608, Δt: 20 minutes,max|u|: (1.50e+00, 1.63e+00, 7.26e-03) m s⁻¹, extrema(T): (31.31, -1.96) ᵒC, extrema(S): (39.70, 18.65) g/kg, extrema(η): (1.26, -2.03) m, wall time: 17.978 seconds 
[ Info: time: 5190 days, iteration: 373680, Δt: 20 minutes,max|u|: (1.55e+00, 1.57e+00, 7.16e-03) m s⁻¹, extrema(T): (31.34, -1.96) ᵒC, extrema(S): (39.70, 18.62) g/kg, extrema(η): (1.24, -3.72) m, wall time: 12.034 seconds 
[ Info: time: 5191 days, iteration: 373752, Δt: 20 minutes,max|u|: (1.51e+00, 1.72e+00, 7.17e-03) m s⁻¹, extrema(T): (31.32, -1.96) ᵒC, extrema(S): (39.70, 18.59) g/kg, extrema(η): (1.19, -1.99) m, wall time: 12.001 seconds 
[ Info: time: 5192 days, iteration: 373824, Δt: 20 minutes,max|u|: (1.54e+00, 1.60e+00, 7.24e-03) m s⁻¹, extrema(T): (31.35, -1.96) ᵒC, extrema(S): (39.70, 18.58) g/kg, extrema(η): (2.93, -1.93) m, wall time: 12.018 seconds 
[ Info: time: 5193 days, iteration: 373896, Δt: 20 minutes,max|u|: (1.59e+00, 1.59e+00, 7.19e-03) m s⁻¹, extrema(T): (31.35, -1.96) ᵒC, extrema(S): (39.70, 18.55) g/kg, extrema(η): (3.91, -2.01) m, wall time: 11.965 seconds 
[ Info: time: 5194 days, iteration: 373968, Δt: 20 minutes,max|u|: (2.78e+00, 1.69e+00, 7.26e-03) m s⁻¹, extrema(T): (31.36, -1.96) ᵒC, extrema(S): (39.70, 18.56) g/kg, extrema(η): (1.40, -2.19) m, wall time: 11.878 seconds 
[ Info: time: 5195 days, iteration: 374040, Δt: 20 minutes,max|u|: (1.64e+00, 1.57e+00, 7.23e-03) m s⁻¹, extrema(T): (31.21, -1.95) ᵒC, extrema(S): (39.69, 18.67) g/kg, extrema(η): (1.89, -3.38) m, wall time: 11.995 seconds 
[ Info: time: 5196 days, iteration: 374112, Δt: 20 minutes,max|u|: (1.71e+00, 1.59e+00, 7.25e-03) m s⁻¹, extrema(T): (31.06, -1.95) ᵒC, extrema(S): (39.69, 18.92) g/kg, extrema(η): (2.56, -2.52) m, wall time: 11.993 seconds 
[ Info: time: 5197 days, iteration: 374184, Δt: 20 minutes,max|u|: (1.68e+00, 1.80e+00, 7.24e-03) m s⁻¹, extrema(T): (31.05, -1.95) ᵒC, extrema(S): (39.69, 19.50) g/kg, extrema(η): (2.93, -1.98) m, wall time: 11.879 seconds 
[ Info: time: 5198 days, iteration: 374256, Δt: 20 minutes,max|u|: (1.70e+00, 1.53e+00, 7.23e-03) m s⁻¹, extrema(T): (31.03, -1.94) ᵒC, extrema(S): (39.69, 19.73) g/kg, extrema(η): (4.56, -2.13) m, wall time: 11.943 seconds 
[ Info: time: 5199 days, iteration: 374328, Δt: 20 minutes,max|u|: (1.71e+00, 1.54e+00, 7.17e-03) m s⁻¹, extrema(T): (31.14, -1.94) ᵒC, extrema(S): (39.69, 19.59) g/kg, extrema(η): (3.20, -2.13) m, wall time: 11.932 seconds 
[ Info: time: 5200 days, iteration: 374400, Δt: 20 minutes,max|u|: (1.97e+00, 1.53e+00, 7.20e-03) m s⁻¹, extrema(T): (31.08, -1.94) ᵒC, extrema(S): (39.69, 19.43) g/kg, extrema(η): (3.06, -2.74) m, wall time: 11.873 seconds 
[ Info: time: 5201 days, iteration: 374472, Δt: 20 minutes,max|u|: (1.86e+00, 1.64e+00, 7.21e-03) m s⁻¹, extrema(T): (31.07, -1.93) ᵒC, extrema(S): (39.69, 19.32) g/kg, extrema(η): (2.73, -2.85) m, wall time: 11.943 seconds 
[ Info: time: 5202 days, iteration: 374544, Δt: 20 minutes,max|u|: (1.75e+00, 1.74e+00, 7.20e-03) m s⁻¹, extrema(T): (31.05, -1.93) ᵒC, extrema(S): (39.69, 19.26) g/kg, extrema(η): (2.41, -2.12) m, wall time: 16.957 seconds 
[ Info: time: 5203 days, iteration: 374616, Δt: 20 minutes,max|u|: (1.77e+00, 1.64e+00, 7.19e-03) m s⁻¹, extrema(T): (31.06, -1.93) ᵒC, extrema(S): (39.69, 19.23) g/kg, extrema(η): (4.54, -2.14) m, wall time: 11.886 seconds 
[ Info: time: 5204 days, iteration: 374688, Δt: 20 minutes,max|u|: (1.80e+00, 1.58e+00, 7.21e-03) m s⁻¹, extrema(T): (31.08, -1.93) ᵒC, extrema(S): (39.69, 19.14) g/kg, extrema(η): (3.34, -2.23) m, wall time: 11.976 seconds 
[ Info: time: 5205 days, iteration: 374760, Δt: 20 minutes,max|u|: (1.90e+00, 1.58e+00, 7.18e-03) m s⁻¹, extrema(T): (31.17, -1.92) ᵒC, extrema(S): (39.68, 19.04) g/kg, extrema(η): (1.22, -2.03) m, wall time: 12.057 seconds 
[ Info: time: 5206 days, iteration: 374832, Δt: 20 minutes,max|u|: (1.81e+00, 1.58e+00, 7.14e-03) m s⁻¹, extrema(T): (31.07, -1.92) ᵒC, extrema(S): (39.68, 18.99) g/kg, extrema(η): (1.21, -3.41) m, wall time: 11.942 seconds 
[ Info: time: 5207 days, iteration: 374904, Δt: 20 minutes,max|u|: (1.82e+00, 1.65e+00, 7.12e-03) m s⁻¹, extrema(T): (31.14, -1.92) ᵒC, extrema(S): (39.68, 18.91) g/kg, extrema(η): (1.20, -1.95) m, wall time: 11.964 seconds 
[ Info: time: 5208 days, iteration: 374976, Δt: 20 minutes,max|u|: (1.85e+00, 1.57e+00, 7.10e-03) m s⁻¹, extrema(T): (31.13, -1.92) ᵒC, extrema(S): (39.68, 19.08) g/kg, extrema(η): (3.93, -1.83) m, wall time: 11.928 seconds 
[ Info: time: 5209 days, iteration: 375048, Δt: 20 minutes,max|u|: (1.88e+00, 1.56e+00, 7.14e-03) m s⁻¹, extrema(T): (31.12, -1.92) ᵒC, extrema(S): (39.68, 19.60) g/kg, extrema(η): (3.75, -1.95) m, wall time: 12.015 seconds 
[ Info: time: 5210 days, iteration: 375120, Δt: 20 minutes,max|u|: (1.92e+00, 1.64e+00, 7.15e-03) m s⁻¹, extrema(T): (31.17, -1.91) ᵒC, extrema(S): (39.68, 19.59) g/kg, extrema(η): (1.23, -1.96) m, wall time: 12.005 seconds 
[ Info: time: 5211 days, iteration: 375192, Δt: 20 minutes,max|u|: (1.91e+00, 1.54e+00, 7.17e-03) m s⁻¹, extrema(T): (31.21, -1.91) ᵒC, extrema(S): (39.68, 19.52) g/kg, extrema(η): (1.24, -3.40) m, wall time: 12.027 seconds 
[ Info: time: 5212 days, iteration: 375264, Δt: 20 minutes,max|u|: (1.92e+00, 1.56e+00, 7.20e-03) m s⁻¹, extrema(T): (31.16, -1.91) ᵒC, extrema(S): (39.68, 19.43) g/kg, extrema(η): (1.27, -2.12) m, wall time: 11.996 seconds 
[ Info: time: 5213 days, iteration: 375336, Δt: 20 minutes,max|u|: (1.90e+00, 1.51e+00, 7.14e-03) m s⁻¹, extrema(T): (31.20, -1.91) ᵒC, extrema(S): (39.68, 19.51) g/kg, extrema(η): (2.83, -2.12) m, wall time: 12.052 seconds 
[ Info: time: 5214 days, iteration: 375408, Δt: 20 minutes,max|u|: (1.94e+00, 2.11e+00, 7.12e-03) m s⁻¹, extrema(T): (31.18, -1.91) ᵒC, extrema(S): (39.68, 19.53) g/kg, extrema(η): (4.09, -2.17) m, wall time: 16.882 seconds 
[ Info: time: 5215 days, iteration: 375480, Δt: 20 minutes,max|u|: (1.92e+00, 2.24e+00, 7.11e-03) m s⁻¹, extrema(T): (31.20, -1.91) ᵒC, extrema(S): (39.68, 19.47) g/kg, extrema(η): (1.37, -2.14) m, wall time: 12.005 seconds 
[ Info: time: 5216 days, iteration: 375552, Δt: 20 minutes,max|u|: (1.92e+00, 1.48e+00, 7.13e-03) m s⁻¹, extrema(T): (31.23, -1.91) ᵒC, extrema(S): (39.68, 19.51) g/kg, extrema(η): (1.46, -2.98) m, wall time: 11.973 seconds 
[ Info: time: 5217 days, iteration: 375624, Δt: 20 minutes,max|u|: (2.03e+00, 1.49e+00, 7.03e-03) m s⁻¹, extrema(T): (31.37, -1.91) ᵒC, extrema(S): (39.67, 19.39) g/kg, extrema(η): (1.46, -2.90) m, wall time: 12.061 seconds 
[ Info: time: 5218 days, iteration: 375696, Δt: 20 minutes,max|u|: (1.98e+00, 1.75e+00, 7.02e-03) m s⁻¹, extrema(T): (31.29, -1.91) ᵒC, extrema(S): (39.67, 19.46) g/kg, extrema(η): (2.10, -1.93) m, wall time: 12.033 seconds 
[ Info: time: 5219 days, iteration: 375768, Δt: 20 minutes,max|u|: (1.99e+00, 1.51e+00, 6.98e-03) m s⁻¹, extrema(T): (31.34, -1.91) ᵒC, extrema(S): (39.67, 19.53) g/kg, extrema(η): (4.28, -1.82) m, wall time: 11.926 seconds 
[ Info: time: 5220 days, iteration: 375840, Δt: 20 minutes,max|u|: (2.01e+00, 1.53e+00, 6.98e-03) m s⁻¹, extrema(T): (31.41, -1.91) ᵒC, extrema(S): (39.67, 19.53) g/kg, extrema(η): (2.97, -1.92) m, wall time: 13.106 seconds 
[ Info: time: 5221 days, iteration: 375912, Δt: 20 minutes,max|u|: (2.00e+00, 1.53e+00, 7.01e-03) m s⁻¹, extrema(T): (31.33, -1.91) ᵒC, extrema(S): (39.67, 19.55) g/kg, extrema(η): (3.17, -2.36) m, wall time: 11.903 seconds 
[ Info: time: 5222 days, iteration: 375984, Δt: 20 minutes,max|u|: (2.00e+00, 1.54e+00, 6.91e-03) m s⁻¹, extrema(T): (31.26, -1.91) ᵒC, extrema(S): (39.67, 19.44) g/kg, extrema(η): (3.28, -3.15) m, wall time: 11.942 seconds 
[ Info: time: 5223 days, iteration: 376056, Δt: 20 minutes,max|u|: (1.96e+00, 1.76e+00, 6.93e-03) m s⁻¹, extrema(T): (31.19, -1.91) ᵒC, extrema(S): (39.67, 19.45) g/kg, extrema(η): (3.20, -1.95) m, wall time: 12.067 seconds 
[ Info: time: 5224 days, iteration: 376128, Δt: 20 minutes,max|u|: (1.94e+00, 1.53e+00, 6.88e-03) m s⁻¹, extrema(T): (31.29, -1.92) ᵒC, extrema(S): (39.67, 19.47) g/kg, extrema(η): (4.53, -1.92) m, wall time: 12.047 seconds 
[ Info: time: 5225 days, iteration: 376200, Δt: 20 minutes,max|u|: (1.93e+00, 1.52e+00, 6.84e-03) m s⁻¹, extrema(T): (31.21, -1.92) ᵒC, extrema(S): (39.67, 19.37) g/kg, extrema(η): (3.23, -1.87) m, wall time: 12.064 seconds 
[ Info: time: 5226 days, iteration: 376272, Δt: 20 minutes,max|u|: (1.95e+00, 1.51e+00, 6.85e-03) m s⁻¹, extrema(T): (31.20, -1.92) ᵒC, extrema(S): (39.68, 19.35) g/kg, extrema(η): (2.00, -2.06) m, wall time: 11.998 seconds 
[ Info: time: 5227 days, iteration: 376344, Δt: 20 minutes,max|u|: (1.98e+00, 1.50e+00, 6.86e-03) m s⁻¹, extrema(T): (31.20, -1.92) ᵒC, extrema(S): (39.68, 19.56) g/kg, extrema(η): (1.51, -3.58) m, wall time: 16.930 seconds 
[ Info: time: 5228 days, iteration: 376416, Δt: 20 minutes,max|u|: (1.96e+00, 1.65e+00, 6.90e-03) m s⁻¹, extrema(T): (31.30, -1.93) ᵒC, extrema(S): (39.68, 19.49) g/kg, extrema(η): (1.21, -2.03) m, wall time: 12.008 seconds 
[ Info: time: 5229 days, iteration: 376488, Δt: 20 minutes,max|u|: (1.99e+00, 1.53e+00, 6.83e-03) m s⁻¹, extrema(T): (31.27, -1.93) ᵒC, extrema(S): (39.68, 19.67) g/kg, extrema(η): (3.75, -1.91) m, wall time: 16.161 seconds 
[ Info: time: 5230 days, iteration: 376560, Δt: 20 minutes,max|u|: (1.92e+00, 1.47e+00, 6.79e-03) m s⁻¹, extrema(T): (31.29, -1.93) ᵒC, extrema(S): (39.68, 19.60) g/kg, extrema(η): (3.90, -2.05) m, wall time: 11.963 seconds 
[ Info: time: 5231 days, iteration: 376632, Δt: 20 minutes,max|u|: (1.90e+00, 1.53e+00, 6.79e-03) m s⁻¹, extrema(T): (31.24, -1.93) ᵒC, extrema(S): (39.67, 19.66) g/kg, extrema(η): (1.37, -2.16) m, wall time: 11.971 seconds 
[ Info: time: 5232 days, iteration: 376704, Δt: 20 minutes,max|u|: (1.90e+00, 1.46e+00, 6.84e-03) m s⁻¹, extrema(T): (31.22, -1.93) ᵒC, extrema(S): (39.66, 19.62) g/kg, extrema(η): (1.35, -3.53) m, wall time: 12.012 seconds 
[ Info: time: 5233 days, iteration: 376776, Δt: 20 minutes,max|u|: (1.88e+00, 1.46e+00, 6.85e-03) m s⁻¹, extrema(T): (31.26, -1.93) ᵒC, extrema(S): (39.67, 19.57) g/kg, extrema(η): (1.41, -2.04) m, wall time: 12.002 seconds 
[ Info: time: 5234 days, iteration: 376848, Δt: 20 minutes,max|u|: (1.86e+00, 1.46e+00, 6.82e-03) m s⁻¹, extrema(T): (31.32, -1.92) ᵒC, extrema(S): (39.67, 19.58) g/kg, extrema(η): (2.65, -2.19) m, wall time: 11.989 seconds 
[ Info: time: 5235 days, iteration: 376920, Δt: 20 minutes,max|u|: (1.81e+00, 1.46e+00, 6.80e-03) m s⁻¹, extrema(T): (31.31, -1.93) ᵒC, extrema(S): (39.67, 19.46) g/kg, extrema(η): (4.06, -2.13) m, wall time: 12.002 seconds 
[ Info: time: 5236 days, iteration: 376992, Δt: 20 minutes,max|u|: (1.80e+00, 1.66e+00, 6.82e-03) m s⁻¹, extrema(T): (31.34, -1.92) ᵒC, extrema(S): (39.68, 19.57) g/kg, extrema(η): (1.38, -2.09) m, wall time: 11.830 seconds 
[ Info: time: 5237 days, iteration: 377064, Δt: 20 minutes,max|u|: (1.79e+00, 1.47e+00, 6.85e-03) m s⁻¹, extrema(T): (31.34, -1.92) ᵒC, extrema(S): (39.68, 19.57) g/kg, extrema(η): (1.29, -3.57) m, wall time: 11.958 seconds 
[ Info: time: 5238 days, iteration: 377136, Δt: 20 minutes,max|u|: (1.87e+00, 1.47e+00, 6.85e-03) m s⁻¹, extrema(T): (31.32, -1.92) ᵒC, extrema(S): (39.68, 19.63) g/kg, extrema(η): (1.36, -3.18) m, wall time: 11.876 seconds 
[ Info: time: 5239 days, iteration: 377208, Δt: 20 minutes,max|u|: (1.88e+00, 1.74e+00, 6.86e-03) m s⁻¹, extrema(T): (31.33, -1.92) ᵒC, extrema(S): (39.68, 18.95) g/kg, extrema(η): (1.36, -1.86) m, wall time: 17.075 seconds 
[ Info: time: 5240 days, iteration: 377280, Δt: 20 minutes,max|u|: (2.11e+00, 1.67e+00, 6.83e-03) m s⁻¹, extrema(T): (31.32, -1.92) ᵒC, extrema(S): (39.68, 17.86) g/kg, extrema(η): (4.18, -1.93) m, wall time: 12.031 seconds 
[ Info: time: 5241 days, iteration: 377352, Δt: 20 minutes,max|u|: (2.17e+00, 1.90e+00, 6.89e-03) m s⁻¹, extrema(T): (31.33, -1.92) ᵒC, extrema(S): (39.67, 17.20) g/kg, extrema(η): (1.81, -1.94) m, wall time: 12.076 seconds 
[ Info: time: 5242 days, iteration: 377424, Δt: 20 minutes,max|u|: (2.38e+00, 1.47e+00, 6.96e-03) m s⁻¹, extrema(T): (31.36, -1.90) ᵒC, extrema(S): (39.67, 17.04) g/kg, extrema(η): (2.29, -2.88) m, wall time: 11.954 seconds 
[ Info: time: 5243 days, iteration: 377496, Δt: 20 minutes,max|u|: (2.51e+00, 1.51e+00, 6.97e-03) m s⁻¹, extrema(T): (31.38, -1.90) ᵒC, extrema(S): (39.67, 16.70) g/kg, extrema(η): (2.73, -3.65) m, wall time: 12.052 seconds 
[ Info: time: 5244 days, iteration: 377568, Δt: 20 minutes,max|u|: (2.24e+00, 1.71e+00, 6.96e-03) m s⁻¹, extrema(T): (31.33, -1.90) ᵒC, extrema(S): (39.67, 16.86) g/kg, extrema(η): (3.08, -2.05) m, wall time: 11.904 seconds 
[ Info: time: 5245 days, iteration: 377640, Δt: 20 minutes,max|u|: (1.76e+00, 1.44e+00, 7.02e-03) m s⁻¹, extrema(T): (31.32, -1.90) ᵒC, extrema(S): (39.68, 16.58) g/kg, extrema(η): (3.93, -2.04) m, wall time: 12.034 seconds 
[ Info: time: 5246 days, iteration: 377712, Δt: 20 minutes,max|u|: (1.65e+00, 1.45e+00, 7.08e-03) m s⁻¹, extrema(T): (31.29, -1.91) ᵒC, extrema(S): (39.68, 16.44) g/kg, extrema(η): (3.22, -2.02) m, wall time: 12.076 seconds 
[ Info: time: 5247 days, iteration: 377784, Δt: 20 minutes,max|u|: (1.57e+00, 1.55e+00, 7.03e-03) m s⁻¹, extrema(T): (31.35, -1.92) ᵒC, extrema(S): (39.68, 16.74) g/kg, extrema(η): (3.04, -2.06) m, wall time: 12.073 seconds 
[ Info: time: 5248 days, iteration: 377856, Δt: 20 minutes,max|u|: (1.96e+00, 1.45e+00, 7.04e-03) m s⁻¹, extrema(T): (31.36, -1.93) ᵒC, extrema(S): (39.68, 16.89) g/kg, extrema(η): (2.79, -3.54) m, wall time: 12.061 seconds 
[ Info: time: 5249 days, iteration: 377928, Δt: 20 minutes,max|u|: (1.61e+00, 1.66e+00, 7.08e-03) m s⁻¹, extrema(T): (31.36, -1.93) ᵒC, extrema(S): (39.69, 16.56) g/kg, extrema(η): (2.49, -1.89) m, wall time: 11.937 seconds 
[ Info: time: 5250 days, iteration: 378000, Δt: 20 minutes,max|u|: (1.58e+00, 1.43e+00, 7.06e-03) m s⁻¹, extrema(T): (31.45, -1.93) ᵒC, extrema(S): (39.69, 16.77) g/kg, extrema(η): (3.80, -2.17) m, wall time: 11.975 seconds 
[ Info: time: 5251 days, iteration: 378072, Δt: 20 minutes,max|u|: (1.67e+00, 1.52e+00, 7.12e-03) m s⁻¹, extrema(T): (31.52, -1.93) ᵒC, extrema(S): (39.69, 17.48) g/kg, extrema(η): (3.94, -2.17) m, wall time: 18.021 seconds 
[ Info: time: 5252 days, iteration: 378144, Δt: 20 minutes,max|u|: (1.63e+00, 1.80e+00, 7.16e-03) m s⁻¹, extrema(T): (31.47, -1.93) ᵒC, extrema(S): (39.69, 17.17) g/kg, extrema(η): (1.24, -2.04) m, wall time: 12.034 seconds 
[ Info: time: 5253 days, iteration: 378216, Δt: 20 minutes,max|u|: (1.52e+00, 1.43e+00, 7.13e-03) m s⁻¹, extrema(T): (31.44, -1.93) ᵒC, extrema(S): (39.70, 16.89) g/kg, extrema(η): (1.22, -3.85) m, wall time: 11.974 seconds 
[ Info: time: 5254 days, iteration: 378288, Δt: 20 minutes,max|u|: (1.51e+00, 1.54e+00, 7.13e-03) m s⁻¹, extrema(T): (31.46, -1.93) ᵒC, extrema(S): (39.70, 17.24) g/kg, extrema(η): (1.23, -1.99) m, wall time: 11.874 seconds 
[ Info: time: 5255 days, iteration: 378360, Δt: 20 minutes,max|u|: (1.55e+00, 1.47e+00, 7.11e-03) m s⁻¹, extrema(T): (31.49, -1.93) ᵒC, extrema(S): (39.70, 17.36) g/kg, extrema(η): (2.96, -1.83) m, wall time: 11.897 seconds 
[ Info: time: 5256 days, iteration: 378432, Δt: 20 minutes,max|u|: (1.61e+00, 1.42e+00, 7.08e-03) m s⁻¹, extrema(T): (31.43, -1.92) ᵒC, extrema(S): (39.70, 18.12) g/kg, extrema(η): (4.34, -1.93) m, wall time: 11.875 seconds 
[ Info: time: 5257 days, iteration: 378504, Δt: 20 minutes,max|u|: (1.71e+00, 1.77e+00, 7.08e-03) m s⁻¹, extrema(T): (31.39, -1.91) ᵒC, extrema(S): (39.70, 18.92) g/kg, extrema(η): (1.23, -1.94) m, wall time: 11.928 seconds 
[ Info: time: 5258 days, iteration: 378576, Δt: 20 minutes,max|u|: (1.57e+00, 1.41e+00, 7.07e-03) m s⁻¹, extrema(T): (31.37, -1.90) ᵒC, extrema(S): (39.70, 18.73) g/kg, extrema(η): (1.18, -3.48) m, wall time: 11.918 seconds 
[ Info: time: 5259 days, iteration: 378648, Δt: 20 minutes,max|u|: (1.57e+00, 1.40e+00, 7.00e-03) m s⁻¹, extrema(T): (31.34, -1.91) ᵒC, extrema(S): (39.70, 18.91) g/kg, extrema(η): (1.26, -2.54) m, wall time: 12.019 seconds 
[ Info: time: 5260 days, iteration: 378720, Δt: 20 minutes,max|u|: (1.43e+00, 1.67e+00, 6.98e-03) m s⁻¹, extrema(T): (31.30, -1.93) ᵒC, extrema(S): (39.70, 19.06) g/kg, extrema(η): (1.86, -1.99) m, wall time: 11.899 seconds 
[ Info: time: 5261 days, iteration: 378792, Δt: 20 minutes,max|u|: (1.57e+00, 1.39e+00, 6.97e-03) m s⁻¹, extrema(T): (31.29, -1.93) ᵒC, extrema(S): (39.70, 19.18) g/kg, extrema(η): (4.50, -2.13) m, wall time: 11.922 seconds 
[ Info: time: 5262 days, iteration: 378864, Δt: 20 minutes,max|u|: (1.39e+00, 1.62e+00, 6.95e-03) m s⁻¹, extrema(T): (31.27, -1.92) ᵒC, extrema(S): (39.70, 18.84) g/kg, extrema(η): (1.66, -2.27) m, wall time: 11.922 seconds 
[ Info: time: 5263 days, iteration: 378936, Δt: 20 minutes,max|u|: (1.59e+00, 1.39e+00, 6.95e-03) m s⁻¹, extrema(T): (31.24, -1.92) ᵒC, extrema(S): (39.71, 18.38) g/kg, extrema(η): (1.38, -3.03) m, wall time: 11.956 seconds 
[ Info: time: 5264 days, iteration: 379008, Δt: 20 minutes,max|u|: (1.40e+00, 1.40e+00, 6.91e-03) m s⁻¹, extrema(T): (31.26, -1.93) ᵒC, extrema(S): (39.71, 17.83) g/kg, extrema(η): (1.33, -3.40) m, wall time: 17.060 seconds 
[ Info: time: 5265 days, iteration: 379080, Δt: 20 minutes,max|u|: (1.41e+00, 1.74e+00, 6.90e-03) m s⁻¹, extrema(T): (31.26, -1.93) ᵒC, extrema(S): (39.72, 17.45) g/kg, extrema(η): (1.93, -1.92) m, wall time: 11.936 seconds 
[ Info: time: 5266 days, iteration: 379152, Δt: 20 minutes,max|u|: (1.44e+00, 1.40e+00, 6.89e-03) m s⁻¹, extrema(T): (31.25, -1.93) ᵒC, extrema(S): (39.72, 16.52) g/kg, extrema(η): (4.25, -2.18) m, wall time: 11.927 seconds 
[ Info: time: 5267 days, iteration: 379224, Δt: 20 minutes,max|u|: (1.47e+00, 1.40e+00, 6.86e-03) m s⁻¹, extrema(T): (31.26, -1.93) ᵒC, extrema(S): (39.72, 16.58) g/kg, extrema(η): (3.02, -2.00) m, wall time: 12.016 seconds 
[ Info: time: 5268 days, iteration: 379296, Δt: 20 minutes,max|u|: (1.48e+00, 1.49e+00, 6.77e-03) m s⁻¹, extrema(T): (31.26, -1.94) ᵒC, extrema(S): (39.72, 16.89) g/kg, extrema(η): (3.30, -1.97) m, wall time: 11.901 seconds 
[ Info: time: 5269 days, iteration: 379368, Δt: 20 minutes,max|u|: (1.54e+00, 1.41e+00, 6.73e-03) m s⁻¹, extrema(T): (31.26, -1.94) ᵒC, extrema(S): (39.72, 16.55) g/kg, extrema(η): (3.46, -3.76) m, wall time: 11.974 seconds 
[ Info: time: 5270 days, iteration: 379440, Δt: 20 minutes,max|u|: (1.75e+00, 1.69e+00, 6.77e-03) m s⁻¹, extrema(T): (31.26, -1.94) ᵒC, extrema(S): (39.73, 16.87) g/kg, extrema(η): (3.51, -1.96) m, wall time: 12.013 seconds 
[ Info: time: 5271 days, iteration: 379512, Δt: 20 minutes,max|u|: (2.13e+00, 1.49e+00, 6.81e-03) m s⁻¹, extrema(T): (31.26, -1.94) ᵒC, extrema(S): (39.73, 16.43) g/kg, extrema(η): (4.06, -1.94) m, wall time: 11.963 seconds 
[ Info: time: 5272 days, iteration: 379584, Δt: 20 minutes,max|u|: (2.31e+00, 1.40e+00, 6.89e-03) m s⁻¹, extrema(T): (31.27, -1.94) ᵒC, extrema(S): (39.73, 16.07) g/kg, extrema(η): (3.84, -1.99) m, wall time: 12.024 seconds 
[ Info: time: 5273 days, iteration: 379656, Δt: 20 minutes,max|u|: (2.19e+00, 1.71e+00, 6.89e-03) m s⁻¹, extrema(T): (31.25, -1.95) ᵒC, extrema(S): (39.73, 15.94) g/kg, extrema(η): (2.65, -1.92) m, wall time: 11.879 seconds 
[ Info: time: 5274 days, iteration: 379728, Δt: 20 minutes,max|u|: (2.13e+00, 1.39e+00, 6.97e-03) m s⁻¹, extrema(T): (31.21, -1.95) ᵒC, extrema(S): (39.74, 16.15) g/kg, extrema(η): (2.22, -3.72) m, wall time: 12.013 seconds 
[ Info: time: 5275 days, iteration: 379800, Δt: 20 minutes,max|u|: (2.01e+00, 1.57e+00, 6.94e-03) m s⁻¹, extrema(T): (31.20, -1.95) ᵒC, extrema(S): (39.74, 15.85) g/kg, extrema(η): (1.57, -1.83) m, wall time: 11.928 seconds 
[ Info: time: 5276 days, iteration: 379872, Δt: 20 minutes,max|u|: (2.11e+00, 1.47e+00, 6.96e-03) m s⁻¹, extrema(T): (31.18, -1.95) ᵒC, extrema(S): (39.75, 15.45) g/kg, extrema(η): (3.09, -1.93) m, wall time: 16.849 seconds 
[ Info: time: 5277 days, iteration: 379944, Δt: 20 minutes,max|u|: (2.47e+00, 1.57e+00, 6.98e-03) m s⁻¹, extrema(T): (31.17, -1.95) ᵒC, extrema(S): (39.74, 15.31) g/kg, extrema(η): (4.30, -1.96) m, wall time: 12.055 seconds 
[ Info: time: 5278 days, iteration: 380016, Δt: 20 minutes,max|u|: (1.73e+00, 1.65e+00, 7.02e-03) m s⁻¹, extrema(T): (31.17, -1.95) ᵒC, extrema(S): (39.76, 15.52) g/kg, extrema(η): (1.31, -1.95) m, wall time: 12.001 seconds 
[ Info: time: 5279 days, iteration: 380088, Δt: 20 minutes,max|u|: (1.85e+00, 1.41e+00, 6.94e-03) m s⁻¹, extrema(T): (31.15, -1.95) ᵒC, extrema(S): (39.76, 16.48) g/kg, extrema(η): (1.30, -3.53) m, wall time: 11.839 seconds 
[ Info: time: 5280 days, iteration: 380160, Δt: 20 minutes,max|u|: (2.34e+00, 1.39e+00, 6.80e-03) m s⁻¹, extrema(T): (31.07, -1.95) ᵒC, extrema(S): (39.76, 15.75) g/kg, extrema(η): (1.27, -2.80) m, wall time: 12.041 seconds 
[ Info: time: 5281 days, iteration: 380232, Δt: 20 minutes,max|u|: (2.21e+00, 1.70e+00, 6.84e-03) m s⁻¹, extrema(T): (30.92, -1.95) ᵒC, extrema(S): (39.76, 15.14) g/kg, extrema(η): (2.05, -2.07) m, wall time: 12.000 seconds 
[ Info: time: 5282 days, iteration: 380304, Δt: 20 minutes,max|u|: (2.44e+00, 2.14e+00, 6.89e-03) m s⁻¹, extrema(T): (30.89, -1.95) ᵒC, extrema(S): (39.76, 15.77) g/kg, extrema(η): (4.47, -2.13) m, wall time: 12.706 seconds 
[ Info: time: 5283 days, iteration: 380376, Δt: 20 minutes,max|u|: (2.35e+00, 1.64e+00, 6.90e-03) m s⁻¹, extrema(T): (30.88, -1.95) ᵒC, extrema(S): (39.76, 16.36) g/kg, extrema(η): (1.84, -2.06) m, wall time: 11.959 seconds 
[ Info: time: 5284 days, iteration: 380448, Δt: 20 minutes,max|u|: (1.84e+00, 1.51e+00, 7.03e-03) m s⁻¹, extrema(T): (31.00, -1.94) ᵒC, extrema(S): (39.76, 16.20) g/kg, extrema(η): (1.51, -2.91) m, wall time: 12.012 seconds 
[ Info: time: 5285 days, iteration: 380520, Δt: 20 minutes,max|u|: (1.72e+00, 1.56e+00, 7.06e-03) m s⁻¹, extrema(T): (30.97, -1.93) ᵒC, extrema(S): (39.76, 15.77) g/kg, extrema(η): (1.45, -3.29) m, wall time: 11.962 seconds 
[ Info: time: 5286 days, iteration: 380592, Δt: 20 minutes,max|u|: (1.56e+00, 1.72e+00, 7.02e-03) m s⁻¹, extrema(T): (30.95, -1.94) ᵒC, extrema(S): (39.76, 15.87) g/kg, extrema(η): (1.62, -2.03) m, wall time: 11.920 seconds 
[ Info: time: 5287 days, iteration: 380664, Δt: 20 minutes,max|u|: (1.77e+00, 1.54e+00, 7.00e-03) m s⁻¹, extrema(T): (31.05, -1.94) ᵒC, extrema(S): (39.76, 15.42) g/kg, extrema(η): (4.19, -2.07) m, wall time: 11.886 seconds 
[ Info: time: 5288 days, iteration: 380736, Δt: 20 minutes,max|u|: (1.90e+00, 1.44e+00, 6.89e-03) m s⁻¹, extrema(T): (31.10, -1.94) ᵒC, extrema(S): (39.77, 14.97) g/kg, extrema(η): (2.78, -1.94) m, wall time: 16.821 seconds 
[ Info: time: 5289 days, iteration: 380808, Δt: 20 minutes,max|u|: (2.14e+00, 1.47e+00, 6.90e-03) m s⁻¹, extrema(T): (31.23, -1.92) ᵒC, extrema(S): (39.77, 14.47) g/kg, extrema(η): (2.06, -1.99) m, wall time: 11.989 seconds 
[ Info: time: 5290 days, iteration: 380880, Δt: 20 minutes,max|u|: (1.93e+00, 1.47e+00, 6.89e-03) m s⁻¹, extrema(T): (31.18, -1.93) ᵒC, extrema(S): (39.78, 14.24) g/kg, extrema(η): (2.56, -3.83) m, wall time: 11.968 seconds 
[ Info: time: 5291 days, iteration: 380952, Δt: 20 minutes,max|u|: (1.59e+00, 1.77e+00, 6.91e-03) m s⁻¹, extrema(T): (31.21, -1.92) ᵒC, extrema(S): (39.78, 13.89) g/kg, extrema(η): (3.05, -2.10) m, wall time: 12.010 seconds 
[ Info: time: 5292 days, iteration: 381024, Δt: 20 minutes,max|u|: (1.76e+00, 1.47e+00, 6.93e-03) m s⁻¹, extrema(T): (31.21, -1.91) ᵒC, extrema(S): (39.78, 13.71) g/kg, extrema(η): (4.15, -2.17) m, wall time: 12.082 seconds 
[ Info: time: 5293 days, iteration: 381096, Δt: 20 minutes,max|u|: (1.66e+00, 1.46e+00, 6.88e-03) m s⁻¹, extrema(T): (31.26, -1.91) ᵒC, extrema(S): (39.78, 13.81) g/kg, extrema(η): (3.59, -2.21) m, wall time: 11.919 seconds 
[ Info: time: 5294 days, iteration: 381168, Δt: 20 minutes,max|u|: (1.91e+00, 1.59e+00, 6.88e-03) m s⁻¹, extrema(T): (31.12, -1.91) ᵒC, extrema(S): (39.79, 13.86) g/kg, extrema(η): (3.39, -2.19) m, wall time: 12.019 seconds 
[ Info: time: 5295 days, iteration: 381240, Δt: 20 minutes,max|u|: (2.12e+00, 1.45e+00, 6.92e-03) m s⁻¹, extrema(T): (31.02, -1.91) ᵒC, extrema(S): (39.79, 15.97) g/kg, extrema(η): (3.31, -3.73) m, wall time: 12.074 seconds 
[ Info: time: 5296 days, iteration: 381312, Δt: 20 minutes,max|u|: (1.86e+00, 1.67e+00, 6.96e-03) m s⁻¹, extrema(T): (31.03, -1.92) ᵒC, extrema(S): (39.79, 15.26) g/kg, extrema(η): (3.03, -2.13) m, wall time: 11.967 seconds 
[ Info: time: 5297 days, iteration: 381384, Δt: 20 minutes,max|u|: (2.35e+00, 1.42e+00, 6.93e-03) m s⁻¹, extrema(T): (31.03, -1.92) ᵒC, extrema(S): (39.79, 14.64) g/kg, extrema(η): (3.36, -1.97) m, wall time: 11.903 seconds 
[ Info: time: 5298 days, iteration: 381456, Δt: 20 minutes,max|u|: (2.33e+00, 1.41e+00, 6.93e-03) m s⁻¹, extrema(T): (31.08, -1.92) ᵒC, extrema(S): (39.80, 14.18) g/kg, extrema(η): (4.38, -2.00) m, wall time: 12.019 seconds 
[ Info: time: 5299 days, iteration: 381528, Δt: 20 minutes,max|u|: (2.03e+00, 1.66e+00, 6.90e-03) m s⁻¹, extrema(T): (31.28, -1.93) ᵒC, extrema(S): (39.80, 14.97) g/kg, extrema(η): (1.83, -1.97) m, wall time: 12.016 seconds 
[ Info: time: 5300 days, iteration: 381600, Δt: 20 minutes,max|u|: (2.16e+00, 1.40e+00, 6.97e-03) m s⁻¹, extrema(T): (31.20, -1.93) ᵒC, extrema(S): (39.80, 14.59) g/kg, extrema(η): (1.43, -3.15) m, wall time: 12.029 seconds 
[ Info: time: 5301 days, iteration: 381672, Δt: 20 minutes,max|u|: (2.67e+00, 1.41e+00, 7.01e-03) m s⁻¹, extrema(T): (31.11, -1.94) ᵒC, extrema(S): (39.80, 14.24) g/kg, extrema(η): (1.31, -2.09) m, wall time: 16.984 seconds 
[ Info: time: 5302 days, iteration: 381744, Δt: 20 minutes,max|u|: (2.08e+00, 1.60e+00, 7.12e-03) m s⁻¹, extrema(T): (31.31, -1.94) ᵒC, extrema(S): (39.81, 15.51) g/kg, extrema(η): (2.14, -2.05) m, wall time: 12.056 seconds 
[ Info: time: 5303 days, iteration: 381816, Δt: 20 minutes,max|u|: (2.09e+00, 1.61e+00, 7.13e-03) m s⁻¹, extrema(T): (31.66, -1.95) ᵒC, extrema(S): (39.81, 15.32) g/kg, extrema(η): (4.45, -2.16) m, wall time: 11.906 seconds 
[ Info: time: 5304 days, iteration: 381888, Δt: 20 minutes,max|u|: (2.28e+00, 1.59e+00, 7.17e-03) m s⁻¹, extrema(T): (31.58, -1.95) ᵒC, extrema(S): (39.81, 14.75) g/kg, extrema(η): (1.70, -2.08) m, wall time: 11.918 seconds 
[ Info: time: 5305 days, iteration: 381960, Δt: 20 minutes,max|u|: (2.63e+00, 1.42e+00, 7.09e-03) m s⁻¹, extrema(T): (31.65, -1.95) ᵒC, extrema(S): (39.81, 14.24) g/kg, extrema(η): (1.29, -2.56) m, wall time: 11.963 seconds 
[ Info: time: 5306 days, iteration: 382032, Δt: 20 minutes,max|u|: (1.95e+00, 1.42e+00, 7.07e-03) m s⁻¹, extrema(T): (31.61, -1.95) ᵒC, extrema(S): (39.81, 15.38) g/kg, extrema(η): (1.35, -3.25) m, wall time: 11.996 seconds 
[ Info: time: 5307 days, iteration: 382104, Δt: 20 minutes,max|u|: (1.85e+00, 1.78e+00, 7.06e-03) m s⁻¹, extrema(T): (31.51, -1.95) ᵒC, extrema(S): (39.82, 15.28) g/kg, extrema(η): (1.38, -2.06) m, wall time: 11.954 seconds 
[ Info: time: 5308 days, iteration: 382176, Δt: 20 minutes,max|u|: (1.80e+00, 1.44e+00, 7.08e-03) m s⁻¹, extrema(T): (31.60, -1.95) ᵒC, extrema(S): (39.82, 15.51) g/kg, extrema(η): (4.16, -2.18) m, wall time: 11.927 seconds 
[ Info: time: 5309 days, iteration: 382248, Δt: 20 minutes,max|u|: (1.80e+00, 1.45e+00, 7.11e-03) m s⁻¹, extrema(T): (31.71, -1.95) ᵒC, extrema(S): (39.82, 14.60) g/kg, extrema(η): (2.90, -2.18) m, wall time: 12.079 seconds 
[ Info: time: 5310 days, iteration: 382320, Δt: 20 minutes,max|u|: (2.22e+00, 1.73e+00, 7.08e-03) m s⁻¹, extrema(T): (31.69, -1.94) ᵒC, extrema(S): (39.82, 15.90) g/kg, extrema(η): (1.51, -2.15) m, wall time: 12.023 seconds 
[ Info: time: 5311 days, iteration: 382392, Δt: 20 minutes,max|u|: (1.66e+00, 1.45e+00, 7.02e-03) m s⁻¹, extrema(T): (31.69, -1.93) ᵒC, extrema(S): (39.83, 16.53) g/kg, extrema(η): (1.51, -4.02) m, wall time: 11.930 seconds 
[ Info: time: 5312 days, iteration: 382464, Δt: 20 minutes,max|u|: (1.62e+00, 1.78e+00, 6.97e-03) m s⁻¹, extrema(T): (31.77, -1.93) ᵒC, extrema(S): (39.83, 15.57) g/kg, extrema(η): (1.51, -2.03) m, wall time: 11.975 seconds 
[ Info: time: 5313 days, iteration: 382536, Δt: 20 minutes,max|u|: (1.90e+00, 1.46e+00, 6.88e-03) m s⁻¹, extrema(T): (32.10, -1.93) ᵒC, extrema(S): (39.83, 16.33) g/kg, extrema(η): (3.61, -1.86) m, wall time: 18.074 seconds 
[ Info: time: 5314 days, iteration: 382608, Δt: 20 minutes,max|u|: (2.14e+00, 1.45e+00, 6.82e-03) m s⁻¹, extrema(T): (32.23, -1.94) ᵒC, extrema(S): (39.83, 16.67) g/kg, extrema(η): (3.74, -2.03) m, wall time: 12.030 seconds 
[ Info: time: 5315 days, iteration: 382680, Δt: 20 minutes,max|u|: (1.89e+00, 1.65e+00, 6.84e-03) m s⁻¹, extrema(T): (32.21, -1.94) ᵒC, extrema(S): (39.83, 15.68) g/kg, extrema(η): (2.71, -1.95) m, wall time: 12.073 seconds 
[ Info: time: 5316 days, iteration: 382752, Δt: 20 minutes,max|u|: (1.98e+00, 1.44e+00, 6.77e-03) m s⁻¹, extrema(T): (32.19, -1.94) ᵒC, extrema(S): (39.84, 15.22) g/kg, extrema(η): (2.96, -3.71) m, wall time: 11.977 seconds 
[ Info: time: 5317 days, iteration: 382824, Δt: 20 minutes,max|u|: (1.88e+00, 1.54e+00, 6.78e-03) m s⁻¹, extrema(T): (32.31, -1.93) ᵒC, extrema(S): (39.83, 14.78) g/kg, extrema(η): (3.16, -2.04) m, wall time: 12.001 seconds 
[ Info: time: 5318 days, iteration: 382896, Δt: 20 minutes,max|u|: (1.65e+00, 1.65e+00, 6.74e-03) m s⁻¹, extrema(T): (32.17, -1.93) ᵒC, extrema(S): (39.84, 14.76) g/kg, extrema(η): (3.27, -2.12) m, wall time: 12.003 seconds 
[ Info: time: 5319 days, iteration: 382968, Δt: 20 minutes,max|u|: (1.97e+00, 1.46e+00, 6.75e-03) m s⁻¹, extrema(T): (32.31, -1.93) ᵒC, extrema(S): (39.85, 14.42) g/kg, extrema(η): (4.31, -2.03) m, wall time: 11.989 seconds 
[ Info: time: 5320 days, iteration: 383040, Δt: 20 minutes,max|u|: (2.24e+00, 1.66e+00, 6.73e-03) m s⁻¹, extrema(T): (32.26, -1.93) ᵒC, extrema(S): (39.85, 13.95) g/kg, extrema(η): (3.07, -2.24) m, wall time: 11.934 seconds 
[ Info: time: 5321 days, iteration: 383112, Δt: 20 minutes,max|u|: (1.91e+00, 1.45e+00, 6.73e-03) m s⁻¹, extrema(T): (32.12, -1.94) ᵒC, extrema(S): (39.85, 13.55) g/kg, extrema(η): (2.85, -3.26) m, wall time: 12.080 seconds 
[ Info: time: 5322 days, iteration: 383184, Δt: 20 minutes,max|u|: (1.65e+00, 1.41e+00, 6.70e-03) m s⁻¹, extrema(T): (32.16, -1.94) ᵒC, extrema(S): (39.85, 13.23) g/kg, extrema(η): (2.61, -2.89) m, wall time: 11.976 seconds 
[ Info: time: 5323 days, iteration: 383256, Δt: 20 minutes,max|u|: (1.56e+00, 1.72e+00, 6.71e-03) m s⁻¹, extrema(T): (32.17, -1.94) ᵒC, extrema(S): (39.85, 13.41) g/kg, extrema(η): (2.28, -1.96) m, wall time: 12.087 seconds 
[ Info: time: 5324 days, iteration: 383328, Δt: 20 minutes,max|u|: (1.61e+00, 1.52e+00, 6.79e-03) m s⁻¹, extrema(T): (32.07, -1.94) ᵒC, extrema(S): (39.85, 13.73) g/kg, extrema(η): (4.45, -1.91) m, wall time: 12.038 seconds 
[ Info: time: 5325 days, iteration: 383400, Δt: 20 minutes,max|u|: (1.56e+00, 1.59e+00, 6.80e-03) m s⁻¹, extrema(T): (32.06, -1.94) ᵒC, extrema(S): (39.85, 13.73) g/kg, extrema(η): (2.37, -1.98) m, wall time: 11.964 seconds 
[ Info: time: 5326 days, iteration: 383472, Δt: 20 minutes,max|u|: (1.55e+00, 1.64e+00, 6.83e-03) m s⁻¹, extrema(T): (32.02, -1.94) ᵒC, extrema(S): (39.86, 13.89) g/kg, extrema(η): (1.67, -2.30) m, wall time: 16.894 seconds 
[ Info: time: 5327 days, iteration: 383544, Δt: 20 minutes,max|u|: (1.60e+00, 1.64e+00, 6.78e-03) m s⁻¹, extrema(T): (31.95, -1.94) ᵒC, extrema(S): (39.86, 14.29) g/kg, extrema(η): (1.51, -3.37) m, wall time: 12.002 seconds 
[ Info: time: 5328 days, iteration: 383616, Δt: 20 minutes,max|u|: (1.48e+00, 1.75e+00, 6.80e-03) m s⁻¹, extrema(T): (31.79, -1.94) ᵒC, extrema(S): (39.87, 14.71) g/kg, extrema(η): (1.40, -2.03) m, wall time: 16.263 seconds 
[ Info: time: 5329 days, iteration: 383688, Δt: 20 minutes,max|u|: (1.56e+00, 1.63e+00, 6.86e-03) m s⁻¹, extrema(T): (31.72, -1.94) ᵒC, extrema(S): (39.87, 14.38) g/kg, extrema(η): (4.09, -2.10) m, wall time: 12.007 seconds 
[ Info: time: 5330 days, iteration: 383760, Δt: 20 minutes,max|u|: (1.65e+00, 1.61e+00, 6.89e-03) m s⁻¹, extrema(T): (31.77, -1.95) ᵒC, extrema(S): (39.88, 13.80) g/kg, extrema(η): (3.31, -2.08) m, wall time: 11.994 seconds 
[ Info: time: 5331 days, iteration: 383832, Δt: 20 minutes,max|u|: (1.74e+00, 1.59e+00, 6.79e-03) m s⁻¹, extrema(T): (31.79, -1.95) ᵒC, extrema(S): (39.88, 13.81) g/kg, extrema(η): (1.39, -2.12) m, wall time: 12.158 seconds 
[ Info: time: 5332 days, iteration: 383904, Δt: 20 minutes,max|u|: (1.66e+00, 1.55e+00, 6.76e-03) m s⁻¹, extrema(T): (31.57, -1.95) ᵒC, extrema(S): (39.88, 14.52) g/kg, extrema(η): (1.39, -3.66) m, wall time: 12.006 seconds 
[ Info: time: 5333 days, iteration: 383976, Δt: 20 minutes,max|u|: (1.72e+00, 1.62e+00, 6.72e-03) m s⁻¹, extrema(T): (31.51, -1.95) ᵒC, extrema(S): (39.88, 14.14) g/kg, extrema(η): (1.63, -1.89) m, wall time: 11.912 seconds 
[ Info: time: 5334 days, iteration: 384048, Δt: 20 minutes,max|u|: (1.83e+00, 1.51e+00, 6.72e-03) m s⁻¹, extrema(T): (31.54, -1.95) ᵒC, extrema(S): (39.88, 15.29) g/kg, extrema(η): (3.37, -1.85) m, wall time: 12.000 seconds 
[ Info: time: 5335 days, iteration: 384120, Δt: 20 minutes,max|u|: (1.86e+00, 1.50e+00, 6.76e-03) m s⁻¹, extrema(T): (31.60, -1.95) ᵒC, extrema(S): (39.88, 15.14) g/kg, extrema(η): (3.88, -1.89) m, wall time: 11.940 seconds 
[ Info: time: 5336 days, iteration: 384192, Δt: 20 minutes,max|u|: (1.57e+00, 1.86e+00, 6.85e-03) m s⁻¹, extrema(T): (31.59, -1.95) ᵒC, extrema(S): (39.88, 14.74) g/kg, extrema(η): (1.57, -2.05) m, wall time: 11.990 seconds 
[ Info: time: 5337 days, iteration: 384264, Δt: 20 minutes,max|u|: (1.88e+00, 1.45e+00, 6.96e-03) m s⁻¹, extrema(T): (31.48, -1.95) ᵒC, extrema(S): (39.88, 14.64) g/kg, extrema(η): (1.45, -3.71) m, wall time: 11.979 seconds 
[ Info: time: 5338 days, iteration: 384336, Δt: 20 minutes,max|u|: (1.71e+00, 1.44e+00, 6.98e-03) m s⁻¹, extrema(T): (31.43, -1.95) ᵒC, extrema(S): (39.87, 14.85) g/kg, extrema(η): (1.53, -1.99) m, wall time: 17.048 seconds 
[ Info: time: 5339 days, iteration: 384408, Δt: 20 minutes,max|u|: (2.37e+00, 1.58e+00, 7.00e-03) m s⁻¹, extrema(T): (31.42, -1.95) ᵒC, extrema(S): (39.88, 14.96) g/kg, extrema(η): (2.42, -2.13) m, wall time: 11.973 seconds 
[ Info: time: 5340 days, iteration: 384480, Δt: 20 minutes,max|u|: (2.26e+00, 1.58e+00, 7.01e-03) m s⁻¹, extrema(T): (31.45, -1.95) ᵒC, extrema(S): (39.89, 14.46) g/kg, extrema(η): (4.46, -2.13) m, wall time: 11.996 seconds 
[ Info: time: 5341 days, iteration: 384552, Δt: 20 minutes,max|u|: (2.29e+00, 1.61e+00, 7.00e-03) m s⁻¹, extrema(T): (31.48, -1.95) ᵒC, extrema(S): (39.88, 14.95) g/kg, extrema(η): (2.80, -1.96) m, wall time: 11.916 seconds 
[ Info: time: 5342 days, iteration: 384624, Δt: 20 minutes,max|u|: (2.00e+00, 1.40e+00, 7.02e-03) m s⁻¹, extrema(T): (31.48, -1.95) ᵒC, extrema(S): (39.88, 15.32) g/kg, extrema(η): (3.05, -2.95) m, wall time: 11.887 seconds 
[ Info: time: 5343 days, iteration: 384696, Δt: 20 minutes,max|u|: (2.28e+00, 1.41e+00, 7.03e-03) m s⁻¹, extrema(T): (31.37, -1.95) ᵒC, extrema(S): (39.89, 15.63) g/kg, extrema(η): (3.31, -3.16) m, wall time: 11.986 seconds 
[ Info: time: 5344 days, iteration: 384768, Δt: 20 minutes,max|u|: (2.00e+00, 1.74e+00, 7.05e-03) m s⁻¹, extrema(T): (31.31, -1.95) ᵒC, extrema(S): (39.89, 14.79) g/kg, extrema(η): (3.41, -2.05) m, wall time: 12.893 seconds 
[ Info: time: 5345 days, iteration: 384840, Δt: 20 minutes,max|u|: (2.07e+00, 1.42e+00, 7.12e-03) m s⁻¹, extrema(T): (31.26, -1.95) ᵒC, extrema(S): (39.88, 14.31) g/kg, extrema(η): (4.40, -1.95) m, wall time: 11.883 seconds 
[ Info: time: 5346 days, iteration: 384912, Δt: 20 minutes,max|u|: (2.81e+00, 1.52e+00, 7.11e-03) m s⁻¹, extrema(T): (31.28, -1.95) ᵒC, extrema(S): (39.89, 13.93) g/kg, extrema(η): (3.10, -2.05) m, wall time: 11.998 seconds 
[ Info: time: 5347 days, iteration: 384984, Δt: 20 minutes,max|u|: (2.05e+00, 1.43e+00, 7.21e-03) m s⁻¹, extrema(T): (31.37, -1.96) ᵒC, extrema(S): (39.89, 13.55) g/kg, extrema(η): (2.85, -2.24) m, wall time: 11.971 seconds 
[ Info: time: 5348 days, iteration: 385056, Δt: 20 minutes,max|u|: (2.18e+00, 1.42e+00, 7.24e-03) m s⁻¹, extrema(T): (31.39, -1.96) ᵒC, extrema(S): (39.89, 14.79) g/kg, extrema(η): (2.52, -3.53) m, wall time: 11.989 seconds 
[ Info: time: 5349 days, iteration: 385128, Δt: 20 minutes,max|u|: (2.23e+00, 1.73e+00, 7.21e-03) m s⁻¹, extrema(T): (31.41, -1.96) ᵒC, extrema(S): (39.89, 14.87) g/kg, extrema(η): (2.23, -1.93) m, wall time: 11.986 seconds 
[ Info: time: 5350 days, iteration: 385200, Δt: 20 minutes,max|u|: (2.21e+00, 1.90e+00, 7.20e-03) m s⁻¹, extrema(T): (31.40, -1.96) ᵒC, extrema(S): (39.89, 15.00) g/kg, extrema(η): (4.29, -2.07) m, wall time: 16.947 seconds 
[ Info: time: 5351 days, iteration: 385272, Δt: 20 minutes,max|u|: (2.06e+00, 1.41e+00, 7.18e-03) m s⁻¹, extrema(T): (31.28, -1.96) ᵒC, extrema(S): (39.89, 15.38) g/kg, extrema(η): (3.43, -1.90) m, wall time: 11.990 seconds 
[ Info: time: 5352 days, iteration: 385344, Δt: 20 minutes,max|u|: (1.82e+00, 2.56e+00, 7.20e-03) m s⁻¹, extrema(T): (31.24, -1.96) ᵒC, extrema(S): (39.90, 14.73) g/kg, extrema(η): (1.37, -1.89) m, wall time: 11.981 seconds 
[ Info: time: 5353 days, iteration: 385416, Δt: 20 minutes,max|u|: (1.92e+00, 1.78e+00, 7.14e-03) m s⁻¹, extrema(T): (31.27, -1.96) ᵒC, extrema(S): (39.90, 14.15) g/kg, extrema(η): (1.34, -3.94) m, wall time: 11.973 seconds 
[ Info: time: 5354 days, iteration: 385488, Δt: 20 minutes,max|u|: (2.10e+00, 1.78e+00, 7.18e-03) m s⁻¹, extrema(T): (31.24, -1.95) ᵒC, extrema(S): (39.90, 13.82) g/kg, extrema(η): (1.29, -1.96) m, wall time: 11.948 seconds 
[ Info: time: 5355 days, iteration: 385560, Δt: 20 minutes,max|u|: (2.20e+00, 1.40e+00, 7.17e-03) m s⁻¹, extrema(T): (31.20, -1.95) ᵒC, extrema(S): (39.90, 14.28) g/kg, extrema(η): (3.45, -2.02) m, wall time: 12.011 seconds 
[ Info: time: 5356 days, iteration: 385632, Δt: 20 minutes,max|u|: (2.26e+00, 1.41e+00, 7.15e-03) m s⁻¹, extrema(T): (31.24, -1.93) ᵒC, extrema(S): (39.90, 15.10) g/kg, extrema(η): (3.94, -2.04) m, wall time: 12.069 seconds 
[ Info: time: 5357 days, iteration: 385704, Δt: 20 minutes,max|u|: (2.08e+00, 1.68e+00, 7.14e-03) m s⁻¹, extrema(T): (31.21, -1.95) ᵒC, extrema(S): (39.91, 14.48) g/kg, extrema(η): (1.36, -2.11) m, wall time: 12.123 seconds 
[ Info: time: 5358 days, iteration: 385776, Δt: 20 minutes,max|u|: (2.12e+00, 1.42e+00, 7.15e-03) m s⁻¹, extrema(T): (31.30, -1.95) ᵒC, extrema(S): (39.90, 14.12) g/kg, extrema(η): (1.31, -3.79) m, wall time: 11.962 seconds 
[ Info: time: 5359 days, iteration: 385848, Δt: 20 minutes,max|u|: (2.28e+00, 1.93e+00, 7.11e-03) m s⁻¹, extrema(T): (31.35, -1.95) ᵒC, extrema(S): (39.91, 13.86) g/kg, extrema(η): (2.21, -2.41) m, wall time: 11.918 seconds 
[ Info: time: 5360 days, iteration: 385920, Δt: 20 minutes,max|u|: (2.04e+00, 1.70e+00, 7.07e-03) m s⁻¹, extrema(T): (31.34, -1.95) ᵒC, extrema(S): (39.90, 13.67) g/kg, extrema(η): (2.43, -2.22) m, wall time: 11.955 seconds 
[ Info: time: 5361 days, iteration: 385992, Δt: 20 minutes,max|u|: (1.82e+00, 1.76e+00, 7.02e-03) m s⁻¹, extrema(T): (31.28, -1.95) ᵒC, extrema(S): (39.90, 14.71) g/kg, extrema(η): (4.32, -2.12) m, wall time: 12.042 seconds 
[ Info: time: 5362 days, iteration: 386064, Δt: 20 minutes,max|u|: (2.02e+00, 1.65e+00, 7.03e-03) m s⁻¹, extrema(T): (31.29, -1.95) ᵒC, extrema(S): (39.90, 15.47) g/kg, extrema(η): (1.32, -2.11) m, wall time: 12.106 seconds 
[ Info: time: 5363 days, iteration: 386136, Δt: 20 minutes,max|u|: (2.30e+00, 1.51e+00, 6.99e-03) m s⁻¹, extrema(T): (31.26, -1.95) ᵒC, extrema(S): (39.90, 15.06) g/kg, extrema(η): (1.37, -3.16) m, wall time: 17.024 seconds 
[ Info: time: 5364 days, iteration: 386208, Δt: 20 minutes,max|u|: (2.36e+00, 1.47e+00, 6.93e-03) m s⁻¹, extrema(T): (31.20, -1.95) ᵒC, extrema(S): (39.91, 14.60) g/kg, extrema(η): (1.85, -3.26) m, wall time: 11.957 seconds 
[ Info: time: 5365 days, iteration: 386280, Δt: 20 minutes,max|u|: (2.34e+00, 1.73e+00, 6.86e-03) m s⁻¹, extrema(T): (31.28, -1.95) ᵒC, extrema(S): (39.91, 15.35) g/kg, extrema(η): (2.51, -2.10) m, wall time: 11.897 seconds 
[ Info: time: 5366 days, iteration: 386352, Δt: 20 minutes,max|u|: (2.18e+00, 1.47e+00, 6.82e-03) m s⁻¹, extrema(T): (31.26, -1.96) ᵒC, extrema(S): (39.92, 15.05) g/kg, extrema(η): (4.27, -2.03) m, wall time: 12.035 seconds 
[ Info: time: 5367 days, iteration: 386424, Δt: 20 minutes,max|u|: (1.86e+00, 1.48e+00, 6.84e-03) m s⁻¹, extrema(T): (31.12, -1.96) ᵒC, extrema(S): (39.93, 14.44) g/kg, extrema(η): (3.29, -2.08) m, wall time: 11.961 seconds 
[ Info: time: 5368 days, iteration: 386496, Δt: 20 minutes,max|u|: (1.86e+00, 1.42e+00, 6.84e-03) m s⁻¹, extrema(T): (31.08, -1.96) ᵒC, extrema(S): (39.91, 14.33) g/kg, extrema(η): (3.49, -1.98) m, wall time: 11.959 seconds 
[ Info: time: 5369 days, iteration: 386568, Δt: 20 minutes,max|u|: (2.24e+00, 1.44e+00, 6.82e-03) m s⁻¹, extrema(T): (31.06, -1.96) ᵒC, extrema(S): (39.91, 13.73) g/kg, extrema(η): (3.55, -3.44) m, wall time: 12.012 seconds 
[ Info: time: 5370 days, iteration: 386640, Δt: 20 minutes,max|u|: (2.20e+00, 1.64e+00, 6.81e-03) m s⁻¹, extrema(T): (31.03, -1.96) ᵒC, extrema(S): (39.92, 13.21) g/kg, extrema(η): (3.58, -1.96) m, wall time: 11.864 seconds 
[ Info: time: 5371 days, iteration: 386712, Δt: 20 minutes,max|u|: (2.51e+00, 1.44e+00, 6.79e-03) m s⁻¹, extrema(T): (31.02, -1.96) ᵒC, extrema(S): (39.91, 14.01) g/kg, extrema(η): (3.81, -2.01) m, wall time: 11.881 seconds 
[ Info: time: 5372 days, iteration: 386784, Δt: 20 minutes,max|u|: (2.47e+00, 1.74e+00, 6.75e-03) m s⁻¹, extrema(T): (31.00, -1.96) ᵒC, extrema(S): (39.91, 15.28) g/kg, extrema(η): (4.00, -2.14) m, wall time: 11.827 seconds 
[ Info: time: 5373 days, iteration: 386856, Δt: 20 minutes,max|u|: (2.24e+00, 1.85e+00, 6.74e-03) m s⁻¹, extrema(T): (31.00, -1.97) ᵒC, extrema(S): (39.91, 15.45) g/kg, extrema(η): (2.80, -2.26) m, wall time: 11.968 seconds 
[ Info: time: 5374 days, iteration: 386928, Δt: 20 minutes,max|u|: (2.09e+00, 1.42e+00, 6.66e-03) m s⁻¹, extrema(T): (30.97, -1.97) ᵒC, extrema(S): (39.91, 14.82) g/kg, extrema(η): (2.36, -3.36) m, wall time: 12.006 seconds 
[ Info: time: 5375 days, iteration: 387000, Δt: 20 minutes,max|u|: (2.20e+00, 1.56e+00, 6.72e-03) m s⁻¹, extrema(T): (30.94, -1.97) ᵒC, extrema(S): (39.91, 14.22) g/kg, extrema(η): (1.93, -2.12) m, wall time: 18.012 seconds 
[ Info: time: 5376 days, iteration: 387072, Δt: 20 minutes,max|u|: (2.34e+00, 1.65e+00, 6.81e-03) m s⁻¹, extrema(T): (30.98, -1.96) ᵒC, extrema(S): (39.91, 13.77) g/kg, extrema(η): (2.75, -2.01) m, wall time: 11.970 seconds 
[ Info: time: 5377 days, iteration: 387144, Δt: 20 minutes,max|u|: (2.30e+00, 1.52e+00, 6.81e-03) m s⁻¹, extrema(T): (31.02, -1.95) ᵒC, extrema(S): (39.91, 13.53) g/kg, extrema(η): (4.66, -2.03) m, wall time: 12.030 seconds 
[ Info: time: 5378 days, iteration: 387216, Δt: 20 minutes,max|u|: (2.18e+00, 1.70e+00, 6.79e-03) m s⁻¹, extrema(T): (31.00, -1.95) ᵒC, extrema(S): (39.91, 13.53) g/kg, extrema(η): (1.51, -2.24) m, wall time: 11.951 seconds 
[ Info: time: 5379 days, iteration: 387288, Δt: 20 minutes,max|u|: (2.07e+00, 1.50e+00, 6.76e-03) m s⁻¹, extrema(T): (31.01, -1.92) ᵒC, extrema(S): (39.92, 13.58) g/kg, extrema(η): (1.33, -2.93) m, wall time: 11.933 seconds 
[ Info: time: 5380 days, iteration: 387360, Δt: 20 minutes,max|u|: (2.00e+00, 1.43e+00, 6.78e-03) m s⁻¹, extrema(T): (30.96, -1.91) ᵒC, extrema(S): (39.92, 14.15) g/kg, extrema(η): (1.33, -2.45) m, wall time: 12.016 seconds 
[ Info: time: 5381 days, iteration: 387432, Δt: 20 minutes,max|u|: (2.15e+00, 1.60e+00, 6.75e-03) m s⁻¹, extrema(T): (30.95, -1.91) ᵒC, extrema(S): (39.92, 14.45) g/kg, extrema(η): (1.43, -2.02) m, wall time: 11.969 seconds 
[ Info: time: 5382 days, iteration: 387504, Δt: 20 minutes,max|u|: (2.27e+00, 1.45e+00, 6.80e-03) m s⁻¹, extrema(T): (30.99, -1.88) ᵒC, extrema(S): (39.92, 14.83) g/kg, extrema(η): (4.55, -2.09) m, wall time: 12.108 seconds 
[ Info: time: 5383 days, iteration: 387576, Δt: 20 minutes,max|u|: (2.18e+00, 1.47e+00, 6.77e-03) m s⁻¹, extrema(T): (30.99, -1.89) ᵒC, extrema(S): (39.92, 14.67) g/kg, extrema(η): (2.79, -2.04) m, wall time: 12.007 seconds 
[ Info: time: 5384 days, iteration: 387648, Δt: 20 minutes,max|u|: (2.02e+00, 1.47e+00, 6.76e-03) m s⁻¹, extrema(T): (30.95, -1.89) ᵒC, extrema(S): (39.92, 14.43) g/kg, extrema(η): (1.32, -2.26) m, wall time: 11.965 seconds 
[ Info: time: 5385 days, iteration: 387720, Δt: 20 minutes,max|u|: (2.01e+00, 1.47e+00, 6.80e-03) m s⁻¹, extrema(T): (30.90, -1.88) ᵒC, extrema(S): (39.92, 14.65) g/kg, extrema(η): (1.31, -3.69) m, wall time: 11.929 seconds 
[ Info: time: 5386 days, iteration: 387792, Δt: 20 minutes,max|u|: (1.74e+00, 2.19e+00, 6.81e-03) m s⁻¹, extrema(T): (30.91, -1.88) ᵒC, extrema(S): (39.92, 15.01) g/kg, extrema(η): (1.35, -2.17) m, wall time: 11.929 seconds 
[ Info: time: 5387 days, iteration: 387864, Δt: 20 minutes,max|u|: (1.69e+00, 2.26e+00, 6.76e-03) m s⁻¹, extrema(T): (30.94, -1.91) ᵒC, extrema(S): (39.93, 15.63) g/kg, extrema(η): (4.09, -2.25) m, wall time: 16.946 seconds 
[ Info: time: 5388 days, iteration: 387936, Δt: 20 minutes,max|u|: (1.71e+00, 1.69e+00, 6.77e-03) m s⁻¹, extrema(T): (30.95, -1.93) ᵒC, extrema(S): (39.93, 17.21) g/kg, extrema(η): (3.45, -2.22) m, wall time: 11.946 seconds 
[ Info: time: 5389 days, iteration: 388008, Δt: 20 minutes,max|u|: (1.90e+00, 1.66e+00, 6.72e-03) m s⁻¹, extrema(T): (30.96, -1.93) ᵒC, extrema(S): (39.94, 17.71) g/kg, extrema(η): (1.93, -2.20) m, wall time: 11.910 seconds 
[ Info: time: 5390 days, iteration: 388080, Δt: 20 minutes,max|u|: (1.53e+00, 1.45e+00, 6.72e-03) m s⁻¹, extrema(T): (30.99, -1.93) ᵒC, extrema(S): (39.93, 17.93) g/kg, extrema(η): (2.46, -3.29) m, wall time: 11.914 seconds 
[ Info: time: 5391 days, iteration: 388152, Δt: 20 minutes,max|u|: (1.53e+00, 1.85e+00, 6.65e-03) m s⁻¹, extrema(T): (31.02, -1.93) ᵒC, extrema(S): (39.93, 17.75) g/kg, extrema(η): (3.02, -2.15) m, wall time: 12.015 seconds 
[ Info: time: 5392 days, iteration: 388224, Δt: 20 minutes,max|u|: (1.51e+00, 2.14e+00, 6.59e-03) m s⁻¹, extrema(T): (30.99, -1.93) ᵒC, extrema(S): (39.94, 17.63) g/kg, extrema(η): (3.34, -1.99) m, wall time: 12.056 seconds 
[ Info: time: 5393 days, iteration: 388296, Δt: 20 minutes,max|u|: (1.62e+00, 1.47e+00, 6.48e-03) m s⁻¹, extrema(T): (31.05, -1.93) ᵒC, extrema(S): (39.94, 17.70) g/kg, extrema(η): (4.20, -2.00) m, wall time: 11.983 seconds 
[ Info: time: 5394 days, iteration: 388368, Δt: 20 minutes,max|u|: (1.58e+00, 1.57e+00, 6.48e-03) m s⁻¹, extrema(T): (31.08, -1.94) ᵒC, extrema(S): (39.94, 17.28) g/kg, extrema(η): (3.51, -1.95) m, wall time: 12.047 seconds 
[ Info: time: 5395 days, iteration: 388440, Δt: 20 minutes,max|u|: (2.22e+00, 1.66e+00, 6.52e-03) m s⁻¹, extrema(T): (31.09, -1.94) ᵒC, extrema(S): (39.94, 15.47) g/kg, extrema(η): (3.35, -2.77) m, wall time: 12.009 seconds 
[ Info: time: 5396 days, iteration: 388512, Δt: 20 minutes,max|u|: (1.60e+00, 1.50e+00, 6.56e-03) m s⁻¹, extrema(T): (31.17, -1.94) ᵒC, extrema(S): (39.95, 16.05) g/kg, extrema(η): (3.23, -2.20) m, wall time: 11.920 seconds 
[ Info: time: 5397 days, iteration: 388584, Δt: 20 minutes,max|u|: (1.60e+00, 1.69e+00, 6.61e-03) m s⁻¹, extrema(T): (31.15, -1.94) ᵒC, extrema(S): (39.95, 17.18) g/kg, extrema(η): (2.88, -2.03) m, wall time: 11.987 seconds 
[ Info: time: 5398 days, iteration: 388656, Δt: 20 minutes,max|u|: (1.63e+00, 1.48e+00, 6.70e-03) m s⁻¹, extrema(T): (31.14, -1.94) ᵒC, extrema(S): (39.96, 17.48) g/kg, extrema(η): (4.59, -2.07) m, wall time: 12.008 seconds 
[ Info: time: 5399 days, iteration: 388728, Δt: 20 minutes,max|u|: (1.52e+00, 1.49e+00, 6.73e-03) m s⁻¹, extrema(T): (31.21, -1.94) ᵒC, extrema(S): (39.97, 17.43) g/kg, extrema(η): (2.08, -1.83) m, wall time: 11.959 seconds 
[ Info: time: 5400 days, iteration: 388800, Δt: 20 minutes,max|u|: (1.61e+00, 2.10e+00, 6.73e-03) m s⁻¹, extrema(T): (31.15, -1.94) ᵒC, extrema(S): (39.99, 17.65) g/kg, extrema(η): (1.54, -2.30) m, wall time: 16.834 seconds 
[ Info: time: 5401 days, iteration: 388872, Δt: 20 minutes,max|u|: (2.46e+00, 1.93e+00, 6.76e-03) m s⁻¹, extrema(T): (31.07, -1.94) ᵒC, extrema(S): (40.00, 17.93) g/kg, extrema(η): (1.49, -2.94) m, wall time: 11.986 seconds 
[ Info: time: 5402 days, iteration: 388944, Δt: 20 minutes,max|u|: (1.97e+00, 1.49e+00, 6.77e-03) m s⁻¹, extrema(T): (31.11, -1.93) ᵒC, extrema(S): (39.99, 18.19) g/kg, extrema(η): (1.40, -1.97) m, wall time: 11.957 seconds 
[ Info: time: 5403 days, iteration: 389016, Δt: 20 minutes,max|u|: (1.55e+00, 1.46e+00, 6.82e-03) m s⁻¹, extrema(T): (31.13, -1.93) ᵒC, extrema(S): (39.99, 18.22) g/kg, extrema(η): (4.22, -2.08) m, wall time: 12.031 seconds 
[ Info: time: 5404 days, iteration: 389088, Δt: 20 minutes,max|u|: (1.57e+00, 1.47e+00, 6.84e-03) m s⁻¹, extrema(T): (31.13, -1.92) ᵒC, extrema(S): (39.98, 18.21) g/kg, extrema(η): (3.46, -2.07) m, wall time: 11.900 seconds 
[ Info: time: 5405 days, iteration: 389160, Δt: 20 minutes,max|u|: (1.57e+00, 1.49e+00, 6.88e-03) m s⁻¹, extrema(T): (31.16, -1.93) ᵒC, extrema(S): (39.97, 17.48) g/kg, extrema(η): (1.28, -2.09) m, wall time: 11.894 seconds 
[ Info: time: 5406 days, iteration: 389232, Δt: 20 minutes,max|u|: (1.55e+00, 2.57e+00, 6.90e-03) m s⁻¹, extrema(T): (31.20, -1.93) ᵒC, extrema(S): (39.97, 17.23) g/kg, extrema(η): (1.80, -2.79) m, wall time: 12.974 seconds 
[ Info: time: 5407 days, iteration: 389304, Δt: 20 minutes,max|u|: (1.73e+00, 1.56e+00, 6.93e-03) m s⁻¹, extrema(T): (31.25, -1.93) ᵒC, extrema(S): (39.96, 18.05) g/kg, extrema(η): (1.28, -1.92) m, wall time: 12.070 seconds 
[ Info: time: 5408 days, iteration: 389376, Δt: 20 minutes,max|u|: (1.59e+00, 1.89e+00, 6.99e-03) m s⁻¹, extrema(T): (31.29, -1.93) ᵒC, extrema(S): (39.96, 17.34) g/kg, extrema(η): (3.56, -2.09) m, wall time: 12.109 seconds 
[ Info: time: 5409 days, iteration: 389448, Δt: 20 minutes,max|u|: (2.05e+00, 2.65e+00, 7.00e-03) m s⁻¹, extrema(T): (31.32, -1.93) ᵒC, extrema(S): (39.96, 17.11) g/kg, extrema(η): (4.21, -1.99) m, wall time: 12.073 seconds 
[ Info: time: 5410 days, iteration: 389520, Δt: 20 minutes,max|u|: (1.95e+00, 1.98e+00, 7.05e-03) m s⁻¹, extrema(T): (31.37, -1.93) ᵒC, extrema(S): (39.95, 18.09) g/kg, extrema(η): (1.32, -2.00) m, wall time: 12.068 seconds 
[ Info: time: 5411 days, iteration: 389592, Δt: 20 minutes,max|u|: (1.65e+00, 1.56e+00, 7.02e-03) m s⁻¹, extrema(T): (31.41, -1.93) ᵒC, extrema(S): (39.95, 18.43) g/kg, extrema(η): (1.33, -2.59) m, wall time: 12.007 seconds 
[ Info: time: 5412 days, iteration: 389664, Δt: 20 minutes,max|u|: (1.60e+00, 1.47e+00, 7.01e-03) m s⁻¹, extrema(T): (31.46, -1.93) ᵒC, extrema(S): (39.96, 18.72) g/kg, extrema(η): (1.36, -2.41) m, wall time: 16.909 seconds 
[ Info: time: 5413 days, iteration: 389736, Δt: 20 minutes,max|u|: (1.59e+00, 1.61e+00, 6.94e-03) m s⁻¹, extrema(T): (31.50, -1.93) ᵒC, extrema(S): (39.96, 18.86) g/kg, extrema(η): (2.25, -2.05) m, wall time: 11.998 seconds 
[ Info: time: 5414 days, iteration: 389808, Δt: 20 minutes,max|u|: (1.65e+00, 1.46e+00, 6.95e-03) m s⁻¹, extrema(T): (31.53, -1.93) ᵒC, extrema(S): (39.96, 18.93) g/kg, extrema(η): (4.61, -2.16) m, wall time: 11.982 seconds 
[ Info: time: 5415 days, iteration: 389880, Δt: 20 minutes,max|u|: (1.65e+00, 1.93e+00, 6.91e-03) m s⁻¹, extrema(T): (31.56, -1.92) ᵒC, extrema(S): (39.96, 18.98) g/kg, extrema(η): (2.84, -2.08) m, wall time: 11.972 seconds 
[ Info: time: 5416 days, iteration: 389952, Δt: 20 minutes,max|u|: (1.48e+00, 1.69e+00, 6.92e-03) m s⁻¹, extrema(T): (31.57, -1.93) ᵒC, extrema(S): (39.96, 19.01) g/kg, extrema(η): (3.24, -2.26) m, wall time: 12.109 seconds 
[ Info: time: 5417 days, iteration: 390024, Δt: 20 minutes,max|u|: (1.48e+00, 1.50e+00, 6.87e-03) m s⁻¹, extrema(T): (31.57, -1.93) ᵒC, extrema(S): (39.96, 18.04) g/kg, extrema(η): (3.49, -3.09) m, wall time: 12.110 seconds 
[ Info: time: 5418 days, iteration: 390096, Δt: 20 minutes,max|u|: (1.51e+00, 1.70e+00, 6.90e-03) m s⁻¹, extrema(T): (31.53, -1.93) ᵒC, extrema(S): (39.97, 17.41) g/kg, extrema(η): (3.61, -1.98) m, wall time: 11.920 seconds 
[ Info: time: 5419 days, iteration: 390168, Δt: 20 minutes,max|u|: (1.55e+00, 1.48e+00, 6.90e-03) m s⁻¹, extrema(T): (31.49, -1.93) ᵒC, extrema(S): (39.97, 17.45) g/kg, extrema(η): (4.13, -1.88) m, wall time: 12.008 seconds 
[ Info: time: 5420 days, iteration: 390240, Δt: 20 minutes,max|u|: (1.56e+00, 1.48e+00, 6.92e-03) m s⁻¹, extrema(T): (31.42, -1.92) ᵒC, extrema(S): (39.97, 18.66) g/kg, extrema(η): (3.54, -1.90) m, wall time: 11.954 seconds 
[ Info: time: 5421 days, iteration: 390312, Δt: 20 minutes,max|u|: (1.58e+00, 1.70e+00, 6.91e-03) m s⁻¹, extrema(T): (31.36, -1.92) ᵒC, extrema(S): (39.97, 19.19) g/kg, extrema(η): (2.91, -1.96) m, wall time: 11.973 seconds 
[ Info: time: 5422 days, iteration: 390384, Δt: 20 minutes,max|u|: (1.57e+00, 2.07e+00, 6.86e-03) m s⁻¹, extrema(T): (31.29, -1.92) ᵒC, extrema(S): (39.97, 19.10) g/kg, extrema(η): (2.42, -2.70) m, wall time: 11.976 seconds 
[ Info: time: 5423 days, iteration: 390456, Δt: 20 minutes,max|u|: (1.77e+00, 1.48e+00, 6.80e-03) m s⁻¹, extrema(T): (31.24, -1.91) ᵒC, extrema(S): (39.97, 18.47) g/kg, extrema(η): (2.08, -2.14) m, wall time: 12.068 seconds 
[ Info: time: 5424 days, iteration: 390528, Δt: 20 minutes,max|u|: (1.72e+00, 1.81e+00, 6.81e-03) m s⁻¹, extrema(T): (31.18, -1.90) ᵒC, extrema(S): (39.97, 18.46) g/kg, extrema(η): (3.90, -2.09) m, wall time: 12.093 seconds 
[ Info: time: 5425 days, iteration: 390600, Δt: 20 minutes,max|u|: (2.27e+00, 3.56e+00, 6.84e-03) m s⁻¹, extrema(T): (30.97, -1.89) ᵒC, extrema(S): (39.98, 19.07) g/kg, extrema(η): (2.96, -2.14) m, wall time: 16.843 seconds 
[ Info: time: 5426 days, iteration: 390672, Δt: 20 minutes,max|u|: (2.00e+00, 2.52e+00, 6.85e-03) m s⁻¹, extrema(T): (30.96, -1.89) ᵒC, extrema(S): (39.97, 19.33) g/kg, extrema(η): (1.96, -2.15) m, wall time: 11.922 seconds 
[ Info: time: 5427 days, iteration: 390744, Δt: 20 minutes,max|u|: (1.71e+00, 1.51e+00, 6.88e-03) m s⁻¹, extrema(T): (30.98, -1.88) ᵒC, extrema(S): (39.97, 19.41) g/kg, extrema(η): (1.48, -2.06) m, wall time: 17.072 seconds 
[ Info: time: 5428 days, iteration: 390816, Δt: 20 minutes,max|u|: (1.73e+00, 1.50e+00, 6.87e-03) m s⁻¹, extrema(T): (31.08, -1.88) ᵒC, extrema(S): (39.97, 19.47) g/kg, extrema(η): (2.02, -2.07) m, wall time: 11.976 seconds 
[ Info: time: 5429 days, iteration: 390888, Δt: 20 minutes,max|u|: (1.62e+00, 1.94e+00, 6.87e-03) m s⁻¹, extrema(T): (31.17, -1.88) ᵒC, extrema(S): (39.97, 19.36) g/kg, extrema(η): (4.64, -1.98) m, wall time: 11.943 seconds 
[ Info: time: 5430 days, iteration: 390960, Δt: 20 minutes,max|u|: (2.36e+00, 1.66e+00, 6.92e-03) m s⁻¹, extrema(T): (31.05, -1.90) ᵒC, extrema(S): (39.97, 19.21) g/kg, extrema(η): (2.56, -2.07) m, wall time: 11.912 seconds 
[ Info: time: 5431 days, iteration: 391032, Δt: 20 minutes,max|u|: (2.73e+00, 1.89e+00, 6.92e-03) m s⁻¹, extrema(T): (30.99, -1.90) ᵒC, extrema(S): (39.97, 19.09) g/kg, extrema(η): (1.27, -2.08) m, wall time: 12.049 seconds 
[ Info: time: 5432 days, iteration: 391104, Δt: 20 minutes,max|u|: (1.78e+00, 1.91e+00, 6.96e-03) m s⁻¹, extrema(T): (31.05, -1.90) ᵒC, extrema(S): (39.97, 18.98) g/kg, extrema(η): (1.30, -3.61) m, wall time: 11.881 seconds 
[ Info: time: 5433 days, iteration: 391176, Δt: 20 minutes,max|u|: (2.84e+00, 2.69e+00, 6.95e-03) m s⁻¹, extrema(T): (31.06, -1.90) ᵒC, extrema(S): (39.98, 18.89) g/kg, extrema(η): (1.57, -1.94) m, wall time: 11.899 seconds 
[ Info: time: 5434 days, iteration: 391248, Δt: 20 minutes,max|u|: (2.14e+00, 1.49e+00, 6.95e-03) m s⁻¹, extrema(T): (31.03, -1.91) ᵒC, extrema(S): (39.98, 18.82) g/kg, extrema(η): (3.97, -2.00) m, wall time: 12.004 seconds 
[ Info: time: 5435 days, iteration: 391320, Δt: 20 minutes,max|u|: (2.04e+00, 1.72e+00, 6.91e-03) m s⁻¹, extrema(T): (31.01, -1.91) ᵒC, extrema(S): (39.98, 18.77) g/kg, extrema(η): (3.01, -1.92) m, wall time: 11.933 seconds 
[ Info: time: 5436 days, iteration: 391392, Δt: 20 minutes,max|u|: (1.79e+00, 2.29e+00, 6.91e-03) m s⁻¹, extrema(T): (31.07, -1.92) ᵒC, extrema(S): (39.97, 18.75) g/kg, extrema(η): (1.39, -2.54) m, wall time: 11.870 seconds 
[ Info: time: 5437 days, iteration: 391464, Δt: 20 minutes,max|u|: (1.97e+00, 1.63e+00, 6.91e-03) m s⁻¹, extrema(T): (31.08, -1.89) ᵒC, extrema(S): (39.97, 18.74) g/kg, extrema(η): (1.53, -3.07) m, wall time: 18.086 seconds 
[ Info: time: 5438 days, iteration: 391536, Δt: 20 minutes,max|u|: (1.83e+00, 1.64e+00, 6.92e-03) m s⁻¹, extrema(T): (31.09, -1.91) ᵒC, extrema(S): (39.98, 18.70) g/kg, extrema(η): (2.04, -1.93) m, wall time: 11.863 seconds 
[ Info: time: 5439 days, iteration: 391608, Δt: 20 minutes,max|u|: (2.41e+00, 2.80e+00, 6.90e-03) m s⁻¹, extrema(T): (31.19, -1.91) ᵒC, extrema(S): (39.98, 18.65) g/kg, extrema(η): (3.75, -1.88) m, wall time: 11.904 seconds 
[ Info: time: 5440 days, iteration: 391680, Δt: 20 minutes,max|u|: (1.75e+00, 2.13e+00, 6.94e-03) m s⁻¹, extrema(T): (31.17, -1.91) ᵒC, extrema(S): (39.97, 18.70) g/kg, extrema(η): (3.90, -1.93) m, wall time: 11.926 seconds 
[ Info: time: 5441 days, iteration: 391752, Δt: 20 minutes,max|u|: (2.17e+00, 2.08e+00, 6.91e-03) m s⁻¹, extrema(T): (31.18, -1.91) ᵒC, extrema(S): (39.98, 18.73) g/kg, extrema(η): (3.13, -2.03) m, wall time: 11.908 seconds 
[ Info: time: 5442 days, iteration: 391824, Δt: 20 minutes,max|u|: (1.98e+00, 1.60e+00, 6.92e-03) m s⁻¹, extrema(T): (31.19, -1.90) ᵒC, extrema(S): (39.98, 18.72) g/kg, extrema(η): (3.25, -3.16) m, wall time: 12.048 seconds 
[ Info: time: 5443 days, iteration: 391896, Δt: 20 minutes,max|u|: (1.61e+00, 2.02e+00, 6.89e-03) m s⁻¹, extrema(T): (31.28, -1.91) ᵒC, extrema(S): (39.98, 18.71) g/kg, extrema(η): (3.22, -2.03) m, wall time: 11.915 seconds 
[ Info: time: 5444 days, iteration: 391968, Δt: 20 minutes,max|u|: (1.61e+00, 2.28e+00, 6.90e-03) m s⁻¹, extrema(T): (31.33, -1.92) ᵒC, extrema(S): (39.98, 18.78) g/kg, extrema(η): (3.30, -2.09) m, wall time: 12.006 seconds 
[ Info: time: 5445 days, iteration: 392040, Δt: 20 minutes,max|u|: (4.58e+00, 2.01e+00, 6.94e-03) m s⁻¹, extrema(T): (31.36, -1.92) ᵒC, extrema(S): (39.98, 18.83) g/kg, extrema(η): (2.77, -2.23) m, wall time: 11.969 seconds 
[ Info: time: 5446 days, iteration: 392112, Δt: 20 minutes,max|u|: (1.64e+00, 2.27e+00, 6.92e-03) m s⁻¹, extrema(T): (31.35, -1.92) ᵒC, extrema(S): (39.97, 19.11) g/kg, extrema(η): (2.30, -2.05) m, wall time: 11.956 seconds 
[ Info: time: 5447 days, iteration: 392184, Δt: 20 minutes,max|u|: (1.65e+00, 2.16e+00, 6.88e-03) m s⁻¹, extrema(T): (31.32, -1.91) ᵒC, extrema(S): (39.97, 19.28) g/kg, extrema(η): (1.97, -2.06) m, wall time: 11.971 seconds 
[ Info: time: 5448 days, iteration: 392256, Δt: 20 minutes,max|u|: (1.95e+00, 2.22e+00, 6.89e-03) m s⁻¹, extrema(T): (31.21, -1.91) ᵒC, extrema(S): (39.98, 19.30) g/kg, extrema(η): (1.58, -2.01) m, wall time: 11.840 seconds 
[ Info: time: 5449 days, iteration: 392328, Δt: 20 minutes,max|u|: (2.46e+00, 2.22e+00, 6.88e-03) m s⁻¹, extrema(T): (31.24, -1.91) ᵒC, extrema(S): (39.97, 19.29) g/kg, extrema(η): (3.95, -1.91) m, wall time: 16.764 seconds 
[ Info: time: 5450 days, iteration: 392400, Δt: 20 minutes,max|u|: (1.94e+00, 2.38e+00, 6.85e-03) m s⁻¹, extrema(T): (31.28, -1.91) ᵒC, extrema(S): (39.97, 19.30) g/kg, extrema(η): (3.54, -1.94) m, wall time: 11.903 seconds 
[ Info: time: 5451 days, iteration: 392472, Δt: 20 minutes,max|u|: (2.04e+00, 2.29e+00, 6.87e-03) m s⁻¹, extrema(T): (31.34, -1.92) ᵒC, extrema(S): (39.97, 19.29) g/kg, extrema(η): (1.74, -1.91) m, wall time: 11.849 seconds 
[ Info: time: 5452 days, iteration: 392544, Δt: 20 minutes,max|u|: (1.88e+00, 2.14e+00, 6.84e-03) m s⁻¹, extrema(T): (31.38, -1.91) ᵒC, extrema(S): (39.97, 19.29) g/kg, extrema(η): (1.99, -3.19) m, wall time: 12.011 seconds 
[ Info: time: 5453 days, iteration: 392616, Δt: 20 minutes,max|u|: (1.79e+00, 2.82e+00, 6.89e-03) m s⁻¹, extrema(T): (31.45, -1.91) ᵒC, extrema(S): (39.97, 19.41) g/kg, extrema(η): (1.35, -2.10) m, wall time: 11.979 seconds 
[ Info: time: 5454 days, iteration: 392688, Δt: 20 minutes,max|u|: (1.88e+00, 2.08e+00, 6.88e-03) m s⁻¹, extrema(T): (31.54, -1.92) ᵒC, extrema(S): (39.96, 19.51) g/kg, extrema(η): (3.15, -1.92) m, wall time: 11.810 seconds 
[ Info: time: 5455 days, iteration: 392760, Δt: 20 minutes,max|u|: (1.93e+00, 1.85e+00, 6.90e-03) m s⁻¹, extrema(T): (31.49, -1.91) ᵒC, extrema(S): (39.97, 19.57) g/kg, extrema(η): (4.08, -1.91) m, wall time: 11.932 seconds 
[ Info: time: 5456 days, iteration: 392832, Δt: 20 minutes,max|u|: (2.01e+00, 2.26e+00, 6.92e-03) m s⁻¹, extrema(T): (31.43, -1.91) ᵒC, extrema(S): (39.96, 19.63) g/kg, extrema(η): (3.28, -1.91) m, wall time: 11.889 seconds 
[ Info: time: 5457 days, iteration: 392904, Δt: 20 minutes,max|u|: (2.01e+00, 1.52e+00, 6.82e-03) m s⁻¹, extrema(T): (31.39, -1.91) ᵒC, extrema(S): (39.96, 19.65) g/kg, extrema(η): (1.45, -2.75) m, wall time: 11.853 seconds 
[ Info: time: 5458 days, iteration: 392976, Δt: 20 minutes,max|u|: (1.90e+00, 1.56e+00, 6.84e-03) m s⁻¹, extrema(T): (31.41, -1.92) ᵒC, extrema(S): (39.96, 19.70) g/kg, extrema(η): (1.34, -2.25) m, wall time: 11.939 seconds 
[ Info: time: 5459 days, iteration: 393048, Δt: 20 minutes,max|u|: (1.90e+00, 2.63e+00, 6.72e-03) m s⁻¹, extrema(T): (31.35, -1.91) ᵒC, extrema(S): (39.96, 19.81) g/kg, extrema(η): (2.77, -1.82) m, wall time: 11.897 seconds 
[ Info: time: 5460 days, iteration: 393120, Δt: 20 minutes,max|u|: (1.93e+00, 1.63e+00, 6.73e-03) m s⁻¹, extrema(T): (31.28, -1.92) ᵒC, extrema(S): (39.96, 19.88) g/kg, extrema(η): (4.20, -1.91) m, wall time: 11.929 seconds 
[ Info: time: 5461 days, iteration: 393192, Δt: 20 minutes,max|u|: (1.91e+00, 2.41e+00, 6.72e-03) m s⁻¹, extrema(T): (31.19, -1.91) ᵒC, extrema(S): (39.96, 19.93) g/kg, extrema(η): (1.28, -2.06) m, wall time: 11.836 seconds 
[ Info: time: 5462 days, iteration: 393264, Δt: 20 minutes,max|u|: (1.91e+00, 1.89e+00, 6.72e-03) m s⁻¹, extrema(T): (31.08, -1.91) ᵒC, extrema(S): (39.95, 19.99) g/kg, extrema(η): (1.64, -3.56) m, wall time: 16.959 seconds 
[ Info: time: 5463 days, iteration: 393336, Δt: 20 minutes,max|u|: (1.97e+00, 1.73e+00, 6.80e-03) m s⁻¹, extrema(T): (31.07, -1.91) ᵒC, extrema(S): (39.96, 20.06) g/kg, extrema(η): (2.21, -2.45) m, wall time: 12.107 seconds 
[ Info: time: 5464 days, iteration: 393408, Δt: 20 minutes,max|u|: (2.07e+00, 1.63e+00, 6.77e-03) m s⁻¹, extrema(T): (31.15, -1.91) ᵒC, extrema(S): (39.96, 20.10) g/kg, extrema(η): (2.69, -2.03) m, wall time: 11.990 seconds 
[ Info: time: 5465 days, iteration: 393480, Δt: 20 minutes,max|u|: (2.09e+00, 1.67e+00, 6.81e-03) m s⁻¹, extrema(T): (31.21, -1.90) ᵒC, extrema(S): (39.95, 20.08) g/kg, extrema(η): (3.88, -2.07) m, wall time: 11.986 seconds 
[ Info: time: 5466 days, iteration: 393552, Δt: 20 minutes,max|u|: (2.06e+00, 1.93e+00, 6.80e-03) m s⁻¹, extrema(T): (31.15, -1.90) ᵒC, extrema(S): (39.95, 20.07) g/kg, extrema(η): (3.09, -2.03) m, wall time: 11.844 seconds 
[ Info: time: 5467 days, iteration: 393624, Δt: 20 minutes,max|u|: (2.00e+00, 2.18e+00, 6.70e-03) m s⁻¹, extrema(T): (31.09, -1.90) ᵒC, extrema(S): (39.95, 20.05) g/kg, extrema(η): (3.03, -2.11) m, wall time: 11.914 seconds 
[ Info: time: 5468 days, iteration: 393696, Δt: 20 minutes,max|u|: (2.03e+00, 2.31e+00, 6.73e-03) m s⁻¹, extrema(T): (31.27, -1.90) ᵒC, extrema(S): (39.95, 20.02) g/kg, extrema(η): (3.05, -3.67) m, wall time: 13.192 seconds 
[ Info: time: 5469 days, iteration: 393768, Δt: 20 minutes,max|u|: (2.10e+00, 2.34e+00, 6.55e-03) m s⁻¹, extrema(T): (31.45, -1.91) ᵒC, extrema(S): (39.95, 20.00) g/kg, extrema(η): (2.75, -3.17) m, wall time: 12.153 seconds 
[ Info: time: 5470 days, iteration: 393840, Δt: 20 minutes,max|u|: (2.08e+00, 2.29e+00, 6.56e-03) m s⁻¹, extrema(T): (31.55, -1.92) ᵒC, extrema(S): (39.95, 20.05) g/kg, extrema(η): (3.88, -1.99) m, wall time: 11.909 seconds 
[ Info: time: 5471 days, iteration: 393912, Δt: 20 minutes,max|u|: (2.06e+00, 2.24e+00, 6.64e-03) m s⁻¹, extrema(T): (31.58, -1.91) ᵒC, extrema(S): (39.96, 19.97) g/kg, extrema(η): (2.95, -2.06) m, wall time: 12.013 seconds 
[ Info: time: 5472 days, iteration: 393984, Δt: 20 minutes,max|u|: (2.08e+00, 2.13e+00, 6.67e-03) m s⁻¹, extrema(T): (31.65, -1.91) ᵒC, extrema(S): (39.96, 19.87) g/kg, extrema(η): (1.70, -3.13) m, wall time: 11.972 seconds 
[ Info: time: 5473 days, iteration: 394056, Δt: 20 minutes,max|u|: (2.11e+00, 1.97e+00, 6.73e-03) m s⁻¹, extrema(T): (31.59, -1.91) ᵒC, extrema(S): (39.96, 19.78) g/kg, extrema(η): (1.21, -3.32) m, wall time: 11.843 seconds 
[ Info: time: 5474 days, iteration: 394128, Δt: 20 minutes,max|u|: (2.11e+00, 1.88e+00, 6.73e-03) m s⁻¹, extrema(T): (31.75, -1.92) ᵒC, extrema(S): (39.95, 19.70) g/kg, extrema(η): (1.26, -2.15) m, wall time: 17.531 seconds 
[ Info: time: 5475 days, iteration: 394200, Δt: 20 minutes,max|u|: (2.09e+00, 1.71e+00, 6.80e-03) m s⁻¹, extrema(T): (31.80, -1.92) ᵒC, extrema(S): (39.95, 19.78) g/kg, extrema(η): (3.85, -1.97) m, wall time: 12.079 seconds 
[ Info: time: 5476 days, iteration: 394272, Δt: 20 minutes,max|u|: (2.21e+00, 2.61e+00, 6.81e-03) m s⁻¹, extrema(T): (31.68, -1.92) ᵒC, extrema(S): (39.94, 19.72) g/kg, extrema(η): (3.10, -2.05) m, wall time: 12.035 seconds 
[ Info: time: 5477 days, iteration: 394344, Δt: 20 minutes,max|u|: (2.07e+00, 1.68e+00, 6.83e-03) m s⁻¹, extrema(T): (31.66, -1.93) ᵒC, extrema(S): (39.94, 19.64) g/kg, extrema(η): (1.24, -1.93) m, wall time: 12.000 seconds 
[ Info: time: 5478 days, iteration: 394416, Δt: 20 minutes,max|u|: (2.05e+00, 1.71e+00, 6.86e-03) m s⁻¹, extrema(T): (31.70, -1.94) ᵒC, extrema(S): (39.94, 19.54) g/kg, extrema(η): (1.24, -3.40) m, wall time: 12.026 seconds 
[ Info: time: 5479 days, iteration: 394488, Δt: 20 minutes,max|u|: (2.05e+00, 1.65e+00, 6.85e-03) m s⁻¹, extrema(T): (31.65, -1.94) ᵒC, extrema(S): (39.93, 19.49) g/kg, extrema(η): (1.32, -2.13) m, wall time: 11.840 seconds 
[ Info: time: 5480 days, iteration: 394560, Δt: 20 minutes,max|u|: (1.98e+00, 1.78e+00, 6.84e-03) m s⁻¹, extrema(T): (31.65, -1.94) ᵒC, extrema(S): (39.93, 19.44) g/kg, extrema(η): (2.77, -2.15) m, wall time: 12.036 seconds 
[ Info: time: 5481 days, iteration: 394632, Δt: 20 minutes,max|u|: (1.94e+00, 1.84e+00, 6.84e-03) m s⁻¹, extrema(T): (31.61, -1.94) ᵒC, extrema(S): (39.93, 19.40) g/kg, extrema(η): (3.70, -2.04) m, wall time: 12.084 seconds 
[ Info: time: 5482 days, iteration: 394704, Δt: 20 minutes,max|u|: (1.84e+00, 2.07e+00, 6.89e-03) m s⁻¹, extrema(T): (31.38, -1.93) ᵒC, extrema(S): (39.93, 19.40) g/kg, extrema(η): (1.20, -2.01) m, wall time: 11.971 seconds 
[ Info: time: 5483 days, iteration: 394776, Δt: 20 minutes,max|u|: (1.86e+00, 2.02e+00, 6.96e-03) m s⁻¹, extrema(T): (31.27, -1.93) ᵒC, extrema(S): (39.92, 19.35) g/kg, extrema(η): (1.21, -3.33) m, wall time: 11.905 seconds 
[ Info: time: 5484 days, iteration: 394848, Δt: 20 minutes,max|u|: (1.83e+00, 2.18e+00, 6.98e-03) m s⁻¹, extrema(T): (31.19, -1.93) ᵒC, extrema(S): (39.92, 19.27) g/kg, extrema(η): (1.39, -2.11) m, wall time: 12.004 seconds 
[ Info: time: 5485 days, iteration: 394920, Δt: 20 minutes,max|u|: (1.63e+00, 2.11e+00, 7.04e-03) m s⁻¹, extrema(T): (31.15, -1.94) ᵒC, extrema(S): (39.92, 19.21) g/kg, extrema(η): (2.22, -2.08) m, wall time: 11.959 seconds 
[ Info: time: 5486 days, iteration: 394992, Δt: 20 minutes,max|u|: (2.37e+00, 3.34e+00, 7.06e-03) m s⁻¹, extrema(T): (31.10, -1.94) ᵒC, extrema(S): (39.92, 19.19) g/kg, extrema(η): (4.39, -2.30) m, wall time: 16.750 seconds 
[ Info: time: 5487 days, iteration: 395064, Δt: 20 minutes,max|u|: (1.61e+00, 1.93e+00, 7.05e-03) m s⁻¹, extrema(T): (31.11, -1.95) ᵒC, extrema(S): (39.92, 19.16) g/kg, extrema(η): (2.39, -2.12) m, wall time: 11.975 seconds 
[ Info: time: 5488 days, iteration: 395136, Δt: 20 minutes,max|u|: (1.63e+00, 1.87e+00, 7.05e-03) m s⁻¹, extrema(T): (31.15, -1.94) ᵒC, extrema(S): (39.91, 19.12) g/kg, extrema(η): (2.81, -2.10) m, wall time: 11.881 seconds 
[ Info: time: 5489 days, iteration: 395208, Δt: 20 minutes,max|u|: (1.66e+00, 2.02e+00, 7.03e-03) m s⁻¹, extrema(T): (31.09, -1.94) ᵒC, extrema(S): (39.91, 19.12) g/kg, extrema(η): (3.20, -2.83) m, wall time: 11.936 seconds 
[ Info: time: 5490 days, iteration: 395280, Δt: 20 minutes,max|u|: (1.82e+00, 2.05e+00, 7.02e-03) m s⁻¹, extrema(T): (31.13, -1.94) ᵒC, extrema(S): (39.91, 19.12) g/kg, extrema(η): (3.34, -2.03) m, wall time: 11.882 seconds 
[ Info: time: 5491 days, iteration: 395352, Δt: 20 minutes,max|u|: (1.74e+00, 2.09e+00, 7.03e-03) m s⁻¹, extrema(T): (31.17, -1.95) ᵒC, extrema(S): (39.91, 19.16) g/kg, extrema(η): (4.38, -2.14) m, wall time: 11.946 seconds 
[ Info: time: 5492 days, iteration: 395424, Δt: 20 minutes,max|u|: (1.65e+00, 2.04e+00, 7.09e-03) m s⁻¹, extrema(T): (31.16, -1.95) ᵒC, extrema(S): (39.91, 19.19) g/kg, extrema(η): (3.00, -1.92) m, wall time: 11.984 seconds 
[ Info: time: 5493 days, iteration: 395496, Δt: 20 minutes,max|u|: (2.11e+00, 2.10e+00, 7.08e-03) m s⁻¹, extrema(T): (31.13, -1.95) ᵒC, extrema(S): (39.91, 19.18) g/kg, extrema(η): (2.67, -1.96) m, wall time: 11.834 seconds 
[ Info: time: 5494 days, iteration: 395568, Δt: 20 minutes,max|u|: (1.66e+00, 2.07e+00, 7.06e-03) m s⁻¹, extrema(T): (31.11, -1.95) ᵒC, extrema(S): (39.90, 19.18) g/kg, extrema(η): (2.31, -2.77) m, wall time: 11.930 seconds 
[ Info: time: 5495 days, iteration: 395640, Δt: 20 minutes,max|u|: (1.65e+00, 2.04e+00, 7.06e-03) m s⁻¹, extrema(T): (31.28, -1.95) ᵒC, extrema(S): (39.90, 19.16) g/kg, extrema(η): (1.91, -1.95) m, wall time: 12.042 seconds 
[ Info: time: 5496 days, iteration: 395712, Δt: 20 minutes,max|u|: (2.06e+00, 2.02e+00, 7.01e-03) m s⁻¹, extrema(T): (31.18, -1.95) ᵒC, extrema(S): (39.88, 19.15) g/kg, extrema(η): (2.95, -1.91) m, wall time: 12.064 seconds 
[ Info: time: 5497 days, iteration: 395784, Δt: 20 minutes,max|u|: (1.69e+00, 2.02e+00, 6.98e-03) m s⁻¹, extrema(T): (31.15, -1.95) ᵒC, extrema(S): (39.88, 19.17) g/kg, extrema(η): (3.66, -1.92) m, wall time: 11.859 seconds 
[ Info: time: 5498 days, iteration: 395856, Δt: 20 minutes,max|u|: (1.71e+00, 2.11e+00, 7.00e-03) m s⁻¹, extrema(T): (31.18, -1.96) ᵒC, extrema(S): (39.87, 19.18) g/kg, extrema(η): (1.31, -1.84) m, wall time: 11.965 seconds 
[ Info: time: 5499 days, iteration: 395928, Δt: 20 minutes,max|u|: (1.69e+00, 2.25e+00, 6.99e-03) m s⁻¹, extrema(T): (31.24, -1.96) ᵒC, extrema(S): (39.86, 19.23) g/kg, extrema(η): (1.72, -3.67) m, wall time: 18.241 seconds 
[ Info: time: 5500 days, iteration: 396000, Δt: 20 minutes,max|u|: (1.66e+00, 2.76e+00, 6.97e-03) m s⁻¹, extrema(T): (31.33, -1.96) ᵒC, extrema(S): (39.85, 19.24) g/kg, extrema(η): (2.71, -2.22) m, wall time: 12.055 seconds 
[ Info: time: 5501 days, iteration: 396072, Δt: 20 minutes,max|u|: (1.72e+00, 1.94e+00, 7.01e-03) m s⁻¹, extrema(T): (31.41, -1.96) ᵒC, extrema(S): (39.83, 19.20) g/kg, extrema(η): (2.39, -2.02) m, wall time: 12.041 seconds 
[ Info: time: 5502 days, iteration: 396144, Δt: 20 minutes,max|u|: (1.65e+00, 1.87e+00, 7.01e-03) m s⁻¹, extrema(T): (31.43, -1.96) ᵒC, extrema(S): (39.80, 19.17) g/kg, extrema(η): (4.16, -2.05) m, wall time: 11.971 seconds 
[ Info: time: 5503 days, iteration: 396216, Δt: 20 minutes,max|u|: (1.92e+00, 1.95e+00, 7.04e-03) m s⁻¹, extrema(T): (31.49, -1.96) ᵒC, extrema(S): (39.80, 19.13) g/kg, extrema(η): (1.42, -2.17) m, wall time: 11.911 seconds 
[ Info: time: 5504 days, iteration: 396288, Δt: 20 minutes,max|u|: (1.77e+00, 2.24e+00, 7.01e-03) m s⁻¹, extrema(T): (31.56, -1.96) ᵒC, extrema(S): (39.80, 19.08) g/kg, extrema(η): (1.33, -2.95) m, wall time: 11.974 seconds 
[ Info: time: 5505 days, iteration: 396360, Δt: 20 minutes,max|u|: (1.86e+00, 2.19e+00, 6.97e-03) m s⁻¹, extrema(T): (31.57, -1.96) ᵒC, extrema(S): (39.80, 19.06) g/kg, extrema(η): (1.41, -2.64) m, wall time: 11.955 seconds 
[ Info: time: 5506 days, iteration: 396432, Δt: 20 minutes,max|u|: (1.97e+00, 2.33e+00, 6.94e-03) m s⁻¹, extrema(T): (31.59, -1.96) ᵒC, extrema(S): (39.79, 19.05) g/kg, extrema(η): (1.96, -2.09) m, wall time: 11.991 seconds 
[ Info: time: 5507 days, iteration: 396504, Δt: 20 minutes,max|u|: (1.99e+00, 2.47e+00, 6.95e-03) m s⁻¹, extrema(T): (31.59, -1.97) ᵒC, extrema(S): (39.79, 19.02) g/kg, extrema(η): (4.50, -2.24) m, wall time: 11.993 seconds 
[ Info: time: 5508 days, iteration: 396576, Δt: 20 minutes,max|u|: (1.92e+00, 2.71e+00, 6.97e-03) m s⁻¹, extrema(T): (31.59, -1.97) ᵒC, extrema(S): (39.79, 18.98) g/kg, extrema(η): (1.77, -3.13) m, wall time: 12.038 seconds 
[ Info: time: 5509 days, iteration: 396648, Δt: 20 minutes,max|u|: (1.86e+00, 2.50e+00, 6.96e-03) m s⁻¹, extrema(T): (31.59, -1.98) ᵒC, extrema(S): (39.79, 18.95) g/kg, extrema(η): (1.46, -2.25) m, wall time: 12.094 seconds 
[ Info: time: 5510 days, iteration: 396720, Δt: 20 minutes,max|u|: (1.89e+00, 2.31e+00, 6.96e-03) m s⁻¹, extrema(T): (31.63, -1.97) ᵒC, extrema(S): (39.79, 18.93) g/kg, extrema(η): (2.15, -2.10) m, wall time: 11.977 seconds 
[ Info: time: 5511 days, iteration: 396792, Δt: 20 minutes,max|u|: (1.92e+00, 2.34e+00, 6.93e-03) m s⁻¹, extrema(T): (31.66, -1.96) ᵒC, extrema(S): (39.79, 18.92) g/kg, extrema(η): (2.71, -2.12) m, wall time: 16.918 seconds 
[ Info: time: 5512 days, iteration: 396864, Δt: 20 minutes,max|u|: (1.87e+00, 2.22e+00, 6.94e-03) m s⁻¹, extrema(T): (31.73, -1.96) ᵒC, extrema(S): (39.79, 19.11) g/kg, extrema(η): (4.21, -2.22) m, wall time: 12.041 seconds 
[ Info: time: 5513 days, iteration: 396936, Δt: 20 minutes,max|u|: (1.82e+00, 2.14e+00, 6.98e-03) m s⁻¹, extrema(T): (31.80, -1.95) ᵒC, extrema(S): (39.79, 19.46) g/kg, extrema(η): (3.32, -2.18) m, wall time: 11.930 seconds 
[ Info: time: 5514 days, iteration: 397008, Δt: 20 minutes,max|u|: (1.61e+00, 2.56e+00, 6.95e-03) m s⁻¹, extrema(T): (31.73, -1.95) ᵒC, extrema(S): (39.79, 19.56) g/kg, extrema(η): (3.28, -2.55) m, wall time: 12.044 seconds 
[ Info: time: 5515 days, iteration: 397080, Δt: 20 minutes,max|u|: (1.55e+00, 2.75e+00, 6.97e-03) m s⁻¹, extrema(T): (31.74, -1.95) ᵒC, extrema(S): (39.78, 19.58) g/kg, extrema(η): (3.18, -2.11) m, wall time: 12.029 seconds 
[ Info: time: 5516 days, iteration: 397152, Δt: 20 minutes,max|u|: (1.70e+00, 2.00e+00, 6.97e-03) m s⁻¹, extrema(T): (31.79, -1.95) ᵒC, extrema(S): (39.78, 19.64) g/kg, extrema(η): (2.92, -2.10) m, wall time: 11.998 seconds 
[ Info: time: 5517 days, iteration: 397224, Δt: 20 minutes,max|u|: (1.52e+00, 1.94e+00, 7.00e-03) m s⁻¹, extrema(T): (31.79, -1.95) ᵒC, extrema(S): (39.78, 19.66) g/kg, extrema(η): (4.13, -2.06) m, wall time: 11.915 seconds 
[ Info: time: 5518 days, iteration: 397296, Δt: 20 minutes,max|u|: (1.53e+00, 1.95e+00, 7.03e-03) m s⁻¹, extrema(T): (31.80, -1.95) ᵒC, extrema(S): (39.76, 19.65) g/kg, extrema(η): (2.69, -1.98) m, wall time: 11.939 seconds 
[ Info: time: 5519 days, iteration: 397368, Δt: 20 minutes,max|u|: (1.57e+00, 2.24e+00, 7.03e-03) m s⁻¹, extrema(T): (31.83, -1.95) ᵒC, extrema(S): (39.76, 19.65) g/kg, extrema(η): (1.53, -2.06) m, wall time: 11.951 seconds 
[ Info: time: 5520 days, iteration: 397440, Δt: 20 minutes,max|u|: (1.55e+00, 1.97e+00, 7.05e-03) m s⁻¹, extrema(T): (31.87, -1.95) ᵒC, extrema(S): (39.75, 19.63) g/kg, extrema(η): (1.15, -2.86) m, wall time: 11.921 seconds 
[ Info: time: 5521 days, iteration: 397512, Δt: 20 minutes,max|u|: (1.58e+00, 1.89e+00, 6.99e-03) m s⁻¹, extrema(T): (31.83, -1.95) ᵒC, extrema(S): (39.75, 19.63) g/kg, extrema(η): (1.14, -2.07) m, wall time: 12.017 seconds 
[ Info: time: 5522 days, iteration: 397584, Δt: 20 minutes,max|u|: (1.57e+00, 1.88e+00, 6.96e-03) m s⁻¹, extrema(T): (31.61, -1.95) ᵒC, extrema(S): (39.75, 19.59) g/kg, extrema(η): (4.13, -2.00) m, wall time: 12.058 seconds 
[ Info: time: 5523 days, iteration: 397656, Δt: 20 minutes,max|u|: (2.08e+00, 1.84e+00, 6.98e-03) m s⁻¹, extrema(T): (31.49, -1.96) ᵒC, extrema(S): (39.75, 19.56) g/kg, extrema(η): (3.47, -2.08) m, wall time: 11.954 seconds 
[ Info: time: 5524 days, iteration: 397728, Δt: 20 minutes,max|u|: (2.03e+00, 2.05e+00, 6.97e-03) m s⁻¹, extrema(T): (31.42, -1.96) ᵒC, extrema(S): (39.75, 19.53) g/kg, extrema(η): (1.19, -2.14) m, wall time: 16.984 seconds 
[ Info: time: 5525 days, iteration: 397800, Δt: 20 minutes,max|u|: (1.97e+00, 2.11e+00, 7.00e-03) m s⁻¹, extrema(T): (31.32, -1.96) ᵒC, extrema(S): (39.75, 19.54) g/kg, extrema(η): (1.21, -3.41) m, wall time: 11.853 seconds 
[ Info: time: 5526 days, iteration: 397872, Δt: 20 minutes,max|u|: (1.85e+00, 2.13e+00, 6.95e-03) m s⁻¹, extrema(T): (31.28, -1.96) ᵒC, extrema(S): (39.75, 19.53) g/kg, extrema(η): (1.33, -2.14) m, wall time: 16.045 seconds 
[ Info: time: 5527 days, iteration: 397944, Δt: 20 minutes,max|u|: (1.79e+00, 2.35e+00, 6.88e-03) m s⁻¹, extrema(T): (31.16, -1.97) ᵒC, extrema(S): (39.75, 19.47) g/kg, extrema(η): (3.56, -2.19) m, wall time: 11.884 seconds 
[ Info: time: 5528 days, iteration: 398016, Δt: 20 minutes,max|u|: (1.99e+00, 2.59e+00, 6.88e-03) m s⁻¹, extrema(T): (31.12, -1.96) ᵒC, extrema(S): (39.74, 19.51) g/kg, extrema(η): (3.62, -2.06) m, wall time: 11.936 seconds 
[ Info: time: 5529 days, iteration: 398088, Δt: 20 minutes,max|u|: (2.82e+00, 2.83e+00, 6.87e-03) m s⁻¹, extrema(T): (31.10, -1.96) ᵒC, extrema(S): (39.74, 19.54) g/kg, extrema(η): (1.55, -2.03) m, wall time: 11.877 seconds 
[ Info: time: 5530 days, iteration: 398160, Δt: 20 minutes,max|u|: (3.12e+00, 2.87e+00, 6.83e-03) m s⁻¹, extrema(T): (31.04, -1.96) ᵒC, extrema(S): (39.74, 19.57) g/kg, extrema(η): (1.43, -3.44) m, wall time: 12.970 seconds 
[ Info: time: 5531 days, iteration: 398232, Δt: 20 minutes,max|u|: (1.87e+00, 2.53e+00, 6.84e-03) m s⁻¹, extrema(T): (31.06, -1.96) ᵒC, extrema(S): (39.74, 19.59) g/kg, extrema(η): (1.40, -2.04) m, wall time: 12.005 seconds 
[ Info: time: 5532 days, iteration: 398304, Δt: 20 minutes,max|u|: (2.29e+00, 2.20e+00, 6.87e-03) m s⁻¹, extrema(T): (31.09, -1.96) ᵒC, extrema(S): (39.74, 19.75) g/kg, extrema(η): (2.43, -2.03) m, wall time: 12.029 seconds 
[ Info: time: 5533 days, iteration: 398376, Δt: 20 minutes,max|u|: (2.17e+00, 1.84e+00, 6.84e-03) m s⁻¹, extrema(T): (31.12, -1.96) ᵒC, extrema(S): (39.74, 19.82) g/kg, extrema(η): (4.21, -2.21) m, wall time: 11.850 seconds 
[ Info: time: 5534 days, iteration: 398448, Δt: 20 minutes,max|u|: (1.36e+00, 1.58e+00, 6.84e-03) m s⁻¹, extrema(T): (31.17, -1.95) ᵒC, extrema(S): (39.72, 19.80) g/kg, extrema(η): (2.17, -2.14) m, wall time: 11.962 seconds 
[ Info: time: 5535 days, iteration: 398520, Δt: 20 minutes,max|u|: (1.37e+00, 1.53e+00, 6.80e-03) m s⁻¹, extrema(T): (31.22, -1.95) ᵒC, extrema(S): (39.72, 19.83) g/kg, extrema(η): (2.71, -3.04) m, wall time: 11.967 seconds 
[ Info: Saving checkpoint file
[ Info: time: 5536 days, iteration: 398592, Δt: 20 minutes,max|u|: (1.78e+00, 1.49e+00, 6.77e-03) m s⁻¹, extrema(T): (31.26, -1.95) ᵒC, extrema(S): (39.72, 19.76) g/kg, extrema(η): (2.97, -2.28) m, wall time: 26.532 seconds 
[ Info: time: 5537 days, iteration: 398664, Δt: 20 minutes,max|u|: (1.38e+00, 1.71e+00, 6.74e-03) m s⁻¹, extrema(T): (31.28, -1.95) ᵒC, extrema(S): (39.72, 19.62) g/kg, extrema(η): (3.24, -2.13) m, wall time: 12.021 seconds 
[ Info: time: 5538 days, iteration: 398736, Δt: 20 minutes,max|u|: (1.29e+00, 1.48e+00, 6.78e-03) m s⁻¹, extrema(T): (31.29, -1.95) ᵒC, extrema(S): (39.72, 19.48) g/kg, extrema(η): (4.84, -1.93) m, wall time: 11.918 seconds 
[ Info: time: 5539 days, iteration: 398808, Δt: 20 minutes,max|u|: (1.64e+00, 1.56e+00, 6.75e-03) m s⁻¹, extrema(T): (31.26, -1.95) ᵒC, extrema(S): (39.72, 19.38) g/kg, extrema(η): (3.04, -2.06) m, wall time: 11.890 seconds 
[ Info: time: 5540 days, iteration: 398880, Δt: 20 minutes,max|u|: (1.32e+00, 1.54e+00, 6.73e-03) m s⁻¹, extrema(T): (31.28, -1.95) ᵒC, extrema(S): (39.71, 19.29) g/kg, extrema(η): (2.79, -2.24) m, wall time: 11.836 seconds 
[ Info: time: 5541 days, iteration: 398952, Δt: 20 minutes,max|u|: (1.55e+00, 1.59e+00, 6.69e-03) m s⁻¹, extrema(T): (31.34, -1.95) ᵒC, extrema(S): (39.71, 19.18) g/kg, extrema(η): (2.49, -2.91) m, wall time: 11.944 seconds 
[ Info: time: 5542 days, iteration: 399024, Δt: 20 minutes,max|u|: (1.32e+00, 1.84e+00, 6.72e-03) m s⁻¹, extrema(T): (31.33, -1.95) ᵒC, extrema(S): (39.71, 19.12) g/kg, extrema(η): (2.10, -2.08) m, wall time: 11.903 seconds 
[ Info: time: 5543 days, iteration: 399096, Δt: 20 minutes,max|u|: (1.33e+00, 1.51e+00, 6.81e-03) m s⁻¹, extrema(T): (31.33, -1.95) ᵒC, extrema(S): (39.71, 19.04) g/kg, extrema(η): (4.58, -1.95) m, wall time: 11.871 seconds 
[ Info: time: 5544 days, iteration: 399168, Δt: 20 minutes,max|u|: (1.35e+00, 1.51e+00, 6.88e-03) m s⁻¹, extrema(T): (31.33, -1.95) ᵒC, extrema(S): (39.71, 18.98) g/kg, extrema(η): (2.76, -2.06) m, wall time: 11.994 seconds 
[ Info: time: 5545 days, iteration: 399240, Δt: 20 minutes,max|u|: (1.49e+00, 1.71e+00, 6.90e-03) m s⁻¹, extrema(T): (31.34, -1.95) ᵒC, extrema(S): (39.71, 18.93) g/kg, extrema(η): (1.19, -2.09) m, wall time: 11.953 seconds 
[ Info: time: 5546 days, iteration: 399312, Δt: 20 minutes,max|u|: (1.37e+00, 1.59e+00, 6.95e-03) m s⁻¹, extrema(T): (31.35, -1.95) ᵒC, extrema(S): (39.71, 18.89) g/kg, extrema(η): (1.20, -3.09) m, wall time: 11.912 seconds 
[ Info: time: 5547 days, iteration: 399384, Δt: 20 minutes,max|u|: (1.39e+00, 1.74e+00, 6.99e-03) m s⁻¹, extrema(T): (31.31, -1.95) ᵒC, extrema(S): (39.71, 18.84) g/kg, extrema(η): (1.16, -1.95) m, wall time: 11.850 seconds 
[ Info: time: 5548 days, iteration: 399456, Δt: 20 minutes,max|u|: (1.60e+00, 1.75e+00, 7.01e-03) m s⁻¹, extrema(T): (31.32, -1.95) ᵒC, extrema(S): (39.71, 18.80) g/kg, extrema(η): (3.91, -1.92) m, wall time: 17.054 seconds 
[ Info: time: 5549 days, iteration: 399528, Δt: 20 minutes,max|u|: (1.41e+00, 1.65e+00, 7.04e-03) m s⁻¹, extrema(T): (31.34, -1.95) ᵒC, extrema(S): (39.71, 18.76) g/kg, extrema(η): (3.33, -1.94) m, wall time: 12.017 seconds 
[ Info: time: 5550 days, iteration: 399600, Δt: 20 minutes,max|u|: (2.79e+00, 1.85e+00, 7.04e-03) m s⁻¹, extrema(T): (31.36, -1.96) ᵒC, extrema(S): (39.71, 18.74) g/kg, extrema(η): (1.21, -1.93) m, wall time: 11.857 seconds 
[ Info: time: 5551 days, iteration: 399672, Δt: 20 minutes,max|u|: (1.44e+00, 1.58e+00, 7.04e-03) m s⁻¹, extrema(T): (31.38, -1.96) ᵒC, extrema(S): (39.71, 18.73) g/kg, extrema(η): (1.28, -3.55) m, wall time: 11.992 seconds 
[ Info: time: 5552 days, iteration: 399744, Δt: 20 minutes,max|u|: (1.41e+00, 1.55e+00, 7.04e-03) m s⁻¹, extrema(T): (31.38, -1.96) ᵒC, extrema(S): (39.71, 18.70) g/kg, extrema(η): (1.29, -1.98) m, wall time: 11.974 seconds 
[ Info: time: 5553 days, iteration: 399816, Δt: 20 minutes,max|u|: (1.46e+00, 1.56e+00, 7.08e-03) m s⁻¹, extrema(T): (31.38, -1.96) ᵒC, extrema(S): (39.71, 18.67) g/kg, extrema(η): (3.29, -1.89) m, wall time: 11.966 seconds 
[ Info: time: 5554 days, iteration: 399888, Δt: 20 minutes,max|u|: (1.49e+00, 1.56e+00, 7.17e-03) m s⁻¹, extrema(T): (31.40, -1.96) ᵒC, extrema(S): (39.71, 18.65) g/kg, extrema(η): (3.88, -2.01) m, wall time: 12.032 seconds 
[ Info: time: 5555 days, iteration: 399960, Δt: 20 minutes,max|u|: (1.49e+00, 1.63e+00, 7.11e-03) m s⁻¹, extrema(T): (31.42, -1.96) ᵒC, extrema(S): (39.70, 18.62) g/kg, extrema(η): (1.25, -2.16) m, wall time: 11.938 seconds 
[ Info: time: 5556 days, iteration: 400032, Δt: 20 minutes,max|u|: (1.51e+00, 1.57e+00, 7.16e-03) m s⁻¹, extrema(T): (31.42, -1.96) ᵒC, extrema(S): (39.70, 18.59) g/kg, extrema(η): (1.37, -3.81) m, wall time: 11.975 seconds 
[ Info: time: 5557 days, iteration: 400104, Δt: 20 minutes,max|u|: (1.53e+00, 1.58e+00, 7.24e-03) m s⁻¹, extrema(T): (31.45, -1.96) ᵒC, extrema(S): (39.70, 18.58) g/kg, extrema(η): (2.02, -2.05) m, wall time: 11.955 seconds 
[ Info: time: 5558 days, iteration: 400176, Δt: 20 minutes,max|u|: (1.58e+00, 1.59e+00, 7.18e-03) m s⁻¹, extrema(T): (31.44, -1.96) ᵒC, extrema(S): (39.70, 18.56) g/kg, extrema(η): (2.59, -1.99) m, wall time: 11.876 seconds 
[ Info: time: 5559 days, iteration: 400248, Δt: 20 minutes,max|u|: (2.76e+00, 1.57e+00, 7.23e-03) m s⁻¹, extrema(T): (31.45, -1.95) ᵒC, extrema(S): (39.70, 18.57) g/kg, extrema(η): (4.43, -2.17) m, wall time: 11.935 seconds 
[ Info: time: 5560 days, iteration: 400320, Δt: 20 minutes,max|u|: (1.67e+00, 1.67e+00, 7.22e-03) m s⁻¹, extrema(T): (31.34, -1.95) ᵒC, extrema(S): (39.70, 18.67) g/kg, extrema(η): (3.12, -2.17) m, wall time: 12.000 seconds 
[ Info: time: 5561 days, iteration: 400392, Δt: 20 minutes,max|u|: (1.74e+00, 1.58e+00, 7.28e-03) m s⁻¹, extrema(T): (31.11, -1.95) ᵒC, extrema(S): (39.70, 18.92) g/kg, extrema(η): (3.24, -3.16) m, wall time: 18.169 seconds 
[ Info: time: 5562 days, iteration: 400464, Δt: 20 minutes,max|u|: (1.67e+00, 1.80e+00, 7.24e-03) m s⁻¹, extrema(T): (31.04, -1.95) ᵒC, extrema(S): (39.70, 19.50) g/kg, extrema(η): (3.06, -1.97) m, wall time: 12.004 seconds 
[ Info: time: 5563 days, iteration: 400536, Δt: 20 minutes,max|u|: (1.70e+00, 1.64e+00, 7.22e-03) m s⁻¹, extrema(T): (31.01, -1.94) ᵒC, extrema(S): (39.70, 19.73) g/kg, extrema(η): (2.82, -2.10) m, wall time: 11.911 seconds 
[ Info: time: 5564 days, iteration: 400608, Δt: 20 minutes,max|u|: (1.70e+00, 1.52e+00, 7.23e-03) m s⁻¹, extrema(T): (31.14, -1.94) ᵒC, extrema(S): (39.69, 19.59) g/kg, extrema(η): (4.39, -2.10) m, wall time: 11.942 seconds 
[ Info: time: 5565 days, iteration: 400680, Δt: 20 minutes,max|u|: (1.97e+00, 1.56e+00, 7.26e-03) m s⁻¹, extrema(T): (31.08, -1.94) ᵒC, extrema(S): (39.69, 19.43) g/kg, extrema(η): (2.04, -2.05) m, wall time: 11.985 seconds 
[ Info: time: 5566 days, iteration: 400752, Δt: 20 minutes,max|u|: (1.81e+00, 1.64e+00, 7.29e-03) m s⁻¹, extrema(T): (31.07, -1.93) ᵒC, extrema(S): (39.69, 19.32) g/kg, extrema(η): (1.35, -2.42) m, wall time: 11.976 seconds 
[ Info: time: 5567 days, iteration: 400824, Δt: 20 minutes,max|u|: (1.74e+00, 1.74e+00, 7.22e-03) m s⁻¹, extrema(T): (31.06, -1.93) ᵒC, extrema(S): (39.69, 19.26) g/kg, extrema(η): (1.34, -2.88) m, wall time: 12.018 seconds 
[ Info: time: 5568 days, iteration: 400896, Δt: 20 minutes,max|u|: (1.75e+00, 1.71e+00, 7.18e-03) m s⁻¹, extrema(T): (31.06, -1.93) ᵒC, extrema(S): (39.69, 19.23) g/kg, extrema(η): (1.36, -2.12) m, wall time: 11.961 seconds 
[ Info: time: 5569 days, iteration: 400968, Δt: 20 minutes,max|u|: (1.78e+00, 1.57e+00, 7.18e-03) m s⁻¹, extrema(T): (31.09, -1.93) ᵒC, extrema(S): (39.69, 19.14) g/kg, extrema(η): (4.32, -2.23) m, wall time: 11.951 seconds 
[ Info: time: 5570 days, iteration: 401040, Δt: 20 minutes,max|u|: (1.80e+00, 1.57e+00, 7.15e-03) m s⁻¹, extrema(T): (31.17, -1.92) ᵒC, extrema(S): (39.69, 19.04) g/kg, extrema(η): (3.49, -2.01) m, wall time: 11.964 seconds 
[ Info: time: 5571 days, iteration: 401112, Δt: 20 minutes,max|u|: (1.81e+00, 1.56e+00, 7.10e-03) m s⁻¹, extrema(T): (31.07, -1.92) ᵒC, extrema(S): (39.69, 18.99) g/kg, extrema(η): (1.22, -2.08) m, wall time: 12.037 seconds 
[ Info: time: 5572 days, iteration: 401184, Δt: 20 minutes,max|u|: (1.82e+00, 1.56e+00, 7.07e-03) m s⁻¹, extrema(T): (31.14, -1.92) ᵒC, extrema(S): (39.69, 18.91) g/kg, extrema(η): (1.17, -3.53) m, wall time: 11.974 seconds 
[ Info: time: 5573 days, iteration: 401256, Δt: 20 minutes,max|u|: (1.85e+00, 1.65e+00, 7.07e-03) m s⁻¹, extrema(T): (31.13, -1.92) ᵒC, extrema(S): (39.69, 19.08) g/kg, extrema(η): (1.16, -1.80) m, wall time: 17.057 seconds 
[ Info: time: 5574 days, iteration: 401328, Δt: 20 minutes,max|u|: (1.87e+00, 1.54e+00, 7.10e-03) m s⁻¹, extrema(T): (31.13, -1.91) ᵒC, extrema(S): (39.68, 19.60) g/kg, extrema(η): (3.29, -1.93) m, wall time: 12.082 seconds 
[ Info: time: 5575 days, iteration: 401400, Δt: 20 minutes,max|u|: (1.92e+00, 1.54e+00, 7.10e-03) m s⁻¹, extrema(T): (31.17, -1.91) ᵒC, extrema(S): (39.68, 19.59) g/kg, extrema(η): (3.89, -1.93) m, wall time: 12.014 seconds 
[ Info: time: 5576 days, iteration: 401472, Δt: 20 minutes,max|u|: (1.91e+00, 1.80e+00, 7.14e-03) m s⁻¹, extrema(T): (31.21, -1.91) ᵒC, extrema(S): (39.68, 19.52) g/kg, extrema(η): (1.26, -2.09) m, wall time: 11.900 seconds 
[ Info: time: 5577 days, iteration: 401544, Δt: 20 minutes,max|u|: (1.91e+00, 1.50e+00, 7.16e-03) m s⁻¹, extrema(T): (31.16, -1.91) ᵒC, extrema(S): (39.68, 19.43) g/kg, extrema(η): (1.27, -3.36) m, wall time: 11.934 seconds 
[ Info: time: 5578 days, iteration: 401616, Δt: 20 minutes,max|u|: (1.90e+00, 1.49e+00, 7.12e-03) m s⁻¹, extrema(T): (31.20, -1.91) ᵒC, extrema(S): (39.68, 19.51) g/kg, extrema(η): (1.32, -2.17) m, wall time: 11.983 seconds 
[ Info: time: 5579 days, iteration: 401688, Δt: 20 minutes,max|u|: (1.94e+00, 2.14e+00, 7.09e-03) m s⁻¹, extrema(T): (31.18, -1.91) ᵒC, extrema(S): (39.68, 19.53) g/kg, extrema(η): (2.32, -2.14) m, wall time: 11.965 seconds 
[ Info: time: 5580 days, iteration: 401760, Δt: 20 minutes,max|u|: (1.91e+00, 2.23e+00, 7.06e-03) m s⁻¹, extrema(T): (31.21, -1.91) ᵒC, extrema(S): (39.68, 19.47) g/kg, extrema(η): (4.12, -2.13) m, wall time: 11.983 seconds 
[ Info: time: 5581 days, iteration: 401832, Δt: 20 minutes,max|u|: (1.92e+00, 1.49e+00, 7.05e-03) m s⁻¹, extrema(T): (31.23, -1.91) ᵒC, extrema(S): (39.68, 19.51) g/kg, extrema(η): (2.59, -2.09) m, wall time: 11.996 seconds 
[ Info: time: 5582 days, iteration: 401904, Δt: 20 minutes,max|u|: (2.04e+00, 1.48e+00, 6.99e-03) m s⁻¹, extrema(T): (31.37, -1.91) ᵒC, extrema(S): (39.68, 19.39) g/kg, extrema(η): (3.06, -2.84) m, wall time: 12.052 seconds 
[ Info: time: 5583 days, iteration: 401976, Δt: 20 minutes,max|u|: (1.99e+00, 1.65e+00, 6.97e-03) m s⁻¹, extrema(T): (31.29, -1.91) ᵒC, extrema(S): (39.68, 19.46) g/kg, extrema(η): (3.29, -3.00) m, wall time: 12.096 seconds 
[ Info: time: 5584 days, iteration: 402048, Δt: 20 minutes,max|u|: (2.00e+00, 1.75e+00, 6.92e-03) m s⁻¹, extrema(T): (31.31, -1.91) ᵒC, extrema(S): (39.68, 19.53) g/kg, extrema(η): (3.35, -1.78) m, wall time: 12.040 seconds 
[ Info: time: 5585 days, iteration: 402120, Δt: 20 minutes,max|u|: (2.01e+00, 1.49e+00, 6.90e-03) m s⁻¹, extrema(T): (31.41, -1.91) ᵒC, extrema(S): (39.68, 19.53) g/kg, extrema(η): (4.42, -1.90) m, wall time: 16.934 seconds 
[ Info: time: 5586 days, iteration: 402192, Δt: 20 minutes,max|u|: (2.01e+00, 1.49e+00, 6.90e-03) m s⁻¹, extrema(T): (31.31, -1.91) ᵒC, extrema(S): (39.67, 19.54) g/kg, extrema(η): (2.87, -1.84) m, wall time: 11.961 seconds 
[ Info: time: 5587 days, iteration: 402264, Δt: 20 minutes,max|u|: (2.00e+00, 1.51e+00, 6.85e-03) m s⁻¹, extrema(T): (31.24, -1.91) ᵒC, extrema(S): (39.67, 19.44) g/kg, extrema(η): (2.49, -1.92) m, wall time: 11.934 seconds 
[ Info: time: 5588 days, iteration: 402336, Δt: 20 minutes,max|u|: (1.96e+00, 1.50e+00, 6.90e-03) m s⁻¹, extrema(T): (31.19, -1.91) ᵒC, extrema(S): (39.67, 19.45) g/kg, extrema(η): (2.03, -3.26) m, wall time: 11.996 seconds 
[ Info: time: 5589 days, iteration: 402408, Δt: 20 minutes,max|u|: (1.95e+00, 1.66e+00, 6.85e-03) m s⁻¹, extrema(T): (31.30, -1.92) ᵒC, extrema(S): (39.67, 19.47) g/kg, extrema(η): (1.54, -1.89) m, wall time: 12.022 seconds 
[ Info: time: 5590 days, iteration: 402480, Δt: 20 minutes,max|u|: (1.94e+00, 1.51e+00, 6.80e-03) m s⁻¹, extrema(T): (31.22, -1.92) ᵒC, extrema(S): (39.68, 19.37) g/kg, extrema(η): (4.13, -1.87) m, wall time: 12.032 seconds 
[ Info: time: 5591 days, iteration: 402552, Δt: 20 minutes,max|u|: (1.96e+00, 1.49e+00, 6.84e-03) m s⁻¹, extrema(T): (31.17, -1.92) ᵒC, extrema(S): (39.68, 19.35) g/kg, extrema(η): (3.74, -2.02) m, wall time: 12.149 seconds 
[ Info: time: 5592 days, iteration: 402624, Δt: 20 minutes,max|u|: (1.99e+00, 1.52e+00, 6.83e-03) m s⁻¹, extrema(T): (31.19, -1.92) ᵒC, extrema(S): (39.68, 19.56) g/kg, extrema(η): (1.23, -1.86) m, wall time: 13.669 seconds 
[ Info: time: 5593 days, iteration: 402696, Δt: 20 minutes,max|u|: (1.97e+00, 1.48e+00, 6.86e-03) m s⁻¹, extrema(T): (31.31, -1.92) ᵒC, extrema(S): (39.69, 19.49) g/kg, extrema(η): (1.22, -3.51) m, wall time: 11.882 seconds 
[ Info: time: 5594 days, iteration: 402768, Δt: 20 minutes,max|u|: (2.03e+00, 1.66e+00, 6.79e-03) m s⁻¹, extrema(T): (31.27, -1.93) ᵒC, extrema(S): (39.68, 19.67) g/kg, extrema(η): (1.26, -1.91) m, wall time: 11.885 seconds 
[ Info: time: 5595 days, iteration: 402840, Δt: 20 minutes,max|u|: (1.92e+00, 1.45e+00, 6.75e-03) m s⁻¹, extrema(T): (31.29, -1.93) ᵒC, extrema(S): (39.68, 19.60) g/kg, extrema(η): (2.93, -2.04) m, wall time: 11.823 seconds 
[ Info: time: 5596 days, iteration: 402912, Δt: 20 minutes,max|u|: (1.90e+00, 1.45e+00, 6.76e-03) m s⁻¹, extrema(T): (31.25, -1.93) ᵒC, extrema(S): (39.67, 19.66) g/kg, extrema(η): (3.88, -2.15) m, wall time: 11.891 seconds 
[ Info: time: 5597 days, iteration: 402984, Δt: 20 minutes,max|u|: (1.91e+00, 1.53e+00, 6.79e-03) m s⁻¹, extrema(T): (31.19, -1.93) ᵒC, extrema(S): (39.67, 19.62) g/kg, extrema(η): (1.38, -2.07) m, wall time: 11.864 seconds 
[ Info: time: 5598 days, iteration: 403056, Δt: 20 minutes,max|u|: (1.89e+00, 1.44e+00, 6.82e-03) m s⁻¹, extrema(T): (31.25, -1.93) ᵒC, extrema(S): (39.67, 19.57) g/kg, extrema(η): (1.45, -2.80) m, wall time: 16.923 seconds 
[ Info: time: 5599 days, iteration: 403128, Δt: 20 minutes,max|u|: (1.87e+00, 1.45e+00, 6.82e-03) m s⁻¹, extrema(T): (31.31, -1.92) ᵒC, extrema(S): (39.67, 19.58) g/kg, extrema(η): (1.39, -3.28) m, wall time: 11.886 seconds 
[ Info: time: 5600 days, iteration: 403200, Δt: 20 minutes,max|u|: (1.82e+00, 1.73e+00, 6.79e-03) m s⁻¹, extrema(T): (31.30, -1.93) ᵒC, extrema(S): (39.68, 19.46) g/kg, extrema(η): (1.39, -2.09) m, wall time: 11.914 seconds 
[ Info: time: 5601 days, iteration: 403272, Δt: 20 minutes,max|u|: (1.80e+00, 1.45e+00, 6.80e-03) m s⁻¹, extrema(T): (31.33, -1.92) ᵒC, extrema(S): (39.68, 19.57) g/kg, extrema(η): (4.37, -2.05) m, wall time: 11.841 seconds 
[ Info: time: 5602 days, iteration: 403344, Δt: 20 minutes,max|u|: (1.80e+00, 1.46e+00, 6.81e-03) m s⁻¹, extrema(T): (31.33, -1.92) ᵒC, extrema(S): (39.68, 19.57) g/kg, extrema(η): (2.36, -1.99) m, wall time: 11.956 seconds 
[ Info: time: 5603 days, iteration: 403416, Δt: 20 minutes,max|u|: (1.89e+00, 1.45e+00, 6.78e-03) m s⁻¹, extrema(T): (31.32, -1.92) ᵒC, extrema(S): (39.69, 19.63) g/kg, extrema(η): (1.71, -2.51) m, wall time: 11.921 seconds 
[ Info: time: 5604 days, iteration: 403488, Δt: 20 minutes,max|u|: (1.91e+00, 1.46e+00, 6.79e-03) m s⁻¹, extrema(T): (31.33, -1.90) ᵒC, extrema(S): (39.68, 19.06) g/kg, extrema(η): (2.37, -3.87) m, wall time: 11.913 seconds 
[ Info: time: 5605 days, iteration: 403560, Δt: 20 minutes,max|u|: (2.14e+00, 1.76e+00, 6.79e-03) m s⁻¹, extrema(T): (31.32, -1.92) ᵒC, extrema(S): (39.68, 18.10) g/kg, extrema(η): (2.89, -1.93) m, wall time: 11.847 seconds 
[ Info: time: 5606 days, iteration: 403632, Δt: 20 minutes,max|u|: (2.17e+00, 1.90e+00, 6.85e-03) m s⁻¹, extrema(T): (31.32, -1.92) ᵒC, extrema(S): (39.68, 17.49) g/kg, extrema(η): (3.89, -1.92) m, wall time: 11.898 seconds 
[ Info: time: 5607 days, iteration: 403704, Δt: 20 minutes,max|u|: (2.40e+00, 1.46e+00, 6.95e-03) m s⁻¹, extrema(T): (31.35, -1.90) ᵒC, extrema(S): (39.67, 17.31) g/kg, extrema(η): (3.24, -2.00) m, wall time: 12.053 seconds 
[ Info: time: 5608 days, iteration: 403776, Δt: 20 minutes,max|u|: (2.53e+00, 1.51e+00, 6.95e-03) m s⁻¹, extrema(T): (31.38, -1.89) ᵒC, extrema(S): (39.67, 16.92) g/kg, extrema(η): (3.10, -2.01) m, wall time: 11.905 seconds 
[ Info: time: 5609 days, iteration: 403848, Δt: 20 minutes,max|u|: (2.24e+00, 1.43e+00, 6.98e-03) m s⁻¹, extrema(T): (31.33, -1.89) ᵒC, extrema(S): (39.68, 17.04) g/kg, extrema(η): (2.90, -4.06) m, wall time: 11.981 seconds 
[ Info: time: 5610 days, iteration: 403920, Δt: 20 minutes,max|u|: (1.81e+00, 1.64e+00, 7.02e-03) m s⁻¹, extrema(T): (31.32, -1.90) ᵒC, extrema(S): (39.68, 16.75) g/kg, extrema(η): (2.68, -2.01) m, wall time: 17.068 seconds 
[ Info: time: 5611 days, iteration: 403992, Δt: 20 minutes,max|u|: (1.67e+00, 1.43e+00, 7.06e-03) m s⁻¹, extrema(T): (31.30, -1.91) ᵒC, extrema(S): (39.68, 16.55) g/kg, extrema(η): (3.24, -1.98) m, wall time: 11.851 seconds 
[ Info: time: 5612 days, iteration: 404064, Δt: 20 minutes,max|u|: (1.57e+00, 1.41e+00, 6.98e-03) m s⁻¹, extrema(T): (31.34, -1.92) ᵒC, extrema(S): (39.68, 16.74) g/kg, extrema(η): (4.00, -2.02) m, wall time: 11.940 seconds 
[ Info: time: 5613 days, iteration: 404136, Δt: 20 minutes,max|u|: (1.96e+00, 1.67e+00, 7.00e-03) m s⁻¹, extrema(T): (31.34, -1.93) ᵒC, extrema(S): (39.69, 16.78) g/kg, extrema(η): (1.31, -2.05) m, wall time: 11.964 seconds 
[ Info: time: 5614 days, iteration: 404208, Δt: 20 minutes,max|u|: (1.61e+00, 1.42e+00, 7.04e-03) m s⁻¹, extrema(T): (31.33, -1.93) ᵒC, extrema(S): (39.69, 16.39) g/kg, extrema(η): (1.26, -3.53) m, wall time: 11.972 seconds 
[ Info: time: 5615 days, iteration: 404280, Δt: 20 minutes,max|u|: (1.58e+00, 1.43e+00, 7.04e-03) m s⁻¹, extrema(T): (31.41, -1.93) ᵒC, extrema(S): (39.69, 16.62) g/kg, extrema(η): (1.22, -2.17) m, wall time: 12.044 seconds 
[ Info: time: 5616 days, iteration: 404352, Δt: 20 minutes,max|u|: (1.69e+00, 1.62e+00, 7.07e-03) m s⁻¹, extrema(T): (31.49, -1.93) ᵒC, extrema(S): (39.69, 17.39) g/kg, extrema(η): (2.58, -2.14) m, wall time: 11.953 seconds 
[ Info: time: 5617 days, iteration: 404424, Δt: 20 minutes,max|u|: (1.64e+00, 1.80e+00, 7.11e-03) m s⁻¹, extrema(T): (31.45, -1.93) ᵒC, extrema(S): (39.70, 17.01) g/kg, extrema(η): (4.31, -2.02) m, wall time: 12.030 seconds 
[ Info: time: 5618 days, iteration: 404496, Δt: 20 minutes,max|u|: (1.53e+00, 1.70e+00, 7.07e-03) m s⁻¹, extrema(T): (31.44, -1.93) ᵒC, extrema(S): (39.70, 16.72) g/kg, extrema(η): (1.23, -2.07) m, wall time: 11.940 seconds 
[ Info: time: 5619 days, iteration: 404568, Δt: 20 minutes,max|u|: (1.51e+00, 1.46e+00, 7.09e-03) m s⁻¹, extrema(T): (31.47, -1.92) ᵒC, extrema(S): (39.70, 17.06) g/kg, extrema(η): (1.28, -3.44) m, wall time: 11.994 seconds 
[ Info: time: 5620 days, iteration: 404640, Δt: 20 minutes,max|u|: (1.53e+00, 1.42e+00, 7.06e-03) m s⁻¹, extrema(T): (31.48, -1.92) ᵒC, extrema(S): (39.70, 17.25) g/kg, extrema(η): (1.21, -3.06) m, wall time: 12.061 seconds 
[ Info: time: 5621 days, iteration: 404712, Δt: 20 minutes,max|u|: (1.59e+00, 1.68e+00, 7.04e-03) m s⁻¹, extrema(T): (31.43, -1.91) ᵒC, extrema(S): (39.70, 18.13) g/kg, extrema(η): (1.56, -1.92) m, wall time: 12.016 seconds 
[ Info: time: 5622 days, iteration: 404784, Δt: 20 minutes,max|u|: (1.66e+00, 1.40e+00, 7.00e-03) m s⁻¹, extrema(T): (31.38, -1.91) ᵒC, extrema(S): (39.70, 18.92) g/kg, extrema(η): (4.39, -1.93) m, wall time: 12.037 seconds 
[ Info: time: 5623 days, iteration: 404856, Δt: 20 minutes,max|u|: (1.55e+00, 1.62e+00, 7.02e-03) m s⁻¹, extrema(T): (31.37, -1.91) ᵒC, extrema(S): (39.70, 18.73) g/kg, extrema(η): (2.07, -1.99) m, wall time: 19.444 seconds 
[ Info: time: 5624 days, iteration: 404928, Δt: 20 minutes,max|u|: (1.59e+00, 1.39e+00, 6.99e-03) m s⁻¹, extrema(T): (31.34, -1.91) ᵒC, extrema(S): (39.70, 18.91) g/kg, extrema(η): (1.29, -2.50) m, wall time: 12.029 seconds 
[ Info: time: 5625 days, iteration: 405000, Δt: 20 minutes,max|u|: (1.42e+00, 1.39e+00, 6.98e-03) m s⁻¹, extrema(T): (31.31, -1.93) ᵒC, extrema(S): (39.70, 19.06) g/kg, extrema(η): (1.42, -3.66) m, wall time: 16.057 seconds 
[ Info: time: 5626 days, iteration: 405072, Δt: 20 minutes,max|u|: (1.57e+00, 1.75e+00, 6.97e-03) m s⁻¹, extrema(T): (31.28, -1.93) ᵒC, extrema(S): (39.70, 19.18) g/kg, extrema(η): (1.57, -2.10) m, wall time: 12.081 seconds 
[ Info: time: 5627 days, iteration: 405144, Δt: 20 minutes,max|u|: (1.39e+00, 1.46e+00, 6.96e-03) m s⁻¹, extrema(T): (31.28, -1.93) ᵒC, extrema(S): (39.70, 18.84) g/kg, extrema(η): (4.16, -2.23) m, wall time: 12.004 seconds 
[ Info: time: 5628 days, iteration: 405216, Δt: 20 minutes,max|u|: (1.64e+00, 1.38e+00, 6.95e-03) m s⁻¹, extrema(T): (31.25, -1.93) ᵒC, extrema(S): (39.71, 18.38) g/kg, extrema(η): (3.06, -2.11) m, wall time: 12.034 seconds 
[ Info: time: 5629 days, iteration: 405288, Δt: 20 minutes,max|u|: (1.40e+00, 1.57e+00, 6.95e-03) m s⁻¹, extrema(T): (31.26, -1.94) ᵒC, extrema(S): (39.71, 17.83) g/kg, extrema(η): (2.87, -1.94) m, wall time: 11.928 seconds 
[ Info: time: 5630 days, iteration: 405360, Δt: 20 minutes,max|u|: (1.41e+00, 1.39e+00, 6.94e-03) m s⁻¹, extrema(T): (31.25, -1.94) ᵒC, extrema(S): (39.72, 17.48) g/kg, extrema(η): (3.12, -3.96) m, wall time: 11.965 seconds 
[ Info: time: 5631 days, iteration: 405432, Δt: 20 minutes,max|u|: (1.42e+00, 1.77e+00, 6.89e-03) m s⁻¹, extrema(T): (31.26, -1.94) ᵒC, extrema(S): (39.72, 16.72) g/kg, extrema(η): (3.29, -2.16) m, wall time: 11.947 seconds 
[ Info: time: 5632 days, iteration: 405504, Δt: 20 minutes,max|u|: (1.46e+00, 1.40e+00, 6.85e-03) m s⁻¹, extrema(T): (31.26, -1.94) ᵒC, extrema(S): (39.72, 16.75) g/kg, extrema(η): (3.87, -1.98) m, wall time: 12.249 seconds 
[ Info: time: 5633 days, iteration: 405576, Δt: 20 minutes,max|u|: (1.48e+00, 1.40e+00, 6.77e-03) m s⁻¹, extrema(T): (31.25, -1.94) ᵒC, extrema(S): (39.72, 16.89) g/kg, extrema(η): (4.04, -1.95) m, wall time: 12.008 seconds 
[ Info: time: 5634 days, iteration: 405648, Δt: 20 minutes,max|u|: (1.54e+00, 1.64e+00, 6.75e-03) m s⁻¹, extrema(T): (31.27, -1.94) ᵒC, extrema(S): (39.73, 16.55) g/kg, extrema(η): (2.80, -1.94) m, wall time: 12.061 seconds 
[ Info: time: 5635 days, iteration: 405720, Δt: 20 minutes,max|u|: (1.81e+00, 1.41e+00, 6.78e-03) m s⁻¹, extrema(T): (31.27, -1.95) ᵒC, extrema(S): (39.73, 16.88) g/kg, extrema(η): (2.48, -3.75) m, wall time: 16.927 seconds 
[ Info: time: 5636 days, iteration: 405792, Δt: 20 minutes,max|u|: (2.09e+00, 1.48e+00, 6.81e-03) m s⁻¹, extrema(T): (31.26, -1.95) ᵒC, extrema(S): (39.73, 16.43) g/kg, extrema(η): (2.10, -1.92) m, wall time: 12.090 seconds 
[ Info: time: 5637 days, iteration: 405864, Δt: 20 minutes,max|u|: (2.29e+00, 1.57e+00, 6.87e-03) m s⁻¹, extrema(T): (31.25, -1.95) ᵒC, extrema(S): (39.74, 16.08) g/kg, extrema(η): (2.92, -1.96) m, wall time: 12.206 seconds 
[ Info: time: 5638 days, iteration: 405936, Δt: 20 minutes,max|u|: (2.18e+00, 1.38e+00, 6.86e-03) m s⁻¹, extrema(T): (31.25, -1.95) ᵒC, extrema(S): (39.74, 15.94) g/kg, extrema(η): (4.43, -1.88) m, wall time: 12.018 seconds 
[ Info: time: 5639 days, iteration: 406008, Δt: 20 minutes,max|u|: (2.12e+00, 1.69e+00, 6.94e-03) m s⁻¹, extrema(T): (31.22, -1.95) ᵒC, extrema(S): (39.74, 16.15) g/kg, extrema(η): (1.38, -1.92) m, wall time: 11.984 seconds 
[ Info: time: 5640 days, iteration: 406080, Δt: 20 minutes,max|u|: (2.03e+00, 1.37e+00, 6.92e-03) m s⁻¹, extrema(T): (31.19, -1.95) ᵒC, extrema(S): (39.74, 15.85) g/kg, extrema(η): (1.28, -3.42) m, wall time: 11.964 seconds 
[ Info: time: 5641 days, iteration: 406152, Δt: 20 minutes,max|u|: (2.13e+00, 1.37e+00, 6.94e-03) m s⁻¹, extrema(T): (31.16, -1.95) ᵒC, extrema(S): (39.75, 15.45) g/kg, extrema(η): (1.34, -2.77) m, wall time: 11.865 seconds 
[ Info: time: 5642 days, iteration: 406224, Δt: 20 minutes,max|u|: (2.44e+00, 1.66e+00, 6.98e-03) m s⁻¹, extrema(T): (31.17, -1.95) ᵒC, extrema(S): (39.75, 15.31) g/kg, extrema(η): (1.81, -1.95) m, wall time: 11.906 seconds 
[ Info: time: 5643 days, iteration: 406296, Δt: 20 minutes,max|u|: (1.68e+00, 1.36e+00, 7.03e-03) m s⁻¹, extrema(T): (31.15, -1.95) ᵒC, extrema(S): (39.76, 15.52) g/kg, extrema(η): (4.44, -1.94) m, wall time: 11.882 seconds 
[ Info: time: 5644 days, iteration: 406368, Δt: 20 minutes,max|u|: (1.80e+00, 1.59e+00, 6.98e-03) m s⁻¹, extrema(T): (31.14, -1.95) ᵒC, extrema(S): (39.76, 16.49) g/kg, extrema(η): (1.99, -1.95) m, wall time: 12.015 seconds 
[ Info: time: 5645 days, iteration: 406440, Δt: 20 minutes,max|u|: (2.33e+00, 1.41e+00, 6.88e-03) m s⁻¹, extrema(T): (31.07, -1.95) ᵒC, extrema(S): (39.76, 15.75) g/kg, extrema(η): (1.29, -2.87) m, wall time: 11.946 seconds 
[ Info: time: 5646 days, iteration: 406512, Δt: 20 minutes,max|u|: (2.20e+00, 1.40e+00, 6.90e-03) m s⁻¹, extrema(T): (30.94, -1.95) ᵒC, extrema(S): (39.76, 15.14) g/kg, extrema(η): (1.32, -3.34) m, wall time: 11.977 seconds 
[ Info: time: 5647 days, iteration: 406584, Δt: 20 minutes,max|u|: (2.41e+00, 2.14e+00, 6.92e-03) m s⁻¹, extrema(T): (30.90, -1.95) ᵒC, extrema(S): (39.76, 15.77) g/kg, extrema(η): (1.39, -2.12) m, wall time: 16.740 seconds 
[ Info: time: 5648 days, iteration: 406656, Δt: 20 minutes,max|u|: (2.35e+00, 1.40e+00, 6.92e-03) m s⁻¹, extrema(T): (30.88, -1.95) ᵒC, extrema(S): (39.76, 16.36) g/kg, extrema(η): (4.22, -2.05) m, wall time: 11.963 seconds 
[ Info: time: 5649 days, iteration: 406728, Δt: 20 minutes,max|u|: (1.85e+00, 1.52e+00, 7.05e-03) m s⁻¹, extrema(T): (31.00, -1.95) ᵒC, extrema(S): (39.76, 16.20) g/kg, extrema(η): (3.00, -2.14) m, wall time: 11.918 seconds 
[ Info: time: 5650 days, iteration: 406800, Δt: 20 minutes,max|u|: (1.70e+00, 1.58e+00, 7.08e-03) m s⁻¹, extrema(T): (30.97, -1.94) ᵒC, extrema(S): (39.77, 15.77) g/kg, extrema(η): (1.44, -2.08) m, wall time: 11.963 seconds 
[ Info: time: 5651 days, iteration: 406872, Δt: 20 minutes,max|u|: (1.56e+00, 1.46e+00, 7.05e-03) m s⁻¹, extrema(T): (30.95, -1.95) ᵒC, extrema(S): (39.77, 15.87) g/kg, extrema(η): (2.04, -3.94) m, wall time: 11.961 seconds 
[ Info: time: 5652 days, iteration: 406944, Δt: 20 minutes,max|u|: (1.76e+00, 1.74e+00, 7.01e-03) m s⁻¹, extrema(T): (31.05, -1.95) ᵒC, extrema(S): (39.77, 15.42) g/kg, extrema(η): (2.64, -2.05) m, wall time: 12.043 seconds 
[ Info: time: 5653 days, iteration: 407016, Δt: 20 minutes,max|u|: (1.86e+00, 1.45e+00, 6.93e-03) m s⁻¹, extrema(T): (31.10, -1.95) ᵒC, extrema(S): (39.77, 14.97) g/kg, extrema(η): (3.81, -1.90) m, wall time: 12.031 seconds 
[ Info: time: 5654 days, iteration: 407088, Δt: 20 minutes,max|u|: (2.12e+00, 1.46e+00, 6.92e-03) m s⁻¹, extrema(T): (31.23, -1.93) ᵒC, extrema(S): (39.77, 14.46) g/kg, extrema(η): (3.84, -1.91) m, wall time: 13.242 seconds 
[ Info: time: 5655 days, iteration: 407160, Δt: 20 minutes,max|u|: (1.91e+00, 1.60e+00, 6.91e-03) m s⁻¹, extrema(T): (31.18, -1.93) ᵒC, extrema(S): (39.78, 14.24) g/kg, extrema(η): (3.34, -1.94) m, wall time: 11.890 seconds 
[ Info: time: 5656 days, iteration: 407232, Δt: 20 minutes,max|u|: (1.60e+00, 1.46e+00, 6.93e-03) m s⁻¹, extrema(T): (31.20, -1.92) ᵒC, extrema(S): (39.78, 13.88) g/kg, extrema(η): (3.36, -3.66) m, wall time: 11.984 seconds 
[ Info: time: 5657 days, iteration: 407304, Δt: 20 minutes,max|u|: (1.77e+00, 1.63e+00, 6.94e-03) m s⁻¹, extrema(T): (31.21, -1.91) ᵒC, extrema(S): (39.79, 13.70) g/kg, extrema(η): (3.30, -2.16) m, wall time: 11.939 seconds 
[ Info: time: 5658 days, iteration: 407376, Δt: 20 minutes,max|u|: (1.64e+00, 1.57e+00, 6.84e-03) m s⁻¹, extrema(T): (31.26, -1.91) ᵒC, extrema(S): (39.79, 13.80) g/kg, extrema(η): (3.09, -2.20) m, wall time: 12.086 seconds 
[ Info: time: 5659 days, iteration: 407448, Δt: 20 minutes,max|u|: (1.87e+00, 1.45e+00, 6.82e-03) m s⁻¹, extrema(T): (31.12, -1.91) ᵒC, extrema(S): (39.79, 13.86) g/kg, extrema(η): (4.52, -2.19) m, wall time: 12.004 seconds 
[ Info: time: 5660 days, iteration: 407520, Δt: 20 minutes,max|u|: (2.09e+00, 1.68e+00, 6.94e-03) m s⁻¹, extrema(T): (31.02, -1.91) ᵒC, extrema(S): (39.79, 15.97) g/kg, extrema(η): (2.23, -2.20) m, wall time: 16.967 seconds 
[ Info: time: 5661 days, iteration: 407592, Δt: 20 minutes,max|u|: (1.85e+00, 1.44e+00, 6.98e-03) m s⁻¹, extrema(T): (31.03, -1.92) ᵒC, extrema(S): (39.79, 15.26) g/kg, extrema(η): (1.74, -3.49) m, wall time: 11.921 seconds 
[ Info: time: 5662 days, iteration: 407664, Δt: 20 minutes,max|u|: (2.29e+00, 1.43e+00, 6.97e-03) m s⁻¹, extrema(T): (31.04, -1.92) ᵒC, extrema(S): (39.79, 14.64) g/kg, extrema(η): (1.42, -2.50) m, wall time: 11.953 seconds 
[ Info: time: 5663 days, iteration: 407736, Δt: 20 minutes,max|u|: (2.27e+00, 1.67e+00, 6.97e-03) m s⁻¹, extrema(T): (31.08, -1.92) ᵒC, extrema(S): (39.80, 14.18) g/kg, extrema(η): (2.21, -1.98) m, wall time: 12.035 seconds 
[ Info: time: 5664 days, iteration: 407808, Δt: 20 minutes,max|u|: (1.97e+00, 1.41e+00, 6.96e-03) m s⁻¹, extrema(T): (31.28, -1.93) ᵒC, extrema(S): (39.80, 14.96) g/kg, extrema(η): (4.48, -1.93) m, wall time: 12.043 seconds 
[ Info: time: 5665 days, iteration: 407880, Δt: 20 minutes,max|u|: (2.16e+00, 1.72e+00, 7.03e-03) m s⁻¹, extrema(T): (31.19, -1.93) ᵒC, extrema(S): (39.80, 14.59) g/kg, extrema(η): (2.13, -2.05) m, wall time: 11.923 seconds 
[ Info: time: 5666 days, iteration: 407952, Δt: 20 minutes,max|u|: (2.74e+00, 1.41e+00, 7.05e-03) m s⁻¹, extrema(T): (31.10, -1.94) ᵒC, extrema(S): (39.80, 14.24) g/kg, extrema(η): (1.32, -2.44) m, wall time: 11.985 seconds 
[ Info: time: 5667 days, iteration: 408024, Δt: 20 minutes,max|u|: (2.19e+00, 1.41e+00, 7.11e-03) m s⁻¹, extrema(T): (31.30, -1.94) ᵒC, extrema(S): (39.81, 15.51) g/kg, extrema(η): (1.31, -3.41) m, wall time: 12.010 seconds 
[ Info: time: 5668 days, iteration: 408096, Δt: 20 minutes,max|u|: (2.10e+00, 1.73e+00, 7.11e-03) m s⁻¹, extrema(T): (31.66, -1.94) ᵒC, extrema(S): (39.81, 15.32) g/kg, extrema(η): (1.67, -2.15) m, wall time: 12.008 seconds 
[ Info: time: 5669 days, iteration: 408168, Δt: 20 minutes,max|u|: (2.17e+00, 1.41e+00, 7.13e-03) m s⁻¹, extrema(T): (31.58, -1.95) ᵒC, extrema(S): (39.81, 14.75) g/kg, extrema(η): (4.08, -2.07) m, wall time: 11.986 seconds 
[ Info: time: 5670 days, iteration: 408240, Δt: 20 minutes,max|u|: (2.54e+00, 1.42e+00, 7.03e-03) m s⁻¹, extrema(T): (31.65, -1.95) ᵒC, extrema(S): (39.81, 14.24) g/kg, extrema(η): (3.17, -1.92) m, wall time: 12.067 seconds 
[ Info: time: 5671 days, iteration: 408312, Δt: 20 minutes,max|u|: (1.91e+00, 1.55e+00, 7.02e-03) m s⁻¹, extrema(T): (31.61, -1.95) ᵒC, extrema(S): (39.81, 15.38) g/kg, extrema(η): (1.37, -2.05) m, wall time: 12.023 seconds 
[ Info: time: 5672 days, iteration: 408384, Δt: 20 minutes,max|u|: (1.83e+00, 1.44e+00, 7.00e-03) m s⁻¹, extrema(T): (31.51, -1.95) ᵒC, extrema(S): (39.82, 15.28) g/kg, extrema(η): (1.40, -3.88) m, wall time: 16.994 seconds 
[ Info: time: 5673 days, iteration: 408456, Δt: 20 minutes,max|u|: (1.76e+00, 1.76e+00, 7.01e-03) m s⁻¹, extrema(T): (31.60, -1.95) ᵒC, extrema(S): (39.82, 15.51) g/kg, extrema(η): (1.49, -2.16) m, wall time: 12.105 seconds 
[ Info: time: 5674 days, iteration: 408528, Δt: 20 minutes,max|u|: (1.76e+00, 1.44e+00, 6.99e-03) m s⁻¹, extrema(T): (31.71, -1.95) ᵒC, extrema(S): (39.82, 14.60) g/kg, extrema(η): (3.46, -2.16) m, wall time: 12.069 seconds 
[ Info: time: 5675 days, iteration: 408600, Δt: 20 minutes,max|u|: (2.13e+00, 1.73e+00, 6.94e-03) m s⁻¹, extrema(T): (31.70, -1.95) ᵒC, extrema(S): (39.82, 15.90) g/kg, extrema(η): (3.80, -2.14) m, wall time: 11.948 seconds 
[ Info: time: 5676 days, iteration: 408672, Δt: 20 minutes,max|u|: (1.61e+00, 1.67e+00, 6.88e-03) m s⁻¹, extrema(T): (31.69, -1.93) ᵒC, extrema(S): (39.83, 16.53) g/kg, extrema(η): (2.10, -2.09) m, wall time: 12.052 seconds 
[ Info: time: 5677 days, iteration: 408744, Δt: 20 minutes,max|u|: (1.62e+00, 1.46e+00, 6.85e-03) m s⁻¹, extrema(T): (31.78, -1.93) ᵒC, extrema(S): (39.83, 15.57) g/kg, extrema(η): (2.73, -3.92) m, wall time: 11.992 seconds 
[ Info: time: 5678 days, iteration: 408816, Δt: 20 minutes,max|u|: (1.85e+00, 1.59e+00, 6.82e-03) m s⁻¹, extrema(T): (32.10, -1.93) ᵒC, extrema(S): (39.83, 16.33) g/kg, extrema(η): (3.06, -1.97) m, wall time: 11.966 seconds 
[ Info: time: 5679 days, iteration: 408888, Δt: 20 minutes,max|u|: (2.09e+00, 1.58e+00, 6.77e-03) m s⁻¹, extrema(T): (32.23, -1.94) ᵒC, extrema(S): (39.83, 16.67) g/kg, extrema(η): (3.32, -2.01) m, wall time: 12.078 seconds 
[ Info: time: 5680 days, iteration: 408960, Δt: 20 minutes,max|u|: (1.86e+00, 1.45e+00, 6.83e-03) m s⁻¹, extrema(T): (32.21, -1.94) ᵒC, extrema(S): (39.84, 15.68) g/kg, extrema(η): (4.32, -1.92) m, wall time: 11.943 seconds 
[ Info: time: 5681 days, iteration: 409032, Δt: 20 minutes,max|u|: (1.93e+00, 1.69e+00, 6.78e-03) m s⁻¹, extrema(T): (32.20, -1.94) ᵒC, extrema(S): (39.84, 15.22) g/kg, extrema(η): (3.11, -1.94) m, wall time: 12.039 seconds 
[ Info: time: 5682 days, iteration: 409104, Δt: 20 minutes,max|u|: (1.85e+00, 1.47e+00, 6.76e-03) m s⁻¹, extrema(T): (32.31, -1.94) ᵒC, extrema(S): (39.84, 14.78) g/kg, extrema(η): (2.89, -3.33) m, wall time: 12.018 seconds 
[ Info: time: 5683 days, iteration: 409176, Δt: 20 minutes,max|u|: (1.65e+00, 1.66e+00, 6.73e-03) m s⁻¹, extrema(T): (32.18, -1.94) ᵒC, extrema(S): (39.84, 14.75) g/kg, extrema(η): (2.66, -2.91) m, wall time: 11.948 seconds 
[ Info: time: 5684 days, iteration: 409248, Δt: 20 minutes,max|u|: (1.96e+00, 1.69e+00, 6.71e-03) m s⁻¹, extrema(T): (32.31, -1.94) ᵒC, extrema(S): (39.85, 14.42) g/kg, extrema(η): (2.37, -2.00) m, wall time: 16.913 seconds 
[ Info: time: 5685 days, iteration: 409320, Δt: 20 minutes,max|u|: (2.25e+00, 1.53e+00, 6.68e-03) m s⁻¹, extrema(T): (32.27, -1.94) ᵒC, extrema(S): (39.85, 13.96) g/kg, extrema(η): (4.46, -2.23) m, wall time: 13.266 seconds 
[ Info: time: 5686 days, iteration: 409392, Δt: 20 minutes,max|u|: (1.91e+00, 1.56e+00, 6.69e-03) m s⁻¹, extrema(T): (32.13, -1.94) ᵒC, extrema(S): (39.85, 13.55) g/kg, extrema(η): (2.36, -2.01) m, wall time: 12.002 seconds 
[ Info: time: 5687 days, iteration: 409464, Δt: 20 minutes,max|u|: (1.65e+00, 1.41e+00, 6.68e-03) m s⁻¹, extrema(T): (32.16, -1.94) ᵒC, extrema(S): (39.85, 13.23) g/kg, extrema(η): (1.40, -2.56) m, wall time: 11.992 seconds 
[ Info: time: 5688 days, iteration: 409536, Δt: 20 minutes,max|u|: (1.56e+00, 1.43e+00, 6.69e-03) m s⁻¹, extrema(T): (32.17, -1.94) ᵒC, extrema(S): (39.85, 13.41) g/kg, extrema(η): (1.42, -3.56) m, wall time: 11.998 seconds 
[ Info: time: 5689 days, iteration: 409608, Δt: 20 minutes,max|u|: (1.57e+00, 1.67e+00, 6.75e-03) m s⁻¹, extrema(T): (32.08, -1.94) ᵒC, extrema(S): (39.85, 13.73) g/kg, extrema(η): (1.41, -1.89) m, wall time: 12.089 seconds 
[ Info: time: 5690 days, iteration: 409680, Δt: 20 minutes,max|u|: (1.56e+00, 1.55e+00, 6.76e-03) m s⁻¹, extrema(T): (32.06, -1.94) ᵒC, extrema(S): (39.86, 13.73) g/kg, extrema(η): (4.17, -1.97) m, wall time: 12.068 seconds 
[ Info: time: 5691 days, iteration: 409752, Δt: 20 minutes,max|u|: (1.56e+00, 1.61e+00, 6.78e-03) m s⁻¹, extrema(T): (32.03, -1.94) ᵒC, extrema(S): (39.86, 13.89) g/kg, extrema(η): (3.29, -1.94) m, wall time: 12.043 seconds 
[ Info: time: 5692 days, iteration: 409824, Δt: 20 minutes,max|u|: (1.60e+00, 1.62e+00, 6.76e-03) m s⁻¹, extrema(T): (31.95, -1.94) ᵒC, extrema(S): (39.86, 14.29) g/kg, extrema(η): (1.54, -2.03) m, wall time: 11.991 seconds 
[ Info: time: 5693 days, iteration: 409896, Δt: 20 minutes,max|u|: (1.49e+00, 1.65e+00, 6.81e-03) m s⁻¹, extrema(T): (31.80, -1.94) ᵒC, extrema(S): (39.87, 14.71) g/kg, extrema(η): (1.40, -3.60) m, wall time: 12.001 seconds 
[ Info: time: 5694 days, iteration: 409968, Δt: 20 minutes,max|u|: (1.51e+00, 1.62e+00, 6.85e-03) m s⁻¹, extrema(T): (31.72, -1.94) ᵒC, extrema(S): (39.87, 14.38) g/kg, extrema(η): (1.40, -2.07) m, wall time: 11.972 seconds 
[ Info: time: 5695 days, iteration: 410040, Δt: 20 minutes,max|u|: (1.57e+00, 1.61e+00, 6.90e-03) m s⁻¹, extrema(T): (31.77, -1.95) ᵒC, extrema(S): (39.88, 13.80) g/kg, extrema(η): (3.35, -2.06) m, wall time: 11.869 seconds 
[ Info: time: 5696 days, iteration: 410112, Δt: 20 minutes,max|u|: (1.70e+00, 1.58e+00, 6.81e-03) m s⁻¹, extrema(T): (31.83, -1.95) ᵒC, extrema(S): (39.89, 13.81) g/kg, extrema(η): (4.12, -2.09) m, wall time: 11.929 seconds 
[ Info: time: 5697 days, iteration: 410184, Δt: 20 minutes,max|u|: (1.63e+00, 1.66e+00, 6.84e-03) m s⁻¹, extrema(T): (31.58, -1.95) ᵒC, extrema(S): (39.88, 14.52) g/kg, extrema(η): (1.40, -2.02) m, wall time: 16.867 seconds 
[ Info: time: 5698 days, iteration: 410256, Δt: 20 minutes,max|u|: (1.72e+00, 1.52e+00, 6.80e-03) m s⁻¹, extrema(T): (31.51, -1.95) ᵒC, extrema(S): (39.89, 14.14) g/kg, extrema(η): (1.65, -3.36) m, wall time: 11.924 seconds 
[ Info: time: 5699 days, iteration: 410328, Δt: 20 minutes,max|u|: (1.80e+00, 1.52e+00, 6.80e-03) m s⁻¹, extrema(T): (31.54, -1.95) ᵒC, extrema(S): (39.88, 15.29) g/kg, extrema(η): (1.45, -2.62) m, wall time: 11.965 seconds 
[ Info: time: 5700 days, iteration: 410400, Δt: 20 minutes,max|u|: (1.83e+00, 1.66e+00, 6.77e-03) m s⁻¹, extrema(T): (31.60, -1.95) ᵒC, extrema(S): (39.88, 15.14) g/kg, extrema(η): (1.91, -1.87) m, wall time: 12.026 seconds 
[ Info: time: 5701 days, iteration: 410472, Δt: 20 minutes,max|u|: (1.51e+00, 1.86e+00, 6.84e-03) m s⁻¹, extrema(T): (31.59, -1.95) ᵒC, extrema(S): (39.88, 14.74) g/kg, extrema(η): (4.56, -2.03) m, wall time: 12.043 seconds 
[ Info: time: 5702 days, iteration: 410544, Δt: 20 minutes,max|u|: (1.96e+00, 1.59e+00, 6.98e-03) m s⁻¹, extrema(T): (31.48, -1.95) ᵒC, extrema(S): (39.88, 14.64) g/kg, extrema(η): (2.48, -2.06) m, wall time: 11.943 seconds 
[ Info: time: 5703 days, iteration: 410616, Δt: 20 minutes,max|u|: (1.72e+00, 1.44e+00, 7.02e-03) m s⁻¹, extrema(T): (31.43, -1.96) ᵒC, extrema(S): (39.88, 14.85) g/kg, extrema(η): (2.81, -2.58) m, wall time: 11.996 seconds 
[ Info: time: 5704 days, iteration: 410688, Δt: 20 minutes,max|u|: (2.34e+00, 1.48e+00, 7.04e-03) m s⁻¹, extrema(T): (31.42, -1.96) ᵒC, extrema(S): (39.88, 14.96) g/kg, extrema(η): (3.06, -3.22) m, wall time: 12.110 seconds 
[ Info: time: 5705 days, iteration: 410760, Δt: 20 minutes,max|u|: (2.23e+00, 1.73e+00, 7.04e-03) m s⁻¹, extrema(T): (31.45, -1.96) ᵒC, extrema(S): (39.89, 14.46) g/kg, extrema(η): (3.03, -2.11) m, wall time: 12.140 seconds 
[ Info: time: 5706 days, iteration: 410832, Δt: 20 minutes,max|u|: (2.27e+00, 1.42e+00, 7.03e-03) m s⁻¹, extrema(T): (31.49, -1.96) ᵒC, extrema(S): (39.88, 14.95) g/kg, extrema(η): (4.51, -1.93) m, wall time: 12.073 seconds 
[ Info: time: 5707 days, iteration: 410904, Δt: 20 minutes,max|u|: (2.00e+00, 1.40e+00, 7.06e-03) m s⁻¹, extrema(T): (31.49, -1.96) ᵒC, extrema(S): (39.89, 15.32) g/kg, extrema(η): (3.19, -2.04) m, wall time: 11.967 seconds 
[ Info: time: 5708 days, iteration: 410976, Δt: 20 minutes,max|u|: (1.81e+00, 1.49e+00, 7.09e-03) m s⁻¹, extrema(T): (31.38, -1.96) ᵒC, extrema(S): (39.89, 15.63) g/kg, extrema(η): (2.69, -1.84) m, wall time: 11.914 seconds 
[ Info: time: 5709 days, iteration: 411048, Δt: 20 minutes,max|u|: (1.99e+00, 1.51e+00, 7.12e-03) m s⁻¹, extrema(T): (31.31, -1.96) ᵒC, extrema(S): (39.89, 14.79) g/kg, extrema(η): (2.46, -3.93) m, wall time: 17.003 seconds 
[ Info: time: 5710 days, iteration: 411120, Δt: 20 minutes,max|u|: (2.03e+00, 1.69e+00, 7.19e-03) m s⁻¹, extrema(T): (31.26, -1.96) ᵒC, extrema(S): (39.89, 14.31) g/kg, extrema(η): (2.14, -1.95) m, wall time: 12.257 seconds 
[ Info: time: 5711 days, iteration: 411192, Δt: 20 minutes,max|u|: (2.18e+00, 1.42e+00, 7.17e-03) m s⁻¹, extrema(T): (31.28, -1.96) ᵒC, extrema(S): (39.89, 13.93) g/kg, extrema(η): (3.56, -2.04) m, wall time: 11.996 seconds 
[ Info: time: 5712 days, iteration: 411264, Δt: 20 minutes,max|u|: (2.04e+00, 1.42e+00, 7.30e-03) m s⁻¹, extrema(T): (31.37, -1.96) ᵒC, extrema(S): (39.89, 13.55) g/kg, extrema(η): (4.01, -2.02) m, wall time: 12.022 seconds 
[ Info: time: 5713 days, iteration: 411336, Δt: 20 minutes,max|u|: (2.18e+00, 1.68e+00, 7.39e-03) m s⁻¹, extrema(T): (31.40, -1.96) ᵒC, extrema(S): (39.89, 14.80) g/kg, extrema(η): (1.45, -1.96) m, wall time: 11.926 seconds 
[ Info: time: 5714 days, iteration: 411408, Δt: 20 minutes,max|u|: (2.22e+00, 1.57e+00, 7.25e-03) m s⁻¹, extrema(T): (31.41, -1.96) ᵒC, extrema(S): (39.89, 14.87) g/kg, extrema(η): (1.38, -3.79) m, wall time: 11.965 seconds 
[ Info: time: 5715 days, iteration: 411480, Δt: 20 minutes,max|u|: (2.18e+00, 1.89e+00, 7.17e-03) m s⁻¹, extrema(T): (31.40, -1.96) ᵒC, extrema(S): (39.89, 15.00) g/kg, extrema(η): (1.55, -2.05) m, wall time: 11.957 seconds 
[ Info: time: 5716 days, iteration: 411552, Δt: 20 minutes,max|u|: (2.03e+00, 1.55e+00, 7.17e-03) m s⁻¹, extrema(T): (31.28, -1.96) ᵒC, extrema(S): (39.90, 15.39) g/kg, extrema(η): (2.75, -1.88) m, wall time: 12.554 seconds 
[ Info: time: 5717 days, iteration: 411624, Δt: 20 minutes,max|u|: (1.77e+00, 2.57e+00, 7.19e-03) m s⁻¹, extrema(T): (31.26, -1.96) ᵒC, extrema(S): (39.90, 14.73) g/kg, extrema(η): (4.38, -1.88) m, wall time: 11.738 seconds 
[ Info: time: 5718 days, iteration: 411696, Δt: 20 minutes,max|u|: (1.90e+00, 1.77e+00, 7.13e-03) m s⁻¹, extrema(T): (31.27, -1.96) ᵒC, extrema(S): (39.90, 14.16) g/kg, extrema(η): (1.36, -2.00) m, wall time: 11.747 seconds 
[ Info: time: 5719 days, iteration: 411768, Δt: 20 minutes,max|u|: (2.11e+00, 1.81e+00, 7.11e-03) m s⁻¹, extrema(T): (31.29, -1.95) ᵒC, extrema(S): (39.90, 13.83) g/kg, extrema(η): (1.33, -3.44) m, wall time: 11.901 seconds 
[ Info: time: 5720 days, iteration: 411840, Δt: 20 minutes,max|u|: (2.19e+00, 1.40e+00, 7.10e-03) m s⁻¹, extrema(T): (31.23, -1.95) ᵒC, extrema(S): (39.90, 14.28) g/kg, extrema(η): (1.64, -2.97) m, wall time: 11.821 seconds 
[ Info: time: 5721 days, iteration: 411912, Δt: 20 minutes,max|u|: (2.25e+00, 1.66e+00, 7.10e-03) m s⁻¹, extrema(T): (31.24, -1.94) ᵒC, extrema(S): (39.90, 15.10) g/kg, extrema(η): (1.55, -2.03) m, wall time: 11.744 seconds 
[ Info: time: 5722 days, iteration: 411984, Δt: 20 minutes,max|u|: (2.09e+00, 1.64e+00, 7.12e-03) m s⁻¹, extrema(T): (31.22, -1.95) ᵒC, extrema(S): (39.91, 14.48) g/kg, extrema(η): (4.42, -2.10) m, wall time: 16.504 seconds 
[ Info: time: 5723 days, iteration: 412056, Δt: 20 minutes,max|u|: (2.16e+00, 1.56e+00, 7.12e-03) m s⁻¹, extrema(T): (31.30, -1.95) ᵒC, extrema(S): (39.90, 14.12) g/kg, extrema(η): (2.21, -2.28) m, wall time: 11.735 seconds 
[ Info: time: 5724 days, iteration: 412128, Δt: 20 minutes,max|u|: (2.09e+00, 1.79e+00, 7.08e-03) m s⁻¹, extrema(T): (31.33, -1.95) ᵒC, extrema(S): (39.91, 13.86) g/kg, extrema(η): (2.00, -2.71) m, wall time: 15.704 seconds 
[ Info: time: 5725 days, iteration: 412200, Δt: 20 minutes,max|u|: (2.04e+00, 1.66e+00, 7.04e-03) m s⁻¹, extrema(T): (31.27, -1.95) ᵒC, extrema(S): (39.90, 13.67) g/kg, extrema(η): (1.74, -3.63) m, wall time: 11.736 seconds 
[ Info: time: 5726 days, iteration: 412272, Δt: 20 minutes,max|u|: (1.82e+00, 1.77e+00, 6.95e-03) m s⁻¹, extrema(T): (31.16, -1.95) ᵒC, extrema(S): (39.90, 14.71) g/kg, extrema(η): (2.21, -2.10) m, wall time: 11.820 seconds 
[ Info: time: 5727 days, iteration: 412344, Δt: 20 minutes,max|u|: (2.03e+00, 1.48e+00, 6.98e-03) m s⁻¹, extrema(T): (31.18, -1.96) ᵒC, extrema(S): (39.91, 15.47) g/kg, extrema(η): (4.24, -2.10) m, wall time: 11.820 seconds 
[ Info: time: 5728 days, iteration: 412416, Δt: 20 minutes,max|u|: (2.34e+00, 1.50e+00, 6.95e-03) m s⁻¹, extrema(T): (31.22, -1.96) ᵒC, extrema(S): (39.90, 15.06) g/kg, extrema(η): (3.13, -2.03) m, wall time: 11.873 seconds 
[ Info: time: 5729 days, iteration: 412488, Δt: 20 minutes,max|u|: (2.40e+00, 1.50e+00, 6.91e-03) m s⁻¹, extrema(T): (31.20, -1.96) ᵒC, extrema(S): (39.91, 14.60) g/kg, extrema(η): (3.02, -2.11) m, wall time: 11.756 seconds 
[ Info: time: 5730 days, iteration: 412560, Δt: 20 minutes,max|u|: (2.35e+00, 1.47e+00, 6.89e-03) m s⁻¹, extrema(T): (31.28, -1.96) ᵒC, extrema(S): (39.91, 15.35) g/kg, extrema(η): (3.22, -3.49) m, wall time: 11.728 seconds 
[ Info: time: 5731 days, iteration: 412632, Δt: 20 minutes,max|u|: (2.18e+00, 1.55e+00, 6.80e-03) m s⁻¹, extrema(T): (31.26, -1.96) ᵒC, extrema(S): (39.92, 15.05) g/kg, extrema(η): (3.29, -2.01) m, wall time: 11.779 seconds 
[ Info: time: 5732 days, iteration: 412704, Δt: 20 minutes,max|u|: (1.89e+00, 1.42e+00, 6.83e-03) m s⁻¹, extrema(T): (31.13, -1.96) ᵒC, extrema(S): (39.93, 14.44) g/kg, extrema(η): (3.46, -2.06) m, wall time: 11.803 seconds 
[ Info: time: 5733 days, iteration: 412776, Δt: 20 minutes,max|u|: (1.87e+00, 1.46e+00, 6.87e-03) m s⁻¹, extrema(T): (31.09, -1.97) ᵒC, extrema(S): (39.91, 14.33) g/kg, extrema(η): (4.05, -1.99) m, wall time: 11.684 seconds 
[ Info: time: 5734 days, iteration: 412848, Δt: 20 minutes,max|u|: (2.26e+00, 1.69e+00, 6.87e-03) m s⁻¹, extrema(T): (31.08, -1.97) ᵒC, extrema(S): (39.91, 13.73) g/kg, extrema(η): (2.63, -2.09) m, wall time: 16.714 seconds 
[ Info: time: 5735 days, iteration: 412920, Δt: 20 minutes,max|u|: (2.21e+00, 1.54e+00, 6.85e-03) m s⁻¹, extrema(T): (31.05, -1.97) ᵒC, extrema(S): (39.92, 13.21) g/kg, extrema(η): (2.37, -3.09) m, wall time: 11.876 seconds 
[ Info: time: 5736 days, iteration: 412992, Δt: 20 minutes,max|u|: (2.49e+00, 1.49e+00, 6.83e-03) m s⁻¹, extrema(T): (31.05, -1.97) ᵒC, extrema(S): (39.92, 14.01) g/kg, extrema(η): (2.05, -1.99) m, wall time: 11.938 seconds 
[ Info: time: 5737 days, iteration: 413064, Δt: 20 minutes,max|u|: (2.46e+00, 1.74e+00, 6.73e-03) m s⁻¹, extrema(T): (31.03, -1.97) ᵒC, extrema(S): (39.92, 15.29) g/kg, extrema(η): (2.43, -2.11) m, wall time: 11.840 seconds 
[ Info: time: 5738 days, iteration: 413136, Δt: 20 minutes,max|u|: (2.24e+00, 1.82e+00, 6.70e-03) m s⁻¹, extrema(T): (31.04, -1.97) ᵒC, extrema(S): (39.91, 15.45) g/kg, extrema(η): (4.23, -2.22) m, wall time: 11.752 seconds 
[ Info: time: 5739 days, iteration: 413208, Δt: 20 minutes,max|u|: (2.11e+00, 1.55e+00, 6.61e-03) m s⁻¹, extrema(T): (30.99, -1.97) ᵒC, extrema(S): (39.91, 14.82) g/kg, extrema(η): (1.64, -2.19) m, wall time: 11.772 seconds 
[ Info: time: 5740 days, iteration: 413280, Δt: 20 minutes,max|u|: (2.22e+00, 1.54e+00, 6.68e-03) m s⁻¹, extrema(T): (30.96, -1.96) ᵒC, extrema(S): (39.91, 14.22) g/kg, extrema(η): (1.35, -2.31) m, wall time: 11.758 seconds 
[ Info: time: 5741 days, iteration: 413352, Δt: 20 minutes,max|u|: (2.34e+00, 1.64e+00, 6.77e-03) m s⁻¹, extrema(T): (30.96, -1.96) ᵒC, extrema(S): (39.91, 13.78) g/kg, extrema(η): (1.34, -2.85) m, wall time: 11.788 seconds 
[ Info: time: 5742 days, iteration: 413424, Δt: 20 minutes,max|u|: (2.28e+00, 1.73e+00, 6.81e-03) m s⁻¹, extrema(T): (31.00, -1.94) ᵒC, extrema(S): (39.91, 13.54) g/kg, extrema(η): (1.36, -2.02) m, wall time: 11.788 seconds 
[ Info: time: 5743 days, iteration: 413496, Δt: 20 minutes,max|u|: (2.18e+00, 1.51e+00, 6.78e-03) m s⁻¹, extrema(T): (30.98, -1.94) ᵒC, extrema(S): (39.92, 13.54) g/kg, extrema(η): (4.33, -2.22) m, wall time: 11.705 seconds 
[ Info: time: 5744 days, iteration: 413568, Δt: 20 minutes,max|u|: (2.09e+00, 1.50e+00, 6.79e-03) m s⁻¹, extrema(T): (30.99, -1.91) ᵒC, extrema(S): (39.92, 13.58) g/kg, extrema(η): (2.88, -2.22) m, wall time: 11.782 seconds 
[ Info: time: 5745 days, iteration: 413640, Δt: 20 minutes,max|u|: (2.01e+00, 1.43e+00, 6.80e-03) m s⁻¹, extrema(T): (30.94, -1.90) ᵒC, extrema(S): (39.92, 14.15) g/kg, extrema(η): (1.34, -2.03) m, wall time: 11.745 seconds 
[ Info: time: 5746 days, iteration: 413712, Δt: 20 minutes,max|u|: (2.16e+00, 1.45e+00, 6.77e-03) m s⁻¹, extrema(T): (30.93, -1.90) ᵒC, extrema(S): (39.92, 14.45) g/kg, extrema(η): (1.34, -3.18) m, wall time: 16.577 seconds 
[ Info: time: 5747 days, iteration: 413784, Δt: 20 minutes,max|u|: (2.27e+00, 1.65e+00, 6.78e-03) m s⁻¹, extrema(T): (30.97, -1.89) ᵒC, extrema(S): (39.92, 14.83) g/kg, extrema(η): (1.35, -2.07) m, wall time: 12.921 seconds 
[ Info: time: 5748 days, iteration: 413856, Δt: 20 minutes,max|u|: (2.19e+00, 1.46e+00, 6.76e-03) m s⁻¹, extrema(T): (30.96, -1.89) ᵒC, extrema(S): (39.93, 14.67) g/kg, extrema(η): (3.63, -2.07) m, wall time: 11.795 seconds 
[ Info: time: 5749 days, iteration: 413928, Δt: 20 minutes,max|u|: (2.05e+00, 1.47e+00, 6.77e-03) m s⁻¹, extrema(T): (30.92, -1.89) ᵒC, extrema(S): (39.92, 14.43) g/kg, extrema(η): (4.06, -2.29) m, wall time: 11.769 seconds 
[ Info: time: 5750 days, iteration: 414000, Δt: 20 minutes,max|u|: (2.05e+00, 1.66e+00, 6.79e-03) m s⁻¹, extrema(T): (30.87, -1.89) ᵒC, extrema(S): (39.93, 14.65) g/kg, extrema(η): (1.51, -2.27) m, wall time: 11.779 seconds 
[ Info: time: 5751 days, iteration: 414072, Δt: 20 minutes,max|u|: (1.78e+00, 2.19e+00, 6.85e-03) m s⁻¹, extrema(T): (30.90, -1.89) ᵒC, extrema(S): (39.93, 15.01) g/kg, extrema(η): (1.93, -3.69) m, wall time: 11.724 seconds 
[ Info: time: 5752 days, iteration: 414144, Δt: 20 minutes,max|u|: (1.72e+00, 2.26e+00, 6.87e-03) m s⁻¹, extrema(T): (30.93, -1.94) ᵒC, extrema(S): (39.93, 15.63) g/kg, extrema(η): (2.34, -2.27) m, wall time: 11.715 seconds 
[ Info: time: 5753 days, iteration: 414216, Δt: 20 minutes,max|u|: (1.72e+00, 1.69e+00, 6.84e-03) m s⁻¹, extrema(T): (30.94, -1.93) ᵒC, extrema(S): (39.93, 17.21) g/kg, extrema(η): (2.82, -2.22) m, wall time: 11.760 seconds 
[ Info: time: 5754 days, iteration: 414288, Δt: 20 minutes,max|u|: (1.90e+00, 1.66e+00, 6.79e-03) m s⁻¹, extrema(T): (30.95, -1.93) ᵒC, extrema(S): (39.94, 17.71) g/kg, extrema(η): (4.35, -2.21) m, wall time: 11.786 seconds 
[ Info: time: 5755 days, iteration: 414360, Δt: 20 minutes,max|u|: (1.54e+00, 1.79e+00, 6.81e-03) m s⁻¹, extrema(T): (30.98, -1.94) ᵒC, extrema(S): (39.94, 17.93) g/kg, extrema(η): (3.25, -2.14) m, wall time: 11.749 seconds 
[ Info: time: 5756 days, iteration: 414432, Δt: 20 minutes,max|u|: (1.56e+00, 1.46e+00, 6.75e-03) m s⁻¹, extrema(T): (31.01, -1.94) ᵒC, extrema(S): (39.94, 17.75) g/kg, extrema(η): (3.32, -2.77) m, wall time: 11.737 seconds 
[ Info: time: 5757 days, iteration: 414504, Δt: 20 minutes,max|u|: (1.51e+00, 2.12e+00, 6.67e-03) m s⁻¹, extrema(T): (30.98, -1.94) ᵒC, extrema(S): (39.94, 17.63) g/kg, extrema(η): (3.21, -2.99) m, wall time: 11.692 seconds 
[ Info: time: 5758 days, iteration: 414576, Δt: 20 minutes,max|u|: (1.62e+00, 1.75e+00, 6.54e-03) m s⁻¹, extrema(T): (31.03, -1.94) ᵒC, extrema(S): (39.94, 17.70) g/kg, extrema(η): (3.05, -2.01) m, wall time: 11.740 seconds 
[ Info: time: 5759 days, iteration: 414648, Δt: 20 minutes,max|u|: (1.58e+00, 1.49e+00, 6.55e-03) m s⁻¹, extrema(T): (31.06, -1.94) ᵒC, extrema(S): (39.95, 17.28) g/kg, extrema(η): (4.74, -1.95) m, wall time: 16.493 seconds 
[ Info: time: 5760 days, iteration: 414720, Δt: 20 minutes,max|u|: (1.86e+00, 1.66e+00, 6.56e-03) m s⁻¹, extrema(T): (31.08, -1.94) ᵒC, extrema(S): (39.95, 15.39) g/kg, extrema(η): (3.05, -2.21) m, wall time: 11.840 seconds 
[ Info: time: 5761 days, iteration: 414792, Δt: 20 minutes,max|u|: (1.60e+00, 1.51e+00, 6.69e-03) m s⁻¹, extrema(T): (31.16, -1.94) ᵒC, extrema(S): (39.95, 15.97) g/kg, extrema(η): (1.89, -2.23) m, wall time: 11.654 seconds 
[ Info: time: 5762 days, iteration: 414864, Δt: 20 minutes,max|u|: (1.62e+00, 1.51e+00, 6.74e-03) m s⁻¹, extrema(T): (31.14, -1.94) ᵒC, extrema(S): (39.95, 17.18) g/kg, extrema(η): (1.43, -3.29) m, wall time: 11.656 seconds 
[ Info: time: 5763 days, iteration: 414936, Δt: 20 minutes,max|u|: (1.61e+00, 1.59e+00, 6.79e-03) m s⁻¹, extrema(T): (31.13, -1.94) ᵒC, extrema(S): (39.96, 17.49) g/kg, extrema(η): (1.42, -2.08) m, wall time: 11.672 seconds 
[ Info: time: 5764 days, iteration: 415008, Δt: 20 minutes,max|u|: (1.51e+00, 1.49e+00, 6.82e-03) m s⁻¹, extrema(T): (31.20, -1.94) ᵒC, extrema(S): (39.97, 17.37) g/kg, extrema(η): (4.06, -1.82) m, wall time: 11.757 seconds 
[ Info: time: 5765 days, iteration: 415080, Δt: 20 minutes,max|u|: (1.57e+00, 2.10e+00, 6.78e-03) m s⁻¹, extrema(T): (31.14, -1.94) ᵒC, extrema(S): (39.99, 17.52) g/kg, extrema(η): (3.56, -1.92) m, wall time: 11.720 seconds 
[ Info: time: 5766 days, iteration: 415152, Δt: 20 minutes,max|u|: (2.46e+00, 1.93e+00, 6.81e-03) m s⁻¹, extrema(T): (31.06, -1.94) ᵒC, extrema(S): (40.00, 17.93) g/kg, extrema(η): (1.49, -1.89) m, wall time: 11.749 seconds 
[ Info: time: 5767 days, iteration: 415224, Δt: 20 minutes,max|u|: (1.97e+00, 1.46e+00, 6.80e-03) m s⁻¹, extrema(T): (31.10, -1.93) ᵒC, extrema(S): (40.00, 18.19) g/kg, extrema(η): (1.44, -3.17) m, wall time: 11.766 seconds 
[ Info: time: 5768 days, iteration: 415296, Δt: 20 minutes,max|u|: (1.54e+00, 1.48e+00, 6.81e-03) m s⁻¹, extrema(T): (31.14, -1.93) ᵒC, extrema(S): (39.99, 18.22) g/kg, extrema(η): (1.54, -2.07) m, wall time: 11.693 seconds 
[ Info: time: 5769 days, iteration: 415368, Δt: 20 minutes,max|u|: (1.56e+00, 1.49e+00, 6.82e-03) m s⁻¹, extrema(T): (31.14, -1.93) ᵒC, extrema(S): (39.98, 18.21) g/kg, extrema(η): (3.21, -2.09) m, wall time: 11.768 seconds 
[ Info: time: 5770 days, iteration: 415440, Δt: 20 minutes,max|u|: (1.57e+00, 1.51e+00, 6.85e-03) m s⁻¹, extrema(T): (31.17, -1.93) ᵒC, extrema(S): (39.98, 17.45) g/kg, extrema(η): (4.40, -2.11) m, wall time: 11.729 seconds 
[ Info: time: 5771 days, iteration: 415512, Δt: 20 minutes,max|u|: (1.56e+00, 2.59e+00, 6.91e-03) m s⁻¹, extrema(T): (31.21, -1.93) ᵒC, extrema(S): (39.97, 17.21) g/kg, extrema(η): (1.88, -1.99) m, wall time: 16.428 seconds 
[ Info: time: 5772 days, iteration: 415584, Δt: 20 minutes,max|u|: (1.73e+00, 1.52e+00, 6.96e-03) m s⁻¹, extrema(T): (31.26, -1.93) ᵒC, extrema(S): (39.97, 18.05) g/kg, extrema(η): (1.27, -2.63) m, wall time: 11.679 seconds 
[ Info: time: 5773 days, iteration: 415656, Δt: 20 minutes,max|u|: (1.59e+00, 1.89e+00, 6.98e-03) m s⁻¹, extrema(T): (31.30, -1.93) ᵒC, extrema(S): (39.96, 17.34) g/kg, extrema(η): (1.31, -2.48) m, wall time: 11.771 seconds 
[ Info: time: 5774 days, iteration: 415728, Δt: 20 minutes,max|u|: (1.98e+00, 2.53e+00, 6.99e-03) m s⁻¹, extrema(T): (31.33, -1.93) ᵒC, extrema(S): (39.96, 17.10) g/kg, extrema(η): (1.64, -1.98) m, wall time: 11.829 seconds 
[ Info: time: 5775 days, iteration: 415800, Δt: 20 minutes,max|u|: (1.98e+00, 1.98e+00, 7.03e-03) m s⁻¹, extrema(T): (31.37, -1.93) ᵒC, extrema(S): (39.96, 18.10) g/kg, extrema(η): (4.69, -1.98) m, wall time: 11.741 seconds 
[ Info: time: 5776 days, iteration: 415872, Δt: 20 minutes,max|u|: (1.71e+00, 1.56e+00, 7.02e-03) m s⁻¹, extrema(T): (31.41, -1.93) ᵒC, extrema(S): (39.96, 18.44) g/kg, extrema(η): (3.07, -2.05) m, wall time: 11.693 seconds 
[ Info: time: 5777 days, iteration: 415944, Δt: 20 minutes,max|u|: (1.65e+00, 1.48e+00, 7.03e-03) m s⁻¹, extrema(T): (31.45, -1.93) ᵒC, extrema(S): (39.96, 18.72) g/kg, extrema(η): (2.69, -2.07) m, wall time: 11.731 seconds 
[ Info: time: 5778 days, iteration: 416016, Δt: 20 minutes,max|u|: (1.60e+00, 1.47e+00, 6.95e-03) m s⁻¹, extrema(T): (31.49, -1.93) ᵒC, extrema(S): (39.96, 18.86) g/kg, extrema(η): (3.06, -3.15) m, wall time: 12.643 seconds 
[ Info: time: 5779 days, iteration: 416088, Δt: 20 minutes,max|u|: (1.55e+00, 1.70e+00, 6.96e-03) m s⁻¹, extrema(T): (31.53, -1.94) ᵒC, extrema(S): (39.97, 18.94) g/kg, extrema(η): (3.42, -2.15) m, wall time: 11.698 seconds 
[ Info: time: 5780 days, iteration: 416160, Δt: 20 minutes,max|u|: (1.51e+00, 1.93e+00, 6.94e-03) m s⁻¹, extrema(T): (31.55, -1.93) ᵒC, extrema(S): (39.97, 18.99) g/kg, extrema(η): (4.02, -2.07) m, wall time: 11.691 seconds 
[ Info: time: 5781 days, iteration: 416232, Δt: 20 minutes,max|u|: (1.48e+00, 1.70e+00, 6.97e-03) m s⁻¹, extrema(T): (31.56, -1.94) ᵒC, extrema(S): (39.97, 19.01) g/kg, extrema(η): (3.79, -2.05) m, wall time: 11.683 seconds 
[ Info: time: 5782 days, iteration: 416304, Δt: 20 minutes,max|u|: (1.47e+00, 1.50e+00, 6.95e-03) m s⁻¹, extrema(T): (31.56, -1.94) ᵒC, extrema(S): (39.97, 18.07) g/kg, extrema(η): (3.19, -1.94) m, wall time: 11.735 seconds 
[ Info: time: 5783 days, iteration: 416376, Δt: 20 minutes,max|u|: (1.50e+00, 1.51e+00, 6.98e-03) m s⁻¹, extrema(T): (31.52, -1.94) ᵒC, extrema(S): (39.97, 17.42) g/kg, extrema(η): (2.89, -3.40) m, wall time: 16.464 seconds 
[ Info: time: 5784 days, iteration: 416448, Δt: 20 minutes,max|u|: (1.54e+00, 1.47e+00, 6.98e-03) m s⁻¹, extrema(T): (31.47, -1.94) ᵒC, extrema(S): (39.97, 17.45) g/kg, extrema(η): (2.54, -1.89) m, wall time: 11.748 seconds 
[ Info: time: 5785 days, iteration: 416520, Δt: 20 minutes,max|u|: (1.55e+00, 1.48e+00, 6.98e-03) m s⁻¹, extrema(T): (31.40, -1.93) ᵒC, extrema(S): (39.97, 18.64) g/kg, extrema(η): (3.10, -1.88) m, wall time: 11.751 seconds 
[ Info: time: 5786 days, iteration: 416592, Δt: 20 minutes,max|u|: (1.57e+00, 1.67e+00, 6.94e-03) m s⁻¹, extrema(T): (31.35, -1.92) ᵒC, extrema(S): (39.97, 19.19) g/kg, extrema(η): (3.91, -1.94) m, wall time: 11.669 seconds 
[ Info: time: 5787 days, iteration: 416664, Δt: 20 minutes,max|u|: (1.57e+00, 2.08e+00, 6.97e-03) m s⁻¹, extrema(T): (31.28, -1.91) ᵒC, extrema(S): (39.97, 19.01) g/kg, extrema(η): (1.38, -2.02) m, wall time: 11.653 seconds 
[ Info: time: 5788 days, iteration: 416736, Δt: 20 minutes,max|u|: (1.78e+00, 1.49e+00, 6.91e-03) m s⁻¹, extrema(T): (31.23, -1.90) ᵒC, extrema(S): (39.97, 18.30) g/kg, extrema(η): (1.59, -2.87) m, wall time: 11.740 seconds 
[ Info: time: 5789 days, iteration: 416808, Δt: 20 minutes,max|u|: (1.72e+00, 1.81e+00, 6.88e-03) m s⁻¹, extrema(T): (31.18, -1.90) ᵒC, extrema(S): (39.98, 18.29) g/kg, extrema(η): (1.28, -2.08) m, wall time: 11.787 seconds 
[ Info: time: 5790 days, iteration: 416880, Δt: 20 minutes,max|u|: (2.26e+00, 3.56e+00, 6.91e-03) m s⁻¹, extrema(T): (30.97, -1.89) ᵒC, extrema(S): (39.98, 18.96) g/kg, extrema(η): (2.99, -2.13) m, wall time: 11.697 seconds 
[ Info: time: 5791 days, iteration: 416952, Δt: 20 minutes,max|u|: (2.00e+00, 2.52e+00, 6.93e-03) m s⁻¹, extrema(T): (30.94, -1.89) ᵒC, extrema(S): (39.97, 19.33) g/kg, extrema(η): (3.38, -1.99) m, wall time: 11.752 seconds 
[ Info: time: 5792 days, iteration: 417024, Δt: 20 minutes,max|u|: (1.72e+00, 1.51e+00, 6.96e-03) m s⁻¹, extrema(T): (30.97, -1.88) ᵒC, extrema(S): (39.97, 19.41) g/kg, extrema(η): (1.48, -2.02) m, wall time: 11.757 seconds 
[ Info: time: 5793 days, iteration: 417096, Δt: 20 minutes,max|u|: (1.76e+00, 1.50e+00, 6.92e-03) m s⁻¹, extrema(T): (31.07, -1.88) ᵒC, extrema(S): (39.98, 19.48) g/kg, extrema(η): (1.32, -2.63) m, wall time: 11.656 seconds 
[ Info: time: 5794 days, iteration: 417168, Δt: 20 minutes,max|u|: (1.52e+00, 1.94e+00, 6.95e-03) m s⁻¹, extrema(T): (31.14, -1.88) ᵒC, extrema(S): (39.98, 19.36) g/kg, extrema(η): (1.35, -1.99) m, wall time: 11.666 seconds 
[ Info: time: 5795 days, iteration: 417240, Δt: 20 minutes,max|u|: (2.36e+00, 1.65e+00, 7.03e-03) m s⁻¹, extrema(T): (31.04, -1.90) ᵒC, extrema(S): (39.98, 19.21) g/kg, extrema(η): (2.46, -2.08) m, wall time: 11.731 seconds 
[ Info: time: 5796 days, iteration: 417312, Δt: 20 minutes,max|u|: (2.73e+00, 1.88e+00, 7.02e-03) m s⁻¹, extrema(T): (30.98, -1.90) ᵒC, extrema(S): (39.98, 19.09) g/kg, extrema(η): (4.09, -2.09) m, wall time: 16.492 seconds 
[ Info: time: 5797 days, iteration: 417384, Δt: 20 minutes,max|u|: (1.93e+00, 1.86e+00, 7.07e-03) m s⁻¹, extrema(T): (31.04, -1.90) ᵒC, extrema(S): (39.98, 18.98) g/kg, extrema(η): (1.31, -1.96) m, wall time: 11.689 seconds 
[ Info: time: 5798 days, iteration: 417456, Δt: 20 minutes,max|u|: (2.77e+00, 2.69e+00, 7.06e-03) m s⁻¹, extrema(T): (31.05, -1.90) ᵒC, extrema(S): (39.98, 18.89) g/kg, extrema(η): (1.55, -3.08) m, wall time: 11.723 seconds 
[ Info: time: 5799 days, iteration: 417528, Δt: 20 minutes,max|u|: (2.13e+00, 1.47e+00, 7.05e-03) m s⁻¹, extrema(T): (31.01, -1.91) ᵒC, extrema(S): (39.98, 18.82) g/kg, extrema(η): (1.51, -2.66) m, wall time: 11.701 seconds 
[ Info: time: 5800 days, iteration: 417600, Δt: 20 minutes,max|u|: (2.04e+00, 1.72e+00, 7.01e-03) m s⁻¹, extrema(T): (31.00, -1.91) ᵒC, extrema(S): (39.98, 18.77) g/kg, extrema(η): (2.12, -1.90) m, wall time: 11.620 seconds 
[ Info: time: 5801 days, iteration: 417672, Δt: 20 minutes,max|u|: (1.79e+00, 2.29e+00, 7.01e-03) m s⁻¹, extrema(T): (31.06, -1.91) ᵒC, extrema(S): (39.97, 18.75) g/kg, extrema(η): (4.16, -2.54) m, wall time: 11.750 seconds 
[ Info: time: 5802 days, iteration: 417744, Δt: 20 minutes,max|u|: (1.97e+00, 1.64e+00, 7.00e-03) m s⁻¹, extrema(T): (31.08, -1.89) ᵒC, extrema(S): (39.98, 18.74) g/kg, extrema(η): (2.97, -2.30) m, wall time: 11.737 seconds 
[ Info: time: 5803 days, iteration: 417816, Δt: 20 minutes,max|u|: (1.83e+00, 1.64e+00, 7.00e-03) m s⁻¹, extrema(T): (31.10, -1.91) ᵒC, extrema(S): (39.98, 18.70) g/kg, extrema(η): (3.21, -2.22) m, wall time: 11.677 seconds 
[ Info: time: 5804 days, iteration: 417888, Δt: 20 minutes,max|u|: (2.43e+00, 2.75e+00, 7.01e-03) m s⁻¹, extrema(T): (31.20, -1.91) ᵒC, extrema(S): (39.98, 18.65) g/kg, extrema(η): (3.39, -2.16) m, wall time: 11.670 seconds 
[ Info: time: 5805 days, iteration: 417960, Δt: 20 minutes,max|u|: (1.75e+00, 2.13e+00, 7.05e-03) m s⁻¹, extrema(T): (31.17, -1.91) ᵒC, extrema(S): (39.98, 18.70) g/kg, extrema(η): (3.26, -1.92) m, wall time: 11.747 seconds 
[ Info: time: 5806 days, iteration: 418032, Δt: 20 minutes,max|u|: (2.16e+00, 2.08e+00, 7.03e-03) m s⁻¹, extrema(T): (31.19, -1.91) ᵒC, extrema(S): (39.97, 18.73) g/kg, extrema(η): (4.28, -2.02) m, wall time: 11.706 seconds 
[ Info: time: 5807 days, iteration: 418104, Δt: 20 minutes,max|u|: (1.98e+00, 1.60e+00, 7.08e-03) m s⁻¹, extrema(T): (31.19, -1.90) ᵒC, extrema(S): (39.98, 18.72) g/kg, extrema(η): (2.59, -2.14) m, wall time: 11.749 seconds 
[ Info: time: 5808 days, iteration: 418176, Δt: 20 minutes,max|u|: (1.60e+00, 2.03e+00, 7.11e-03) m s⁻¹, extrema(T): (31.29, -1.91) ᵒC, extrema(S): (39.98, 18.71) g/kg, extrema(η): (2.14, -2.55) m, wall time: 16.587 seconds 
[ Info: time: 5809 days, iteration: 418248, Δt: 20 minutes,max|u|: (1.59e+00, 2.24e+00, 7.10e-03) m s⁻¹, extrema(T): (31.33, -1.92) ᵒC, extrema(S): (39.98, 18.78) g/kg, extrema(η): (1.73, -2.08) m, wall time: 12.590 seconds 
[ Info: time: 5810 days, iteration: 418320, Δt: 20 minutes,max|u|: (4.53e+00, 2.02e+00, 7.09e-03) m s⁻¹, extrema(T): (31.36, -1.92) ᵒC, extrema(S): (39.98, 18.83) g/kg, extrema(η): (2.23, -2.31) m, wall time: 11.670 seconds 
[ Info: time: 5811 days, iteration: 418392, Δt: 20 minutes,max|u|: (1.65e+00, 2.28e+00, 7.09e-03) m s⁻¹, extrema(T): (31.36, -1.92) ᵒC, extrema(S): (39.97, 19.11) g/kg, extrema(η): (3.81, -2.02) m, wall time: 11.649 seconds 
[ Info: time: 5812 days, iteration: 418464, Δt: 20 minutes,max|u|: (1.65e+00, 2.17e+00, 7.07e-03) m s⁻¹, extrema(T): (31.33, -1.92) ᵒC, extrema(S): (39.98, 19.28) g/kg, extrema(η): (1.36, -1.86) m, wall time: 11.691 seconds 
[ Info: time: 5813 days, iteration: 418536, Δt: 20 minutes,max|u|: (1.94e+00, 2.23e+00, 7.05e-03) m s⁻¹, extrema(T): (31.22, -1.91) ᵒC, extrema(S): (39.98, 19.30) g/kg, extrema(η): (1.43, -2.33) m, wall time: 11.746 seconds 
[ Info: time: 5814 days, iteration: 418608, Δt: 20 minutes,max|u|: (2.48e+00, 2.23e+00, 7.04e-03) m s⁻¹, extrema(T): (31.26, -1.91) ᵒC, extrema(S): (39.97, 19.29) g/kg, extrema(η): (1.56, -1.93) m, wall time: 11.762 seconds 
[ Info: time: 5815 days, iteration: 418680, Δt: 20 minutes,max|u|: (1.95e+00, 2.39e+00, 7.00e-03) m s⁻¹, extrema(T): (31.29, -1.90) ᵒC, extrema(S): (39.97, 19.30) g/kg, extrema(η): (1.45, -1.94) m, wall time: 11.625 seconds 
[ Info: time: 5816 days, iteration: 418752, Δt: 20 minutes,max|u|: (2.06e+00, 2.30e+00, 7.00e-03) m s⁻¹, extrema(T): (31.35, -1.92) ᵒC, extrema(S): (39.96, 19.30) g/kg, extrema(η): (4.34, -1.89) m, wall time: 11.676 seconds 
[ Info: time: 5817 days, iteration: 418824, Δt: 20 minutes,max|u|: (1.89e+00, 2.15e+00, 6.99e-03) m s⁻¹, extrema(T): (31.40, -1.92) ᵒC, extrema(S): (39.96, 19.29) g/kg, extrema(η): (2.73, -1.95) m, wall time: 11.663 seconds 
[ Info: time: 5818 days, iteration: 418896, Δt: 20 minutes,max|u|: (1.80e+00, 2.82e+00, 7.00e-03) m s⁻¹, extrema(T): (31.45, -1.91) ᵒC, extrema(S): (39.96, 19.41) g/kg, extrema(η): (1.36, -2.11) m, wall time: 11.667 seconds 
[ Info: time: 5819 days, iteration: 418968, Δt: 20 minutes,max|u|: (1.89e+00, 1.93e+00, 6.97e-03) m s⁻¹, extrema(T): (31.54, -1.92) ᵒC, extrema(S): (39.97, 19.51) g/kg, extrema(η): (2.37, -3.08) m, wall time: 11.641 seconds 
[ Info: time: 5820 days, iteration: 419040, Δt: 20 minutes,max|u|: (1.95e+00, 1.85e+00, 6.95e-03) m s⁻¹, extrema(T): (31.49, -1.91) ᵒC, extrema(S): (39.97, 19.57) g/kg, extrema(η): (1.34, -1.91) m, wall time: 11.649 seconds 
[ Info: time: 5821 days, iteration: 419112, Δt: 20 minutes,max|u|: (1.98e+00, 2.20e+00, 6.93e-03) m s⁻¹, extrema(T): (31.42, -1.91) ᵒC, extrema(S): (39.97, 19.63) g/kg, extrema(η): (3.87, -1.91) m, wall time: 16.445 seconds 
[ Info: time: 5822 days, iteration: 419184, Δt: 20 minutes,max|u|: (1.97e+00, 1.52e+00, 6.87e-03) m s⁻¹, extrema(T): (31.41, -1.91) ᵒC, extrema(S): (39.97, 19.65) g/kg, extrema(η): (3.33, -1.95) m, wall time: 11.694 seconds 
[ Info: time: 5823 days, iteration: 419256, Δt: 20 minutes,max|u|: (1.91e+00, 1.55e+00, 6.87e-03) m s⁻¹, extrema(T): (31.42, -1.92) ᵒC, extrema(S): (39.96, 19.70) g/kg, extrema(η): (1.65, -1.86) m, wall time: 16.372 seconds 
[ Info: time: 5824 days, iteration: 419328, Δt: 20 minutes,max|u|: (1.91e+00, 2.63e+00, 6.77e-03) m s⁻¹, extrema(T): (31.36, -1.91) ᵒC, extrema(S): (39.96, 19.81) g/kg, extrema(η): (2.76, -3.30) m, wall time: 11.662 seconds 
[ Info: time: 5825 days, iteration: 419400, Δt: 20 minutes,max|u|: (1.94e+00, 1.60e+00, 6.78e-03) m s⁻¹, extrema(T): (31.28, -1.92) ᵒC, extrema(S): (39.96, 19.88) g/kg, extrema(η): (2.71, -1.88) m, wall time: 11.748 seconds 
[ Info: time: 5826 days, iteration: 419472, Δt: 20 minutes,max|u|: (1.91e+00, 2.59e+00, 6.87e-03) m s⁻¹, extrema(T): (31.21, -1.91) ᵒC, extrema(S): (39.96, 19.93) g/kg, extrema(η): (3.28, -2.03) m, wall time: 11.668 seconds 
[ Info: time: 5827 days, iteration: 419544, Δt: 20 minutes,max|u|: (2.03e+00, 1.90e+00, 6.78e-03) m s⁻¹, extrema(T): (31.10, -1.91) ᵒC, extrema(S): (39.96, 19.99) g/kg, extrema(η): (3.03, -1.94) m, wall time: 11.766 seconds 
[ Info: time: 5828 days, iteration: 419616, Δt: 20 minutes,max|u|: (1.96e+00, 1.67e+00, 6.91e-03) m s⁻¹, extrema(T): (31.07, -1.91) ᵒC, extrema(S): (39.96, 20.06) g/kg, extrema(η): (3.03, -2.04) m, wall time: 11.615 seconds 
[ Info: time: 5829 days, iteration: 419688, Δt: 20 minutes,max|u|: (2.07e+00, 1.63e+00, 6.90e-03) m s⁻¹, extrema(T): (31.15, -1.91) ᵒC, extrema(S): (39.96, 20.10) g/kg, extrema(η): (2.90, -3.57) m, wall time: 11.447 seconds 
[ Info: time: 5830 days, iteration: 419760, Δt: 20 minutes,max|u|: (2.09e+00, 1.66e+00, 6.93e-03) m s⁻¹, extrema(T): (31.20, -1.90) ᵒC, extrema(S): (39.96, 20.09) g/kg, extrema(η): (2.74, -2.06) m, wall time: 11.725 seconds 
[ Info: time: 5831 days, iteration: 419832, Δt: 20 minutes,max|u|: (2.05e+00, 1.93e+00, 6.87e-03) m s⁻¹, extrema(T): (31.14, -1.90) ᵒC, extrema(S): (39.95, 20.07) g/kg, extrema(η): (2.77, -2.01) m, wall time: 11.701 seconds 
[ Info: time: 5832 days, iteration: 419904, Δt: 20 minutes,max|u|: (2.00e+00, 2.20e+00, 6.79e-03) m s⁻¹, extrema(T): (31.08, -1.90) ᵒC, extrema(S): (39.95, 20.05) g/kg, extrema(η): (4.21, -2.05) m, wall time: 11.569 seconds 
[ Info: time: 5833 days, iteration: 419976, Δt: 20 minutes,max|u|: (2.03e+00, 2.32e+00, 6.87e-03) m s⁻¹, extrema(T): (31.27, -1.90) ᵒC, extrema(S): (39.95, 20.02) g/kg, extrema(η): (1.44, -1.94) m, wall time: 16.836 seconds 
[ Info: time: 5834 days, iteration: 420048, Δt: 20 minutes,max|u|: (2.10e+00, 2.35e+00, 6.69e-03) m s⁻¹, extrema(T): (31.45, -1.91) ᵒC, extrema(S): (39.95, 20.00) g/kg, extrema(η): (1.32, -3.36) m, wall time: 11.661 seconds 
[ Info: time: 5835 days, iteration: 420120, Δt: 20 minutes,max|u|: (2.09e+00, 2.31e+00, 6.71e-03) m s⁻¹, extrema(T): (31.55, -1.92) ᵒC, extrema(S): (39.95, 20.05) g/kg, extrema(η): (1.32, -2.88) m, wall time: 11.718 seconds 
[ Info: time: 5836 days, iteration: 420192, Δt: 20 minutes,max|u|: (2.07e+00, 2.25e+00, 6.78e-03) m s⁻¹, extrema(T): (31.58, -1.91) ᵒC, extrema(S): (39.96, 19.97) g/kg, extrema(η): (2.01, -2.03) m, wall time: 11.552 seconds 
[ Info: time: 5837 days, iteration: 420264, Δt: 20 minutes,max|u|: (2.08e+00, 2.14e+00, 6.78e-03) m s⁻¹, extrema(T): (31.65, -1.91) ᵒC, extrema(S): (39.96, 19.87) g/kg, extrema(η): (4.02, -3.13) m, wall time: 11.510 seconds 
[ Info: time: 5838 days, iteration: 420336, Δt: 20 minutes,max|u|: (2.11e+00, 1.98e+00, 6.85e-03) m s⁻¹, extrema(T): (31.59, -1.91) ᵒC, extrema(S): (39.96, 19.78) g/kg, extrema(η): (1.71, -2.10) m, wall time: 11.685 seconds 
[ Info: time: 5839 days, iteration: 420408, Δt: 20 minutes,max|u|: (2.11e+00, 1.85e+00, 6.86e-03) m s⁻¹, extrema(T): (31.75, -1.92) ᵒC, extrema(S): (39.95, 19.71) g/kg, extrema(η): (1.31, -2.83) m, wall time: 11.655 seconds 
[ Info: time: 5840 days, iteration: 420480, Δt: 20 minutes,max|u|: (2.08e+00, 1.72e+00, 6.94e-03) m s⁻¹, extrema(T): (31.80, -1.92) ᵒC, extrema(S): (39.95, 19.78) g/kg, extrema(η): (1.17, -2.96) m, wall time: 12.579 seconds 
[ Info: time: 5841 days, iteration: 420552, Δt: 20 minutes,max|u|: (2.23e+00, 2.61e+00, 6.93e-03) m s⁻¹, extrema(T): (31.68, -1.93) ᵒC, extrema(S): (39.95, 19.72) g/kg, extrema(η): (1.37, -2.04) m, wall time: 11.686 seconds 
[ Info: time: 5842 days, iteration: 420624, Δt: 20 minutes,max|u|: (2.07e+00, 1.69e+00, 6.94e-03) m s⁻¹, extrema(T): (31.66, -1.93) ᵒC, extrema(S): (39.94, 19.64) g/kg, extrema(η): (4.01, -1.93) m, wall time: 11.552 seconds 
[ Info: time: 5843 days, iteration: 420696, Δt: 20 minutes,max|u|: (2.05e+00, 1.71e+00, 6.96e-03) m s⁻¹, extrema(T): (31.70, -1.94) ᵒC, extrema(S): (39.94, 19.54) g/kg, extrema(η): (1.62, -1.99) m, wall time: 11.526 seconds 
[ Info: time: 5844 days, iteration: 420768, Δt: 20 minutes,max|u|: (2.04e+00, 1.65e+00, 6.99e-03) m s⁻¹, extrema(T): (31.65, -1.94) ᵒC, extrema(S): (39.93, 19.49) g/kg, extrema(η): (1.36, -2.29) m, wall time: 11.817 seconds 
[ Info: time: 5845 days, iteration: 420840, Δt: 20 minutes,max|u|: (1.97e+00, 1.78e+00, 6.96e-03) m s⁻¹, extrema(T): (31.65, -1.94) ᵒC, extrema(S): (39.93, 19.44) g/kg, extrema(η): (1.37, -3.36) m, wall time: 16.275 seconds 
[ Info: time: 5846 days, iteration: 420912, Δt: 20 minutes,max|u|: (1.94e+00, 1.83e+00, 6.99e-03) m s⁻¹, extrema(T): (31.61, -1.94) ᵒC, extrema(S): (39.93, 19.40) g/kg, extrema(η): (1.31, -2.02) m, wall time: 11.470 seconds 
[ Info: time: 5847 days, iteration: 420984, Δt: 20 minutes,max|u|: (1.84e+00, 2.05e+00, 7.02e-03) m s⁻¹, extrema(T): (31.38, -1.93) ᵒC, extrema(S): (39.93, 19.41) g/kg, extrema(η): (3.86, -1.98) m, wall time: 11.688 seconds 
[ Info: time: 5848 days, iteration: 421056, Δt: 20 minutes,max|u|: (1.87e+00, 2.01e+00, 7.07e-03) m s⁻¹, extrema(T): (31.27, -1.93) ᵒC, extrema(S): (39.92, 19.35) g/kg, extrema(η): (2.93, -2.11) m, wall time: 11.694 seconds 
[ Info: time: 5849 days, iteration: 421128, Δt: 20 minutes,max|u|: (1.82e+00, 2.17e+00, 7.13e-03) m s⁻¹, extrema(T): (31.20, -1.93) ᵒC, extrema(S): (39.92, 19.27) g/kg, extrema(η): (2.68, -2.09) m, wall time: 11.604 seconds 
[ Info: time: 5850 days, iteration: 421200, Δt: 20 minutes,max|u|: (1.62e+00, 2.10e+00, 7.13e-03) m s⁻¹, extrema(T): (31.16, -1.94) ᵒC, extrema(S): (39.92, 19.21) g/kg, extrema(η): (2.97, -3.18) m, wall time: 11.460 seconds 
[ Info: time: 5851 days, iteration: 421272, Δt: 20 minutes,max|u|: (2.35e+00, 3.33e+00, 7.15e-03) m s⁻¹, extrema(T): (31.11, -1.94) ᵒC, extrema(S): (39.91, 19.19) g/kg, extrema(η): (3.21, -2.33) m, wall time: 11.696 seconds 
[ Info: time: 5852 days, iteration: 421344, Δt: 20 minutes,max|u|: (1.61e+00, 1.94e+00, 7.14e-03) m s⁻¹, extrema(T): (31.10, -1.94) ᵒC, extrema(S): (39.91, 19.15) g/kg, extrema(η): (3.87, -2.10) m, wall time: 11.717 seconds 
[ Info: time: 5853 days, iteration: 421416, Δt: 20 minutes,max|u|: (1.63e+00, 1.88e+00, 7.14e-03) m s⁻¹, extrema(T): (31.14, -1.94) ᵒC, extrema(S): (39.91, 19.12) g/kg, extrema(η): (3.98, -2.05) m, wall time: 11.627 seconds 
[ Info: time: 5854 days, iteration: 421488, Δt: 20 minutes,max|u|: (1.66e+00, 2.02e+00, 7.13e-03) m s⁻¹, extrema(T): (31.08, -1.94) ᵒC, extrema(S): (39.91, 19.12) g/kg, extrema(η): (2.72, -2.05) m, wall time: 11.615 seconds 
[ Info: time: 5855 days, iteration: 421560, Δt: 20 minutes,max|u|: (1.81e+00, 2.06e+00, 7.13e-03) m s⁻¹, extrema(T): (31.14, -1.94) ᵒC, extrema(S): (39.91, 19.12) g/kg, extrema(η): (2.32, -2.63) m, wall time: 11.755 seconds 
[ Info: time: 5856 days, iteration: 421632, Δt: 20 minutes,max|u|: (1.73e+00, 2.09e+00, 7.14e-03) m s⁻¹, extrema(T): (31.17, -1.95) ᵒC, extrema(S): (39.91, 19.16) g/kg, extrema(η): (1.93, -2.12) m, wall time: 11.696 seconds 
[ Info: time: 5857 days, iteration: 421704, Δt: 20 minutes,max|u|: (1.65e+00, 2.04e+00, 7.17e-03) m s⁻¹, extrema(T): (31.15, -1.95) ᵒC, extrema(S): (39.91, 19.19) g/kg, extrema(η): (2.68, -1.90) m, wall time: 11.580 seconds 
[ Info: time: 5858 days, iteration: 421776, Δt: 20 minutes,max|u|: (2.09e+00, 2.11e+00, 7.13e-03) m s⁻¹, extrema(T): (31.13, -1.95) ᵒC, extrema(S): (39.90, 19.18) g/kg, extrema(η): (4.18, -1.93) m, wall time: 16.411 seconds 
[ Info: time: 5859 days, iteration: 421848, Δt: 20 minutes,max|u|: (1.66e+00, 2.08e+00, 7.09e-03) m s⁻¹, extrema(T): (31.09, -1.95) ᵒC, extrema(S): (39.90, 19.18) g/kg, extrema(η): (1.31, -2.02) m, wall time: 11.842 seconds 
[ Info: time: 5860 days, iteration: 421920, Δt: 20 minutes,max|u|: (1.65e+00, 2.06e+00, 7.05e-03) m s⁻¹, extrema(T): (31.26, -1.95) ᵒC, extrema(S): (39.90, 19.16) g/kg, extrema(η): (1.29, -1.94) m, wall time: 11.614 seconds 
[ Info: time: 5861 days, iteration: 421992, Δt: 20 minutes,max|u|: (2.08e+00, 2.03e+00, 7.00e-03) m s⁻¹, extrema(T): (31.17, -1.95) ᵒC, extrema(S): (39.89, 19.15) g/kg, extrema(η): (2.45, -2.69) m, wall time: 11.671 seconds 
[ Info: time: 5862 days, iteration: 422064, Δt: 20 minutes,max|u|: (1.68e+00, 2.04e+00, 6.98e-03) m s⁻¹, extrema(T): (31.13, -1.95) ᵒC, extrema(S): (39.88, 19.17) g/kg, extrema(η): (1.30, -1.90) m, wall time: 11.784 seconds 
[ Info: time: 5863 days, iteration: 422136, Δt: 20 minutes,max|u|: (1.71e+00, 2.12e+00, 7.00e-03) m s⁻¹, extrema(T): (31.16, -1.96) ᵒC, extrema(S): (39.87, 19.18) g/kg, extrema(η): (3.85, -1.81) m, wall time: 11.702 seconds 
[ Info: time: 5864 days, iteration: 422208, Δt: 20 minutes,max|u|: (1.68e+00, 2.25e+00, 6.96e-03) m s⁻¹, extrema(T): (31.23, -1.96) ᵒC, extrema(S): (39.86, 19.23) g/kg, extrema(η): (2.42, -1.87) m, wall time: 11.603 seconds 
[ Info: time: 5865 days, iteration: 422280, Δt: 20 minutes,max|u|: (1.66e+00, 2.78e+00, 6.95e-03) m s⁻¹, extrema(T): (31.32, -1.96) ᵒC, extrema(S): (39.85, 19.24) g/kg, extrema(η): (2.64, -2.10) m, wall time: 11.483 seconds 
[ Info: time: 5866 days, iteration: 422352, Δt: 20 minutes,max|u|: (1.72e+00, 1.94e+00, 6.97e-03) m s⁻¹, extrema(T): (31.41, -1.96) ᵒC, extrema(S): (39.83, 19.20) g/kg, extrema(η): (1.45, -3.66) m, wall time: 11.939 seconds 
[ Info: time: 5867 days, iteration: 422424, Δt: 20 minutes,max|u|: (1.65e+00, 1.87e+00, 6.94e-03) m s⁻¹, extrema(T): (31.41, -1.96) ᵒC, extrema(S): (39.81, 19.17) g/kg, extrema(η): (1.42, -2.04) m, wall time: 11.790 seconds 
[ Info: time: 5868 days, iteration: 422496, Δt: 20 minutes,max|u|: (1.92e+00, 1.95e+00, 6.97e-03) m s⁻¹, extrema(T): (31.48, -1.95) ᵒC, extrema(S): (39.81, 19.13) g/kg, extrema(η): (3.82, -2.16) m, wall time: 11.605 seconds 
[ Info: time: 5869 days, iteration: 422568, Δt: 20 minutes,max|u|: (1.77e+00, 2.23e+00, 6.98e-03) m s⁻¹, extrema(T): (31.56, -1.96) ᵒC, extrema(S): (39.81, 19.08) g/kg, extrema(η): (3.29, -2.13) m, wall time: 11.602 seconds 
[ Info: time: 5870 days, iteration: 422640, Δt: 20 minutes,max|u|: (1.85e+00, 2.19e+00, 7.00e-03) m s⁻¹, extrema(T): (31.57, -1.96) ᵒC, extrema(S): (39.80, 19.06) g/kg, extrema(η): (1.42, -1.97) m, wall time: 16.467 seconds 
[ Info: time: 5871 days, iteration: 422712, Δt: 20 minutes,max|u|: (1.96e+00, 2.32e+00, 7.01e-03) m s⁻¹, extrema(T): (31.58, -1.96) ᵒC, extrema(S): (39.80, 19.06) g/kg, extrema(η): (1.80, -3.06) m, wall time: 12.839 seconds 
[ Info: time: 5872 days, iteration: 422784, Δt: 20 minutes,max|u|: (1.99e+00, 2.49e+00, 7.01e-03) m s⁻¹, extrema(T): (31.58, -1.97) ᵒC, extrema(S): (39.80, 19.02) g/kg, extrema(η): (2.39, -2.29) m, wall time: 11.625 seconds 
[ Info: time: 5873 days, iteration: 422856, Δt: 20 minutes,max|u|: (1.93e+00, 2.73e+00, 7.01e-03) m s⁻¹, extrema(T): (31.58, -1.97) ᵒC, extrema(S): (39.80, 18.98) g/kg, extrema(η): (4.07, -3.13) m, wall time: 11.564 seconds 
[ Info: time: 5874 days, iteration: 422928, Δt: 20 minutes,max|u|: (1.86e+00, 2.50e+00, 7.00e-03) m s⁻¹, extrema(T): (31.61, -1.98) ᵒC, extrema(S): (39.80, 18.95) g/kg, extrema(η): (3.51, -1.99) m, wall time: 11.754 seconds 
[ Info: time: 5875 days, iteration: 423000, Δt: 20 minutes,max|u|: (1.87e+00, 2.30e+00, 6.94e-03) m s⁻¹, extrema(T): (31.64, -1.97) ᵒC, extrema(S): (39.79, 18.93) g/kg, extrema(η): (3.27, -2.10) m, wall time: 11.747 seconds 
[ Info: time: 5876 days, iteration: 423072, Δt: 20 minutes,max|u|: (1.91e+00, 2.33e+00, 6.95e-03) m s⁻¹, extrema(T): (31.66, -1.96) ᵒC, extrema(S): (39.79, 18.92) g/kg, extrema(η): (3.19, -2.83) m, wall time: 11.652 seconds 
[ Info: time: 5877 days, iteration: 423144, Δt: 20 minutes,max|u|: (1.86e+00, 2.21e+00, 6.97e-03) m s⁻¹, extrema(T): (31.73, -1.96) ᵒC, extrema(S): (39.80, 19.11) g/kg, extrema(η): (3.00, -2.20) m, wall time: 11.569 seconds 
[ Info: time: 5878 days, iteration: 423216, Δt: 20 minutes,max|u|: (1.82e+00, 2.14e+00, 6.96e-03) m s⁻¹, extrema(T): (31.80, -1.96) ᵒC, extrema(S): (39.79, 19.46) g/kg, extrema(η): (3.38, -2.16) m, wall time: 11.770 seconds 
[ Info: time: 5879 days, iteration: 423288, Δt: 20 minutes,max|u|: (1.65e+00, 2.55e+00, 6.94e-03) m s⁻¹, extrema(T): (31.73, -1.95) ᵒC, extrema(S): (39.79, 19.57) g/kg, extrema(η): (3.33, -2.01) m, wall time: 11.702 seconds 
[ Info: time: 5880 days, iteration: 423360, Δt: 20 minutes,max|u|: (1.55e+00, 2.75e+00, 6.99e-03) m s⁻¹, extrema(T): (31.72, -1.95) ᵒC, extrema(S): (39.79, 19.58) g/kg, extrema(η): (1.86, -2.10) m, wall time: 11.622 seconds 
[ Info: time: 5881 days, iteration: 423432, Δt: 20 minutes,max|u|: (1.68e+00, 2.00e+00, 6.95e-03) m s⁻¹, extrema(T): (31.77, -1.95) ᵒC, extrema(S): (39.78, 19.64) g/kg, extrema(η): (1.26, -2.55) m, wall time: 11.576 seconds 
[ Info: time: 5882 days, iteration: 423504, Δt: 20 minutes,max|u|: (1.51e+00, 1.93e+00, 6.95e-03) m s⁻¹, extrema(T): (31.77, -1.95) ᵒC, extrema(S): (39.78, 19.66) g/kg, extrema(η): (1.23, -2.03) m, wall time: 16.529 seconds 
[ Info: time: 5883 days, iteration: 423576, Δt: 20 minutes,max|u|: (1.53e+00, 1.95e+00, 6.95e-03) m s⁻¹, extrema(T): (31.79, -1.95) ᵒC, extrema(S): (39.76, 19.66) g/kg, extrema(η): (2.55, -1.96) m, wall time: 11.786 seconds 
[ Info: time: 5884 days, iteration: 423648, Δt: 20 minutes,max|u|: (1.57e+00, 2.23e+00, 6.92e-03) m s⁻¹, extrema(T): (31.81, -1.95) ᵒC, extrema(S): (39.76, 19.65) g/kg, extrema(η): (4.55, -2.05) m, wall time: 11.662 seconds 
[ Info: time: 5885 days, iteration: 423720, Δt: 20 minutes,max|u|: (1.55e+00, 1.97e+00, 6.92e-03) m s⁻¹, extrema(T): (31.85, -1.95) ᵒC, extrema(S): (39.76, 19.63) g/kg, extrema(η): (1.74, -2.04) m, wall time: 11.664 seconds 
[ Info: time: 5886 days, iteration: 423792, Δt: 20 minutes,max|u|: (1.57e+00, 1.89e+00, 6.92e-03) m s⁻¹, extrema(T): (31.76, -1.95) ᵒC, extrema(S): (39.76, 19.63) g/kg, extrema(η): (1.10, -2.58) m, wall time: 11.739 seconds 
[ Info: time: 5887 days, iteration: 423864, Δt: 20 minutes,max|u|: (1.56e+00, 1.88e+00, 6.89e-03) m s⁻¹, extrema(T): (31.64, -1.95) ᵒC, extrema(S): (39.76, 19.60) g/kg, extrema(η): (1.14, -2.84) m, wall time: 11.762 seconds 
[ Info: time: 5888 days, iteration: 423936, Δt: 20 minutes,max|u|: (2.04e+00, 1.84e+00, 6.92e-03) m s⁻¹, extrema(T): (31.50, -1.96) ᵒC, extrema(S): (39.76, 19.56) g/kg, extrema(η): (1.26, -2.06) m, wall time: 11.670 seconds 
[ Info: time: 5889 days, iteration: 424008, Δt: 20 minutes,max|u|: (2.02e+00, 2.06e+00, 6.94e-03) m s⁻¹, extrema(T): (31.45, -1.96) ᵒC, extrema(S): (39.75, 19.53) g/kg, extrema(η): (4.44, -2.12) m, wall time: 11.701 seconds 
[ Info: time: 5890 days, iteration: 424080, Δt: 20 minutes,max|u|: (1.97e+00, 2.10e+00, 6.95e-03) m s⁻¹, extrema(T): (31.33, -1.96) ᵒC, extrema(S): (39.75, 19.54) g/kg, extrema(η): (2.51, -2.07) m, wall time: 11.786 seconds 
[ Info: time: 5891 days, iteration: 424152, Δt: 20 minutes,max|u|: (1.85e+00, 2.12e+00, 6.97e-03) m s⁻¹, extrema(T): (31.24, -1.96) ᵒC, extrema(S): (39.75, 19.53) g/kg, extrema(η): (1.31, -2.23) m, wall time: 11.751 seconds 
[ Info: time: 5892 days, iteration: 424224, Δt: 20 minutes,max|u|: (1.80e+00, 2.33e+00, 6.92e-03) m s⁻¹, extrema(T): (31.19, -1.96) ᵒC, extrema(S): (39.75, 19.48) g/kg, extrema(η): (1.34, -2.93) m, wall time: 11.678 seconds 
[ Info: time: 5893 days, iteration: 424296, Δt: 20 minutes,max|u|: (2.00e+00, 2.57e+00, 6.88e-03) m s⁻¹, extrema(T): (31.12, -1.97) ᵒC, extrema(S): (39.75, 19.51) g/kg, extrema(η): (1.34, -2.05) m, wall time: 11.555 seconds 
[ Info: time: 5894 days, iteration: 424368, Δt: 20 minutes,max|u|: (2.87e+00, 2.81e+00, 6.86e-03) m s⁻¹, extrema(T): (31.10, -1.96) ᵒC, extrema(S): (39.74, 19.54) g/kg, extrema(η): (3.85, -2.02) m, wall time: 11.855 seconds 
[ Info: time: 5895 days, iteration: 424440, Δt: 20 minutes,max|u|: (3.13e+00, 2.87e+00, 6.86e-03) m s⁻¹, extrema(T): (31.03, -1.96) ᵒC, extrema(S): (39.74, 19.57) g/kg, extrema(η): (3.07, -1.97) m, wall time: 16.385 seconds 
[ Info: time: 5896 days, iteration: 424512, Δt: 20 minutes,max|u|: (1.87e+00, 2.52e+00, 6.85e-03) m s⁻¹, extrema(T): (31.04, -1.96) ᵒC, extrema(S): (39.74, 19.59) g/kg, extrema(η): (2.60, -2.05) m, wall time: 11.789 seconds 
[ Info: time: 5897 days, iteration: 424584, Δt: 20 minutes,max|u|: (2.29e+00, 2.19e+00, 6.91e-03) m s⁻¹, extrema(T): (31.06, -1.96) ᵒC, extrema(S): (39.74, 19.75) g/kg, extrema(η): (2.96, -3.74) m, wall time: 11.782 seconds 
[ Info: time: 5898 days, iteration: 424656, Δt: 20 minutes,max|u|: (2.18e+00, 1.83e+00, 6.89e-03) m s⁻¹, extrema(T): (31.08, -1.96) ᵒC, extrema(S): (39.74, 19.82) g/kg, extrema(η): (3.16, -2.16) m, wall time: 11.757 seconds 
[ Info: time: 5899 days, iteration: 424728, Δt: 20 minutes,max|u|: (1.37e+00, 1.54e+00, 6.88e-03) m s⁻¹, extrema(T): (31.11, -1.96) ᵒC, extrema(S): (39.73, 19.80) g/kg, extrema(η): (3.72, -2.09) m, wall time: 11.687 seconds 
[ Info: time: 5900 days, iteration: 424800, Δt: 20 minutes,max|u|: (1.42e+00, 1.51e+00, 6.85e-03) m s⁻¹, extrema(T): (31.16, -1.96) ᵒC, extrema(S): (39.73, 19.83) g/kg, extrema(η): (4.14, -2.11) m, wall time: 11.759 seconds 
[ Info: Saving checkpoint file
[ Info: time: 5901 days, iteration: 424872, Δt: 20 minutes,max|u|: (1.63e+00, 1.63e+00, 6.84e-03) m s⁻¹, extrema(T): (31.21, -1.96) ᵒC, extrema(S): (39.73, 19.76) g/kg, extrema(η): (2.55, -1.90) m, wall time: 26.385 seconds 
[ Info: time: 5902 days, iteration: 424944, Δt: 20 minutes,max|u|: (1.41e+00, 1.48e+00, 6.80e-03) m s⁻¹, extrema(T): (31.22, -1.96) ᵒC, extrema(S): (39.73, 19.62) g/kg, extrema(η): (2.20, -3.41) m, wall time: 12.579 seconds 
[ Info: time: 5903 days, iteration: 425016, Δt: 20 minutes,max|u|: (1.29e+00, 1.49e+00, 6.80e-03) m s⁻¹, extrema(T): (31.24, -1.96) ᵒC, extrema(S): (39.73, 19.48) g/kg, extrema(η): (1.84, -1.92) m, wall time: 11.729 seconds 
[ Info: time: 5904 days, iteration: 425088, Δt: 20 minutes,max|u|: (1.61e+00, 1.54e+00, 6.77e-03) m s⁻¹, extrema(T): (31.21, -1.96) ᵒC, extrema(S): (39.72, 19.38) g/kg, extrema(η): (3.13, -2.05) m, wall time: 11.745 seconds 
[ Info: time: 5905 days, iteration: 425160, Δt: 20 minutes,max|u|: (1.32e+00, 1.56e+00, 6.76e-03) m s⁻¹, extrema(T): (31.24, -1.96) ᵒC, extrema(S): (39.72, 19.29) g/kg, extrema(η): (4.37, -1.96) m, wall time: 11.752 seconds 
[ Info: time: 5906 days, iteration: 425232, Δt: 20 minutes,max|u|: (1.51e+00, 1.74e+00, 6.73e-03) m s⁻¹, extrema(T): (31.29, -1.96) ᵒC, extrema(S): (39.72, 19.18) g/kg, extrema(η): (1.25, -1.99) m, wall time: 11.751 seconds 
[ Info: time: 5907 days, iteration: 425304, Δt: 20 minutes,max|u|: (1.32e+00, 1.55e+00, 6.76e-03) m s⁻¹, extrema(T): (31.29, -1.95) ᵒC, extrema(S): (39.72, 19.12) g/kg, extrema(η): (1.52, -3.23) m, wall time: 16.517 seconds 
[ Info: time: 5908 days, iteration: 425376, Δt: 20 minutes,max|u|: (1.33e+00, 1.51e+00, 6.86e-03) m s⁻¹, extrema(T): (31.30, -1.95) ᵒC, extrema(S): (39.72, 19.04) g/kg, extrema(η): (1.15, -2.49) m, wall time: 11.761 seconds 
[ Info: time: 5909 days, iteration: 425448, Δt: 20 minutes,max|u|: (1.35e+00, 1.61e+00, 6.91e-03) m s⁻¹, extrema(T): (31.31, -1.95) ᵒC, extrema(S): (39.72, 18.98) g/kg, extrema(η): (2.40, -2.03) m, wall time: 11.800 seconds 
[ Info: time: 5910 days, iteration: 425520, Δt: 20 minutes,max|u|: (1.49e+00, 1.60e+00, 6.92e-03) m s⁻¹, extrema(T): (31.32, -1.95) ᵒC, extrema(S): (39.72, 18.93) g/kg, extrema(η): (4.31, -2.08) m, wall time: 11.756 seconds 
[ Info: time: 5911 days, iteration: 425592, Δt: 20 minutes,max|u|: (1.38e+00, 1.59e+00, 7.00e-03) m s⁻¹, extrema(T): (31.33, -1.95) ᵒC, extrema(S): (39.72, 18.89) g/kg, extrema(η): (1.35, -2.15) m, wall time: 11.683 seconds 
[ Info: time: 5912 days, iteration: 425664, Δt: 20 minutes,max|u|: (1.39e+00, 1.61e+00, 7.06e-03) m s⁻¹, extrema(T): (31.29, -1.95) ᵒC, extrema(S): (39.72, 18.84) g/kg, extrema(η): (1.18, -2.94) m, wall time: 11.836 seconds 
[ Info: time: 5913 days, iteration: 425736, Δt: 20 minutes,max|u|: (1.57e+00, 1.89e+00, 7.08e-03) m s⁻¹, extrema(T): (31.31, -1.95) ᵒC, extrema(S): (39.71, 18.80) g/kg, extrema(η): (1.54, -2.80) m, wall time: 11.755 seconds 
[ Info: time: 5914 days, iteration: 425808, Δt: 20 minutes,max|u|: (1.41e+00, 1.65e+00, 7.10e-03) m s⁻¹, extrema(T): (31.32, -1.96) ᵒC, extrema(S): (39.72, 18.76) g/kg, extrema(η): (1.23, -1.94) m, wall time: 11.784 seconds 
[ Info: time: 5915 days, iteration: 425880, Δt: 20 minutes,max|u|: (2.78e+00, 1.85e+00, 7.09e-03) m s⁻¹, extrema(T): (31.35, -1.96) ᵒC, extrema(S): (39.72, 18.74) g/kg, extrema(η): (4.24, -1.92) m, wall time: 11.756 seconds 
[ Info: time: 5916 days, iteration: 425952, Δt: 20 minutes,max|u|: (1.39e+00, 1.57e+00, 7.14e-03) m s⁻¹, extrema(T): (31.38, -1.96) ᵒC, extrema(S): (39.71, 18.73) g/kg, extrema(η): (2.31, -1.93) m, wall time: 11.811 seconds 
[ Info: time: 5917 days, iteration: 426024, Δt: 20 minutes,max|u|: (1.41e+00, 1.54e+00, 7.15e-03) m s⁻¹, extrema(T): (31.40, -1.96) ᵒC, extrema(S): (39.71, 18.70) g/kg, extrema(η): (1.68, -1.95) m, wall time: 11.725 seconds 
[ Info: time: 5918 days, iteration: 426096, Δt: 20 minutes,max|u|: (1.46e+00, 1.54e+00, 7.19e-03) m s⁻¹, extrema(T): (31.41, -1.96) ᵒC, extrema(S): (39.71, 18.67) g/kg, extrema(η): (2.38, -3.46) m, wall time: 11.711 seconds 
[ Info: time: 5919 days, iteration: 426168, Δt: 20 minutes,max|u|: (1.50e+00, 1.74e+00, 7.27e-03) m s⁻¹, extrema(T): (31.43, -1.96) ᵒC, extrema(S): (39.71, 18.65) g/kg, extrema(η): (2.96, -1.99) m, wall time: 11.716 seconds 
[ Info: time: 5920 days, iteration: 426240, Δt: 20 minutes,max|u|: (1.59e+00, 1.55e+00, 7.16e-03) m s⁻¹, extrema(T): (31.45, -1.96) ᵒC, extrema(S): (39.71, 18.62) g/kg, extrema(η): (4.20, -2.14) m, wall time: 16.460 seconds 
[ Info: time: 5921 days, iteration: 426312, Δt: 20 minutes,max|u|: (1.51e+00, 1.56e+00, 7.19e-03) m s⁻¹, extrema(T): (31.44, -1.96) ᵒC, extrema(S): (39.71, 18.59) g/kg, extrema(η): (3.28, -1.97) m, wall time: 11.748 seconds 
[ Info: time: 5922 days, iteration: 426384, Δt: 20 minutes,max|u|: (1.54e+00, 1.58e+00, 7.25e-03) m s⁻¹, extrema(T): (31.47, -1.96) ᵒC, extrema(S): (39.71, 18.58) g/kg, extrema(η): (3.26, -1.92) m, wall time: 15.642 seconds 
[ Info: time: 5923 days, iteration: 426456, Δt: 20 minutes,max|u|: (1.58e+00, 1.57e+00, 7.24e-03) m s⁻¹, extrema(T): (31.48, -1.96) ᵒC, extrema(S): (39.71, 18.55) g/kg, extrema(η): (3.06, -3.80) m, wall time: 11.782 seconds 
[ Info: time: 5924 days, iteration: 426528, Δt: 20 minutes,max|u|: (2.86e+00, 1.67e+00, 7.32e-03) m s⁻¹, extrema(T): (31.49, -1.96) ᵒC, extrema(S): (39.70, 18.56) g/kg, extrema(η): (2.79, -2.14) m, wall time: 11.755 seconds 
[ Info: time: 5925 days, iteration: 426600, Δt: 20 minutes,max|u|: (1.65e+00, 1.56e+00, 7.28e-03) m s⁻¹, extrema(T): (31.39, -1.96) ᵒC, extrema(S): (39.70, 18.67) g/kg, extrema(η): (3.99, -2.13) m, wall time: 11.743 seconds 
[ Info: time: 5926 days, iteration: 426672, Δt: 20 minutes,max|u|: (1.74e+00, 1.54e+00, 7.31e-03) m s⁻¹, extrema(T): (31.20, -1.95) ᵒC, extrema(S): (39.70, 18.92) g/kg, extrema(η): (3.77, -1.97) m, wall time: 11.676 seconds 
[ Info: time: 5927 days, iteration: 426744, Δt: 20 minutes,max|u|: (1.67e+00, 1.80e+00, 7.28e-03) m s⁻¹, extrema(T): (31.08, -1.95) ᵒC, extrema(S): (39.70, 19.50) g/kg, extrema(η): (1.37, -1.92) m, wall time: 11.647 seconds 
[ Info: time: 5928 days, iteration: 426816, Δt: 20 minutes,max|u|: (1.70e+00, 1.52e+00, 7.23e-03) m s⁻¹, extrema(T): (30.98, -1.94) ᵒC, extrema(S): (39.70, 19.73) g/kg, extrema(η): (1.32, -3.22) m, wall time: 11.705 seconds 
[ Info: time: 5929 days, iteration: 426888, Δt: 20 minutes,max|u|: (1.71e+00, 1.52e+00, 7.22e-03) m s⁻¹, extrema(T): (31.15, -1.94) ᵒC, extrema(S): (39.70, 19.59) g/kg, extrema(η): (1.38, -2.07) m, wall time: 11.713 seconds 
[ Info: time: 5930 days, iteration: 426960, Δt: 20 minutes,max|u|: (1.96e+00, 1.53e+00, 7.18e-03) m s⁻¹, extrema(T): (31.09, -1.94) ᵒC, extrema(S): (39.70, 19.43) g/kg, extrema(η): (2.87, -2.03) m, wall time: 11.696 seconds 
[ Info: time: 5931 days, iteration: 427032, Δt: 20 minutes,max|u|: (1.72e+00, 1.65e+00, 7.23e-03) m s⁻¹, extrema(T): (31.07, -1.93) ᵒC, extrema(S): (39.70, 19.32) g/kg, extrema(η): (4.45, -2.03) m, wall time: 11.776 seconds 
[ Info: time: 5932 days, iteration: 427104, Δt: 20 minutes,max|u|: (1.75e+00, 1.75e+00, 7.20e-03) m s⁻¹, extrema(T): (31.05, -1.93) ᵒC, extrema(S): (39.70, 19.26) g/kg, extrema(η): (1.31, -2.06) m, wall time: 16.476 seconds 
[ Info: time: 5933 days, iteration: 427176, Δt: 20 minutes,max|u|: (1.77e+00, 1.65e+00, 7.22e-03) m s⁻¹, extrema(T): (31.06, -1.93) ᵒC, extrema(S): (39.70, 19.23) g/kg, extrema(η): (1.31, -2.50) m, wall time: 12.902 seconds 
[ Info: time: 5934 days, iteration: 427248, Δt: 20 minutes,max|u|: (1.79e+00, 1.57e+00, 7.23e-03) m s⁻¹, extrema(T): (31.08, -1.93) ᵒC, extrema(S): (39.69, 19.14) g/kg, extrema(η): (1.29, -2.35) m, wall time: 11.688 seconds 
[ Info: time: 5935 days, iteration: 427320, Δt: 20 minutes,max|u|: (1.89e+00, 1.66e+00, 7.22e-03) m s⁻¹, extrema(T): (31.18, -1.92) ᵒC, extrema(S): (39.69, 19.04) g/kg, extrema(η): (1.58, -1.99) m, wall time: 11.684 seconds 
[ Info: time: 5936 days, iteration: 427392, Δt: 20 minutes,max|u|: (1.81e+00, 1.56e+00, 7.16e-03) m s⁻¹, extrema(T): (31.07, -1.92) ᵒC, extrema(S): (39.69, 18.99) g/kg, extrema(η): (4.44, -2.07) m, wall time: 11.661 seconds 
[ Info: time: 5937 days, iteration: 427464, Δt: 20 minutes,max|u|: (1.82e+00, 1.56e+00, 7.12e-03) m s⁻¹, extrema(T): (31.14, -1.92) ᵒC, extrema(S): (39.69, 18.91) g/kg, extrema(η): (2.54, -1.93) m, wall time: 11.703 seconds 
[ Info: time: 5938 days, iteration: 427536, Δt: 20 minutes,max|u|: (1.84e+00, 1.55e+00, 7.19e-03) m s⁻¹, extrema(T): (31.13, -1.92) ᵒC, extrema(S): (39.69, 19.08) g/kg, extrema(η): (1.18, -2.01) m, wall time: 11.716 seconds 
[ Info: time: 5939 days, iteration: 427608, Δt: 20 minutes,max|u|: (1.87e+00, 1.53e+00, 7.23e-03) m s⁻¹, extrema(T): (31.11, -1.92) ᵒC, extrema(S): (39.69, 19.60) g/kg, extrema(η): (1.20, -3.57) m, wall time: 11.721 seconds 
[ Info: time: 5940 days, iteration: 427680, Δt: 20 minutes,max|u|: (1.91e+00, 1.72e+00, 7.23e-03) m s⁻¹, extrema(T): (31.16, -1.91) ᵒC, extrema(S): (39.69, 19.59) g/kg, extrema(η): (1.66, -1.94) m, wall time: 11.693 seconds 
[ Info: time: 5941 days, iteration: 427752, Δt: 20 minutes,max|u|: (1.91e+00, 1.52e+00, 7.26e-03) m s⁻¹, extrema(T): (31.21, -1.91) ᵒC, extrema(S): (39.69, 19.52) g/kg, extrema(η): (4.20, -2.09) m, wall time: 11.711 seconds 
[ Info: time: 5942 days, iteration: 427824, Δt: 20 minutes,max|u|: (1.91e+00, 1.50e+00, 7.31e-03) m s⁻¹, extrema(T): (31.15, -1.91) ᵒC, extrema(S): (39.69, 19.43) g/kg, extrema(η): (3.64, -2.09) m, wall time: 11.676 seconds 
[ Info: time: 5943 days, iteration: 427896, Δt: 20 minutes,max|u|: (1.90e+00, 1.53e+00, 7.28e-03) m s⁻¹, extrema(T): (31.19, -1.91) ᵒC, extrema(S): (39.69, 19.51) g/kg, extrema(η): (2.98, -2.10) m, wall time: 11.691 seconds 
[ Info: time: 5944 days, iteration: 427968, Δt: 20 minutes,max|u|: (1.94e+00, 2.14e+00, 7.22e-03) m s⁻¹, extrema(T): (31.17, -1.91) ᵒC, extrema(S): (39.69, 19.53) g/kg, extrema(η): (3.26, -3.50) m, wall time: 16.373 seconds 
[ Info: time: 5945 days, iteration: 428040, Δt: 20 minutes,max|u|: (1.91e+00, 2.23e+00, 7.20e-03) m s⁻¹, extrema(T): (31.20, -1.91) ᵒC, extrema(S): (39.69, 19.47) g/kg, extrema(η): (3.32, -2.10) m, wall time: 11.752 seconds 
[ Info: time: 5946 days, iteration: 428112, Δt: 20 minutes,max|u|: (1.91e+00, 1.46e+00, 7.14e-03) m s⁻¹, extrema(T): (31.22, -1.91) ᵒC, extrema(S): (39.68, 19.51) g/kg, extrema(η): (3.27, -2.06) m, wall time: 11.778 seconds 
[ Info: time: 5947 days, iteration: 428184, Δt: 20 minutes,max|u|: (2.05e+00, 1.46e+00, 7.07e-03) m s⁻¹, extrema(T): (31.36, -1.91) ᵒC, extrema(S): (39.68, 19.39) g/kg, extrema(η): (4.21, -1.97) m, wall time: 11.735 seconds 
[ Info: time: 5948 days, iteration: 428256, Δt: 20 minutes,max|u|: (1.98e+00, 1.66e+00, 7.06e-03) m s⁻¹, extrema(T): (31.28, -1.91) ᵒC, extrema(S): (39.68, 19.47) g/kg, extrema(η): (2.40, -1.93) m, wall time: 11.743 seconds 
[ Info: time: 5949 days, iteration: 428328, Δt: 20 minutes,max|u|: (1.99e+00, 1.47e+00, 7.01e-03) m s⁻¹, extrema(T): (31.30, -1.91) ᵒC, extrema(S): (39.68, 19.53) g/kg, extrema(η): (1.89, -3.58) m, wall time: 11.732 seconds 
[ Info: time: 5950 days, iteration: 428400, Δt: 20 minutes,max|u|: (2.00e+00, 1.49e+00, 6.99e-03) m s⁻¹, extrema(T): (31.40, -1.91) ᵒC, extrema(S): (39.68, 19.53) g/kg, extrema(η): (1.47, -2.13) m, wall time: 11.712 seconds 
[ Info: time: 5951 days, iteration: 428472, Δt: 20 minutes,max|u|: (2.00e+00, 1.61e+00, 6.99e-03) m s⁻¹, extrema(T): (31.30, -1.91) ᵒC, extrema(S): (39.68, 19.55) g/kg, extrema(η): (2.38, -1.84) m, wall time: 11.729 seconds 
[ Info: time: 5952 days, iteration: 428544, Δt: 20 minutes,max|u|: (1.99e+00, 1.51e+00, 6.93e-03) m s⁻¹, extrema(T): (31.23, -1.91) ᵒC, extrema(S): (39.68, 19.44) g/kg, extrema(η): (4.50, -1.89) m, wall time: 11.777 seconds 
[ Info: time: 5953 days, iteration: 428616, Δt: 20 minutes,max|u|: (1.95e+00, 1.66e+00, 7.01e-03) m s⁻¹, extrema(T): (31.19, -1.92) ᵒC, extrema(S): (39.68, 19.45) g/kg, extrema(η): (1.88, -1.91) m, wall time: 11.793 seconds 
[ Info: time: 5954 days, iteration: 428688, Δt: 20 minutes,max|u|: (1.94e+00, 1.51e+00, 7.00e-03) m s⁻¹, extrema(T): (31.29, -1.92) ᵒC, extrema(S): (39.68, 19.47) g/kg, extrema(η): (1.40, -2.64) m, wall time: 11.770 seconds 
[ Info: time: 5955 days, iteration: 428760, Δt: 20 minutes,max|u|: (1.93e+00, 1.51e+00, 6.93e-03) m s⁻¹, extrema(T): (31.21, -1.92) ᵒC, extrema(S): (39.68, 19.37) g/kg, extrema(η): (1.32, -3.10) m, wall time: 11.787 seconds 
[ Info: time: 5956 days, iteration: 428832, Δt: 20 minutes,max|u|: (1.95e+00, 1.65e+00, 6.88e-03) m s⁻¹, extrema(T): (31.18, -1.92) ᵒC, extrema(S): (39.68, 19.35) g/kg, extrema(η): (1.23, -2.01) m, wall time: 11.803 seconds 
[ Info: time: 5957 days, iteration: 428904, Δt: 20 minutes,max|u|: (1.98e+00, 1.49e+00, 6.85e-03) m s⁻¹, extrema(T): (31.19, -1.92) ᵒC, extrema(S): (39.69, 19.56) g/kg, extrema(η): (4.10, -1.86) m, wall time: 16.496 seconds 
[ Info: time: 5958 days, iteration: 428976, Δt: 20 minutes,max|u|: (1.97e+00, 1.49e+00, 6.87e-03) m s⁻¹, extrema(T): (31.30, -1.92) ᵒC, extrema(S): (39.69, 19.49) g/kg, extrema(η): (2.95, -1.99) m, wall time: 11.689 seconds 
[ Info: time: 5959 days, iteration: 429048, Δt: 20 minutes,max|u|: (1.96e+00, 1.72e+00, 6.84e-03) m s⁻¹, extrema(T): (31.28, -1.92) ᵒC, extrema(S): (39.69, 19.67) g/kg, extrema(η): (1.32, -1.92) m, wall time: 11.762 seconds 
[ Info: time: 5960 days, iteration: 429120, Δt: 20 minutes,max|u|: (1.92e+00, 1.47e+00, 6.80e-03) m s⁻¹, extrema(T): (31.29, -1.92) ᵒC, extrema(S): (39.68, 19.60) g/kg, extrema(η): (1.34, -3.48) m, wall time: 11.711 seconds 
[ Info: time: 5961 days, iteration: 429192, Δt: 20 minutes,max|u|: (1.90e+00, 1.70e+00, 6.83e-03) m s⁻¹, extrema(T): (31.23, -1.92) ᵒC, extrema(S): (39.68, 19.67) g/kg, extrema(η): (1.41, -2.13) m, wall time: 11.929 seconds 
[ Info: time: 5962 days, iteration: 429264, Δt: 20 minutes,max|u|: (1.90e+00, 1.46e+00, 6.86e-03) m s⁻¹, extrema(T): (31.22, -1.93) ᵒC, extrema(S): (39.67, 19.62) g/kg, extrema(η): (3.47, -2.03) m, wall time: 11.752 seconds 
[ Info: time: 5963 days, iteration: 429336, Δt: 20 minutes,max|u|: (1.88e+00, 1.46e+00, 6.89e-03) m s⁻¹, extrema(T): (31.25, -1.93) ᵒC, extrema(S): (39.68, 19.57) g/kg, extrema(η): (4.28, -2.01) m, wall time: 11.777 seconds 
[ Info: time: 5964 days, iteration: 429408, Δt: 20 minutes,max|u|: (1.85e+00, 1.72e+00, 6.88e-03) m s⁻¹, extrema(T): (31.31, -1.92) ᵒC, extrema(S): (39.68, 19.58) g/kg, extrema(η): (1.75, -2.16) m, wall time: 12.842 seconds 
[ Info: time: 5965 days, iteration: 429480, Δt: 20 minutes,max|u|: (1.81e+00, 1.45e+00, 6.82e-03) m s⁻¹, extrema(T): (31.31, -1.92) ᵒC, extrema(S): (39.68, 19.46) g/kg, extrema(η): (2.59, -3.98) m, wall time: 11.804 seconds 
[ Info: time: 5966 days, iteration: 429552, Δt: 20 minutes,max|u|: (1.80e+00, 1.67e+00, 6.81e-03) m s⁻¹, extrema(T): (31.34, -1.92) ᵒC, extrema(S): (39.68, 19.57) g/kg, extrema(η): (2.98, -2.04) m, wall time: 11.760 seconds 
[ Info: time: 5967 days, iteration: 429624, Δt: 20 minutes,max|u|: (1.80e+00, 1.49e+00, 6.81e-03) m s⁻¹, extrema(T): (31.34, -1.92) ᵒC, extrema(S): (39.69, 19.58) g/kg, extrema(η): (3.22, -1.96) m, wall time: 11.740 seconds 
[ Info: time: 5968 days, iteration: 429696, Δt: 20 minutes,max|u|: (1.87e+00, 1.45e+00, 6.79e-03) m s⁻¹, extrema(T): (31.32, -1.92) ᵒC, extrema(S): (39.69, 19.63) g/kg, extrema(η): (3.97, -1.87) m, wall time: 11.828 seconds 
[ Info: time: 5969 days, iteration: 429768, Δt: 20 minutes,max|u|: (1.92e+00, 1.62e+00, 6.79e-03) m s⁻¹, extrema(T): (31.33, -1.90) ᵒC, extrema(S): (39.69, 19.25) g/kg, extrema(η): (3.15, -1.81) m, wall time: 16.555 seconds 
[ Info: time: 5970 days, iteration: 429840, Δt: 20 minutes,max|u|: (2.18e+00, 1.65e+00, 6.77e-03) m s⁻¹, extrema(T): (31.32, -1.92) ᵒC, extrema(S): (39.68, 18.33) g/kg, extrema(η): (2.88, -3.65) m, wall time: 11.837 seconds 
[ Info: time: 5971 days, iteration: 429912, Δt: 20 minutes,max|u|: (2.13e+00, 1.90e+00, 6.80e-03) m s⁻¹, extrema(T): (31.33, -1.92) ᵒC, extrema(S): (39.68, 17.74) g/kg, extrema(η): (2.52, -2.58) m, wall time: 11.836 seconds 
[ Info: time: 5972 days, iteration: 429984, Δt: 20 minutes,max|u|: (2.36e+00, 1.69e+00, 6.88e-03) m s⁻¹, extrema(T): (31.36, -1.91) ᵒC, extrema(S): (39.68, 17.53) g/kg, extrema(η): (2.05, -1.95) m, wall time: 11.772 seconds 
[ Info: time: 5973 days, iteration: 430056, Δt: 20 minutes,max|u|: (2.50e+00, 1.52e+00, 6.88e-03) m s⁻¹, extrema(T): (31.38, -1.90) ᵒC, extrema(S): (39.68, 17.03) g/kg, extrema(η): (4.35, -1.97) m, wall time: 11.750 seconds 
[ Info: time: 5974 days, iteration: 430128, Δt: 20 minutes,max|u|: (2.24e+00, 1.65e+00, 6.92e-03) m s⁻¹, extrema(T): (31.34, -1.90) ᵒC, extrema(S): (39.68, 17.04) g/kg, extrema(η): (1.41, -1.98) m, wall time: 11.767 seconds 
[ Info: time: 5975 days, iteration: 430200, Δt: 20 minutes,max|u|: (1.83e+00, 1.43e+00, 6.97e-03) m s⁻¹, extrema(T): (31.32, -1.90) ᵒC, extrema(S): (39.68, 16.59) g/kg, extrema(η): (1.19, -3.28) m, wall time: 11.766 seconds 
[ Info: time: 5976 days, iteration: 430272, Δt: 20 minutes,max|u|: (1.70e+00, 1.43e+00, 6.99e-03) m s⁻¹, extrema(T): (31.30, -1.91) ᵒC, extrema(S): (39.68, 16.34) g/kg, extrema(η): (1.48, -3.39) m, wall time: 11.700 seconds 

[899833] signal (15): Terminated
in expression starting at /g/data/v46/txs156/ocean-ensembles/experiments/RYF_onedeg.jl:632
pthread_cond_wait at /lib64/libpthread.so.0 (unknown line)
uv_cond_wait at /workspace/srcdir/libuv/src/unix/thread.c:883
ijl_task_get_next at /cache/build/builder-amdci5-7/julialang/julia-release-1-dot-10/src/partr.c:517
poptask at ./task.jl:999
wait at ./task.jl:1008
#wait#647 at ./condition.jl:130
wait at ./condition.jl:125 [inlined]
take! at /g/data/e14/txs156/.julia/packages/CUDA/Wfi8S/lib/cudadrv/synchronization.jl:53
synchronization_worker at /g/data/e14/txs156/.julia/packages/CUDA/Wfi8S/lib/cudadrv/synchronization.jl:119
unknown function (ip: 0x149c392c5a98)
_jl_invoke at /cache/build/builder-amdci5-7/julialang/julia-release-1-dot-10/src/gf.c:2895 [inlined]
ijl_apply_generic at /cache/build/builder-amdci5-7/julialang/julia-release-1-dot-10/src/gf.c:3077
jfptr_nvmlInforomObject_enum_13471 at /g/data/e14/txs156/.julia/compiled/v1.10/CUDA/oWw5k_DmUcp.so (unknown line)
start_thread at /lib64/libpthread.so.0 (unknown line)
clone at /lib64/libc.so.6 (unknown line)
unknown function (ip: (nil))
pthread_cond_wait at /lib64/libpthread.so.0 (unknown line)
uv_cond_wait at /workspace/srcdir/libuv/src/unix/thread.c:883
ijl_task_get_next at /cache/build/builder-amdci5-7/julialang/julia-release-1-dot-10/src/partr.c:517
poptask at ./task.jl:999
wait at ./task.jl:1008
#wait#647 at ./condition.jl:130
wait at ./condition.jl:125 [inlined]
take! at /g/data/e14/txs156/.julia/packages/CUDA/Wfi8S/lib/cudadrv/synchronization.jl:53
synchronization_worker at /g/data/e14/txs156/.julia/packages/CUDA/Wfi8S/lib/cudadrv/synchronization.jl:119
unknown function (ip: 0x149c392c5a98)
_jl_invoke at /cache/build/builder-amdci5-7/julialang/julia-release-1-dot-10/src/gf.c:2895 [inlined]
ijl_apply_generic at /cache/build/builder-amdci5-7/julialang/julia-release-1-dot-10/src/gf.c:3077
jfptr_nvmlInforomObject_enum_13471 at /g/data/e14/txs156/.julia/compiled/v1.10/CUDA/oWw5k_DmUcp.so (unknown line)
start_thread at /lib64/libpthread.so.0 (unknown line)
clone at /lib64/libc.so.6 (unknown line)
unknown function (ip: (nil))
pthread_cond_wait at /lib64/libpthread.so.0 (unknown line)
uv_cond_wait at /workspace/srcdir/libuv/src/unix/thread.c:883
ijl_task_get_next at /cache/build/builder-amdci5-7/julialang/julia-release-1-dot-10/src/partr.c:517
poptask at ./task.jl:999
wait at ./task.jl:1008
#wait#647 at ./condition.jl:130
wait at ./condition.jl:125 [inlined]
take! at /g/data/e14/txs156/.julia/packages/CUDA/Wfi8S/lib/cudadrv/synchronization.jl:53
synchronization_worker at /g/data/e14/txs156/.julia/packages/CUDA/Wfi8S/lib/cudadrv/synchronization.jl:119
unknown function (ip: 0x149c392c5a98)
_jl_invoke at /cache/build/builder-amdci5-7/julialang/julia-release-1-dot-10/src/gf.c:2895 [inlined]
ijl_apply_generic at /cache/build/builder-amdci5-7/julialang/julia-release-1-dot-10/src/gf.c:3077
jfptr_nvmlInforomObject_enum_13471 at /g/data/e14/txs156/.julia/compiled/v1.10/CUDA/oWw5k_DmUcp.so (unknown line)
start_thread at /lib64/libpthread.so.0 (unknown line)
clone at /lib64/libc.so.6 (unknown line)
unknown function (ip: (nil))
pthread_cond_wait at /lib64/libpthread.so.0 (unknown line)
uv_cond_wait at /workspace/srcdir/libuv/src/unix/thread.c:883
ijl_task_get_next at /cache/build/builder-amdci5-7/julialang/julia-release-1-dot-10/src/partr.c:517
poptask at ./task.jl:999
wait at ./task.jl:1008
#wait#647 at ./condition.jl:130
wait at ./condition.jl:125 [inlined]
take! at /g/data/e14/txs156/.julia/packages/CUDA/Wfi8S/lib/cudadrv/synchronization.jl:53
synchronization_worker at /g/data/e14/txs156/.julia/packages/CUDA/Wfi8S/lib/cudadrv/synchronization.jl:119
unknown function (ip: 0x149c392c5a98)
_jl_invoke at /cache/build/builder-amdci5-7/julialang/julia-release-1-dot-10/src/gf.c:2895 [inlined]
ijl_apply_generic at /cache/build/builder-amdci5-7/julialang/julia-release-1-dot-10/src/gf.c:3077
jfptr_nvmlInforomObject_enum_13471 at /g/data/e14/txs156/.julia/compiled/v1.10/CUDA/oWw5k_DmUcp.so (unknown line)
start_thread at /lib64/libpthread.so.0 (unknown line)
clone at /lib64/libc.so.6 (unknown line)
unknown function (ip: (nil))
jl_gc_pool_alloc_inner at /cache/build/builder-amdci5-7/julialang/julia-release-1-dot-10/src/gc.c:1288 [inlined]
ijl_gc_pool_alloc at /cache/build/builder-amdci5-7/julialang/julia-release-1-dot-10/src/gc.c:1341
_launch! at /g/data/v46/txs156/Oceananigans.jl/src/Utils/kernel_launching.jl:363 [inlined]
#launch!#12 at /g/data/v46/txs156/Oceananigans.jl/src/Utils/kernel_launching.jl:340 [inlined]
launch! at /g/data/v46/txs156/Oceananigans.jl/src/Utils/kernel_launching.jl:340 [inlined]
time_step_catke_equation! at /g/data/v46/txs156/Oceananigans.jl/src/TurbulenceClosures/turbulence_closure_implementations/TKEBasedVerticalDiffusivities/time_step_catke_equation.jl:122
#compute_diffusivities!#12 at /g/data/v46/txs156/Oceananigans.jl/src/TurbulenceClosures/turbulence_closure_implementations/TKEBasedVerticalDiffusivities/catke_vertical_diffusivity.jl:245
compute_diffusivities! at /g/data/v46/txs156/Oceananigans.jl/src/TurbulenceClosures/turbulence_closure_implementations/TKEBasedVerticalDiffusivities/catke_vertical_diffusivity.jl:231
unknown function (ip: 0x149c1d583655)
_jl_invoke at /cache/build/builder-amdci5-7/julialang/julia-release-1-dot-10/src/gf.c:2895 [inlined]
ijl_apply_generic at /cache/build/builder-amdci5-7/julialang/julia-release-1-dot-10/src/gf.c:3077
#compute_diffusivities!#23 at /g/data/v46/txs156/Oceananigans.jl/src/TurbulenceClosures/closure_tuples.jl:79
compute_diffusivities! at /g/data/v46/txs156/Oceananigans.jl/src/TurbulenceClosures/closure_tuples.jl:76 [inlined]
#compute_auxiliaries!#39 at /g/data/v46/txs156/Oceananigans.jl/src/Models/HydrostaticFreeSurfaceModels/update_hydrostatic_free_surface_model_state.jl:98
_jl_invoke at /cache/build/builder-amdci5-7/julialang/julia-release-1-dot-10/src/gf.c:2895 [inlined]
ijl_apply_generic at /cache/build/builder-amdci5-7/julialang/julia-release-1-dot-10/src/gf.c:3077
compute_auxiliaries! at /g/data/v46/txs156/Oceananigans.jl/src/Models/HydrostaticFreeSurfaceModels/update_hydrostatic_free_surface_model_state.jl:74
#apply_regionally!#76 at /g/data/v46/txs156/Oceananigans.jl/src/Utils/multi_region_transformation.jl:135 [inlined]
apply_regionally! at /g/data/v46/txs156/Oceananigans.jl/src/Utils/multi_region_transformation.jl:132 [inlined]
macro expansion at /g/data/v46/txs156/Oceananigans.jl/src/Utils/multi_region_transformation.jl:224 [inlined]
#update_state!#32 at /g/data/v46/txs156/Oceananigans.jl/src/Models/HydrostaticFreeSurfaceModels/update_hydrostatic_free_surface_model_state.jl:45
update_state! at /g/data/v46/txs156/Oceananigans.jl/src/Models/HydrostaticFreeSurfaceModels/update_hydrostatic_free_surface_model_state.jl:32 [inlined]
#update_state!#31 at /g/data/v46/txs156/Oceananigans.jl/src/Models/HydrostaticFreeSurfaceModels/update_hydrostatic_free_surface_model_state.jl:29 [inlined]
update_state! at /g/data/v46/txs156/Oceananigans.jl/src/Models/HydrostaticFreeSurfaceModels/update_hydrostatic_free_surface_model_state.jl:29 [inlined]
#time_step!#10 at /g/data/v46/txs156/Oceananigans.jl/src/TimeSteppers/split_hydrostatic_runge_kutta_3.jl:100
time_step! at /g/data/v46/txs156/Oceananigans.jl/src/TimeSteppers/split_hydrostatic_runge_kutta_3.jl:76
unknown function (ip: 0x149c10a4c2ee)
_jl_invoke at /cache/build/builder-amdci5-7/julialang/julia-release-1-dot-10/src/gf.c:2895 [inlined]
ijl_apply_generic at /cache/build/builder-amdci5-7/julialang/julia-release-1-dot-10/src/gf.c:3077
time_step! at /g/data/v46/txs156/Oceananigans.jl/src/Simulations/run.jl:149
time_step! at /g/data/v46/txs156/Oceananigans.jl/src/Simulations/run.jl:121 [inlined]
#time_step!#3 at /g/data/v46/txs156/ClimaOcean.jl/src/OceanSeaIceModels/time_step_ocean_sea_ice_model.jl:24
time_step! at /g/data/v46/txs156/ClimaOcean.jl/src/OceanSeaIceModels/time_step_ocean_sea_ice_model.jl:14
unknown function (ip: 0x149c11dbddae)
_jl_invoke at /cache/build/builder-amdci5-7/julialang/julia-release-1-dot-10/src/gf.c:2895 [inlined]
ijl_apply_generic at /cache/build/builder-amdci5-7/julialang/julia-release-1-dot-10/src/gf.c:3077
time_step! at /g/data/v46/txs156/Oceananigans.jl/src/Simulations/run.jl:149
#run!#7 at /g/data/v46/txs156/Oceananigans.jl/src/Simulations/run.jl:105
run! at /g/data/v46/txs156/Oceananigans.jl/src/Simulations/run.jl:92
unknown function (ip: 0x149c18297f65)
_jl_invoke at /cache/build/builder-amdci5-7/julialang/julia-release-1-dot-10/src/gf.c:2895 [inlined]
ijl_apply_generic at /cache/build/builder-amdci5-7/julialang/julia-release-1-dot-10/src/gf.c:3077
jl_apply at /cache/build/builder-amdci5-7/julialang/julia-release-1-dot-10/src/julia.h:1982 [inlined]
do_call at /cache/build/builder-amdci5-7/julialang/julia-release-1-dot-10/src/interpreter.c:126
eval_value at /cache/build/builder-amdci5-7/julialang/julia-release-1-dot-10/src/interpreter.c:223
eval_stmt_value at /cache/build/builder-amdci5-7/julialang/julia-release-1-dot-10/src/interpreter.c:174 [inlined]
eval_body at /cache/build/builder-amdci5-7/julialang/julia-release-1-dot-10/src/interpreter.c:617
jl_interpret_toplevel_thunk at /cache/build/builder-amdci5-7/julialang/julia-release-1-dot-10/src/interpreter.c:775
jl_toplevel_eval_flex at /cache/build/builder-amdci5-7/julialang/julia-release-1-dot-10/src/toplevel.c:934
jl_toplevel_eval_flex at /cache/build/builder-amdci5-7/julialang/julia-release-1-dot-10/src/toplevel.c:877
ijl_toplevel_eval_in at /cache/build/builder-amdci5-7/julialang/julia-release-1-dot-10/src/toplevel.c:985
eval at ./boot.jl:385 [inlined]
include_string at ./loading.jl:2146
_jl_invoke at /cache/build/builder-amdci5-7/julialang/julia-release-1-dot-10/src/gf.c:2895 [inlined]
ijl_apply_generic at /cache/build/builder-amdci5-7/julialang/julia-release-1-dot-10/src/gf.c:3077
_include at ./loading.jl:2206
include at ./Base.jl:495
jfptr_include_46653.1 at /home/156/txs156/.julia/juliaup/julia-1.10.10+0.x64.linux.gnu/lib/julia/sys.so (unknown line)
_jl_invoke at /cache/build/builder-amdci5-7/julialang/julia-release-1-dot-10/src/gf.c:2895 [inlined]
ijl_apply_generic at /cache/build/builder-amdci5-7/julialang/julia-release-1-dot-10/src/gf.c:3077
exec_options at ./client.jl:323
_start at ./client.jl:557
jfptr__start_83114.1 at /home/156/txs156/.julia/juliaup/julia-1.10.10+0.x64.linux.gnu/lib/julia/sys.so (unknown line)
_jl_invoke at /cache/build/builder-amdci5-7/julialang/julia-release-1-dot-10/src/gf.c:2895 [inlined]
ijl_apply_generic at /cache/build/builder-amdci5-7/julialang/julia-release-1-dot-10/src/gf.c:3077
jl_apply at /cache/build/builder-amdci5-7/julialang/julia-release-1-dot-10/src/julia.h:1982 [inlined]
true_main at /cache/build/builder-amdci5-7/julialang/julia-release-1-dot-10/src/jlapi.c:582
jl_repl_entrypoint at /cache/build/builder-amdci5-7/julialang/julia-release-1-dot-10/src/jlapi.c:731
main at /cache/build/builder-amdci5-7/julialang/julia-release-1-dot-10/cli/loader_exe.c:58
__libc_start_main at /lib64/libc.so.6 (unknown line)
unknown function (ip: 0x4010b8)
unknown function (ip: (nil))
Allocations: 79836529479 (Pool: 77656990232; Big: 2179539247); GC: 45420
[ Info: time: 5977 days, iteration: 430344, Δt: 20 minutes,max|u|: (1.57e+00, 1.65e+00, 6.92e-03) m s⁻¹, extrema(T): (31.35, -1.91) ᵒC, extrema(S): (39.68, 16.53) g/kg, extrema(η): (1.35, -2.02) m, wall time: 11.745 seconds 
[ Info: time: 5978 days, iteration: 430416, Δt: 20 minutes,max|u|: (1.96e+00, 1.45e+00, 6.93e-03) m s⁻¹, extrema(T): (31.37, -1.92) ᵒC, extrema(S): (39.69, 16.55) g/kg, extrema(η): (4.24, -2.03) m, wall time: 11.758 seconds 
[ Info: time: 5979 days, iteration: 430488, Δt: 20 minutes,max|u|: (1.61e+00, 1.44e+00, 6.95e-03) m s⁻¹, extrema(T): (31.34, -1.92) ᵒC, extrema(S): (39.69, 16.10) g/kg, extrema(η): (2.59, -1.86) m, wall time: 11.689 seconds 
[ Info: time: 5980 days, iteration: 430560, Δt: 20 minutes,max|u|: (1.58e+00, 1.56e+00, 6.94e-03) m s⁻¹, extrema(T): (31.42, -1.92) ᵒC, extrema(S): (39.70, 16.35) g/kg, extrema(η): (1.23, -2.16) m, wall time: 11.784 seconds 
[ Info: time: 5981 days, iteration: 430632, Δt: 20 minutes,max|u|: (1.73e+00, 1.52e+00, 6.96e-03) m s⁻¹, extrema(T): (31.50, -1.93) ᵒC, extrema(S): (39.70, 17.19) g/kg, extrema(η): (1.33, -3.72) m, wall time: 16.459 seconds 
[ Info: time: 5982 days, iteration: 430704, Δt: 20 minutes,max|u|: (1.63e+00, 1.80e+00, 6.99e-03) m s⁻¹, extrema(T): (31.47, -1.93) ᵒC, extrema(S): (39.70, 16.90) g/kg, extrema(η): (1.21, -2.01) m, wall time: 11.791 seconds 
[ Info: time: 5983 days, iteration: 430776, Δt: 20 minutes,max|u|: (1.52e+00, 1.42e+00, 6.95e-03) m s⁻¹, extrema(T): (31.45, -1.93) ᵒC, extrema(S): (39.70, 16.70) g/kg, extrema(η): (3.79, -2.07) m, wall time: 11.792 seconds 
[ Info: time: 5984 days, iteration: 430848, Δt: 20 minutes,max|u|: (1.51e+00, 1.45e+00, 6.95e-03) m s⁻¹, extrema(T): (31.48, -1.93) ᵒC, extrema(S): (39.70, 17.10) g/kg, extrema(η): (3.30, -1.99) m, wall time: 11.857 seconds 
[ Info: time: 5985 days, iteration: 430920, Δt: 20 minutes,max|u|: (1.51e+00, 1.61e+00, 6.92e-03) m s⁻¹, extrema(T): (31.49, -1.92) ᵒC, extrema(S): (39.70, 17.30) g/kg, extrema(η): (1.24, -1.83) m, wall time: 11.799 seconds 
[ Info: time: 5986 days, iteration: 430992, Δt: 20 minutes,max|u|: (1.59e+00, 1.42e+00, 6.90e-03) m s⁻¹, extrema(T): (31.44, -1.92) ᵒC, extrema(S): (39.71, 18.19) g/kg, extrema(η): (1.57, -3.85) m, wall time: 11.801 seconds 
[ Info: time: 5987 days, iteration: 431064, Δt: 20 minutes,max|u|: (1.65e+00, 1.60e+00, 6.90e-03) m s⁻¹, extrema(T): (31.40, -1.91) ᵒC, extrema(S): (39.71, 18.93) g/kg, extrema(η): (2.19, -1.93) m, wall time: 11.832 seconds 
[ Info: time: 5988 days, iteration: 431136, Δt: 20 minutes,max|u|: (1.48e+00, 1.47e+00, 6.93e-03) m s⁻¹, extrema(T): (31.38, -1.90) ᵒC, extrema(S): (39.71, 18.73) g/kg, extrema(η): (3.12, -1.95) m, wall time: 11.777 seconds 
[ Info: time: 5989 days, iteration: 431208, Δt: 20 minutes,max|u|: (1.50e+00, 1.39e+00, 6.92e-03) m s⁻¹, extrema(T): (31.35, -1.93) ᵒC, extrema(S): (39.70, 18.92) g/kg, extrema(η): (4.32, -1.98) m, wall time: 11.753 seconds 
[ Info: time: 5990 days, iteration: 431280, Δt: 20 minutes,max|u|: (1.42e+00, 1.66e+00, 6.91e-03) m s⁻¹, extrema(T): (31.32, -1.93) ᵒC, extrema(S): (39.71, 19.07) g/kg, extrema(η): (3.22, -1.96) m, wall time: 11.769 seconds 
[ Info: time: 5991 days, iteration: 431352, Δt: 20 minutes,max|u|: (1.57e+00, 1.38e+00, 6.89e-03) m s⁻¹, extrema(T): (31.30, -1.94) ᵒC, extrema(S): (39.70, 19.18) g/kg, extrema(η): (3.26, -3.41) m, wall time: 11.748 seconds 
[ Info: time: 5992 days, iteration: 431424, Δt: 20 minutes,max|u|: (1.40e+00, 1.45e+00, 6.89e-03) m s⁻¹, extrema(T): (31.29, -1.94) ᵒC, extrema(S): (39.71, 18.84) g/kg, extrema(η): (3.16, -2.52) m, wall time: 11.753 seconds 
[ Info: time: 5993 days, iteration: 431496, Δt: 20 minutes,max|u|: (1.59e+00, 1.66e+00, 6.89e-03) m s⁻¹, extrema(T): (31.25, -1.94) ᵒC, extrema(S): (39.71, 18.38) g/kg, extrema(η): (2.97, -2.10) m, wall time: 11.735 seconds 
[ Info: time: 5994 days, iteration: 431568, Δt: 20 minutes,max|u|: (1.41e+00, 1.39e+00, 6.88e-03) m s⁻¹, extrema(T): (31.26, -1.94) ᵒC, extrema(S): (39.71, 17.83) g/kg, extrema(η): (4.66, -1.92) m, wall time: 16.519 seconds 
[ Info: time: 5995 days, iteration: 431640, Δt: 20 minutes,max|u|: (1.41e+00, 1.67e+00, 6.90e-03) m s⁻¹, extrema(T): (31.27, -1.93) ᵒC, extrema(S): (39.72, 17.49) g/kg, extrema(η): (2.21, -1.93) m, wall time: 12.637 seconds 
[ Info: time: 5996 days, iteration: 431712, Δt: 20 minutes,max|u|: (1.44e+00, 1.39e+00, 6.91e-03) m s⁻¹, extrema(T): (31.29, -1.94) ᵒC, extrema(S): (39.72, 16.65) g/kg, extrema(η): (1.81, -3.06) m, wall time: 11.757 seconds 
[ Info: time: 5997 days, iteration: 431784, Δt: 20 minutes,max|u|: (1.47e+00, 1.40e+00, 6.89e-03) m s⁻¹, extrema(T): (31.30, -1.94) ᵒC, extrema(S): (39.73, 16.63) g/kg, extrema(η): (1.37, -3.01) m, wall time: 11.750 seconds 
[ Info: time: 5998 days, iteration: 431856, Δt: 20 minutes,max|u|: (1.48e+00, 1.74e+00, 6.77e-03) m s⁻¹, extrema(T): (31.29, -1.94) ᵒC, extrema(S): (39.73, 16.89) g/kg, extrema(η): (1.27, -1.92) m, wall time: 11.778 seconds 
[ Info: time: 5999 days, iteration: 431928, Δt: 20 minutes,max|u|: (1.53e+00, 1.40e+00, 6.77e-03) m s⁻¹, extrema(T): (31.26, -1.94) ᵒC, extrema(S): (39.73, 16.56) g/kg, extrema(η): (4.44, -1.90) m, wall time: 11.723 seconds 
[ Info: time: 6000 days, iteration: 432000, Δt: 20 minutes,max|u|: (1.80e+00, 1.52e+00, 6.79e-03) m s⁻¹, extrema(T): (31.27, -1.94) ᵒC, extrema(S): (39.73, 16.88) g/kg, extrema(η): (2.64, -1.89) m, wall time: 11.714 seconds 
[ Info: time: 6001 days, iteration: 432072, Δt: 20 minutes,max|u|: (2.08e+00, 1.50e+00, 6.83e-03) m s⁻¹, extrema(T): (31.26, -1.94) ᵒC, extrema(S): (39.73, 16.43) g/kg, extrema(η): (1.25, -1.99) m, wall time: 11.735 seconds 
[ Info: time: 6002 days, iteration: 432144, Δt: 20 minutes,max|u|: (2.29e+00, 1.39e+00, 6.86e-03) m s⁻¹, extrema(T): (31.26, -1.94) ᵒC, extrema(S): (39.74, 16.08) g/kg, extrema(η): (1.27, -3.66) m, wall time: 11.755 seconds 
[ Info: time: 6003 days, iteration: 432216, Δt: 20 minutes,max|u|: (2.14e+00, 1.72e+00, 6.80e-03) m s⁻¹, extrema(T): (31.25, -1.94) ᵒC, extrema(S): (39.74, 15.94) g/kg, extrema(η): (1.29, -1.87) m, wall time: 11.842 seconds 
